date,player,sleep_duration
2021-06-09,TeamA-0362cdd5-7a63-480a-a46a-62a99fb1692f,8.5
2021-06-10,TeamA-0362cdd5-7a63-480a-a46a-62a99fb1692f,9.0
2021-06-11,TeamA-0362cdd5-7a63-480a-a46a-62a99fb1692f,8.0
2021-06-12,TeamA-0362cdd5-7a63-480a-a46a-62a99fb1692f,8.0
2021-06-13,TeamA-0362cdd5-7a63-480a-a46a-62a99fb1692f,8.5
2021-06-14,TeamA-0362cdd5-7a63-480a-a46a-62a99fb1692f,8.5
2021-06-15,TeamA-0362cdd5-7a63-480a-a46a-62a99fb1692f,8.0
2021-06-16,TeamA-0362cdd5-7a63-480a-a46a-62a99fb1692f,9.0
2021-06-17,TeamA-0362cdd5-7a63-480a-a46a-62a99fb1692f,6.0
2021-06-18,TeamA-0362cdd5-7a63-480a-a46a-62a99fb1692f,9.0
2021-06-19,TeamA-0362cdd5-7a63-480a-a46a-62a99fb1692f,9.0
2021-06-20,TeamA-0362cdd5-7a63-480a-a46a-62a99fb1692f,8.0
2021-06-21,TeamA-0362cdd5-7a63-480a-a46a-62a99fb1692f,9.0
2021-06-22,TeamA-0362cdd5-7a63-480a-a46a-62a99fb1692f,8.5
2021-06-23,TeamA-0362cdd5-7a63-480a-a46a-62a99fb1692f,8.0
2021-06-24,TeamA-0362cdd5-7a63-480a-a46a-62a99fb1692f,9.0
2021-06-25,TeamA-0362cdd5-7a63-480a-a46a-62a99fb1692f,8.5
2021-06-26,TeamA-0362cdd5-7a63-480a-a46a-62a99fb1692f,8.0
2021-06-27,TeamA-0362cdd5-7a63-480a-a46a-62a99fb1692f,7.0
2021-06-28,TeamA-0362cdd5-7a63-480a-a46a-62a99fb1692f,8.0
2021-06-29,TeamA-0362cdd5-7a63-480a-a46a-62a99fb1692f,8.0
2021-06-30,TeamA-0362cdd5-7a63-480a-a46a-62a99fb1692f,9.0
2021-07-01,TeamA-0362cdd5-7a63-480a-a46a-62a99fb1692f,8.5
2021-07-02,TeamA-0362cdd5-7a63-480a-a46a-62a99fb1692f,8.5
2021-07-03,TeamA-0362cdd5-7a63-480a-a46a-62a99fb1692f,8.5
2021-07-04,TeamA-0362cdd5-7a63-480a-a46a-62a99fb1692f,9.0
2021-07-05,TeamA-0362cdd5-7a63-480a-a46a-62a99fb1692f,7.5
2021-07-06,TeamA-0362cdd5-7a63-480a-a46a-62a99fb1692f,9.0
2021-07-07,TeamA-0362cdd5-7a63-480a-a46a-62a99fb1692f,10.0
2021-07-08,TeamA-0362cdd5-7a63-480a-a46a-62a99fb1692f,9.0
2021-07-09,TeamA-0362cdd5-7a63-480a-a46a-62a99fb1692f,8.0
2021-07-10,TeamA-0362cdd5-7a63-480a-a46a-62a99fb1692f,9.0
2021-07-11,TeamA-0362cdd5-7a63-480a-a46a-62a99fb1692f,9.0
2021-07-12,TeamA-0362cdd5-7a63-480a-a46a-62a99fb1692f,6.0
2021-07-13,TeamA-0362cdd5-7a63-480a-a46a-62a99fb1692f,8.0
2021-07-14,TeamA-0362cdd5-7a63-480a-a46a-62a99fb1692f,9.0
2021-07-15,TeamA-0362cdd5-7a63-480a-a46a-62a99fb1692f,9.0
2021-07-16,TeamA-0362cdd5-7a63-480a-a46a-62a99fb1692f,8.5
2021-07-17,TeamA-0362cdd5-7a63-480a-a46a-62a99fb1692f,8.5
2021-07-18,TeamA-0362cdd5-7a63-480a-a46a-62a99fb1692f,6.0
2021-07-19,TeamA-0362cdd5-7a63-480a-a46a-62a99fb1692f,9.0
2021-07-20,TeamA-0362cdd5-7a63-480a-a46a-62a99fb1692f,9.0
2021-07-21,TeamA-0362cdd5-7a63-480a-a46a-62a99fb1692f,8.5
2021-07-22,TeamA-0362cdd5-7a63-480a-a46a-62a99fb1692f,8.0
2021-07-23,TeamA-0362cdd5-7a63-480a-a46a-62a99fb1692f,8.0
2021-07-24,TeamA-0362cdd5-7a63-480a-a46a-62a99fb1692f,9.0
2021-07-25,TeamA-0362cdd5-7a63-480a-a46a-62a99fb1692f,8.5
2021-07-26,TeamA-0362cdd5-7a63-480a-a46a-62a99fb1692f,8.5
2021-07-27,TeamA-0362cdd5-7a63-480a-a46a-62a99fb1692f,8.0
2021-07-28,TeamA-0362cdd5-7a63-480a-a46a-62a99fb1692f,7.5
2021-07-29,TeamA-0362cdd5-7a63-480a-a46a-62a99fb1692f,8.5
2021-07-31,TeamA-0362cdd5-7a63-480a-a46a-62a99fb1692f,4.0
2021-08-01,TeamA-0362cdd5-7a63-480a-a46a-62a99fb1692f,9.0
2021-08-02,TeamA-0362cdd5-7a63-480a-a46a-62a99fb1692f,9.0
2021-08-03,TeamA-0362cdd5-7a63-480a-a46a-62a99fb1692f,8.5
2021-08-04,TeamA-0362cdd5-7a63-480a-a46a-62a99fb1692f,8.0
2021-08-05,TeamA-0362cdd5-7a63-480a-a46a-62a99fb1692f,8.5
2021-08-06,TeamA-0362cdd5-7a63-480a-a46a-62a99fb1692f,9.0
2021-08-07,TeamA-0362cdd5-7a63-480a-a46a-62a99fb1692f,9.0
2021-08-08,TeamA-0362cdd5-7a63-480a-a46a-62a99fb1692f,7.0
2021-08-09,TeamA-0362cdd5-7a63-480a-a46a-62a99fb1692f,8.0
2021-08-10,TeamA-0362cdd5-7a63-480a-a46a-62a99fb1692f,8.5
2021-08-11,TeamA-0362cdd5-7a63-480a-a46a-62a99fb1692f,12.0
2021-08-12,TeamA-0362cdd5-7a63-480a-a46a-62a99fb1692f,9.0
2021-08-13,TeamA-0362cdd5-7a63-480a-a46a-62a99fb1692f,8.5
2021-08-14,TeamA-0362cdd5-7a63-480a-a46a-62a99fb1692f,8.5
2021-08-15,TeamA-0362cdd5-7a63-480a-a46a-62a99fb1692f,8.5
2021-08-16,TeamA-0362cdd5-7a63-480a-a46a-62a99fb1692f,8.5
2021-08-17,TeamA-0362cdd5-7a63-480a-a46a-62a99fb1692f,8.5
2021-08-18,TeamA-0362cdd5-7a63-480a-a46a-62a99fb1692f,8.5
2021-08-19,TeamA-0362cdd5-7a63-480a-a46a-62a99fb1692f,8.5
2021-08-20,TeamA-0362cdd5-7a63-480a-a46a-62a99fb1692f,7.5
2021-08-21,TeamA-0362cdd5-7a63-480a-a46a-62a99fb1692f,8.5
2021-08-22,TeamA-0362cdd5-7a63-480a-a46a-62a99fb1692f,10.0
2021-08-23,TeamA-0362cdd5-7a63-480a-a46a-62a99fb1692f,10.0
2021-08-24,TeamA-0362cdd5-7a63-480a-a46a-62a99fb1692f,8.5
2021-08-25,TeamA-0362cdd5-7a63-480a-a46a-62a99fb1692f,9.0
2021-08-26,TeamA-0362cdd5-7a63-480a-a46a-62a99fb1692f,9.0
2021-08-27,TeamA-0362cdd5-7a63-480a-a46a-62a99fb1692f,7.5
2021-08-28,TeamA-0362cdd5-7a63-480a-a46a-62a99fb1692f,8.5
2021-08-29,TeamA-0362cdd5-7a63-480a-a46a-62a99fb1692f,8.5
2021-08-30,TeamA-0362cdd5-7a63-480a-a46a-62a99fb1692f,10.0
2021-08-31,TeamA-0362cdd5-7a63-480a-a46a-62a99fb1692f,8.5
2021-09-01,TeamA-0362cdd5-7a63-480a-a46a-62a99fb1692f,8.5
2021-09-02,TeamA-0362cdd5-7a63-480a-a46a-62a99fb1692f,8.5
2021-09-03,TeamA-0362cdd5-7a63-480a-a46a-62a99fb1692f,8.5
2021-09-04,TeamA-0362cdd5-7a63-480a-a46a-62a99fb1692f,8.0
2021-09-05,TeamA-0362cdd5-7a63-480a-a46a-62a99fb1692f,9.0
2021-09-06,TeamA-0362cdd5-7a63-480a-a46a-62a99fb1692f,11.0
2021-09-07,TeamA-0362cdd5-7a63-480a-a46a-62a99fb1692f,8.5
2021-09-08,TeamA-0362cdd5-7a63-480a-a46a-62a99fb1692f,8.5
2021-09-09,TeamA-0362cdd5-7a63-480a-a46a-62a99fb1692f,8.0
2021-09-10,TeamA-0362cdd5-7a63-480a-a46a-62a99fb1692f,9.0
2021-09-11,TeamA-0362cdd5-7a63-480a-a46a-62a99fb1692f,9.0
2021-09-12,TeamA-0362cdd5-7a63-480a-a46a-62a99fb1692f,8.5
2021-09-13,TeamA-0362cdd5-7a63-480a-a46a-62a99fb1692f,9.0
2021-09-14,TeamA-0362cdd5-7a63-480a-a46a-62a99fb1692f,8.5
2021-09-15,TeamA-0362cdd5-7a63-480a-a46a-62a99fb1692f,8.0
2021-09-16,TeamA-0362cdd5-7a63-480a-a46a-62a99fb1692f,9.0
2021-09-17,TeamA-0362cdd5-7a63-480a-a46a-62a99fb1692f,9.0
2021-09-18,TeamA-0362cdd5-7a63-480a-a46a-62a99fb1692f,9.0
2021-09-19,TeamA-0362cdd5-7a63-480a-a46a-62a99fb1692f,8.5
2021-09-20,TeamA-0362cdd5-7a63-480a-a46a-62a99fb1692f,9.0
2021-09-21,TeamA-0362cdd5-7a63-480a-a46a-62a99fb1692f,8.5
2021-09-22,TeamA-0362cdd5-7a63-480a-a46a-62a99fb1692f,8.5
2021-09-23,TeamA-0362cdd5-7a63-480a-a46a-62a99fb1692f,9.0
2021-09-24,TeamA-0362cdd5-7a63-480a-a46a-62a99fb1692f,8.5
2021-09-25,TeamA-0362cdd5-7a63-480a-a46a-62a99fb1692f,8.5
2021-09-27,TeamA-0362cdd5-7a63-480a-a46a-62a99fb1692f,8.5
2021-09-28,TeamA-0362cdd5-7a63-480a-a46a-62a99fb1692f,8.5
2021-09-29,TeamA-0362cdd5-7a63-480a-a46a-62a99fb1692f,8.0
2021-09-30,TeamA-0362cdd5-7a63-480a-a46a-62a99fb1692f,9.0
2021-10-01,TeamA-0362cdd5-7a63-480a-a46a-62a99fb1692f,6.0
2021-10-02,TeamA-0362cdd5-7a63-480a-a46a-62a99fb1692f,8.0
2021-10-03,TeamA-0362cdd5-7a63-480a-a46a-62a99fb1692f,9.0
2021-10-04,TeamA-0362cdd5-7a63-480a-a46a-62a99fb1692f,8.0
2021-10-05,TeamA-0362cdd5-7a63-480a-a46a-62a99fb1692f,8.5
2021-10-06,TeamA-0362cdd5-7a63-480a-a46a-62a99fb1692f,8.5
2021-10-08,TeamA-0362cdd5-7a63-480a-a46a-62a99fb1692f,8.5
2021-10-09,TeamA-0362cdd5-7a63-480a-a46a-62a99fb1692f,9.0
2021-10-10,TeamA-0362cdd5-7a63-480a-a46a-62a99fb1692f,8.5
2021-10-11,TeamA-0362cdd5-7a63-480a-a46a-62a99fb1692f,9.0
2021-10-12,TeamA-0362cdd5-7a63-480a-a46a-62a99fb1692f,9.0
2021-10-13,TeamA-0362cdd5-7a63-480a-a46a-62a99fb1692f,8.5
2021-10-14,TeamA-0362cdd5-7a63-480a-a46a-62a99fb1692f,10.0
2021-10-15,TeamA-0362cdd5-7a63-480a-a46a-62a99fb1692f,8.0
2021-10-16,TeamA-0362cdd5-7a63-480a-a46a-62a99fb1692f,8.5
2021-10-17,TeamA-0362cdd5-7a63-480a-a46a-62a99fb1692f,11.0
2021-10-18,TeamA-0362cdd5-7a63-480a-a46a-62a99fb1692f,11.0
2021-10-19,TeamA-0362cdd5-7a63-480a-a46a-62a99fb1692f,8.0
2021-10-20,TeamA-0362cdd5-7a63-480a-a46a-62a99fb1692f,8.5
2021-10-21,TeamA-0362cdd5-7a63-480a-a46a-62a99fb1692f,7.5
2021-10-22,TeamA-0362cdd5-7a63-480a-a46a-62a99fb1692f,8.0
2021-10-23,TeamA-0362cdd5-7a63-480a-a46a-62a99fb1692f,8.0
2021-10-24,TeamA-0362cdd5-7a63-480a-a46a-62a99fb1692f,11.0
2021-10-25,TeamA-0362cdd5-7a63-480a-a46a-62a99fb1692f,9.0
2021-10-26,TeamA-0362cdd5-7a63-480a-a46a-62a99fb1692f,8.5
2021-10-27,TeamA-0362cdd5-7a63-480a-a46a-62a99fb1692f,8.0
2021-10-29,TeamA-0362cdd5-7a63-480a-a46a-62a99fb1692f,11.0
2021-10-30,TeamA-0362cdd5-7a63-480a-a46a-62a99fb1692f,9.0
2021-10-31,TeamA-0362cdd5-7a63-480a-a46a-62a99fb1692f,9.0
2021-11-01,TeamA-0362cdd5-7a63-480a-a46a-62a99fb1692f,8.5
2021-11-02,TeamA-0362cdd5-7a63-480a-a46a-62a99fb1692f,8.5
2021-11-03,TeamA-0362cdd5-7a63-480a-a46a-62a99fb1692f,8.5
2021-11-04,TeamA-0362cdd5-7a63-480a-a46a-62a99fb1692f,9.0
2021-11-05,TeamA-0362cdd5-7a63-480a-a46a-62a99fb1692f,9.0
2021-11-06,TeamA-0362cdd5-7a63-480a-a46a-62a99fb1692f,8.5
2021-11-07,TeamA-0362cdd5-7a63-480a-a46a-62a99fb1692f,9.0
2021-11-08,TeamA-0362cdd5-7a63-480a-a46a-62a99fb1692f,9.0
2021-11-09,TeamA-0362cdd5-7a63-480a-a46a-62a99fb1692f,8.5
2021-11-11,TeamA-0362cdd5-7a63-480a-a46a-62a99fb1692f,8.5
2021-11-12,TeamA-0362cdd5-7a63-480a-a46a-62a99fb1692f,9.0
2021-11-13,TeamA-0362cdd5-7a63-480a-a46a-62a99fb1692f,9.0
2021-11-14,TeamA-0362cdd5-7a63-480a-a46a-62a99fb1692f,4.0
2021-11-15,TeamA-0362cdd5-7a63-480a-a46a-62a99fb1692f,11.0
2021-11-16,TeamA-0362cdd5-7a63-480a-a46a-62a99fb1692f,8.0
2021-11-17,TeamA-0362cdd5-7a63-480a-a46a-62a99fb1692f,5.5
2021-11-18,TeamA-0362cdd5-7a63-480a-a46a-62a99fb1692f,11.0
2021-11-19,TeamA-0362cdd5-7a63-480a-a46a-62a99fb1692f,9.0
2021-11-20,TeamA-0362cdd5-7a63-480a-a46a-62a99fb1692f,8.5
2021-11-21,TeamA-0362cdd5-7a63-480a-a46a-62a99fb1692f,9.0
2021-11-29,TeamA-0362cdd5-7a63-480a-a46a-62a99fb1692f,9.0
2021-11-30,TeamA-0362cdd5-7a63-480a-a46a-62a99fb1692f,8.0
2021-12-01,TeamA-0362cdd5-7a63-480a-a46a-62a99fb1692f,8.0
2021-12-02,TeamA-0362cdd5-7a63-480a-a46a-62a99fb1692f,8.5
2021-12-03,TeamA-0362cdd5-7a63-480a-a46a-62a99fb1692f,9.0
2021-12-04,TeamA-0362cdd5-7a63-480a-a46a-62a99fb1692f,9.0
2021-12-05,TeamA-0362cdd5-7a63-480a-a46a-62a99fb1692f,9.0
2021-12-06,TeamA-0362cdd5-7a63-480a-a46a-62a99fb1692f,8.5
2021-12-07,TeamA-0362cdd5-7a63-480a-a46a-62a99fb1692f,9.0
2021-12-08,TeamA-0362cdd5-7a63-480a-a46a-62a99fb1692f,9.0
2021-12-09,TeamA-0362cdd5-7a63-480a-a46a-62a99fb1692f,9.0
2021-12-10,TeamA-0362cdd5-7a63-480a-a46a-62a99fb1692f,7.5
2021-12-11,TeamA-0362cdd5-7a63-480a-a46a-62a99fb1692f,9.0
2021-12-12,TeamA-0362cdd5-7a63-480a-a46a-62a99fb1692f,9.0
2021-12-13,TeamA-0362cdd5-7a63-480a-a46a-62a99fb1692f,8.5
2021-12-14,TeamA-0362cdd5-7a63-480a-a46a-62a99fb1692f,9.0
2021-12-15,TeamA-0362cdd5-7a63-480a-a46a-62a99fb1692f,6.0
2021-12-16,TeamA-0362cdd5-7a63-480a-a46a-62a99fb1692f,9.0
2021-12-17,TeamA-0362cdd5-7a63-480a-a46a-62a99fb1692f,9.0
2021-12-18,TeamA-0362cdd5-7a63-480a-a46a-62a99fb1692f,6.0
2021-12-19,TeamA-0362cdd5-7a63-480a-a46a-62a99fb1692f,8.0
2021-12-20,TeamA-0362cdd5-7a63-480a-a46a-62a99fb1692f,9.0
2021-12-21,TeamA-0362cdd5-7a63-480a-a46a-62a99fb1692f,9.0
2021-12-22,TeamA-0362cdd5-7a63-480a-a46a-62a99fb1692f,8.5
2021-12-23,TeamA-0362cdd5-7a63-480a-a46a-62a99fb1692f,9.0
2021-12-24,TeamA-0362cdd5-7a63-480a-a46a-62a99fb1692f,9.0
2021-12-25,TeamA-0362cdd5-7a63-480a-a46a-62a99fb1692f,9.0
2021-12-26,TeamA-0362cdd5-7a63-480a-a46a-62a99fb1692f,8.0
2021-12-27,TeamA-0362cdd5-7a63-480a-a46a-62a99fb1692f,9.0
2021-12-28,TeamA-0362cdd5-7a63-480a-a46a-62a99fb1692f,8.5
2021-12-29,TeamA-0362cdd5-7a63-480a-a46a-62a99fb1692f,9.0
2021-12-30,TeamA-0362cdd5-7a63-480a-a46a-62a99fb1692f,8.0
2021-12-31,TeamA-0362cdd5-7a63-480a-a46a-62a99fb1692f,8.5
2020-03-20,TeamA-2d44f941-2f24-4fc2-afa8-611a091f2e93,7.0
2020-03-21,TeamA-2d44f941-2f24-4fc2-afa8-611a091f2e93,8.0
2020-03-22,TeamA-2d44f941-2f24-4fc2-afa8-611a091f2e93,7.5
2020-03-23,TeamA-2d44f941-2f24-4fc2-afa8-611a091f2e93,8.5
2020-03-24,TeamA-2d44f941-2f24-4fc2-afa8-611a091f2e93,8.5
2020-03-25,TeamA-2d44f941-2f24-4fc2-afa8-611a091f2e93,8.0
2020-03-26,TeamA-2d44f941-2f24-4fc2-afa8-611a091f2e93,8.5
2020-03-27,TeamA-2d44f941-2f24-4fc2-afa8-611a091f2e93,7.5
2020-03-28,TeamA-2d44f941-2f24-4fc2-afa8-611a091f2e93,8.0
2020-03-29,TeamA-2d44f941-2f24-4fc2-afa8-611a091f2e93,8.5
2020-03-30,TeamA-2d44f941-2f24-4fc2-afa8-611a091f2e93,8.0
2020-03-31,TeamA-2d44f941-2f24-4fc2-afa8-611a091f2e93,8.0
2020-04-01,TeamA-2d44f941-2f24-4fc2-afa8-611a091f2e93,7.0
2020-04-02,TeamA-2d44f941-2f24-4fc2-afa8-611a091f2e93,8.0
2020-04-03,TeamA-2d44f941-2f24-4fc2-afa8-611a091f2e93,8.5
2020-04-05,TeamA-2d44f941-2f24-4fc2-afa8-611a091f2e93,8.0
2020-04-06,TeamA-2d44f941-2f24-4fc2-afa8-611a091f2e93,9.0
2020-04-07,TeamA-2d44f941-2f24-4fc2-afa8-611a091f2e93,8.0
2020-04-08,TeamA-2d44f941-2f24-4fc2-afa8-611a091f2e93,7.0
2020-04-09,TeamA-2d44f941-2f24-4fc2-afa8-611a091f2e93,8.0
2020-04-10,TeamA-2d44f941-2f24-4fc2-afa8-611a091f2e93,7.5
2020-04-11,TeamA-2d44f941-2f24-4fc2-afa8-611a091f2e93,7.5
2020-04-12,TeamA-2d44f941-2f24-4fc2-afa8-611a091f2e93,7.5
2020-04-14,TeamA-2d44f941-2f24-4fc2-afa8-611a091f2e93,6.5
2020-04-15,TeamA-2d44f941-2f24-4fc2-afa8-611a091f2e93,7.0
2020-04-16,TeamA-2d44f941-2f24-4fc2-afa8-611a091f2e93,8.0
2020-04-17,TeamA-2d44f941-2f24-4fc2-afa8-611a091f2e93,8.0
2020-04-18,TeamA-2d44f941-2f24-4fc2-afa8-611a091f2e93,8.0
2020-04-19,TeamA-2d44f941-2f24-4fc2-afa8-611a091f2e93,6.5
2020-04-20,TeamA-2d44f941-2f24-4fc2-afa8-611a091f2e93,6.5
2020-04-21,TeamA-2d44f941-2f24-4fc2-afa8-611a091f2e93,7.0
2020-04-22,TeamA-2d44f941-2f24-4fc2-afa8-611a091f2e93,8.0
2020-04-23,TeamA-2d44f941-2f24-4fc2-afa8-611a091f2e93,7.0
2020-04-24,TeamA-2d44f941-2f24-4fc2-afa8-611a091f2e93,7.5
2020-04-25,TeamA-2d44f941-2f24-4fc2-afa8-611a091f2e93,7.0
2020-04-26,TeamA-2d44f941-2f24-4fc2-afa8-611a091f2e93,8.5
2020-04-27,TeamA-2d44f941-2f24-4fc2-afa8-611a091f2e93,8.5
2020-04-28,TeamA-2d44f941-2f24-4fc2-afa8-611a091f2e93,8.0
2020-04-29,TeamA-2d44f941-2f24-4fc2-afa8-611a091f2e93,7.0
2020-04-30,TeamA-2d44f941-2f24-4fc2-afa8-611a091f2e93,8.0
2020-05-01,TeamA-2d44f941-2f24-4fc2-afa8-611a091f2e93,7.0
2020-05-02,TeamA-2d44f941-2f24-4fc2-afa8-611a091f2e93,8.5
2020-05-03,TeamA-2d44f941-2f24-4fc2-afa8-611a091f2e93,7.0
2020-05-04,TeamA-2d44f941-2f24-4fc2-afa8-611a091f2e93,7.0
2020-05-05,TeamA-2d44f941-2f24-4fc2-afa8-611a091f2e93,7.5
2020-05-06,TeamA-2d44f941-2f24-4fc2-afa8-611a091f2e93,7.0
2020-05-07,TeamA-2d44f941-2f24-4fc2-afa8-611a091f2e93,7.0
2020-05-08,TeamA-2d44f941-2f24-4fc2-afa8-611a091f2e93,7.5
2020-05-09,TeamA-2d44f941-2f24-4fc2-afa8-611a091f2e93,7.0
2020-05-10,TeamA-2d44f941-2f24-4fc2-afa8-611a091f2e93,7.0
2020-05-11,TeamA-2d44f941-2f24-4fc2-afa8-611a091f2e93,7.0
2020-05-12,TeamA-2d44f941-2f24-4fc2-afa8-611a091f2e93,7.5
2020-05-13,TeamA-2d44f941-2f24-4fc2-afa8-611a091f2e93,8.0
2020-05-14,TeamA-2d44f941-2f24-4fc2-afa8-611a091f2e93,7.5
2020-05-15,TeamA-2d44f941-2f24-4fc2-afa8-611a091f2e93,7.5
2020-05-16,TeamA-2d44f941-2f24-4fc2-afa8-611a091f2e93,8.5
2020-05-17,TeamA-2d44f941-2f24-4fc2-afa8-611a091f2e93,7.0
2020-05-18,TeamA-2d44f941-2f24-4fc2-afa8-611a091f2e93,7.5
2020-05-19,TeamA-2d44f941-2f24-4fc2-afa8-611a091f2e93,7.5
2020-05-20,TeamA-2d44f941-2f24-4fc2-afa8-611a091f2e93,8.5
2020-05-21,TeamA-2d44f941-2f24-4fc2-afa8-611a091f2e93,8.5
2020-05-22,TeamA-2d44f941-2f24-4fc2-afa8-611a091f2e93,7.0
2020-05-23,TeamA-2d44f941-2f24-4fc2-afa8-611a091f2e93,8.0
2020-05-24,TeamA-2d44f941-2f24-4fc2-afa8-611a091f2e93,7.0
2020-05-25,TeamA-2d44f941-2f24-4fc2-afa8-611a091f2e93,5.5
2020-05-26,TeamA-2d44f941-2f24-4fc2-afa8-611a091f2e93,7.0
2020-05-27,TeamA-2d44f941-2f24-4fc2-afa8-611a091f2e93,8.0
2020-05-28,TeamA-2d44f941-2f24-4fc2-afa8-611a091f2e93,8.0
2020-05-29,TeamA-2d44f941-2f24-4fc2-afa8-611a091f2e93,8.0
2020-05-30,TeamA-2d44f941-2f24-4fc2-afa8-611a091f2e93,7.5
2020-05-31,TeamA-2d44f941-2f24-4fc2-afa8-611a091f2e93,5.0
2020-06-01,TeamA-2d44f941-2f24-4fc2-afa8-611a091f2e93,8.5
2020-06-02,TeamA-2d44f941-2f24-4fc2-afa8-611a091f2e93,8.0
2020-06-03,TeamA-2d44f941-2f24-4fc2-afa8-611a091f2e93,7.5
2020-06-04,TeamA-2d44f941-2f24-4fc2-afa8-611a091f2e93,7.5
2020-06-05,TeamA-2d44f941-2f24-4fc2-afa8-611a091f2e93,7.0
2020-06-06,TeamA-2d44f941-2f24-4fc2-afa8-611a091f2e93,7.5
2020-06-07,TeamA-2d44f941-2f24-4fc2-afa8-611a091f2e93,7.5
2020-06-08,TeamA-2d44f941-2f24-4fc2-afa8-611a091f2e93,7.0
2020-06-09,TeamA-2d44f941-2f24-4fc2-afa8-611a091f2e93,8.5
2020-06-10,TeamA-2d44f941-2f24-4fc2-afa8-611a091f2e93,8.0
2020-06-11,TeamA-2d44f941-2f24-4fc2-afa8-611a091f2e93,8.0
2020-06-12,TeamA-2d44f941-2f24-4fc2-afa8-611a091f2e93,7.5
2020-06-13,TeamA-2d44f941-2f24-4fc2-afa8-611a091f2e93,7.5
2020-06-14,TeamA-2d44f941-2f24-4fc2-afa8-611a091f2e93,8.5
2020-06-15,TeamA-2d44f941-2f24-4fc2-afa8-611a091f2e93,7.0
2020-06-16,TeamA-2d44f941-2f24-4fc2-afa8-611a091f2e93,7.5
2020-06-17,TeamA-2d44f941-2f24-4fc2-afa8-611a091f2e93,7.5
2020-06-18,TeamA-2d44f941-2f24-4fc2-afa8-611a091f2e93,7.5
2020-06-19,TeamA-2d44f941-2f24-4fc2-afa8-611a091f2e93,6.5
2020-06-20,TeamA-2d44f941-2f24-4fc2-afa8-611a091f2e93,7.5
2020-06-21,TeamA-2d44f941-2f24-4fc2-afa8-611a091f2e93,7.0
2020-06-22,TeamA-2d44f941-2f24-4fc2-afa8-611a091f2e93,6.0
2020-06-23,TeamA-2d44f941-2f24-4fc2-afa8-611a091f2e93,9.0
2020-06-24,TeamA-2d44f941-2f24-4fc2-afa8-611a091f2e93,7.5
2020-06-25,TeamA-2d44f941-2f24-4fc2-afa8-611a091f2e93,6.0
2020-06-26,TeamA-2d44f941-2f24-4fc2-afa8-611a091f2e93,7.0
2020-06-27,TeamA-2d44f941-2f24-4fc2-afa8-611a091f2e93,7.5
2020-06-28,TeamA-2d44f941-2f24-4fc2-afa8-611a091f2e93,7.5
2020-06-29,TeamA-2d44f941-2f24-4fc2-afa8-611a091f2e93,7.0
2020-06-30,TeamA-2d44f941-2f24-4fc2-afa8-611a091f2e93,7.0
2020-07-01,TeamA-2d44f941-2f24-4fc2-afa8-611a091f2e93,7.0
2020-07-02,TeamA-2d44f941-2f24-4fc2-afa8-611a091f2e93,7.5
2020-07-03,TeamA-2d44f941-2f24-4fc2-afa8-611a091f2e93,8.0
2020-07-04,TeamA-2d44f941-2f24-4fc2-afa8-611a091f2e93,8.0
2020-07-05,TeamA-2d44f941-2f24-4fc2-afa8-611a091f2e93,7.5
2020-07-06,TeamA-2d44f941-2f24-4fc2-afa8-611a091f2e93,7.0
2020-07-07,TeamA-2d44f941-2f24-4fc2-afa8-611a091f2e93,8.0
2020-07-08,TeamA-2d44f941-2f24-4fc2-afa8-611a091f2e93,8.0
2020-07-09,TeamA-2d44f941-2f24-4fc2-afa8-611a091f2e93,7.0
2020-07-10,TeamA-2d44f941-2f24-4fc2-afa8-611a091f2e93,7.0
2020-07-11,TeamA-2d44f941-2f24-4fc2-afa8-611a091f2e93,9.0
2020-07-12,TeamA-2d44f941-2f24-4fc2-afa8-611a091f2e93,7.0
2020-07-13,TeamA-2d44f941-2f24-4fc2-afa8-611a091f2e93,8.0
2020-07-14,TeamA-2d44f941-2f24-4fc2-afa8-611a091f2e93,9.0
2020-07-15,TeamA-2d44f941-2f24-4fc2-afa8-611a091f2e93,7.5
2020-07-16,TeamA-2d44f941-2f24-4fc2-afa8-611a091f2e93,8.0
2020-07-17,TeamA-2d44f941-2f24-4fc2-afa8-611a091f2e93,8.0
2020-07-18,TeamA-2d44f941-2f24-4fc2-afa8-611a091f2e93,8.0
2020-07-19,TeamA-2d44f941-2f24-4fc2-afa8-611a091f2e93,8.0
2020-07-20,TeamA-2d44f941-2f24-4fc2-afa8-611a091f2e93,8.5
2020-07-22,TeamA-2d44f941-2f24-4fc2-afa8-611a091f2e93,8.0
2020-07-23,TeamA-2d44f941-2f24-4fc2-afa8-611a091f2e93,9.0
2020-07-24,TeamA-2d44f941-2f24-4fc2-afa8-611a091f2e93,8.5
2020-07-25,TeamA-2d44f941-2f24-4fc2-afa8-611a091f2e93,8.5
2020-07-26,TeamA-2d44f941-2f24-4fc2-afa8-611a091f2e93,7.5
2020-07-27,TeamA-2d44f941-2f24-4fc2-afa8-611a091f2e93,7.5
2020-07-28,TeamA-2d44f941-2f24-4fc2-afa8-611a091f2e93,7.5
2020-07-29,TeamA-2d44f941-2f24-4fc2-afa8-611a091f2e93,8.0
2020-07-30,TeamA-2d44f941-2f24-4fc2-afa8-611a091f2e93,8.5
2020-07-31,TeamA-2d44f941-2f24-4fc2-afa8-611a091f2e93,8.0
2020-08-01,TeamA-2d44f941-2f24-4fc2-afa8-611a091f2e93,6.0
2020-08-02,TeamA-2d44f941-2f24-4fc2-afa8-611a091f2e93,8.5
2020-08-03,TeamA-2d44f941-2f24-4fc2-afa8-611a091f2e93,8.5
2020-08-04,TeamA-2d44f941-2f24-4fc2-afa8-611a091f2e93,8.0
2020-08-05,TeamA-2d44f941-2f24-4fc2-afa8-611a091f2e93,7.5
2020-08-06,TeamA-2d44f941-2f24-4fc2-afa8-611a091f2e93,7.5
2020-08-07,TeamA-2d44f941-2f24-4fc2-afa8-611a091f2e93,8.0
2020-08-08,TeamA-2d44f941-2f24-4fc2-afa8-611a091f2e93,8.0
2020-08-09,TeamA-2d44f941-2f24-4fc2-afa8-611a091f2e93,8.5
2020-08-10,TeamA-2d44f941-2f24-4fc2-afa8-611a091f2e93,7.0
2020-08-11,TeamA-2d44f941-2f24-4fc2-afa8-611a091f2e93,7.0
2020-08-12,TeamA-2d44f941-2f24-4fc2-afa8-611a091f2e93,8.5
2020-08-13,TeamA-2d44f941-2f24-4fc2-afa8-611a091f2e93,9.0
2020-08-14,TeamA-2d44f941-2f24-4fc2-afa8-611a091f2e93,8.5
2020-08-15,TeamA-2d44f941-2f24-4fc2-afa8-611a091f2e93,9.0
2020-08-16,TeamA-2d44f941-2f24-4fc2-afa8-611a091f2e93,9.0
2020-08-17,TeamA-2d44f941-2f24-4fc2-afa8-611a091f2e93,8.0
2020-08-18,TeamA-2d44f941-2f24-4fc2-afa8-611a091f2e93,6.0
2020-08-19,TeamA-2d44f941-2f24-4fc2-afa8-611a091f2e93,8.5
2020-08-20,TeamA-2d44f941-2f24-4fc2-afa8-611a091f2e93,9.0
2020-08-21,TeamA-2d44f941-2f24-4fc2-afa8-611a091f2e93,8.5
2020-08-22,TeamA-2d44f941-2f24-4fc2-afa8-611a091f2e93,8.5
2020-08-23,TeamA-2d44f941-2f24-4fc2-afa8-611a091f2e93,6.0
2020-08-24,TeamA-2d44f941-2f24-4fc2-afa8-611a091f2e93,9.0
2020-08-25,TeamA-2d44f941-2f24-4fc2-afa8-611a091f2e93,6.5
2020-08-26,TeamA-2d44f941-2f24-4fc2-afa8-611a091f2e93,9.0
2020-08-27,TeamA-2d44f941-2f24-4fc2-afa8-611a091f2e93,7.5
2020-08-28,TeamA-2d44f941-2f24-4fc2-afa8-611a091f2e93,9.0
2020-08-29,TeamA-2d44f941-2f24-4fc2-afa8-611a091f2e93,8.5
2020-08-30,TeamA-2d44f941-2f24-4fc2-afa8-611a091f2e93,7.5
2020-08-31,TeamA-2d44f941-2f24-4fc2-afa8-611a091f2e93,7.5
2020-09-01,TeamA-2d44f941-2f24-4fc2-afa8-611a091f2e93,8.0
2020-09-02,TeamA-2d44f941-2f24-4fc2-afa8-611a091f2e93,8.5
2020-09-03,TeamA-2d44f941-2f24-4fc2-afa8-611a091f2e93,8.5
2020-09-04,TeamA-2d44f941-2f24-4fc2-afa8-611a091f2e93,7.5
2020-09-05,TeamA-2d44f941-2f24-4fc2-afa8-611a091f2e93,7.5
2020-09-06,TeamA-2d44f941-2f24-4fc2-afa8-611a091f2e93,10.0
2020-09-07,TeamA-2d44f941-2f24-4fc2-afa8-611a091f2e93,7.0
2020-09-08,TeamA-2d44f941-2f24-4fc2-afa8-611a091f2e93,6.5
2020-09-09,TeamA-2d44f941-2f24-4fc2-afa8-611a091f2e93,7.5
2020-09-10,TeamA-2d44f941-2f24-4fc2-afa8-611a091f2e93,7.5
2020-09-11,TeamA-2d44f941-2f24-4fc2-afa8-611a091f2e93,7.5
2020-09-12,TeamA-2d44f941-2f24-4fc2-afa8-611a091f2e93,8.0
2020-09-13,TeamA-2d44f941-2f24-4fc2-afa8-611a091f2e93,7.5
2020-09-14,TeamA-2d44f941-2f24-4fc2-afa8-611a091f2e93,7.5
2020-09-15,TeamA-2d44f941-2f24-4fc2-afa8-611a091f2e93,5.5
2020-09-16,TeamA-2d44f941-2f24-4fc2-afa8-611a091f2e93,7.5
2020-09-17,TeamA-2d44f941-2f24-4fc2-afa8-611a091f2e93,8.0
2020-09-19,TeamA-2d44f941-2f24-4fc2-afa8-611a091f2e93,8.5
2020-09-20,TeamA-2d44f941-2f24-4fc2-afa8-611a091f2e93,9.0
2020-09-21,TeamA-2d44f941-2f24-4fc2-afa8-611a091f2e93,7.0
2020-09-22,TeamA-2d44f941-2f24-4fc2-afa8-611a091f2e93,6.5
2020-09-23,TeamA-2d44f941-2f24-4fc2-afa8-611a091f2e93,7.0
2020-09-24,TeamA-2d44f941-2f24-4fc2-afa8-611a091f2e93,10.0
2020-09-25,TeamA-2d44f941-2f24-4fc2-afa8-611a091f2e93,8.0
2020-09-26,TeamA-2d44f941-2f24-4fc2-afa8-611a091f2e93,6.5
2020-09-27,TeamA-2d44f941-2f24-4fc2-afa8-611a091f2e93,7.0
2020-09-28,TeamA-2d44f941-2f24-4fc2-afa8-611a091f2e93,6.0
2020-09-29,TeamA-2d44f941-2f24-4fc2-afa8-611a091f2e93,7.5
2020-09-30,TeamA-2d44f941-2f24-4fc2-afa8-611a091f2e93,7.0
2020-10-02,TeamA-2d44f941-2f24-4fc2-afa8-611a091f2e93,8.0
2020-10-03,TeamA-2d44f941-2f24-4fc2-afa8-611a091f2e93,7.0
2020-10-04,TeamA-2d44f941-2f24-4fc2-afa8-611a091f2e93,7.5
2020-10-05,TeamA-2d44f941-2f24-4fc2-afa8-611a091f2e93,7.0
2020-10-07,TeamA-2d44f941-2f24-4fc2-afa8-611a091f2e93,8.5
2020-10-08,TeamA-2d44f941-2f24-4fc2-afa8-611a091f2e93,7.5
2020-10-10,TeamA-2d44f941-2f24-4fc2-afa8-611a091f2e93,7.0
2020-10-11,TeamA-2d44f941-2f24-4fc2-afa8-611a091f2e93,6.5
2020-10-12,TeamA-2d44f941-2f24-4fc2-afa8-611a091f2e93,9.0
2020-10-13,TeamA-2d44f941-2f24-4fc2-afa8-611a091f2e93,7.5
2020-10-14,TeamA-2d44f941-2f24-4fc2-afa8-611a091f2e93,7.5
2020-10-15,TeamA-2d44f941-2f24-4fc2-afa8-611a091f2e93,8.0
2020-10-16,TeamA-2d44f941-2f24-4fc2-afa8-611a091f2e93,8.0
2020-10-17,TeamA-2d44f941-2f24-4fc2-afa8-611a091f2e93,8.0
2020-10-19,TeamA-2d44f941-2f24-4fc2-afa8-611a091f2e93,8.0
2020-10-20,TeamA-2d44f941-2f24-4fc2-afa8-611a091f2e93,6.5
2020-10-21,TeamA-2d44f941-2f24-4fc2-afa8-611a091f2e93,7.5
2020-10-22,TeamA-2d44f941-2f24-4fc2-afa8-611a091f2e93,10.0
2020-10-23,TeamA-2d44f941-2f24-4fc2-afa8-611a091f2e93,9.0
2020-10-24,TeamA-2d44f941-2f24-4fc2-afa8-611a091f2e93,7.5
2020-10-25,TeamA-2d44f941-2f24-4fc2-afa8-611a091f2e93,8.0
2020-10-26,TeamA-2d44f941-2f24-4fc2-afa8-611a091f2e93,7.5
2020-10-28,TeamA-2d44f941-2f24-4fc2-afa8-611a091f2e93,7.0
2020-10-29,TeamA-2d44f941-2f24-4fc2-afa8-611a091f2e93,9.0
2020-10-30,TeamA-2d44f941-2f24-4fc2-afa8-611a091f2e93,9.0
2020-10-31,TeamA-2d44f941-2f24-4fc2-afa8-611a091f2e93,7.0
2020-11-01,TeamA-2d44f941-2f24-4fc2-afa8-611a091f2e93,8.0
2020-11-02,TeamA-2d44f941-2f24-4fc2-afa8-611a091f2e93,8.5
2020-11-03,TeamA-2d44f941-2f24-4fc2-afa8-611a091f2e93,6.0
2020-11-04,TeamA-2d44f941-2f24-4fc2-afa8-611a091f2e93,7.0
2020-11-05,TeamA-2d44f941-2f24-4fc2-afa8-611a091f2e93,8.5
2020-11-06,TeamA-2d44f941-2f24-4fc2-afa8-611a091f2e93,7.0
2020-11-07,TeamA-2d44f941-2f24-4fc2-afa8-611a091f2e93,9.0
2020-11-08,TeamA-2d44f941-2f24-4fc2-afa8-611a091f2e93,8.5
2020-11-09,TeamA-2d44f941-2f24-4fc2-afa8-611a091f2e93,8.0
2020-11-10,TeamA-2d44f941-2f24-4fc2-afa8-611a091f2e93,9.0
2020-11-11,TeamA-2d44f941-2f24-4fc2-afa8-611a091f2e93,7.0
2020-11-12,TeamA-2d44f941-2f24-4fc2-afa8-611a091f2e93,8.0
2020-11-13,TeamA-2d44f941-2f24-4fc2-afa8-611a091f2e93,6.0
2020-11-16,TeamA-2d44f941-2f24-4fc2-afa8-611a091f2e93,8.0
2020-11-17,TeamA-2d44f941-2f24-4fc2-afa8-611a091f2e93,6.0
2020-11-18,TeamA-2d44f941-2f24-4fc2-afa8-611a091f2e93,4.5
2020-11-19,TeamA-2d44f941-2f24-4fc2-afa8-611a091f2e93,7.5
2020-11-21,TeamA-2d44f941-2f24-4fc2-afa8-611a091f2e93,8.0
2020-11-22,TeamA-2d44f941-2f24-4fc2-afa8-611a091f2e93,8.5
2020-11-23,TeamA-2d44f941-2f24-4fc2-afa8-611a091f2e93,9.0
2020-11-24,TeamA-2d44f941-2f24-4fc2-afa8-611a091f2e93,7.0
2020-11-25,TeamA-2d44f941-2f24-4fc2-afa8-611a091f2e93,9.0
2020-11-27,TeamA-2d44f941-2f24-4fc2-afa8-611a091f2e93,8.5
2020-11-28,TeamA-2d44f941-2f24-4fc2-afa8-611a091f2e93,7.5
2020-11-30,TeamA-2d44f941-2f24-4fc2-afa8-611a091f2e93,8.0
2020-12-01,TeamA-2d44f941-2f24-4fc2-afa8-611a091f2e93,7.0
2020-12-03,TeamA-2d44f941-2f24-4fc2-afa8-611a091f2e93,8.5
2020-12-05,TeamA-2d44f941-2f24-4fc2-afa8-611a091f2e93,7.5
2020-12-17,TeamA-2d44f941-2f24-4fc2-afa8-611a091f2e93,5.5
2020-12-19,TeamA-2d44f941-2f24-4fc2-afa8-611a091f2e93,9.0
2020-12-21,TeamA-2d44f941-2f24-4fc2-afa8-611a091f2e93,6.5
2020-12-22,TeamA-2d44f941-2f24-4fc2-afa8-611a091f2e93,7.5
2020-12-25,TeamA-2d44f941-2f24-4fc2-afa8-611a091f2e93,7.5
2020-12-26,TeamA-2d44f941-2f24-4fc2-afa8-611a091f2e93,7.5
2020-12-27,TeamA-2d44f941-2f24-4fc2-afa8-611a091f2e93,4.5
2020-12-29,TeamA-2d44f941-2f24-4fc2-afa8-611a091f2e93,8.5
2021-01-01,TeamA-2d44f941-2f24-4fc2-afa8-611a091f2e93,4.0
2021-01-03,TeamA-2d44f941-2f24-4fc2-afa8-611a091f2e93,7.0
2021-01-05,TeamA-2d44f941-2f24-4fc2-afa8-611a091f2e93,6.5
2021-01-06,TeamA-2d44f941-2f24-4fc2-afa8-611a091f2e93,6.0
2021-01-07,TeamA-2d44f941-2f24-4fc2-afa8-611a091f2e93,8.0
2021-01-10,TeamA-2d44f941-2f24-4fc2-afa8-611a091f2e93,7.0
2021-01-11,TeamA-2d44f941-2f24-4fc2-afa8-611a091f2e93,7.0
2021-01-12,TeamA-2d44f941-2f24-4fc2-afa8-611a091f2e93,7.5
2021-01-13,TeamA-2d44f941-2f24-4fc2-afa8-611a091f2e93,8.0
2021-01-14,TeamA-2d44f941-2f24-4fc2-afa8-611a091f2e93,9.0
2021-01-16,TeamA-2d44f941-2f24-4fc2-afa8-611a091f2e93,9.0
2021-01-17,TeamA-2d44f941-2f24-4fc2-afa8-611a091f2e93,8.5
2021-01-18,TeamA-2d44f941-2f24-4fc2-afa8-611a091f2e93,6.5
2021-01-19,TeamA-2d44f941-2f24-4fc2-afa8-611a091f2e93,8.0
2021-01-20,TeamA-2d44f941-2f24-4fc2-afa8-611a091f2e93,8.0
2021-01-21,TeamA-2d44f941-2f24-4fc2-afa8-611a091f2e93,7.5
2021-01-22,TeamA-2d44f941-2f24-4fc2-afa8-611a091f2e93,7.0
2021-01-23,TeamA-2d44f941-2f24-4fc2-afa8-611a091f2e93,7.5
2021-01-24,TeamA-2d44f941-2f24-4fc2-afa8-611a091f2e93,7.0
2021-01-25,TeamA-2d44f941-2f24-4fc2-afa8-611a091f2e93,7.5
2021-01-26,TeamA-2d44f941-2f24-4fc2-afa8-611a091f2e93,8.0
2021-01-27,TeamA-2d44f941-2f24-4fc2-afa8-611a091f2e93,8.0
2021-01-28,TeamA-2d44f941-2f24-4fc2-afa8-611a091f2e93,8.0
2021-01-29,TeamA-2d44f941-2f24-4fc2-afa8-611a091f2e93,9.0
2021-01-30,TeamA-2d44f941-2f24-4fc2-afa8-611a091f2e93,9.0
2021-01-31,TeamA-2d44f941-2f24-4fc2-afa8-611a091f2e93,9.0
2021-02-01,TeamA-2d44f941-2f24-4fc2-afa8-611a091f2e93,7.0
2021-02-02,TeamA-2d44f941-2f24-4fc2-afa8-611a091f2e93,8.0
2021-02-03,TeamA-2d44f941-2f24-4fc2-afa8-611a091f2e93,8.0
2021-02-04,TeamA-2d44f941-2f24-4fc2-afa8-611a091f2e93,8.0
2021-02-05,TeamA-2d44f941-2f24-4fc2-afa8-611a091f2e93,8.0
2021-02-06,TeamA-2d44f941-2f24-4fc2-afa8-611a091f2e93,8.0
2021-02-07,TeamA-2d44f941-2f24-4fc2-afa8-611a091f2e93,9.0
2021-02-08,TeamA-2d44f941-2f24-4fc2-afa8-611a091f2e93,7.5
2021-02-10,TeamA-2d44f941-2f24-4fc2-afa8-611a091f2e93,8.0
2021-02-11,TeamA-2d44f941-2f24-4fc2-afa8-611a091f2e93,8.0
2021-02-12,TeamA-2d44f941-2f24-4fc2-afa8-611a091f2e93,7.5
2021-02-13,TeamA-2d44f941-2f24-4fc2-afa8-611a091f2e93,9.0
2021-02-14,TeamA-2d44f941-2f24-4fc2-afa8-611a091f2e93,9.0
2021-02-15,TeamA-2d44f941-2f24-4fc2-afa8-611a091f2e93,8.0
2021-02-16,TeamA-2d44f941-2f24-4fc2-afa8-611a091f2e93,8.0
2021-02-17,TeamA-2d44f941-2f24-4fc2-afa8-611a091f2e93,7.0
2021-02-18,TeamA-2d44f941-2f24-4fc2-afa8-611a091f2e93,8.0
2021-02-19,TeamA-2d44f941-2f24-4fc2-afa8-611a091f2e93,7.0
2021-02-20,TeamA-2d44f941-2f24-4fc2-afa8-611a091f2e93,8.5
2021-02-21,TeamA-2d44f941-2f24-4fc2-afa8-611a091f2e93,9.0
2021-02-22,TeamA-2d44f941-2f24-4fc2-afa8-611a091f2e93,7.0
2021-02-23,TeamA-2d44f941-2f24-4fc2-afa8-611a091f2e93,7.5
2021-02-24,TeamA-2d44f941-2f24-4fc2-afa8-611a091f2e93,7.5
2021-02-25,TeamA-2d44f941-2f24-4fc2-afa8-611a091f2e93,7.5
2021-02-27,TeamA-2d44f941-2f24-4fc2-afa8-611a091f2e93,7.5
2021-03-01,TeamA-2d44f941-2f24-4fc2-afa8-611a091f2e93,8.0
2021-03-02,TeamA-2d44f941-2f24-4fc2-afa8-611a091f2e93,7.0
2021-03-03,TeamA-2d44f941-2f24-4fc2-afa8-611a091f2e93,7.0
2021-03-04,TeamA-2d44f941-2f24-4fc2-afa8-611a091f2e93,7.5
2021-03-05,TeamA-2d44f941-2f24-4fc2-afa8-611a091f2e93,7.0
2021-03-06,TeamA-2d44f941-2f24-4fc2-afa8-611a091f2e93,8.0
2021-03-08,TeamA-2d44f941-2f24-4fc2-afa8-611a091f2e93,8.0
2021-03-09,TeamA-2d44f941-2f24-4fc2-afa8-611a091f2e93,7.5
2021-03-10,TeamA-2d44f941-2f24-4fc2-afa8-611a091f2e93,7.5
2021-03-11,TeamA-2d44f941-2f24-4fc2-afa8-611a091f2e93,7.5
2021-03-12,TeamA-2d44f941-2f24-4fc2-afa8-611a091f2e93,7.5
2021-03-13,TeamA-2d44f941-2f24-4fc2-afa8-611a091f2e93,7.5
2021-03-14,TeamA-2d44f941-2f24-4fc2-afa8-611a091f2e93,8.5
2021-03-15,TeamA-2d44f941-2f24-4fc2-afa8-611a091f2e93,7.0
2021-03-17,TeamA-2d44f941-2f24-4fc2-afa8-611a091f2e93,7.5
2021-03-18,TeamA-2d44f941-2f24-4fc2-afa8-611a091f2e93,7.5
2021-03-19,TeamA-2d44f941-2f24-4fc2-afa8-611a091f2e93,7.0
2021-03-20,TeamA-2d44f941-2f24-4fc2-afa8-611a091f2e93,7.5
2021-03-21,TeamA-2d44f941-2f24-4fc2-afa8-611a091f2e93,7.5
2021-03-22,TeamA-2d44f941-2f24-4fc2-afa8-611a091f2e93,8.5
2021-03-23,TeamA-2d44f941-2f24-4fc2-afa8-611a091f2e93,7.5
2021-03-25,TeamA-2d44f941-2f24-4fc2-afa8-611a091f2e93,8.0
2021-03-26,TeamA-2d44f941-2f24-4fc2-afa8-611a091f2e93,7.5
2021-03-27,TeamA-2d44f941-2f24-4fc2-afa8-611a091f2e93,8.0
2021-03-28,TeamA-2d44f941-2f24-4fc2-afa8-611a091f2e93,8.0
2021-03-29,TeamA-2d44f941-2f24-4fc2-afa8-611a091f2e93,8.0
2021-03-30,TeamA-2d44f941-2f24-4fc2-afa8-611a091f2e93,7.5
2021-03-31,TeamA-2d44f941-2f24-4fc2-afa8-611a091f2e93,8.5
2021-04-01,TeamA-2d44f941-2f24-4fc2-afa8-611a091f2e93,8.0
2021-04-02,TeamA-2d44f941-2f24-4fc2-afa8-611a091f2e93,7.5
2021-04-04,TeamA-2d44f941-2f24-4fc2-afa8-611a091f2e93,6.0
2021-04-05,TeamA-2d44f941-2f24-4fc2-afa8-611a091f2e93,8.0
2021-04-06,TeamA-2d44f941-2f24-4fc2-afa8-611a091f2e93,7.0
2021-04-07,TeamA-2d44f941-2f24-4fc2-afa8-611a091f2e93,7.5
2021-04-08,TeamA-2d44f941-2f24-4fc2-afa8-611a091f2e93,7.5
2021-04-09,TeamA-2d44f941-2f24-4fc2-afa8-611a091f2e93,7.5
2021-04-10,TeamA-2d44f941-2f24-4fc2-afa8-611a091f2e93,7.0
2021-04-11,TeamA-2d44f941-2f24-4fc2-afa8-611a091f2e93,8.0
2021-04-12,TeamA-2d44f941-2f24-4fc2-afa8-611a091f2e93,7.5
2021-04-13,TeamA-2d44f941-2f24-4fc2-afa8-611a091f2e93,7.5
2021-04-14,TeamA-2d44f941-2f24-4fc2-afa8-611a091f2e93,7.5
2021-04-15,TeamA-2d44f941-2f24-4fc2-afa8-611a091f2e93,8.0
2021-04-16,TeamA-2d44f941-2f24-4fc2-afa8-611a091f2e93,7.0
2021-04-17,TeamA-2d44f941-2f24-4fc2-afa8-611a091f2e93,8.5
2021-04-18,TeamA-2d44f941-2f24-4fc2-afa8-611a091f2e93,7.0
2021-04-19,TeamA-2d44f941-2f24-4fc2-afa8-611a091f2e93,8.5
2021-04-20,TeamA-2d44f941-2f24-4fc2-afa8-611a091f2e93,8.5
2021-04-21,TeamA-2d44f941-2f24-4fc2-afa8-611a091f2e93,8.0
2021-04-22,TeamA-2d44f941-2f24-4fc2-afa8-611a091f2e93,8.5
2021-04-23,TeamA-2d44f941-2f24-4fc2-afa8-611a091f2e93,8.0
2021-04-24,TeamA-2d44f941-2f24-4fc2-afa8-611a091f2e93,9.0
2021-04-25,TeamA-2d44f941-2f24-4fc2-afa8-611a091f2e93,7.0
2021-04-26,TeamA-2d44f941-2f24-4fc2-afa8-611a091f2e93,8.0
2021-04-27,TeamA-2d44f941-2f24-4fc2-afa8-611a091f2e93,7.0
2021-04-28,TeamA-2d44f941-2f24-4fc2-afa8-611a091f2e93,7.5
2021-04-29,TeamA-2d44f941-2f24-4fc2-afa8-611a091f2e93,8.0
2021-04-30,TeamA-2d44f941-2f24-4fc2-afa8-611a091f2e93,8.5
2021-05-01,TeamA-2d44f941-2f24-4fc2-afa8-611a091f2e93,7.0
2021-05-02,TeamA-2d44f941-2f24-4fc2-afa8-611a091f2e93,9.0
2021-05-03,TeamA-2d44f941-2f24-4fc2-afa8-611a091f2e93,7.5
2021-05-04,TeamA-2d44f941-2f24-4fc2-afa8-611a091f2e93,8.0
2021-05-06,TeamA-2d44f941-2f24-4fc2-afa8-611a091f2e93,8.5
2021-05-07,TeamA-2d44f941-2f24-4fc2-afa8-611a091f2e93,7.0
2021-05-09,TeamA-2d44f941-2f24-4fc2-afa8-611a091f2e93,8.5
2021-05-10,TeamA-2d44f941-2f24-4fc2-afa8-611a091f2e93,7.5
2021-05-11,TeamA-2d44f941-2f24-4fc2-afa8-611a091f2e93,7.5
2021-05-12,TeamA-2d44f941-2f24-4fc2-afa8-611a091f2e93,8.0
2021-05-13,TeamA-2d44f941-2f24-4fc2-afa8-611a091f2e93,8.5
2021-05-14,TeamA-2d44f941-2f24-4fc2-afa8-611a091f2e93,9.0
2021-05-15,TeamA-2d44f941-2f24-4fc2-afa8-611a091f2e93,7.5
2021-05-16,TeamA-2d44f941-2f24-4fc2-afa8-611a091f2e93,9.0
2021-05-17,TeamA-2d44f941-2f24-4fc2-afa8-611a091f2e93,7.5
2021-05-18,TeamA-2d44f941-2f24-4fc2-afa8-611a091f2e93,7.0
2021-05-19,TeamA-2d44f941-2f24-4fc2-afa8-611a091f2e93,8.0
2021-05-20,TeamA-2d44f941-2f24-4fc2-afa8-611a091f2e93,7.5
2021-05-21,TeamA-2d44f941-2f24-4fc2-afa8-611a091f2e93,8.0
2021-05-22,TeamA-2d44f941-2f24-4fc2-afa8-611a091f2e93,8.5
2021-05-23,TeamA-2d44f941-2f24-4fc2-afa8-611a091f2e93,7.0
2021-05-25,TeamA-2d44f941-2f24-4fc2-afa8-611a091f2e93,7.0
2021-05-26,TeamA-2d44f941-2f24-4fc2-afa8-611a091f2e93,8.0
2021-05-27,TeamA-2d44f941-2f24-4fc2-afa8-611a091f2e93,7.0
2021-05-28,TeamA-2d44f941-2f24-4fc2-afa8-611a091f2e93,7.0
2021-05-29,TeamA-2d44f941-2f24-4fc2-afa8-611a091f2e93,7.0
2021-05-30,TeamA-2d44f941-2f24-4fc2-afa8-611a091f2e93,9.0
2021-06-01,TeamA-2d44f941-2f24-4fc2-afa8-611a091f2e93,7.5
2021-06-02,TeamA-2d44f941-2f24-4fc2-afa8-611a091f2e93,8.0
2021-06-03,TeamA-2d44f941-2f24-4fc2-afa8-611a091f2e93,8.5
2021-06-04,TeamA-2d44f941-2f24-4fc2-afa8-611a091f2e93,8.5
2021-06-05,TeamA-2d44f941-2f24-4fc2-afa8-611a091f2e93,8.0
2021-06-06,TeamA-2d44f941-2f24-4fc2-afa8-611a091f2e93,8.0
2021-06-07,TeamA-2d44f941-2f24-4fc2-afa8-611a091f2e93,7.0
2021-06-08,TeamA-2d44f941-2f24-4fc2-afa8-611a091f2e93,7.0
2021-06-09,TeamA-2d44f941-2f24-4fc2-afa8-611a091f2e93,8.0
2021-06-10,TeamA-2d44f941-2f24-4fc2-afa8-611a091f2e93,8.5
2021-06-11,TeamA-2d44f941-2f24-4fc2-afa8-611a091f2e93,8.0
2021-06-12,TeamA-2d44f941-2f24-4fc2-afa8-611a091f2e93,8.0
2021-06-13,TeamA-2d44f941-2f24-4fc2-afa8-611a091f2e93,7.5
2021-06-14,TeamA-2d44f941-2f24-4fc2-afa8-611a091f2e93,8.0
2021-06-15,TeamA-2d44f941-2f24-4fc2-afa8-611a091f2e93,8.0
2021-06-16,TeamA-2d44f941-2f24-4fc2-afa8-611a091f2e93,7.5
2021-06-17,TeamA-2d44f941-2f24-4fc2-afa8-611a091f2e93,7.0
2021-06-18,TeamA-2d44f941-2f24-4fc2-afa8-611a091f2e93,7.5
2021-06-19,TeamA-2d44f941-2f24-4fc2-afa8-611a091f2e93,8.0
2021-06-20,TeamA-2d44f941-2f24-4fc2-afa8-611a091f2e93,8.0
2021-06-21,TeamA-2d44f941-2f24-4fc2-afa8-611a091f2e93,8.0
2021-06-22,TeamA-2d44f941-2f24-4fc2-afa8-611a091f2e93,8.0
2021-06-23,TeamA-2d44f941-2f24-4fc2-afa8-611a091f2e93,7.0
2021-06-24,TeamA-2d44f941-2f24-4fc2-afa8-611a091f2e93,9.0
2021-06-25,TeamA-2d44f941-2f24-4fc2-afa8-611a091f2e93,8.5
2021-06-26,TeamA-2d44f941-2f24-4fc2-afa8-611a091f2e93,8.0
2021-06-27,TeamA-2d44f941-2f24-4fc2-afa8-611a091f2e93,8.0
2021-06-28,TeamA-2d44f941-2f24-4fc2-afa8-611a091f2e93,8.0
2021-06-29,TeamA-2d44f941-2f24-4fc2-afa8-611a091f2e93,8.5
2021-06-30,TeamA-2d44f941-2f24-4fc2-afa8-611a091f2e93,8.0
2021-07-01,TeamA-2d44f941-2f24-4fc2-afa8-611a091f2e93,9.0
2021-07-02,TeamA-2d44f941-2f24-4fc2-afa8-611a091f2e93,8.5
2021-07-03,TeamA-2d44f941-2f24-4fc2-afa8-611a091f2e93,8.0
2021-07-04,TeamA-2d44f941-2f24-4fc2-afa8-611a091f2e93,8.0
2021-07-05,TeamA-2d44f941-2f24-4fc2-afa8-611a091f2e93,5.0
2021-07-06,TeamA-2d44f941-2f24-4fc2-afa8-611a091f2e93,7.5
2021-07-07,TeamA-2d44f941-2f24-4fc2-afa8-611a091f2e93,7.0
2021-07-08,TeamA-2d44f941-2f24-4fc2-afa8-611a091f2e93,7.5
2021-07-09,TeamA-2d44f941-2f24-4fc2-afa8-611a091f2e93,7.5
2021-07-10,TeamA-2d44f941-2f24-4fc2-afa8-611a091f2e93,7.5
2021-07-11,TeamA-2d44f941-2f24-4fc2-afa8-611a091f2e93,7.5
2021-07-12,TeamA-2d44f941-2f24-4fc2-afa8-611a091f2e93,7.0
2021-07-13,TeamA-2d44f941-2f24-4fc2-afa8-611a091f2e93,7.5
2021-07-14,TeamA-2d44f941-2f24-4fc2-afa8-611a091f2e93,7.5
2021-07-15,TeamA-2d44f941-2f24-4fc2-afa8-611a091f2e93,7.0
2021-07-16,TeamA-2d44f941-2f24-4fc2-afa8-611a091f2e93,8.0
2021-07-17,TeamA-2d44f941-2f24-4fc2-afa8-611a091f2e93,8.0
2021-07-18,TeamA-2d44f941-2f24-4fc2-afa8-611a091f2e93,7.0
2021-07-19,TeamA-2d44f941-2f24-4fc2-afa8-611a091f2e93,8.0
2021-07-20,TeamA-2d44f941-2f24-4fc2-afa8-611a091f2e93,7.5
2021-07-21,TeamA-2d44f941-2f24-4fc2-afa8-611a091f2e93,9.0
2021-07-22,TeamA-2d44f941-2f24-4fc2-afa8-611a091f2e93,8.0
2021-07-23,TeamA-2d44f941-2f24-4fc2-afa8-611a091f2e93,7.5
2021-07-24,TeamA-2d44f941-2f24-4fc2-afa8-611a091f2e93,6.0
2021-07-25,TeamA-2d44f941-2f24-4fc2-afa8-611a091f2e93,7.5
2021-07-26,TeamA-2d44f941-2f24-4fc2-afa8-611a091f2e93,7.0
2021-07-27,TeamA-2d44f941-2f24-4fc2-afa8-611a091f2e93,7.5
2021-07-28,TeamA-2d44f941-2f24-4fc2-afa8-611a091f2e93,7.5
2021-07-29,TeamA-2d44f941-2f24-4fc2-afa8-611a091f2e93,8.0
2021-07-30,TeamA-2d44f941-2f24-4fc2-afa8-611a091f2e93,8.0
2021-07-31,TeamA-2d44f941-2f24-4fc2-afa8-611a091f2e93,8.0
2021-08-02,TeamA-2d44f941-2f24-4fc2-afa8-611a091f2e93,8.0
2021-08-03,TeamA-2d44f941-2f24-4fc2-afa8-611a091f2e93,7.5
2021-08-04,TeamA-2d44f941-2f24-4fc2-afa8-611a091f2e93,7.5
2021-08-05,TeamA-2d44f941-2f24-4fc2-afa8-611a091f2e93,8.0
2021-08-06,TeamA-2d44f941-2f24-4fc2-afa8-611a091f2e93,7.5
2021-08-07,TeamA-2d44f941-2f24-4fc2-afa8-611a091f2e93,8.0
2021-08-08,TeamA-2d44f941-2f24-4fc2-afa8-611a091f2e93,8.0
2021-08-09,TeamA-2d44f941-2f24-4fc2-afa8-611a091f2e93,8.0
2021-08-10,TeamA-2d44f941-2f24-4fc2-afa8-611a091f2e93,8.0
2021-08-11,TeamA-2d44f941-2f24-4fc2-afa8-611a091f2e93,8.0
2021-08-12,TeamA-2d44f941-2f24-4fc2-afa8-611a091f2e93,7.0
2021-08-13,TeamA-2d44f941-2f24-4fc2-afa8-611a091f2e93,7.0
2021-08-14,TeamA-2d44f941-2f24-4fc2-afa8-611a091f2e93,8.0
2021-08-15,TeamA-2d44f941-2f24-4fc2-afa8-611a091f2e93,7.5
2021-08-16,TeamA-2d44f941-2f24-4fc2-afa8-611a091f2e93,7.5
2021-08-17,TeamA-2d44f941-2f24-4fc2-afa8-611a091f2e93,8.0
2021-08-18,TeamA-2d44f941-2f24-4fc2-afa8-611a091f2e93,7.0
2021-08-19,TeamA-2d44f941-2f24-4fc2-afa8-611a091f2e93,8.0
2021-08-20,TeamA-2d44f941-2f24-4fc2-afa8-611a091f2e93,8.5
2021-08-21,TeamA-2d44f941-2f24-4fc2-afa8-611a091f2e93,8.0
2021-08-23,TeamA-2d44f941-2f24-4fc2-afa8-611a091f2e93,8.0
2021-08-24,TeamA-2d44f941-2f24-4fc2-afa8-611a091f2e93,7.0
2021-08-25,TeamA-2d44f941-2f24-4fc2-afa8-611a091f2e93,7.5
2021-08-26,TeamA-2d44f941-2f24-4fc2-afa8-611a091f2e93,7.5
2021-08-27,TeamA-2d44f941-2f24-4fc2-afa8-611a091f2e93,9.0
2021-08-29,TeamA-2d44f941-2f24-4fc2-afa8-611a091f2e93,8.0
2021-08-30,TeamA-2d44f941-2f24-4fc2-afa8-611a091f2e93,8.0
2021-08-31,TeamA-2d44f941-2f24-4fc2-afa8-611a091f2e93,7.5
2021-09-01,TeamA-2d44f941-2f24-4fc2-afa8-611a091f2e93,7.0
2021-09-02,TeamA-2d44f941-2f24-4fc2-afa8-611a091f2e93,8.5
2021-09-03,TeamA-2d44f941-2f24-4fc2-afa8-611a091f2e93,8.5
2021-09-04,TeamA-2d44f941-2f24-4fc2-afa8-611a091f2e93,8.0
2021-09-05,TeamA-2d44f941-2f24-4fc2-afa8-611a091f2e93,8.0
2021-09-07,TeamA-2d44f941-2f24-4fc2-afa8-611a091f2e93,7.5
2021-09-08,TeamA-2d44f941-2f24-4fc2-afa8-611a091f2e93,7.5
2021-09-09,TeamA-2d44f941-2f24-4fc2-afa8-611a091f2e93,8.0
2021-09-10,TeamA-2d44f941-2f24-4fc2-afa8-611a091f2e93,6.0
2021-09-11,TeamA-2d44f941-2f24-4fc2-afa8-611a091f2e93,6.0
2021-09-12,TeamA-2d44f941-2f24-4fc2-afa8-611a091f2e93,7.0
2021-09-13,TeamA-2d44f941-2f24-4fc2-afa8-611a091f2e93,8.5
2021-09-15,TeamA-2d44f941-2f24-4fc2-afa8-611a091f2e93,7.5
2021-09-16,TeamA-2d44f941-2f24-4fc2-afa8-611a091f2e93,7.5
2021-09-17,TeamA-2d44f941-2f24-4fc2-afa8-611a091f2e93,8.0
2021-09-18,TeamA-2d44f941-2f24-4fc2-afa8-611a091f2e93,8.0
2021-09-20,TeamA-2d44f941-2f24-4fc2-afa8-611a091f2e93,6.0
2021-09-21,TeamA-2d44f941-2f24-4fc2-afa8-611a091f2e93,8.0
2021-09-22,TeamA-2d44f941-2f24-4fc2-afa8-611a091f2e93,8.0
2021-09-23,TeamA-2d44f941-2f24-4fc2-afa8-611a091f2e93,8.0
2021-09-24,TeamA-2d44f941-2f24-4fc2-afa8-611a091f2e93,7.5
2021-09-25,TeamA-2d44f941-2f24-4fc2-afa8-611a091f2e93,8.0
2021-09-26,TeamA-2d44f941-2f24-4fc2-afa8-611a091f2e93,6.0
2021-09-27,TeamA-2d44f941-2f24-4fc2-afa8-611a091f2e93,7.0
2021-09-28,TeamA-2d44f941-2f24-4fc2-afa8-611a091f2e93,7.5
2021-09-29,TeamA-2d44f941-2f24-4fc2-afa8-611a091f2e93,7.5
2021-09-30,TeamA-2d44f941-2f24-4fc2-afa8-611a091f2e93,7.5
2021-10-01,TeamA-2d44f941-2f24-4fc2-afa8-611a091f2e93,7.0
2021-10-02,TeamA-2d44f941-2f24-4fc2-afa8-611a091f2e93,8.0
2021-10-03,TeamA-2d44f941-2f24-4fc2-afa8-611a091f2e93,8.5
2021-10-04,TeamA-2d44f941-2f24-4fc2-afa8-611a091f2e93,7.5
2021-10-05,TeamA-2d44f941-2f24-4fc2-afa8-611a091f2e93,8.0
2021-10-06,TeamA-2d44f941-2f24-4fc2-afa8-611a091f2e93,7.5
2021-10-07,TeamA-2d44f941-2f24-4fc2-afa8-611a091f2e93,7.5
2021-10-08,TeamA-2d44f941-2f24-4fc2-afa8-611a091f2e93,7.0
2021-10-09,TeamA-2d44f941-2f24-4fc2-afa8-611a091f2e93,8.5
2021-10-10,TeamA-2d44f941-2f24-4fc2-afa8-611a091f2e93,9.0
2021-10-11,TeamA-2d44f941-2f24-4fc2-afa8-611a091f2e93,8.5
2021-10-12,TeamA-2d44f941-2f24-4fc2-afa8-611a091f2e93,8.0
2021-10-13,TeamA-2d44f941-2f24-4fc2-afa8-611a091f2e93,8.5
2021-10-14,TeamA-2d44f941-2f24-4fc2-afa8-611a091f2e93,8.0
2021-10-15,TeamA-2d44f941-2f24-4fc2-afa8-611a091f2e93,8.0
2021-10-16,TeamA-2d44f941-2f24-4fc2-afa8-611a091f2e93,8.5
2021-10-17,TeamA-2d44f941-2f24-4fc2-afa8-611a091f2e93,7.0
2021-10-18,TeamA-2d44f941-2f24-4fc2-afa8-611a091f2e93,8.5
2021-10-19,TeamA-2d44f941-2f24-4fc2-afa8-611a091f2e93,8.5
2021-10-20,TeamA-2d44f941-2f24-4fc2-afa8-611a091f2e93,8.0
2021-10-21,TeamA-2d44f941-2f24-4fc2-afa8-611a091f2e93,9.0
2021-10-22,TeamA-2d44f941-2f24-4fc2-afa8-611a091f2e93,9.0
2021-10-23,TeamA-2d44f941-2f24-4fc2-afa8-611a091f2e93,10.0
2021-10-25,TeamA-2d44f941-2f24-4fc2-afa8-611a091f2e93,7.5
2021-10-26,TeamA-2d44f941-2f24-4fc2-afa8-611a091f2e93,7.5
2021-10-27,TeamA-2d44f941-2f24-4fc2-afa8-611a091f2e93,8.0
2021-10-28,TeamA-2d44f941-2f24-4fc2-afa8-611a091f2e93,7.5
2021-10-29,TeamA-2d44f941-2f24-4fc2-afa8-611a091f2e93,7.5
2021-10-30,TeamA-2d44f941-2f24-4fc2-afa8-611a091f2e93,8.0
2021-10-31,TeamA-2d44f941-2f24-4fc2-afa8-611a091f2e93,8.0
2021-11-01,TeamA-2d44f941-2f24-4fc2-afa8-611a091f2e93,8.0
2021-11-02,TeamA-2d44f941-2f24-4fc2-afa8-611a091f2e93,8.0
2021-11-03,TeamA-2d44f941-2f24-4fc2-afa8-611a091f2e93,8.0
2021-11-05,TeamA-2d44f941-2f24-4fc2-afa8-611a091f2e93,8.0
2021-11-06,TeamA-2d44f941-2f24-4fc2-afa8-611a091f2e93,8.0
2021-11-07,TeamA-2d44f941-2f24-4fc2-afa8-611a091f2e93,8.0
2021-11-08,TeamA-2d44f941-2f24-4fc2-afa8-611a091f2e93,8.0
2021-11-09,TeamA-2d44f941-2f24-4fc2-afa8-611a091f2e93,7.0
2021-11-10,TeamA-2d44f941-2f24-4fc2-afa8-611a091f2e93,8.0
2021-11-11,TeamA-2d44f941-2f24-4fc2-afa8-611a091f2e93,8.0
2021-11-12,TeamA-2d44f941-2f24-4fc2-afa8-611a091f2e93,8.0
2021-11-13,TeamA-2d44f941-2f24-4fc2-afa8-611a091f2e93,8.0
2021-11-14,TeamA-2d44f941-2f24-4fc2-afa8-611a091f2e93,4.5
2021-11-15,TeamA-2d44f941-2f24-4fc2-afa8-611a091f2e93,9.0
2021-11-16,TeamA-2d44f941-2f24-4fc2-afa8-611a091f2e93,8.0
2021-11-17,TeamA-2d44f941-2f24-4fc2-afa8-611a091f2e93,8.5
2021-11-18,TeamA-2d44f941-2f24-4fc2-afa8-611a091f2e93,7.0
2021-11-19,TeamA-2d44f941-2f24-4fc2-afa8-611a091f2e93,10.0
2021-11-20,TeamA-2d44f941-2f24-4fc2-afa8-611a091f2e93,9.0
2021-11-22,TeamA-2d44f941-2f24-4fc2-afa8-611a091f2e93,7.0
2021-11-23,TeamA-2d44f941-2f24-4fc2-afa8-611a091f2e93,8.0
2021-11-24,TeamA-2d44f941-2f24-4fc2-afa8-611a091f2e93,7.0
2021-11-25,TeamA-2d44f941-2f24-4fc2-afa8-611a091f2e93,7.0
2021-11-26,TeamA-2d44f941-2f24-4fc2-afa8-611a091f2e93,8.5
2021-11-27,TeamA-2d44f941-2f24-4fc2-afa8-611a091f2e93,7.0
2021-11-29,TeamA-2d44f941-2f24-4fc2-afa8-611a091f2e93,7.0
2021-12-01,TeamA-2d44f941-2f24-4fc2-afa8-611a091f2e93,8.5
2021-12-04,TeamA-2d44f941-2f24-4fc2-afa8-611a091f2e93,7.0
2021-12-05,TeamA-2d44f941-2f24-4fc2-afa8-611a091f2e93,8.0
2021-12-06,TeamA-2d44f941-2f24-4fc2-afa8-611a091f2e93,8.5
2021-12-07,TeamA-2d44f941-2f24-4fc2-afa8-611a091f2e93,8.0
2021-12-09,TeamA-2d44f941-2f24-4fc2-afa8-611a091f2e93,8.0
2021-12-10,TeamA-2d44f941-2f24-4fc2-afa8-611a091f2e93,7.5
2021-12-12,TeamA-2d44f941-2f24-4fc2-afa8-611a091f2e93,8.0
2021-12-13,TeamA-2d44f941-2f24-4fc2-afa8-611a091f2e93,8.0
2021-12-14,TeamA-2d44f941-2f24-4fc2-afa8-611a091f2e93,8.0
2021-12-16,TeamA-2d44f941-2f24-4fc2-afa8-611a091f2e93,8.0
2021-12-19,TeamA-2d44f941-2f24-4fc2-afa8-611a091f2e93,7.0
2021-12-20,TeamA-2d44f941-2f24-4fc2-afa8-611a091f2e93,7.0
2021-12-21,TeamA-2d44f941-2f24-4fc2-afa8-611a091f2e93,6.5
2021-12-22,TeamA-2d44f941-2f24-4fc2-afa8-611a091f2e93,9.0
2021-12-24,TeamA-2d44f941-2f24-4fc2-afa8-611a091f2e93,8.0
2021-12-26,TeamA-2d44f941-2f24-4fc2-afa8-611a091f2e93,8.0
2021-12-28,TeamA-2d44f941-2f24-4fc2-afa8-611a091f2e93,9.0
2021-12-29,TeamA-2d44f941-2f24-4fc2-afa8-611a091f2e93,9.0
2021-12-30,TeamA-2d44f941-2f24-4fc2-afa8-611a091f2e93,8.0
2021-12-31,TeamA-2d44f941-2f24-4fc2-afa8-611a091f2e93,8.0
2020-03-20,TeamA-32fed4b3-d7fc-482d-ba21-c46c58f015b5,12.0
2020-03-24,TeamA-32fed4b3-d7fc-482d-ba21-c46c58f015b5,10.0
2020-03-25,TeamA-32fed4b3-d7fc-482d-ba21-c46c58f015b5,10.0
2020-03-26,TeamA-32fed4b3-d7fc-482d-ba21-c46c58f015b5,9.0
2020-03-27,TeamA-32fed4b3-d7fc-482d-ba21-c46c58f015b5,10.0
2020-03-28,TeamA-32fed4b3-d7fc-482d-ba21-c46c58f015b5,11.0
2020-03-29,TeamA-32fed4b3-d7fc-482d-ba21-c46c58f015b5,11.0
2020-04-01,TeamA-32fed4b3-d7fc-482d-ba21-c46c58f015b5,9.0
2020-04-02,TeamA-32fed4b3-d7fc-482d-ba21-c46c58f015b5,8.0
2020-04-03,TeamA-32fed4b3-d7fc-482d-ba21-c46c58f015b5,6.0
2020-04-04,TeamA-32fed4b3-d7fc-482d-ba21-c46c58f015b5,11.0
2020-04-05,TeamA-32fed4b3-d7fc-482d-ba21-c46c58f015b5,8.0
2020-04-07,TeamA-32fed4b3-d7fc-482d-ba21-c46c58f015b5,8.0
2020-04-08,TeamA-32fed4b3-d7fc-482d-ba21-c46c58f015b5,9.0
2020-04-10,TeamA-32fed4b3-d7fc-482d-ba21-c46c58f015b5,9.0
2020-04-11,TeamA-32fed4b3-d7fc-482d-ba21-c46c58f015b5,9.0
2020-04-12,TeamA-32fed4b3-d7fc-482d-ba21-c46c58f015b5,10.0
2020-04-13,TeamA-32fed4b3-d7fc-482d-ba21-c46c58f015b5,8.5
2020-04-14,TeamA-32fed4b3-d7fc-482d-ba21-c46c58f015b5,7.5
2020-04-15,TeamA-32fed4b3-d7fc-482d-ba21-c46c58f015b5,7.0
2020-04-16,TeamA-32fed4b3-d7fc-482d-ba21-c46c58f015b5,8.0
2020-04-17,TeamA-32fed4b3-d7fc-482d-ba21-c46c58f015b5,10.0
2020-04-18,TeamA-32fed4b3-d7fc-482d-ba21-c46c58f015b5,9.0
2020-04-19,TeamA-32fed4b3-d7fc-482d-ba21-c46c58f015b5,8.5
2020-04-20,TeamA-32fed4b3-d7fc-482d-ba21-c46c58f015b5,9.0
2020-04-21,TeamA-32fed4b3-d7fc-482d-ba21-c46c58f015b5,7.5
2020-04-22,TeamA-32fed4b3-d7fc-482d-ba21-c46c58f015b5,10.0
2020-04-23,TeamA-32fed4b3-d7fc-482d-ba21-c46c58f015b5,9.0
2020-04-24,TeamA-32fed4b3-d7fc-482d-ba21-c46c58f015b5,7.5
2020-04-25,TeamA-32fed4b3-d7fc-482d-ba21-c46c58f015b5,10.0
2020-04-26,TeamA-32fed4b3-d7fc-482d-ba21-c46c58f015b5,9.0
2020-04-27,TeamA-32fed4b3-d7fc-482d-ba21-c46c58f015b5,8.0
2020-04-28,TeamA-32fed4b3-d7fc-482d-ba21-c46c58f015b5,8.0
2020-04-29,TeamA-32fed4b3-d7fc-482d-ba21-c46c58f015b5,5.0
2020-04-30,TeamA-32fed4b3-d7fc-482d-ba21-c46c58f015b5,9.0
2020-05-01,TeamA-32fed4b3-d7fc-482d-ba21-c46c58f015b5,9.0
2020-05-02,TeamA-32fed4b3-d7fc-482d-ba21-c46c58f015b5,10.0
2020-05-03,TeamA-32fed4b3-d7fc-482d-ba21-c46c58f015b5,9.0
2020-05-04,TeamA-32fed4b3-d7fc-482d-ba21-c46c58f015b5,9.0
2020-05-05,TeamA-32fed4b3-d7fc-482d-ba21-c46c58f015b5,7.5
2020-05-06,TeamA-32fed4b3-d7fc-482d-ba21-c46c58f015b5,6.0
2020-05-07,TeamA-32fed4b3-d7fc-482d-ba21-c46c58f015b5,12.0
2020-05-08,TeamA-32fed4b3-d7fc-482d-ba21-c46c58f015b5,8.5
2020-05-09,TeamA-32fed4b3-d7fc-482d-ba21-c46c58f015b5,8.5
2020-05-10,TeamA-32fed4b3-d7fc-482d-ba21-c46c58f015b5,8.0
2020-05-11,TeamA-32fed4b3-d7fc-482d-ba21-c46c58f015b5,7.5
2020-05-12,TeamA-32fed4b3-d7fc-482d-ba21-c46c58f015b5,7.0
2020-05-13,TeamA-32fed4b3-d7fc-482d-ba21-c46c58f015b5,9.0
2020-05-14,TeamA-32fed4b3-d7fc-482d-ba21-c46c58f015b5,9.0
2020-05-15,TeamA-32fed4b3-d7fc-482d-ba21-c46c58f015b5,9.0
2020-05-16,TeamA-32fed4b3-d7fc-482d-ba21-c46c58f015b5,5.5
2020-05-18,TeamA-32fed4b3-d7fc-482d-ba21-c46c58f015b5,7.0
2020-05-19,TeamA-32fed4b3-d7fc-482d-ba21-c46c58f015b5,10.0
2020-05-20,TeamA-32fed4b3-d7fc-482d-ba21-c46c58f015b5,8.0
2020-05-21,TeamA-32fed4b3-d7fc-482d-ba21-c46c58f015b5,10.0
2020-05-22,TeamA-32fed4b3-d7fc-482d-ba21-c46c58f015b5,9.0
2020-05-23,TeamA-32fed4b3-d7fc-482d-ba21-c46c58f015b5,9.0
2020-05-24,TeamA-32fed4b3-d7fc-482d-ba21-c46c58f015b5,9.0
2020-05-25,TeamA-32fed4b3-d7fc-482d-ba21-c46c58f015b5,9.0
2020-05-26,TeamA-32fed4b3-d7fc-482d-ba21-c46c58f015b5,9.0
2020-05-27,TeamA-32fed4b3-d7fc-482d-ba21-c46c58f015b5,10.0
2020-05-28,TeamA-32fed4b3-d7fc-482d-ba21-c46c58f015b5,9.0
2020-05-29,TeamA-32fed4b3-d7fc-482d-ba21-c46c58f015b5,10.0
2020-05-30,TeamA-32fed4b3-d7fc-482d-ba21-c46c58f015b5,10.0
2020-06-01,TeamA-32fed4b3-d7fc-482d-ba21-c46c58f015b5,9.0
2020-06-02,TeamA-32fed4b3-d7fc-482d-ba21-c46c58f015b5,8.0
2020-06-03,TeamA-32fed4b3-d7fc-482d-ba21-c46c58f015b5,9.0
2020-06-04,TeamA-32fed4b3-d7fc-482d-ba21-c46c58f015b5,8.5
2020-06-05,TeamA-32fed4b3-d7fc-482d-ba21-c46c58f015b5,7.5
2020-06-06,TeamA-32fed4b3-d7fc-482d-ba21-c46c58f015b5,8.0
2020-06-07,TeamA-32fed4b3-d7fc-482d-ba21-c46c58f015b5,8.5
2020-06-08,TeamA-32fed4b3-d7fc-482d-ba21-c46c58f015b5,7.5
2020-06-09,TeamA-32fed4b3-d7fc-482d-ba21-c46c58f015b5,8.5
2020-06-10,TeamA-32fed4b3-d7fc-482d-ba21-c46c58f015b5,6.5
2020-06-11,TeamA-32fed4b3-d7fc-482d-ba21-c46c58f015b5,8.0
2020-06-12,TeamA-32fed4b3-d7fc-482d-ba21-c46c58f015b5,8.5
2020-06-13,TeamA-32fed4b3-d7fc-482d-ba21-c46c58f015b5,8.0
2020-06-14,TeamA-32fed4b3-d7fc-482d-ba21-c46c58f015b5,9.0
2020-06-15,TeamA-32fed4b3-d7fc-482d-ba21-c46c58f015b5,9.0
2020-06-16,TeamA-32fed4b3-d7fc-482d-ba21-c46c58f015b5,7.0
2020-06-17,TeamA-32fed4b3-d7fc-482d-ba21-c46c58f015b5,7.0
2020-06-18,TeamA-32fed4b3-d7fc-482d-ba21-c46c58f015b5,10.0
2020-06-19,TeamA-32fed4b3-d7fc-482d-ba21-c46c58f015b5,7.5
2020-06-20,TeamA-32fed4b3-d7fc-482d-ba21-c46c58f015b5,8.5
2020-06-21,TeamA-32fed4b3-d7fc-482d-ba21-c46c58f015b5,8.0
2020-06-22,TeamA-32fed4b3-d7fc-482d-ba21-c46c58f015b5,9.0
2020-06-23,TeamA-32fed4b3-d7fc-482d-ba21-c46c58f015b5,8.0
2020-06-24,TeamA-32fed4b3-d7fc-482d-ba21-c46c58f015b5,8.5
2020-06-25,TeamA-32fed4b3-d7fc-482d-ba21-c46c58f015b5,9.0
2020-06-26,TeamA-32fed4b3-d7fc-482d-ba21-c46c58f015b5,7.5
2020-06-27,TeamA-32fed4b3-d7fc-482d-ba21-c46c58f015b5,9.0
2020-06-28,TeamA-32fed4b3-d7fc-482d-ba21-c46c58f015b5,5.5
2020-06-29,TeamA-32fed4b3-d7fc-482d-ba21-c46c58f015b5,8.5
2020-06-30,TeamA-32fed4b3-d7fc-482d-ba21-c46c58f015b5,8.0
2020-07-01,TeamA-32fed4b3-d7fc-482d-ba21-c46c58f015b5,7.0
2020-07-02,TeamA-32fed4b3-d7fc-482d-ba21-c46c58f015b5,10.0
2020-07-03,TeamA-32fed4b3-d7fc-482d-ba21-c46c58f015b5,8.0
2020-07-04,TeamA-32fed4b3-d7fc-482d-ba21-c46c58f015b5,10.0
2020-07-05,TeamA-32fed4b3-d7fc-482d-ba21-c46c58f015b5,8.0
2020-07-06,TeamA-32fed4b3-d7fc-482d-ba21-c46c58f015b5,10.0
2020-07-07,TeamA-32fed4b3-d7fc-482d-ba21-c46c58f015b5,8.0
2020-07-08,TeamA-32fed4b3-d7fc-482d-ba21-c46c58f015b5,8.0
2020-07-09,TeamA-32fed4b3-d7fc-482d-ba21-c46c58f015b5,9.0
2020-07-10,TeamA-32fed4b3-d7fc-482d-ba21-c46c58f015b5,9.0
2020-07-11,TeamA-32fed4b3-d7fc-482d-ba21-c46c58f015b5,10.0
2020-07-12,TeamA-32fed4b3-d7fc-482d-ba21-c46c58f015b5,10.0
2020-07-13,TeamA-32fed4b3-d7fc-482d-ba21-c46c58f015b5,8.5
2020-07-20,TeamA-32fed4b3-d7fc-482d-ba21-c46c58f015b5,7.5
2020-07-21,TeamA-32fed4b3-d7fc-482d-ba21-c46c58f015b5,8.5
2020-07-22,TeamA-32fed4b3-d7fc-482d-ba21-c46c58f015b5,8.5
2020-07-23,TeamA-32fed4b3-d7fc-482d-ba21-c46c58f015b5,10.0
2020-07-24,TeamA-32fed4b3-d7fc-482d-ba21-c46c58f015b5,10.0
2020-07-25,TeamA-32fed4b3-d7fc-482d-ba21-c46c58f015b5,7.0
2020-07-26,TeamA-32fed4b3-d7fc-482d-ba21-c46c58f015b5,9.0
2020-07-27,TeamA-32fed4b3-d7fc-482d-ba21-c46c58f015b5,8.5
2020-07-28,TeamA-32fed4b3-d7fc-482d-ba21-c46c58f015b5,7.5
2020-07-29,TeamA-32fed4b3-d7fc-482d-ba21-c46c58f015b5,10.0
2020-07-30,TeamA-32fed4b3-d7fc-482d-ba21-c46c58f015b5,8.0
2020-07-31,TeamA-32fed4b3-d7fc-482d-ba21-c46c58f015b5,9.0
2020-08-01,TeamA-32fed4b3-d7fc-482d-ba21-c46c58f015b5,8.0
2020-08-02,TeamA-32fed4b3-d7fc-482d-ba21-c46c58f015b5,9.0
2020-08-03,TeamA-32fed4b3-d7fc-482d-ba21-c46c58f015b5,10.0
2020-08-04,TeamA-32fed4b3-d7fc-482d-ba21-c46c58f015b5,9.0
2020-08-05,TeamA-32fed4b3-d7fc-482d-ba21-c46c58f015b5,8.0
2020-08-06,TeamA-32fed4b3-d7fc-482d-ba21-c46c58f015b5,7.0
2020-08-07,TeamA-32fed4b3-d7fc-482d-ba21-c46c58f015b5,9.0
2020-08-08,TeamA-32fed4b3-d7fc-482d-ba21-c46c58f015b5,9.0
2020-08-10,TeamA-32fed4b3-d7fc-482d-ba21-c46c58f015b5,10.0
2020-08-11,TeamA-32fed4b3-d7fc-482d-ba21-c46c58f015b5,8.5
2020-08-12,TeamA-32fed4b3-d7fc-482d-ba21-c46c58f015b5,8.0
2020-08-13,TeamA-32fed4b3-d7fc-482d-ba21-c46c58f015b5,7.0
2020-08-14,TeamA-32fed4b3-d7fc-482d-ba21-c46c58f015b5,8.5
2020-08-15,TeamA-32fed4b3-d7fc-482d-ba21-c46c58f015b5,10.0
2020-08-16,TeamA-32fed4b3-d7fc-482d-ba21-c46c58f015b5,11.0
2020-08-17,TeamA-32fed4b3-d7fc-482d-ba21-c46c58f015b5,8.5
2020-08-19,TeamA-32fed4b3-d7fc-482d-ba21-c46c58f015b5,7.5
2020-08-20,TeamA-32fed4b3-d7fc-482d-ba21-c46c58f015b5,9.0
2020-08-21,TeamA-32fed4b3-d7fc-482d-ba21-c46c58f015b5,8.0
2020-08-22,TeamA-32fed4b3-d7fc-482d-ba21-c46c58f015b5,9.0
2020-08-23,TeamA-32fed4b3-d7fc-482d-ba21-c46c58f015b5,10.0
2020-08-24,TeamA-32fed4b3-d7fc-482d-ba21-c46c58f015b5,9.0
2020-08-25,TeamA-32fed4b3-d7fc-482d-ba21-c46c58f015b5,7.0
2020-08-27,TeamA-32fed4b3-d7fc-482d-ba21-c46c58f015b5,10.0
2020-08-28,TeamA-32fed4b3-d7fc-482d-ba21-c46c58f015b5,8.5
2020-08-29,TeamA-32fed4b3-d7fc-482d-ba21-c46c58f015b5,8.5
2020-08-30,TeamA-32fed4b3-d7fc-482d-ba21-c46c58f015b5,10.0
2020-08-31,TeamA-32fed4b3-d7fc-482d-ba21-c46c58f015b5,9.0
2020-09-01,TeamA-32fed4b3-d7fc-482d-ba21-c46c58f015b5,9.0
2020-09-02,TeamA-32fed4b3-d7fc-482d-ba21-c46c58f015b5,7.0
2020-09-03,TeamA-32fed4b3-d7fc-482d-ba21-c46c58f015b5,9.0
2020-09-04,TeamA-32fed4b3-d7fc-482d-ba21-c46c58f015b5,8.5
2020-09-06,TeamA-32fed4b3-d7fc-482d-ba21-c46c58f015b5,6.0
2020-09-07,TeamA-32fed4b3-d7fc-482d-ba21-c46c58f015b5,9.0
2020-09-08,TeamA-32fed4b3-d7fc-482d-ba21-c46c58f015b5,6.5
2020-09-09,TeamA-32fed4b3-d7fc-482d-ba21-c46c58f015b5,9.0
2020-09-11,TeamA-32fed4b3-d7fc-482d-ba21-c46c58f015b5,10.0
2020-09-12,TeamA-32fed4b3-d7fc-482d-ba21-c46c58f015b5,8.0
2020-09-13,TeamA-32fed4b3-d7fc-482d-ba21-c46c58f015b5,7.0
2020-09-14,TeamA-32fed4b3-d7fc-482d-ba21-c46c58f015b5,9.0
2020-09-15,TeamA-32fed4b3-d7fc-482d-ba21-c46c58f015b5,7.5
2020-09-16,TeamA-32fed4b3-d7fc-482d-ba21-c46c58f015b5,7.5
2020-09-17,TeamA-32fed4b3-d7fc-482d-ba21-c46c58f015b5,10.0
2020-09-18,TeamA-32fed4b3-d7fc-482d-ba21-c46c58f015b5,6.0
2020-09-19,TeamA-32fed4b3-d7fc-482d-ba21-c46c58f015b5,8.0
2020-09-20,TeamA-32fed4b3-d7fc-482d-ba21-c46c58f015b5,11.0
2020-09-21,TeamA-32fed4b3-d7fc-482d-ba21-c46c58f015b5,8.5
2020-09-23,TeamA-32fed4b3-d7fc-482d-ba21-c46c58f015b5,7.0
2020-09-24,TeamA-32fed4b3-d7fc-482d-ba21-c46c58f015b5,9.0
2020-09-27,TeamA-32fed4b3-d7fc-482d-ba21-c46c58f015b5,10.0
2020-09-28,TeamA-32fed4b3-d7fc-482d-ba21-c46c58f015b5,7.5
2020-09-29,TeamA-32fed4b3-d7fc-482d-ba21-c46c58f015b5,7.5
2020-10-01,TeamA-32fed4b3-d7fc-482d-ba21-c46c58f015b5,10.0
2020-10-02,TeamA-32fed4b3-d7fc-482d-ba21-c46c58f015b5,10.0
2020-10-03,TeamA-32fed4b3-d7fc-482d-ba21-c46c58f015b5,10.0
2020-10-04,TeamA-32fed4b3-d7fc-482d-ba21-c46c58f015b5,11.0
2020-10-05,TeamA-32fed4b3-d7fc-482d-ba21-c46c58f015b5,10.0
2020-10-06,TeamA-32fed4b3-d7fc-482d-ba21-c46c58f015b5,7.0
2020-10-07,TeamA-32fed4b3-d7fc-482d-ba21-c46c58f015b5,8.0
2020-10-08,TeamA-32fed4b3-d7fc-482d-ba21-c46c58f015b5,8.0
2020-10-09,TeamA-32fed4b3-d7fc-482d-ba21-c46c58f015b5,9.0
2020-10-11,TeamA-32fed4b3-d7fc-482d-ba21-c46c58f015b5,9.0
2020-10-13,TeamA-32fed4b3-d7fc-482d-ba21-c46c58f015b5,7.0
2020-10-14,TeamA-32fed4b3-d7fc-482d-ba21-c46c58f015b5,8.0
2020-10-15,TeamA-32fed4b3-d7fc-482d-ba21-c46c58f015b5,8.5
2020-10-16,TeamA-32fed4b3-d7fc-482d-ba21-c46c58f015b5,9.0
2020-10-17,TeamA-32fed4b3-d7fc-482d-ba21-c46c58f015b5,10.0
2020-10-19,TeamA-32fed4b3-d7fc-482d-ba21-c46c58f015b5,10.0
2020-10-20,TeamA-32fed4b3-d7fc-482d-ba21-c46c58f015b5,7.0
2020-10-21,TeamA-32fed4b3-d7fc-482d-ba21-c46c58f015b5,8.0
2020-10-22,TeamA-32fed4b3-d7fc-482d-ba21-c46c58f015b5,10.0
2020-10-23,TeamA-32fed4b3-d7fc-482d-ba21-c46c58f015b5,9.0
2020-10-24,TeamA-32fed4b3-d7fc-482d-ba21-c46c58f015b5,10.0
2020-10-25,TeamA-32fed4b3-d7fc-482d-ba21-c46c58f015b5,10.0
2020-10-26,TeamA-32fed4b3-d7fc-482d-ba21-c46c58f015b5,8.0
2020-10-28,TeamA-32fed4b3-d7fc-482d-ba21-c46c58f015b5,7.5
2020-10-29,TeamA-32fed4b3-d7fc-482d-ba21-c46c58f015b5,9.0
2020-11-01,TeamA-32fed4b3-d7fc-482d-ba21-c46c58f015b5,10.0
2020-11-02,TeamA-32fed4b3-d7fc-482d-ba21-c46c58f015b5,11.0
2020-11-03,TeamA-32fed4b3-d7fc-482d-ba21-c46c58f015b5,7.0
2020-11-04,TeamA-32fed4b3-d7fc-482d-ba21-c46c58f015b5,8.0
2020-11-05,TeamA-32fed4b3-d7fc-482d-ba21-c46c58f015b5,10.0
2020-11-06,TeamA-32fed4b3-d7fc-482d-ba21-c46c58f015b5,10.0
2020-11-07,TeamA-32fed4b3-d7fc-482d-ba21-c46c58f015b5,10.0
2020-11-08,TeamA-32fed4b3-d7fc-482d-ba21-c46c58f015b5,10.0
2020-11-09,TeamA-32fed4b3-d7fc-482d-ba21-c46c58f015b5,9.0
2020-11-10,TeamA-32fed4b3-d7fc-482d-ba21-c46c58f015b5,10.0
2020-11-11,TeamA-32fed4b3-d7fc-482d-ba21-c46c58f015b5,8.0
2020-11-12,TeamA-32fed4b3-d7fc-482d-ba21-c46c58f015b5,10.0
2020-11-13,TeamA-32fed4b3-d7fc-482d-ba21-c46c58f015b5,9.0
2020-11-14,TeamA-32fed4b3-d7fc-482d-ba21-c46c58f015b5,7.0
2020-11-15,TeamA-32fed4b3-d7fc-482d-ba21-c46c58f015b5,10.0
2020-11-16,TeamA-32fed4b3-d7fc-482d-ba21-c46c58f015b5,10.0
2020-11-17,TeamA-32fed4b3-d7fc-482d-ba21-c46c58f015b5,8.0
2020-11-18,TeamA-32fed4b3-d7fc-482d-ba21-c46c58f015b5,5.0
2020-11-19,TeamA-32fed4b3-d7fc-482d-ba21-c46c58f015b5,10.0
2020-11-20,TeamA-32fed4b3-d7fc-482d-ba21-c46c58f015b5,10.0
2020-11-21,TeamA-32fed4b3-d7fc-482d-ba21-c46c58f015b5,10.0
2020-11-22,TeamA-32fed4b3-d7fc-482d-ba21-c46c58f015b5,10.0
2020-11-23,TeamA-32fed4b3-d7fc-482d-ba21-c46c58f015b5,6.0
2020-11-24,TeamA-32fed4b3-d7fc-482d-ba21-c46c58f015b5,7.5
2020-11-25,TeamA-32fed4b3-d7fc-482d-ba21-c46c58f015b5,8.0
2020-11-26,TeamA-32fed4b3-d7fc-482d-ba21-c46c58f015b5,8.0
2020-11-27,TeamA-32fed4b3-d7fc-482d-ba21-c46c58f015b5,10.0
2020-11-28,TeamA-32fed4b3-d7fc-482d-ba21-c46c58f015b5,8.0
2020-11-29,TeamA-32fed4b3-d7fc-482d-ba21-c46c58f015b5,9.0
2020-11-30,TeamA-32fed4b3-d7fc-482d-ba21-c46c58f015b5,9.0
2020-12-01,TeamA-32fed4b3-d7fc-482d-ba21-c46c58f015b5,7.0
2020-12-02,TeamA-32fed4b3-d7fc-482d-ba21-c46c58f015b5,8.5
2020-12-03,TeamA-32fed4b3-d7fc-482d-ba21-c46c58f015b5,7.0
2020-12-04,TeamA-32fed4b3-d7fc-482d-ba21-c46c58f015b5,10.0
2020-12-05,TeamA-32fed4b3-d7fc-482d-ba21-c46c58f015b5,6.5
2020-12-06,TeamA-32fed4b3-d7fc-482d-ba21-c46c58f015b5,10.0
2020-12-07,TeamA-32fed4b3-d7fc-482d-ba21-c46c58f015b5,9.0
2020-12-08,TeamA-32fed4b3-d7fc-482d-ba21-c46c58f015b5,9.0
2020-12-09,TeamA-32fed4b3-d7fc-482d-ba21-c46c58f015b5,10.0
2021-01-03,TeamA-32fed4b3-d7fc-482d-ba21-c46c58f015b5,10.0
2021-01-05,TeamA-32fed4b3-d7fc-482d-ba21-c46c58f015b5,8.0
2021-01-11,TeamA-32fed4b3-d7fc-482d-ba21-c46c58f015b5,9.0
2021-01-12,TeamA-32fed4b3-d7fc-482d-ba21-c46c58f015b5,6.0
2021-01-13,TeamA-32fed4b3-d7fc-482d-ba21-c46c58f015b5,8.0
2021-01-14,TeamA-32fed4b3-d7fc-482d-ba21-c46c58f015b5,10.0
2021-01-15,TeamA-32fed4b3-d7fc-482d-ba21-c46c58f015b5,9.0
2021-01-16,TeamA-32fed4b3-d7fc-482d-ba21-c46c58f015b5,10.0
2021-01-17,TeamA-32fed4b3-d7fc-482d-ba21-c46c58f015b5,9.0
2021-01-18,TeamA-32fed4b3-d7fc-482d-ba21-c46c58f015b5,10.0
2021-01-19,TeamA-32fed4b3-d7fc-482d-ba21-c46c58f015b5,5.5
2021-01-20,TeamA-32fed4b3-d7fc-482d-ba21-c46c58f015b5,7.0
2021-01-21,TeamA-32fed4b3-d7fc-482d-ba21-c46c58f015b5,10.0
2021-01-23,TeamA-32fed4b3-d7fc-482d-ba21-c46c58f015b5,9.0
2021-01-25,TeamA-32fed4b3-d7fc-482d-ba21-c46c58f015b5,9.0
2021-01-26,TeamA-32fed4b3-d7fc-482d-ba21-c46c58f015b5,6.5
2021-01-27,TeamA-32fed4b3-d7fc-482d-ba21-c46c58f015b5,9.0
2021-01-28,TeamA-32fed4b3-d7fc-482d-ba21-c46c58f015b5,9.0
2021-01-30,TeamA-32fed4b3-d7fc-482d-ba21-c46c58f015b5,9.0
2021-01-31,TeamA-32fed4b3-d7fc-482d-ba21-c46c58f015b5,9.0
2021-02-01,TeamA-32fed4b3-d7fc-482d-ba21-c46c58f015b5,9.0
2021-02-02,TeamA-32fed4b3-d7fc-482d-ba21-c46c58f015b5,7.0
2021-02-03,TeamA-32fed4b3-d7fc-482d-ba21-c46c58f015b5,7.5
2021-02-04,TeamA-32fed4b3-d7fc-482d-ba21-c46c58f015b5,10.0
2021-02-05,TeamA-32fed4b3-d7fc-482d-ba21-c46c58f015b5,8.5
2021-02-06,TeamA-32fed4b3-d7fc-482d-ba21-c46c58f015b5,9.0
2021-02-07,TeamA-32fed4b3-d7fc-482d-ba21-c46c58f015b5,8.5
2021-02-08,TeamA-32fed4b3-d7fc-482d-ba21-c46c58f015b5,10.0
2021-02-09,TeamA-32fed4b3-d7fc-482d-ba21-c46c58f015b5,6.5
2021-02-10,TeamA-32fed4b3-d7fc-482d-ba21-c46c58f015b5,10.0
2021-02-11,TeamA-32fed4b3-d7fc-482d-ba21-c46c58f015b5,7.5
2021-02-12,TeamA-32fed4b3-d7fc-482d-ba21-c46c58f015b5,10.0
2021-02-13,TeamA-32fed4b3-d7fc-482d-ba21-c46c58f015b5,9.0
2021-02-14,TeamA-32fed4b3-d7fc-482d-ba21-c46c58f015b5,10.0
2021-02-15,TeamA-32fed4b3-d7fc-482d-ba21-c46c58f015b5,9.0
2021-02-16,TeamA-32fed4b3-d7fc-482d-ba21-c46c58f015b5,7.0
2021-02-17,TeamA-32fed4b3-d7fc-482d-ba21-c46c58f015b5,9.0
2021-02-18,TeamA-32fed4b3-d7fc-482d-ba21-c46c58f015b5,9.0
2021-02-19,TeamA-32fed4b3-d7fc-482d-ba21-c46c58f015b5,9.0
2021-02-21,TeamA-32fed4b3-d7fc-482d-ba21-c46c58f015b5,10.0
2021-02-22,TeamA-32fed4b3-d7fc-482d-ba21-c46c58f015b5,7.0
2021-02-23,TeamA-32fed4b3-d7fc-482d-ba21-c46c58f015b5,8.0
2021-02-24,TeamA-32fed4b3-d7fc-482d-ba21-c46c58f015b5,8.0
2021-02-25,TeamA-32fed4b3-d7fc-482d-ba21-c46c58f015b5,8.5
2021-02-26,TeamA-32fed4b3-d7fc-482d-ba21-c46c58f015b5,11.0
2021-02-28,TeamA-32fed4b3-d7fc-482d-ba21-c46c58f015b5,9.0
2021-03-01,TeamA-32fed4b3-d7fc-482d-ba21-c46c58f015b5,9.0
2021-03-02,TeamA-32fed4b3-d7fc-482d-ba21-c46c58f015b5,7.5
2021-03-03,TeamA-32fed4b3-d7fc-482d-ba21-c46c58f015b5,7.0
2021-03-05,TeamA-32fed4b3-d7fc-482d-ba21-c46c58f015b5,9.0
2021-03-06,TeamA-32fed4b3-d7fc-482d-ba21-c46c58f015b5,8.0
2021-03-07,TeamA-32fed4b3-d7fc-482d-ba21-c46c58f015b5,8.5
2021-03-08,TeamA-32fed4b3-d7fc-482d-ba21-c46c58f015b5,9.0
2021-03-09,TeamA-32fed4b3-d7fc-482d-ba21-c46c58f015b5,7.0
2021-03-10,TeamA-32fed4b3-d7fc-482d-ba21-c46c58f015b5,8.0
2021-03-13,TeamA-32fed4b3-d7fc-482d-ba21-c46c58f015b5,9.0
2021-03-14,TeamA-32fed4b3-d7fc-482d-ba21-c46c58f015b5,10.0
2021-03-15,TeamA-32fed4b3-d7fc-482d-ba21-c46c58f015b5,9.0
2021-03-16,TeamA-32fed4b3-d7fc-482d-ba21-c46c58f015b5,7.5
2021-03-18,TeamA-32fed4b3-d7fc-482d-ba21-c46c58f015b5,10.0
2021-03-19,TeamA-32fed4b3-d7fc-482d-ba21-c46c58f015b5,10.0
2021-03-20,TeamA-32fed4b3-d7fc-482d-ba21-c46c58f015b5,9.0
2021-03-21,TeamA-32fed4b3-d7fc-482d-ba21-c46c58f015b5,9.0
2021-03-22,TeamA-32fed4b3-d7fc-482d-ba21-c46c58f015b5,8.0
2021-03-23,TeamA-32fed4b3-d7fc-482d-ba21-c46c58f015b5,9.0
2021-03-24,TeamA-32fed4b3-d7fc-482d-ba21-c46c58f015b5,9.0
2021-03-25,TeamA-32fed4b3-d7fc-482d-ba21-c46c58f015b5,9.0
2021-03-26,TeamA-32fed4b3-d7fc-482d-ba21-c46c58f015b5,7.5
2021-03-27,TeamA-32fed4b3-d7fc-482d-ba21-c46c58f015b5,9.0
2021-03-28,TeamA-32fed4b3-d7fc-482d-ba21-c46c58f015b5,9.0
2021-03-29,TeamA-32fed4b3-d7fc-482d-ba21-c46c58f015b5,9.0
2021-03-30,TeamA-32fed4b3-d7fc-482d-ba21-c46c58f015b5,7.0
2021-04-03,TeamA-32fed4b3-d7fc-482d-ba21-c46c58f015b5,10.0
2021-04-07,TeamA-32fed4b3-d7fc-482d-ba21-c46c58f015b5,9.0
2021-04-08,TeamA-32fed4b3-d7fc-482d-ba21-c46c58f015b5,10.0
2021-04-09,TeamA-32fed4b3-d7fc-482d-ba21-c46c58f015b5,10.0
2021-04-10,TeamA-32fed4b3-d7fc-482d-ba21-c46c58f015b5,10.0
2021-04-11,TeamA-32fed4b3-d7fc-482d-ba21-c46c58f015b5,10.0
2021-04-12,TeamA-32fed4b3-d7fc-482d-ba21-c46c58f015b5,8.0
2021-04-13,TeamA-32fed4b3-d7fc-482d-ba21-c46c58f015b5,8.5
2021-04-14,TeamA-32fed4b3-d7fc-482d-ba21-c46c58f015b5,5.5
2021-04-20,TeamA-32fed4b3-d7fc-482d-ba21-c46c58f015b5,10.0
2021-04-22,TeamA-32fed4b3-d7fc-482d-ba21-c46c58f015b5,8.0
2021-04-26,TeamA-32fed4b3-d7fc-482d-ba21-c46c58f015b5,10.0
2021-04-27,TeamA-32fed4b3-d7fc-482d-ba21-c46c58f015b5,7.5
2021-04-29,TeamA-32fed4b3-d7fc-482d-ba21-c46c58f015b5,9.0
2021-04-30,TeamA-32fed4b3-d7fc-482d-ba21-c46c58f015b5,7.0
2021-05-03,TeamA-32fed4b3-d7fc-482d-ba21-c46c58f015b5,9.0
2021-05-05,TeamA-32fed4b3-d7fc-482d-ba21-c46c58f015b5,9.0
2021-05-06,TeamA-32fed4b3-d7fc-482d-ba21-c46c58f015b5,10.0
2021-05-07,TeamA-32fed4b3-d7fc-482d-ba21-c46c58f015b5,7.5
2021-05-09,TeamA-32fed4b3-d7fc-482d-ba21-c46c58f015b5,8.5
2021-05-10,TeamA-32fed4b3-d7fc-482d-ba21-c46c58f015b5,8.0
2021-05-11,TeamA-32fed4b3-d7fc-482d-ba21-c46c58f015b5,8.0
2021-05-12,TeamA-32fed4b3-d7fc-482d-ba21-c46c58f015b5,8.0
2021-05-13,TeamA-32fed4b3-d7fc-482d-ba21-c46c58f015b5,8.5
2021-05-14,TeamA-32fed4b3-d7fc-482d-ba21-c46c58f015b5,9.0
2021-05-18,TeamA-32fed4b3-d7fc-482d-ba21-c46c58f015b5,9.0
2021-05-19,TeamA-32fed4b3-d7fc-482d-ba21-c46c58f015b5,8.0
2021-05-21,TeamA-32fed4b3-d7fc-482d-ba21-c46c58f015b5,9.0
2021-05-22,TeamA-32fed4b3-d7fc-482d-ba21-c46c58f015b5,9.0
2021-05-23,TeamA-32fed4b3-d7fc-482d-ba21-c46c58f015b5,8.5
2021-05-24,TeamA-32fed4b3-d7fc-482d-ba21-c46c58f015b5,8.0
2021-05-25,TeamA-32fed4b3-d7fc-482d-ba21-c46c58f015b5,9.0
2021-05-27,TeamA-32fed4b3-d7fc-482d-ba21-c46c58f015b5,10.0
2021-05-30,TeamA-32fed4b3-d7fc-482d-ba21-c46c58f015b5,10.0
2021-05-31,TeamA-32fed4b3-d7fc-482d-ba21-c46c58f015b5,8.0
2021-06-01,TeamA-32fed4b3-d7fc-482d-ba21-c46c58f015b5,8.0
2021-06-02,TeamA-32fed4b3-d7fc-482d-ba21-c46c58f015b5,8.0
2021-06-03,TeamA-32fed4b3-d7fc-482d-ba21-c46c58f015b5,8.0
2021-06-04,TeamA-32fed4b3-d7fc-482d-ba21-c46c58f015b5,9.0
2021-06-08,TeamA-32fed4b3-d7fc-482d-ba21-c46c58f015b5,6.0
2021-06-09,TeamA-32fed4b3-d7fc-482d-ba21-c46c58f015b5,10.0
2021-06-15,TeamA-32fed4b3-d7fc-482d-ba21-c46c58f015b5,8.5
2021-06-16,TeamA-32fed4b3-d7fc-482d-ba21-c46c58f015b5,9.0
2021-06-18,TeamA-32fed4b3-d7fc-482d-ba21-c46c58f015b5,8.0
2021-06-20,TeamA-32fed4b3-d7fc-482d-ba21-c46c58f015b5,9.0
2021-06-21,TeamA-32fed4b3-d7fc-482d-ba21-c46c58f015b5,9.0
2021-06-22,TeamA-32fed4b3-d7fc-482d-ba21-c46c58f015b5,9.0
2021-06-23,TeamA-32fed4b3-d7fc-482d-ba21-c46c58f015b5,10.0
2021-06-24,TeamA-32fed4b3-d7fc-482d-ba21-c46c58f015b5,9.0
2021-06-25,TeamA-32fed4b3-d7fc-482d-ba21-c46c58f015b5,9.0
2021-06-27,TeamA-32fed4b3-d7fc-482d-ba21-c46c58f015b5,8.0
2021-06-28,TeamA-32fed4b3-d7fc-482d-ba21-c46c58f015b5,8.0
2021-06-29,TeamA-32fed4b3-d7fc-482d-ba21-c46c58f015b5,10.0
2021-06-30,TeamA-32fed4b3-d7fc-482d-ba21-c46c58f015b5,9.0
2021-07-01,TeamA-32fed4b3-d7fc-482d-ba21-c46c58f015b5,8.0
2021-07-05,TeamA-32fed4b3-d7fc-482d-ba21-c46c58f015b5,6.0
2021-07-06,TeamA-32fed4b3-d7fc-482d-ba21-c46c58f015b5,10.0
2021-07-07,TeamA-32fed4b3-d7fc-482d-ba21-c46c58f015b5,8.5
2021-07-08,TeamA-32fed4b3-d7fc-482d-ba21-c46c58f015b5,10.0
2021-07-09,TeamA-32fed4b3-d7fc-482d-ba21-c46c58f015b5,9.0
2021-07-10,TeamA-32fed4b3-d7fc-482d-ba21-c46c58f015b5,9.0
2021-07-11,TeamA-32fed4b3-d7fc-482d-ba21-c46c58f015b5,10.0
2021-07-12,TeamA-32fed4b3-d7fc-482d-ba21-c46c58f015b5,8.5
2021-07-13,TeamA-32fed4b3-d7fc-482d-ba21-c46c58f015b5,8.5
2021-07-14,TeamA-32fed4b3-d7fc-482d-ba21-c46c58f015b5,7.0
2021-07-15,TeamA-32fed4b3-d7fc-482d-ba21-c46c58f015b5,9.0
2021-07-16,TeamA-32fed4b3-d7fc-482d-ba21-c46c58f015b5,10.0
2021-07-17,TeamA-32fed4b3-d7fc-482d-ba21-c46c58f015b5,8.0
2021-07-18,TeamA-32fed4b3-d7fc-482d-ba21-c46c58f015b5,9.0
2021-07-19,TeamA-32fed4b3-d7fc-482d-ba21-c46c58f015b5,9.0
2021-07-20,TeamA-32fed4b3-d7fc-482d-ba21-c46c58f015b5,9.0
2021-07-27,TeamA-32fed4b3-d7fc-482d-ba21-c46c58f015b5,8.0
2021-07-28,TeamA-32fed4b3-d7fc-482d-ba21-c46c58f015b5,8.0
2021-07-29,TeamA-32fed4b3-d7fc-482d-ba21-c46c58f015b5,8.0
2021-07-30,TeamA-32fed4b3-d7fc-482d-ba21-c46c58f015b5,8.0
2021-07-31,TeamA-32fed4b3-d7fc-482d-ba21-c46c58f015b5,4.0
2021-08-02,TeamA-32fed4b3-d7fc-482d-ba21-c46c58f015b5,11.0
2021-08-03,TeamA-32fed4b3-d7fc-482d-ba21-c46c58f015b5,8.0
2021-08-04,TeamA-32fed4b3-d7fc-482d-ba21-c46c58f015b5,11.0
2021-08-05,TeamA-32fed4b3-d7fc-482d-ba21-c46c58f015b5,8.0
2021-08-06,TeamA-32fed4b3-d7fc-482d-ba21-c46c58f015b5,9.0
2021-08-07,TeamA-32fed4b3-d7fc-482d-ba21-c46c58f015b5,8.5
2021-08-08,TeamA-32fed4b3-d7fc-482d-ba21-c46c58f015b5,9.0
2021-08-09,TeamA-32fed4b3-d7fc-482d-ba21-c46c58f015b5,7.5
2021-08-10,TeamA-32fed4b3-d7fc-482d-ba21-c46c58f015b5,8.0
2021-08-11,TeamA-32fed4b3-d7fc-482d-ba21-c46c58f015b5,9.0
2021-08-12,TeamA-32fed4b3-d7fc-482d-ba21-c46c58f015b5,8.5
2021-08-13,TeamA-32fed4b3-d7fc-482d-ba21-c46c58f015b5,8.5
2021-08-14,TeamA-32fed4b3-d7fc-482d-ba21-c46c58f015b5,8.0
2021-08-15,TeamA-32fed4b3-d7fc-482d-ba21-c46c58f015b5,8.0
2021-08-16,TeamA-32fed4b3-d7fc-482d-ba21-c46c58f015b5,8.5
2021-08-17,TeamA-32fed4b3-d7fc-482d-ba21-c46c58f015b5,8.0
2021-08-18,TeamA-32fed4b3-d7fc-482d-ba21-c46c58f015b5,8.0
2021-08-19,TeamA-32fed4b3-d7fc-482d-ba21-c46c58f015b5,6.0
2021-08-20,TeamA-32fed4b3-d7fc-482d-ba21-c46c58f015b5,8.0
2021-08-21,TeamA-32fed4b3-d7fc-482d-ba21-c46c58f015b5,10.0
2021-08-23,TeamA-32fed4b3-d7fc-482d-ba21-c46c58f015b5,10.0
2021-08-24,TeamA-32fed4b3-d7fc-482d-ba21-c46c58f015b5,9.0
2021-08-25,TeamA-32fed4b3-d7fc-482d-ba21-c46c58f015b5,8.0
2021-08-27,TeamA-32fed4b3-d7fc-482d-ba21-c46c58f015b5,9.0
2021-08-28,TeamA-32fed4b3-d7fc-482d-ba21-c46c58f015b5,7.0
2021-08-29,TeamA-32fed4b3-d7fc-482d-ba21-c46c58f015b5,9.0
2021-08-30,TeamA-32fed4b3-d7fc-482d-ba21-c46c58f015b5,8.0
2021-08-31,TeamA-32fed4b3-d7fc-482d-ba21-c46c58f015b5,9.0
2021-09-02,TeamA-32fed4b3-d7fc-482d-ba21-c46c58f015b5,9.0
2021-09-03,TeamA-32fed4b3-d7fc-482d-ba21-c46c58f015b5,9.0
2021-09-04,TeamA-32fed4b3-d7fc-482d-ba21-c46c58f015b5,10.0
2021-09-05,TeamA-32fed4b3-d7fc-482d-ba21-c46c58f015b5,8.0
2021-09-06,TeamA-32fed4b3-d7fc-482d-ba21-c46c58f015b5,10.0
2021-09-07,TeamA-32fed4b3-d7fc-482d-ba21-c46c58f015b5,6.0
2021-09-08,TeamA-32fed4b3-d7fc-482d-ba21-c46c58f015b5,9.0
2021-09-09,TeamA-32fed4b3-d7fc-482d-ba21-c46c58f015b5,10.0
2021-09-10,TeamA-32fed4b3-d7fc-482d-ba21-c46c58f015b5,9.0
2021-09-11,TeamA-32fed4b3-d7fc-482d-ba21-c46c58f015b5,7.5
2021-09-12,TeamA-32fed4b3-d7fc-482d-ba21-c46c58f015b5,7.0
2021-09-13,TeamA-32fed4b3-d7fc-482d-ba21-c46c58f015b5,10.0
2021-09-14,TeamA-32fed4b3-d7fc-482d-ba21-c46c58f015b5,8.0
2021-09-15,TeamA-32fed4b3-d7fc-482d-ba21-c46c58f015b5,8.5
2021-09-16,TeamA-32fed4b3-d7fc-482d-ba21-c46c58f015b5,10.0
2021-09-17,TeamA-32fed4b3-d7fc-482d-ba21-c46c58f015b5,7.0
2021-09-18,TeamA-32fed4b3-d7fc-482d-ba21-c46c58f015b5,9.0
2021-09-19,TeamA-32fed4b3-d7fc-482d-ba21-c46c58f015b5,7.0
2021-09-20,TeamA-32fed4b3-d7fc-482d-ba21-c46c58f015b5,5.0
2021-09-21,TeamA-32fed4b3-d7fc-482d-ba21-c46c58f015b5,9.0
2021-09-22,TeamA-32fed4b3-d7fc-482d-ba21-c46c58f015b5,7.0
2021-09-23,TeamA-32fed4b3-d7fc-482d-ba21-c46c58f015b5,8.0
2021-09-24,TeamA-32fed4b3-d7fc-482d-ba21-c46c58f015b5,10.0
2021-09-25,TeamA-32fed4b3-d7fc-482d-ba21-c46c58f015b5,8.0
2021-09-26,TeamA-32fed4b3-d7fc-482d-ba21-c46c58f015b5,7.0
2021-09-27,TeamA-32fed4b3-d7fc-482d-ba21-c46c58f015b5,8.5
2021-09-28,TeamA-32fed4b3-d7fc-482d-ba21-c46c58f015b5,9.0
2021-09-29,TeamA-32fed4b3-d7fc-482d-ba21-c46c58f015b5,9.0
2021-09-30,TeamA-32fed4b3-d7fc-482d-ba21-c46c58f015b5,9.0
2021-10-01,TeamA-32fed4b3-d7fc-482d-ba21-c46c58f015b5,9.0
2021-10-02,TeamA-32fed4b3-d7fc-482d-ba21-c46c58f015b5,9.0
2021-10-03,TeamA-32fed4b3-d7fc-482d-ba21-c46c58f015b5,10.0
2021-10-04,TeamA-32fed4b3-d7fc-482d-ba21-c46c58f015b5,8.0
2021-10-05,TeamA-32fed4b3-d7fc-482d-ba21-c46c58f015b5,8.0
2021-10-06,TeamA-32fed4b3-d7fc-482d-ba21-c46c58f015b5,8.5
2021-10-07,TeamA-32fed4b3-d7fc-482d-ba21-c46c58f015b5,8.0
2021-10-08,TeamA-32fed4b3-d7fc-482d-ba21-c46c58f015b5,7.5
2021-10-09,TeamA-32fed4b3-d7fc-482d-ba21-c46c58f015b5,9.0
2021-10-10,TeamA-32fed4b3-d7fc-482d-ba21-c46c58f015b5,9.0
2021-10-11,TeamA-32fed4b3-d7fc-482d-ba21-c46c58f015b5,9.0
2021-10-13,TeamA-32fed4b3-d7fc-482d-ba21-c46c58f015b5,10.0
2021-10-14,TeamA-32fed4b3-d7fc-482d-ba21-c46c58f015b5,10.0
2021-10-15,TeamA-32fed4b3-d7fc-482d-ba21-c46c58f015b5,9.0
2021-10-16,TeamA-32fed4b3-d7fc-482d-ba21-c46c58f015b5,10.0
2021-10-17,TeamA-32fed4b3-d7fc-482d-ba21-c46c58f015b5,9.0
2021-10-18,TeamA-32fed4b3-d7fc-482d-ba21-c46c58f015b5,8.0
2021-10-19,TeamA-32fed4b3-d7fc-482d-ba21-c46c58f015b5,8.0
2021-10-20,TeamA-32fed4b3-d7fc-482d-ba21-c46c58f015b5,8.0
2021-10-21,TeamA-32fed4b3-d7fc-482d-ba21-c46c58f015b5,10.0
2021-10-22,TeamA-32fed4b3-d7fc-482d-ba21-c46c58f015b5,8.0
2021-10-23,TeamA-32fed4b3-d7fc-482d-ba21-c46c58f015b5,9.0
2021-10-24,TeamA-32fed4b3-d7fc-482d-ba21-c46c58f015b5,11.0
2021-10-25,TeamA-32fed4b3-d7fc-482d-ba21-c46c58f015b5,9.0
2021-10-26,TeamA-32fed4b3-d7fc-482d-ba21-c46c58f015b5,8.5
2021-10-27,TeamA-32fed4b3-d7fc-482d-ba21-c46c58f015b5,9.0
2021-10-28,TeamA-32fed4b3-d7fc-482d-ba21-c46c58f015b5,9.0
2021-10-29,TeamA-32fed4b3-d7fc-482d-ba21-c46c58f015b5,9.0
2021-10-30,TeamA-32fed4b3-d7fc-482d-ba21-c46c58f015b5,7.0
2021-11-01,TeamA-32fed4b3-d7fc-482d-ba21-c46c58f015b5,9.0
2021-11-02,TeamA-32fed4b3-d7fc-482d-ba21-c46c58f015b5,7.0
2021-11-03,TeamA-32fed4b3-d7fc-482d-ba21-c46c58f015b5,9.0
2021-11-04,TeamA-32fed4b3-d7fc-482d-ba21-c46c58f015b5,10.0
2021-11-05,TeamA-32fed4b3-d7fc-482d-ba21-c46c58f015b5,10.0
2021-11-06,TeamA-32fed4b3-d7fc-482d-ba21-c46c58f015b5,8.0
2021-11-08,TeamA-32fed4b3-d7fc-482d-ba21-c46c58f015b5,6.0
2021-11-09,TeamA-32fed4b3-d7fc-482d-ba21-c46c58f015b5,9.0
2021-11-10,TeamA-32fed4b3-d7fc-482d-ba21-c46c58f015b5,9.0
2021-11-11,TeamA-32fed4b3-d7fc-482d-ba21-c46c58f015b5,10.0
2021-11-12,TeamA-32fed4b3-d7fc-482d-ba21-c46c58f015b5,6.0
2021-11-13,TeamA-32fed4b3-d7fc-482d-ba21-c46c58f015b5,10.0
2021-11-14,TeamA-32fed4b3-d7fc-482d-ba21-c46c58f015b5,6.0
2021-11-15,TeamA-32fed4b3-d7fc-482d-ba21-c46c58f015b5,9.0
2021-11-16,TeamA-32fed4b3-d7fc-482d-ba21-c46c58f015b5,9.0
2021-11-17,TeamA-32fed4b3-d7fc-482d-ba21-c46c58f015b5,7.0
2021-11-18,TeamA-32fed4b3-d7fc-482d-ba21-c46c58f015b5,12.0
2021-11-20,TeamA-32fed4b3-d7fc-482d-ba21-c46c58f015b5,9.0
2020-07-06,TeamA-358603ef-b3a3-46b5-b80a-ad64e06b6592,9.0
2020-07-07,TeamA-358603ef-b3a3-46b5-b80a-ad64e06b6592,8.5
2020-07-08,TeamA-358603ef-b3a3-46b5-b80a-ad64e06b6592,10.0
2020-07-09,TeamA-358603ef-b3a3-46b5-b80a-ad64e06b6592,9.0
2020-07-10,TeamA-358603ef-b3a3-46b5-b80a-ad64e06b6592,9.0
2020-07-11,TeamA-358603ef-b3a3-46b5-b80a-ad64e06b6592,9.0
2020-07-12,TeamA-358603ef-b3a3-46b5-b80a-ad64e06b6592,8.0
2020-07-13,TeamA-358603ef-b3a3-46b5-b80a-ad64e06b6592,8.0
2020-07-14,TeamA-358603ef-b3a3-46b5-b80a-ad64e06b6592,10.0
2020-07-15,TeamA-358603ef-b3a3-46b5-b80a-ad64e06b6592,10.0
2020-07-16,TeamA-358603ef-b3a3-46b5-b80a-ad64e06b6592,9.0
2020-07-17,TeamA-358603ef-b3a3-46b5-b80a-ad64e06b6592,8.0
2020-07-18,TeamA-358603ef-b3a3-46b5-b80a-ad64e06b6592,10.0
2020-07-20,TeamA-358603ef-b3a3-46b5-b80a-ad64e06b6592,8.5
2020-07-22,TeamA-358603ef-b3a3-46b5-b80a-ad64e06b6592,9.0
2020-07-23,TeamA-358603ef-b3a3-46b5-b80a-ad64e06b6592,9.0
2020-07-24,TeamA-358603ef-b3a3-46b5-b80a-ad64e06b6592,10.0
2020-07-25,TeamA-358603ef-b3a3-46b5-b80a-ad64e06b6592,9.0
2020-07-26,TeamA-358603ef-b3a3-46b5-b80a-ad64e06b6592,9.0
2020-07-27,TeamA-358603ef-b3a3-46b5-b80a-ad64e06b6592,8.5
2020-07-29,TeamA-358603ef-b3a3-46b5-b80a-ad64e06b6592,10.0
2020-07-30,TeamA-358603ef-b3a3-46b5-b80a-ad64e06b6592,9.0
2020-07-31,TeamA-358603ef-b3a3-46b5-b80a-ad64e06b6592,9.0
2020-08-01,TeamA-358603ef-b3a3-46b5-b80a-ad64e06b6592,9.0
2020-08-02,TeamA-358603ef-b3a3-46b5-b80a-ad64e06b6592,9.0
2020-08-03,TeamA-358603ef-b3a3-46b5-b80a-ad64e06b6592,8.5
2020-08-04,TeamA-358603ef-b3a3-46b5-b80a-ad64e06b6592,10.0
2020-08-05,TeamA-358603ef-b3a3-46b5-b80a-ad64e06b6592,9.0
2020-08-06,TeamA-358603ef-b3a3-46b5-b80a-ad64e06b6592,9.0
2020-08-07,TeamA-358603ef-b3a3-46b5-b80a-ad64e06b6592,9.0
2020-08-08,TeamA-358603ef-b3a3-46b5-b80a-ad64e06b6592,8.5
2020-08-09,TeamA-358603ef-b3a3-46b5-b80a-ad64e06b6592,8.5
2020-08-10,TeamA-358603ef-b3a3-46b5-b80a-ad64e06b6592,9.0
2020-08-11,TeamA-358603ef-b3a3-46b5-b80a-ad64e06b6592,9.0
2020-08-12,TeamA-358603ef-b3a3-46b5-b80a-ad64e06b6592,9.0
2020-08-13,TeamA-358603ef-b3a3-46b5-b80a-ad64e06b6592,8.5
2020-08-14,TeamA-358603ef-b3a3-46b5-b80a-ad64e06b6592,9.0
2020-08-15,TeamA-358603ef-b3a3-46b5-b80a-ad64e06b6592,8.5
2020-08-17,TeamA-358603ef-b3a3-46b5-b80a-ad64e06b6592,10.0
2020-08-18,TeamA-358603ef-b3a3-46b5-b80a-ad64e06b6592,9.0
2020-08-19,TeamA-358603ef-b3a3-46b5-b80a-ad64e06b6592,9.0
2020-08-20,TeamA-358603ef-b3a3-46b5-b80a-ad64e06b6592,9.0
2020-08-22,TeamA-358603ef-b3a3-46b5-b80a-ad64e06b6592,9.0
2020-08-23,TeamA-358603ef-b3a3-46b5-b80a-ad64e06b6592,8.5
2020-08-24,TeamA-358603ef-b3a3-46b5-b80a-ad64e06b6592,9.0
2020-08-25,TeamA-358603ef-b3a3-46b5-b80a-ad64e06b6592,8.5
2020-08-26,TeamA-358603ef-b3a3-46b5-b80a-ad64e06b6592,9.0
2020-08-27,TeamA-358603ef-b3a3-46b5-b80a-ad64e06b6592,8.5
2020-08-28,TeamA-358603ef-b3a3-46b5-b80a-ad64e06b6592,9.0
2020-08-29,TeamA-358603ef-b3a3-46b5-b80a-ad64e06b6592,9.0
2020-08-30,TeamA-358603ef-b3a3-46b5-b80a-ad64e06b6592,10.0
2020-08-31,TeamA-358603ef-b3a3-46b5-b80a-ad64e06b6592,9.0
2020-09-01,TeamA-358603ef-b3a3-46b5-b80a-ad64e06b6592,8.5
2020-09-02,TeamA-358603ef-b3a3-46b5-b80a-ad64e06b6592,8.5
2020-09-03,TeamA-358603ef-b3a3-46b5-b80a-ad64e06b6592,9.0
2020-09-04,TeamA-358603ef-b3a3-46b5-b80a-ad64e06b6592,9.0
2020-09-05,TeamA-358603ef-b3a3-46b5-b80a-ad64e06b6592,8.0
2020-09-06,TeamA-358603ef-b3a3-46b5-b80a-ad64e06b6592,8.5
2020-09-07,TeamA-358603ef-b3a3-46b5-b80a-ad64e06b6592,8.0
2020-09-08,TeamA-358603ef-b3a3-46b5-b80a-ad64e06b6592,9.0
2020-09-09,TeamA-358603ef-b3a3-46b5-b80a-ad64e06b6592,9.0
2020-09-10,TeamA-358603ef-b3a3-46b5-b80a-ad64e06b6592,9.0
2020-09-11,TeamA-358603ef-b3a3-46b5-b80a-ad64e06b6592,8.5
2020-09-12,TeamA-358603ef-b3a3-46b5-b80a-ad64e06b6592,9.0
2020-09-13,TeamA-358603ef-b3a3-46b5-b80a-ad64e06b6592,9.0
2020-09-14,TeamA-358603ef-b3a3-46b5-b80a-ad64e06b6592,8.5
2020-09-15,TeamA-358603ef-b3a3-46b5-b80a-ad64e06b6592,8.5
2020-09-16,TeamA-358603ef-b3a3-46b5-b80a-ad64e06b6592,9.0
2020-09-17,TeamA-358603ef-b3a3-46b5-b80a-ad64e06b6592,9.0
2020-09-18,TeamA-358603ef-b3a3-46b5-b80a-ad64e06b6592,9.0
2020-09-19,TeamA-358603ef-b3a3-46b5-b80a-ad64e06b6592,9.0
2020-09-21,TeamA-358603ef-b3a3-46b5-b80a-ad64e06b6592,9.0
2020-09-23,TeamA-358603ef-b3a3-46b5-b80a-ad64e06b6592,9.0
2020-09-24,TeamA-358603ef-b3a3-46b5-b80a-ad64e06b6592,9.0
2020-09-25,TeamA-358603ef-b3a3-46b5-b80a-ad64e06b6592,9.0
2020-09-26,TeamA-358603ef-b3a3-46b5-b80a-ad64e06b6592,7.5
2020-09-27,TeamA-358603ef-b3a3-46b5-b80a-ad64e06b6592,9.0
2020-09-28,TeamA-358603ef-b3a3-46b5-b80a-ad64e06b6592,9.0
2020-09-30,TeamA-358603ef-b3a3-46b5-b80a-ad64e06b6592,9.0
2020-10-01,TeamA-358603ef-b3a3-46b5-b80a-ad64e06b6592,9.0
2020-10-02,TeamA-358603ef-b3a3-46b5-b80a-ad64e06b6592,9.0
2020-10-03,TeamA-358603ef-b3a3-46b5-b80a-ad64e06b6592,9.0
2020-10-04,TeamA-358603ef-b3a3-46b5-b80a-ad64e06b6592,9.0
2020-10-05,TeamA-358603ef-b3a3-46b5-b80a-ad64e06b6592,10.0
2020-10-06,TeamA-358603ef-b3a3-46b5-b80a-ad64e06b6592,9.0
2020-10-07,TeamA-358603ef-b3a3-46b5-b80a-ad64e06b6592,9.0
2020-10-09,TeamA-358603ef-b3a3-46b5-b80a-ad64e06b6592,9.0
2020-10-10,TeamA-358603ef-b3a3-46b5-b80a-ad64e06b6592,9.0
2020-10-11,TeamA-358603ef-b3a3-46b5-b80a-ad64e06b6592,10.0
2020-10-12,TeamA-358603ef-b3a3-46b5-b80a-ad64e06b6592,9.0
2020-10-13,TeamA-358603ef-b3a3-46b5-b80a-ad64e06b6592,11.0
2020-10-14,TeamA-358603ef-b3a3-46b5-b80a-ad64e06b6592,9.0
2020-10-15,TeamA-358603ef-b3a3-46b5-b80a-ad64e06b6592,9.0
2020-10-16,TeamA-358603ef-b3a3-46b5-b80a-ad64e06b6592,9.0
2020-10-18,TeamA-358603ef-b3a3-46b5-b80a-ad64e06b6592,10.0
2020-10-19,TeamA-358603ef-b3a3-46b5-b80a-ad64e06b6592,9.0
2020-10-20,TeamA-358603ef-b3a3-46b5-b80a-ad64e06b6592,9.0
2020-10-21,TeamA-358603ef-b3a3-46b5-b80a-ad64e06b6592,9.0
2020-10-22,TeamA-358603ef-b3a3-46b5-b80a-ad64e06b6592,9.0
2020-10-23,TeamA-358603ef-b3a3-46b5-b80a-ad64e06b6592,9.0
2020-10-24,TeamA-358603ef-b3a3-46b5-b80a-ad64e06b6592,9.0
2020-10-25,TeamA-358603ef-b3a3-46b5-b80a-ad64e06b6592,10.0
2020-10-26,TeamA-358603ef-b3a3-46b5-b80a-ad64e06b6592,9.0
2020-10-29,TeamA-358603ef-b3a3-46b5-b80a-ad64e06b6592,9.0
2020-10-31,TeamA-358603ef-b3a3-46b5-b80a-ad64e06b6592,10.0
2020-11-02,TeamA-358603ef-b3a3-46b5-b80a-ad64e06b6592,9.0
2020-11-03,TeamA-358603ef-b3a3-46b5-b80a-ad64e06b6592,9.0
2020-11-05,TeamA-358603ef-b3a3-46b5-b80a-ad64e06b6592,9.0
2020-11-06,TeamA-358603ef-b3a3-46b5-b80a-ad64e06b6592,8.5
2020-11-09,TeamA-358603ef-b3a3-46b5-b80a-ad64e06b6592,8.5
2020-11-10,TeamA-358603ef-b3a3-46b5-b80a-ad64e06b6592,9.0
2020-11-11,TeamA-358603ef-b3a3-46b5-b80a-ad64e06b6592,8.0
2020-11-13,TeamA-358603ef-b3a3-46b5-b80a-ad64e06b6592,9.0
2020-11-14,TeamA-358603ef-b3a3-46b5-b80a-ad64e06b6592,9.0
2020-11-16,TeamA-358603ef-b3a3-46b5-b80a-ad64e06b6592,9.0
2020-11-17,TeamA-358603ef-b3a3-46b5-b80a-ad64e06b6592,9.0
2020-11-18,TeamA-358603ef-b3a3-46b5-b80a-ad64e06b6592,9.0
2020-11-19,TeamA-358603ef-b3a3-46b5-b80a-ad64e06b6592,9.0
2020-11-20,TeamA-358603ef-b3a3-46b5-b80a-ad64e06b6592,8.5
2020-11-22,TeamA-358603ef-b3a3-46b5-b80a-ad64e06b6592,9.0
2020-11-23,TeamA-358603ef-b3a3-46b5-b80a-ad64e06b6592,8.5
2020-11-25,TeamA-358603ef-b3a3-46b5-b80a-ad64e06b6592,9.0
2020-11-26,TeamA-358603ef-b3a3-46b5-b80a-ad64e06b6592,9.0
2020-12-01,TeamA-358603ef-b3a3-46b5-b80a-ad64e06b6592,9.0
2020-12-02,TeamA-358603ef-b3a3-46b5-b80a-ad64e06b6592,11.0
2020-12-03,TeamA-358603ef-b3a3-46b5-b80a-ad64e06b6592,9.0
2020-12-04,TeamA-358603ef-b3a3-46b5-b80a-ad64e06b6592,9.0
2020-12-05,TeamA-358603ef-b3a3-46b5-b80a-ad64e06b6592,8.5
2020-12-06,TeamA-358603ef-b3a3-46b5-b80a-ad64e06b6592,8.5
2020-12-07,TeamA-358603ef-b3a3-46b5-b80a-ad64e06b6592,7.5
2020-12-09,TeamA-358603ef-b3a3-46b5-b80a-ad64e06b6592,8.5
2020-12-11,TeamA-358603ef-b3a3-46b5-b80a-ad64e06b6592,9.0
2020-12-12,TeamA-358603ef-b3a3-46b5-b80a-ad64e06b6592,9.0
2020-12-13,TeamA-358603ef-b3a3-46b5-b80a-ad64e06b6592,9.0
2020-12-16,TeamA-358603ef-b3a3-46b5-b80a-ad64e06b6592,9.0
2020-12-19,TeamA-358603ef-b3a3-46b5-b80a-ad64e06b6592,10.0
2020-12-21,TeamA-358603ef-b3a3-46b5-b80a-ad64e06b6592,9.0
2020-12-23,TeamA-358603ef-b3a3-46b5-b80a-ad64e06b6592,9.0
2021-01-03,TeamA-358603ef-b3a3-46b5-b80a-ad64e06b6592,9.0
2021-01-04,TeamA-358603ef-b3a3-46b5-b80a-ad64e06b6592,9.0
2021-01-05,TeamA-358603ef-b3a3-46b5-b80a-ad64e06b6592,8.5
2021-01-06,TeamA-358603ef-b3a3-46b5-b80a-ad64e06b6592,10.0
2021-01-07,TeamA-358603ef-b3a3-46b5-b80a-ad64e06b6592,9.0
2021-01-08,TeamA-358603ef-b3a3-46b5-b80a-ad64e06b6592,9.0
2021-01-10,TeamA-358603ef-b3a3-46b5-b80a-ad64e06b6592,8.5
2021-01-11,TeamA-358603ef-b3a3-46b5-b80a-ad64e06b6592,9.0
2021-01-12,TeamA-358603ef-b3a3-46b5-b80a-ad64e06b6592,9.0
2021-01-13,TeamA-358603ef-b3a3-46b5-b80a-ad64e06b6592,9.0
2021-01-14,TeamA-358603ef-b3a3-46b5-b80a-ad64e06b6592,8.5
2021-01-15,TeamA-358603ef-b3a3-46b5-b80a-ad64e06b6592,8.5
2021-01-16,TeamA-358603ef-b3a3-46b5-b80a-ad64e06b6592,9.0
2021-01-17,TeamA-358603ef-b3a3-46b5-b80a-ad64e06b6592,9.0
2021-01-18,TeamA-358603ef-b3a3-46b5-b80a-ad64e06b6592,9.0
2021-01-19,TeamA-358603ef-b3a3-46b5-b80a-ad64e06b6592,8.0
2021-01-20,TeamA-358603ef-b3a3-46b5-b80a-ad64e06b6592,10.0
2021-01-21,TeamA-358603ef-b3a3-46b5-b80a-ad64e06b6592,9.0
2021-01-24,TeamA-358603ef-b3a3-46b5-b80a-ad64e06b6592,7.0
2021-01-25,TeamA-358603ef-b3a3-46b5-b80a-ad64e06b6592,9.0
2021-01-26,TeamA-358603ef-b3a3-46b5-b80a-ad64e06b6592,9.0
2021-01-28,TeamA-358603ef-b3a3-46b5-b80a-ad64e06b6592,9.0
2021-01-29,TeamA-358603ef-b3a3-46b5-b80a-ad64e06b6592,9.0
2021-01-31,TeamA-358603ef-b3a3-46b5-b80a-ad64e06b6592,9.0
2021-02-01,TeamA-358603ef-b3a3-46b5-b80a-ad64e06b6592,9.0
2021-02-02,TeamA-358603ef-b3a3-46b5-b80a-ad64e06b6592,9.0
2021-02-03,TeamA-358603ef-b3a3-46b5-b80a-ad64e06b6592,9.0
2021-02-04,TeamA-358603ef-b3a3-46b5-b80a-ad64e06b6592,9.0
2021-02-05,TeamA-358603ef-b3a3-46b5-b80a-ad64e06b6592,9.0
2021-02-06,TeamA-358603ef-b3a3-46b5-b80a-ad64e06b6592,8.0
2021-02-08,TeamA-358603ef-b3a3-46b5-b80a-ad64e06b6592,9.0
2021-02-09,TeamA-358603ef-b3a3-46b5-b80a-ad64e06b6592,9.0
2021-02-10,TeamA-358603ef-b3a3-46b5-b80a-ad64e06b6592,9.0
2021-02-11,TeamA-358603ef-b3a3-46b5-b80a-ad64e06b6592,9.0
2021-02-13,TeamA-358603ef-b3a3-46b5-b80a-ad64e06b6592,9.0
2021-02-14,TeamA-358603ef-b3a3-46b5-b80a-ad64e06b6592,9.0
2021-02-15,TeamA-358603ef-b3a3-46b5-b80a-ad64e06b6592,9.0
2021-02-17,TeamA-358603ef-b3a3-46b5-b80a-ad64e06b6592,10.0
2021-02-18,TeamA-358603ef-b3a3-46b5-b80a-ad64e06b6592,9.0
2021-02-19,TeamA-358603ef-b3a3-46b5-b80a-ad64e06b6592,9.0
2021-02-20,TeamA-358603ef-b3a3-46b5-b80a-ad64e06b6592,9.0
2021-02-22,TeamA-358603ef-b3a3-46b5-b80a-ad64e06b6592,9.0
2021-02-23,TeamA-358603ef-b3a3-46b5-b80a-ad64e06b6592,9.0
2021-02-25,TeamA-358603ef-b3a3-46b5-b80a-ad64e06b6592,9.0
2021-02-26,TeamA-358603ef-b3a3-46b5-b80a-ad64e06b6592,9.0
2021-03-02,TeamA-358603ef-b3a3-46b5-b80a-ad64e06b6592,9.0
2021-03-04,TeamA-358603ef-b3a3-46b5-b80a-ad64e06b6592,9.0
2021-03-07,TeamA-358603ef-b3a3-46b5-b80a-ad64e06b6592,9.0
2021-03-10,TeamA-358603ef-b3a3-46b5-b80a-ad64e06b6592,9.0
2021-03-11,TeamA-358603ef-b3a3-46b5-b80a-ad64e06b6592,9.0
2021-03-12,TeamA-358603ef-b3a3-46b5-b80a-ad64e06b6592,9.0
2021-03-14,TeamA-358603ef-b3a3-46b5-b80a-ad64e06b6592,10.0
2021-03-15,TeamA-358603ef-b3a3-46b5-b80a-ad64e06b6592,9.0
2021-03-16,TeamA-358603ef-b3a3-46b5-b80a-ad64e06b6592,9.0
2021-03-17,TeamA-358603ef-b3a3-46b5-b80a-ad64e06b6592,9.0
2021-03-18,TeamA-358603ef-b3a3-46b5-b80a-ad64e06b6592,9.0
2021-03-19,TeamA-358603ef-b3a3-46b5-b80a-ad64e06b6592,8.0
2021-03-20,TeamA-358603ef-b3a3-46b5-b80a-ad64e06b6592,9.0
2021-03-21,TeamA-358603ef-b3a3-46b5-b80a-ad64e06b6592,8.0
2021-03-22,TeamA-358603ef-b3a3-46b5-b80a-ad64e06b6592,9.0
2021-03-23,TeamA-358603ef-b3a3-46b5-b80a-ad64e06b6592,9.0
2021-03-24,TeamA-358603ef-b3a3-46b5-b80a-ad64e06b6592,9.0
2021-03-25,TeamA-358603ef-b3a3-46b5-b80a-ad64e06b6592,9.0
2021-03-26,TeamA-358603ef-b3a3-46b5-b80a-ad64e06b6592,9.0
2021-03-27,TeamA-358603ef-b3a3-46b5-b80a-ad64e06b6592,9.0
2021-03-28,TeamA-358603ef-b3a3-46b5-b80a-ad64e06b6592,8.5
2021-03-29,TeamA-358603ef-b3a3-46b5-b80a-ad64e06b6592,9.0
2021-03-30,TeamA-358603ef-b3a3-46b5-b80a-ad64e06b6592,9.0
2021-03-31,TeamA-358603ef-b3a3-46b5-b80a-ad64e06b6592,9.0
2021-04-03,TeamA-358603ef-b3a3-46b5-b80a-ad64e06b6592,9.0
2021-04-05,TeamA-358603ef-b3a3-46b5-b80a-ad64e06b6592,9.0
2021-04-06,TeamA-358603ef-b3a3-46b5-b80a-ad64e06b6592,9.0
2021-04-07,TeamA-358603ef-b3a3-46b5-b80a-ad64e06b6592,9.0
2021-04-10,TeamA-358603ef-b3a3-46b5-b80a-ad64e06b6592,9.0
2021-04-11,TeamA-358603ef-b3a3-46b5-b80a-ad64e06b6592,9.0
2021-04-12,TeamA-358603ef-b3a3-46b5-b80a-ad64e06b6592,9.0
2021-04-13,TeamA-358603ef-b3a3-46b5-b80a-ad64e06b6592,9.0
2021-04-14,TeamA-358603ef-b3a3-46b5-b80a-ad64e06b6592,8.0
2021-04-15,TeamA-358603ef-b3a3-46b5-b80a-ad64e06b6592,9.0
2021-04-16,TeamA-358603ef-b3a3-46b5-b80a-ad64e06b6592,9.0
2021-04-17,TeamA-358603ef-b3a3-46b5-b80a-ad64e06b6592,8.5
2021-04-18,TeamA-358603ef-b3a3-46b5-b80a-ad64e06b6592,9.0
2021-04-20,TeamA-358603ef-b3a3-46b5-b80a-ad64e06b6592,9.0
2021-04-21,TeamA-358603ef-b3a3-46b5-b80a-ad64e06b6592,9.0
2021-04-22,TeamA-358603ef-b3a3-46b5-b80a-ad64e06b6592,9.0
2021-04-24,TeamA-358603ef-b3a3-46b5-b80a-ad64e06b6592,8.5
2021-04-25,TeamA-358603ef-b3a3-46b5-b80a-ad64e06b6592,8.0
2021-04-26,TeamA-358603ef-b3a3-46b5-b80a-ad64e06b6592,9.0
2021-04-27,TeamA-358603ef-b3a3-46b5-b80a-ad64e06b6592,9.0
2021-04-29,TeamA-358603ef-b3a3-46b5-b80a-ad64e06b6592,8.5
2021-04-30,TeamA-358603ef-b3a3-46b5-b80a-ad64e06b6592,9.0
2021-05-01,TeamA-358603ef-b3a3-46b5-b80a-ad64e06b6592,9.0
2021-05-02,TeamA-358603ef-b3a3-46b5-b80a-ad64e06b6592,9.0
2021-05-03,TeamA-358603ef-b3a3-46b5-b80a-ad64e06b6592,8.5
2021-05-04,TeamA-358603ef-b3a3-46b5-b80a-ad64e06b6592,9.0
2021-05-06,TeamA-358603ef-b3a3-46b5-b80a-ad64e06b6592,8.5
2021-05-07,TeamA-358603ef-b3a3-46b5-b80a-ad64e06b6592,9.0
2021-05-10,TeamA-358603ef-b3a3-46b5-b80a-ad64e06b6592,8.5
2021-05-11,TeamA-358603ef-b3a3-46b5-b80a-ad64e06b6592,9.0
2021-05-12,TeamA-358603ef-b3a3-46b5-b80a-ad64e06b6592,8.5
2021-05-13,TeamA-358603ef-b3a3-46b5-b80a-ad64e06b6592,9.0
2021-05-14,TeamA-358603ef-b3a3-46b5-b80a-ad64e06b6592,9.0
2021-05-15,TeamA-358603ef-b3a3-46b5-b80a-ad64e06b6592,8.5
2021-05-16,TeamA-358603ef-b3a3-46b5-b80a-ad64e06b6592,8.5
2021-05-17,TeamA-358603ef-b3a3-46b5-b80a-ad64e06b6592,8.0
2021-05-18,TeamA-358603ef-b3a3-46b5-b80a-ad64e06b6592,9.0
2021-05-19,TeamA-358603ef-b3a3-46b5-b80a-ad64e06b6592,9.0
2021-05-20,TeamA-358603ef-b3a3-46b5-b80a-ad64e06b6592,9.0
2021-05-21,TeamA-358603ef-b3a3-46b5-b80a-ad64e06b6592,9.0
2021-05-22,TeamA-358603ef-b3a3-46b5-b80a-ad64e06b6592,9.0
2021-05-23,TeamA-358603ef-b3a3-46b5-b80a-ad64e06b6592,9.0
2021-05-24,TeamA-358603ef-b3a3-46b5-b80a-ad64e06b6592,9.0
2021-05-25,TeamA-358603ef-b3a3-46b5-b80a-ad64e06b6592,9.0
2021-05-26,TeamA-358603ef-b3a3-46b5-b80a-ad64e06b6592,9.0
2021-05-27,TeamA-358603ef-b3a3-46b5-b80a-ad64e06b6592,8.0
2021-05-28,TeamA-358603ef-b3a3-46b5-b80a-ad64e06b6592,8.5
2021-05-29,TeamA-358603ef-b3a3-46b5-b80a-ad64e06b6592,9.0
2021-05-30,TeamA-358603ef-b3a3-46b5-b80a-ad64e06b6592,9.0
2021-05-31,TeamA-358603ef-b3a3-46b5-b80a-ad64e06b6592,8.0
2021-06-01,TeamA-358603ef-b3a3-46b5-b80a-ad64e06b6592,9.0
2021-06-02,TeamA-358603ef-b3a3-46b5-b80a-ad64e06b6592,9.0
2021-06-03,TeamA-358603ef-b3a3-46b5-b80a-ad64e06b6592,8.5
2021-06-04,TeamA-358603ef-b3a3-46b5-b80a-ad64e06b6592,9.0
2021-06-05,TeamA-358603ef-b3a3-46b5-b80a-ad64e06b6592,8.5
2021-06-06,TeamA-358603ef-b3a3-46b5-b80a-ad64e06b6592,6.5
2021-06-07,TeamA-358603ef-b3a3-46b5-b80a-ad64e06b6592,8.0
2021-06-08,TeamA-358603ef-b3a3-46b5-b80a-ad64e06b6592,9.0
2021-06-09,TeamA-358603ef-b3a3-46b5-b80a-ad64e06b6592,9.0
2021-06-10,TeamA-358603ef-b3a3-46b5-b80a-ad64e06b6592,9.0
2021-06-12,TeamA-358603ef-b3a3-46b5-b80a-ad64e06b6592,9.0
2021-06-15,TeamA-358603ef-b3a3-46b5-b80a-ad64e06b6592,9.0
2021-06-17,TeamA-358603ef-b3a3-46b5-b80a-ad64e06b6592,10.0
2021-06-18,TeamA-358603ef-b3a3-46b5-b80a-ad64e06b6592,9.0
2021-06-19,TeamA-358603ef-b3a3-46b5-b80a-ad64e06b6592,9.0
2021-06-20,TeamA-358603ef-b3a3-46b5-b80a-ad64e06b6592,9.0
2021-06-21,TeamA-358603ef-b3a3-46b5-b80a-ad64e06b6592,9.0
2021-06-22,TeamA-358603ef-b3a3-46b5-b80a-ad64e06b6592,9.0
2021-06-23,TeamA-358603ef-b3a3-46b5-b80a-ad64e06b6592,9.0
2021-06-24,TeamA-358603ef-b3a3-46b5-b80a-ad64e06b6592,9.0
2021-06-25,TeamA-358603ef-b3a3-46b5-b80a-ad64e06b6592,9.0
2021-06-26,TeamA-358603ef-b3a3-46b5-b80a-ad64e06b6592,8.5
2021-06-28,TeamA-358603ef-b3a3-46b5-b80a-ad64e06b6592,6.0
2021-06-29,TeamA-358603ef-b3a3-46b5-b80a-ad64e06b6592,9.0
2021-06-30,TeamA-358603ef-b3a3-46b5-b80a-ad64e06b6592,9.0
2021-07-01,TeamA-358603ef-b3a3-46b5-b80a-ad64e06b6592,9.0
2021-07-02,TeamA-358603ef-b3a3-46b5-b80a-ad64e06b6592,9.0
2021-07-03,TeamA-358603ef-b3a3-46b5-b80a-ad64e06b6592,8.5
2021-07-04,TeamA-358603ef-b3a3-46b5-b80a-ad64e06b6592,9.0
2021-07-05,TeamA-358603ef-b3a3-46b5-b80a-ad64e06b6592,8.0
2021-07-06,TeamA-358603ef-b3a3-46b5-b80a-ad64e06b6592,9.0
2021-07-07,TeamA-358603ef-b3a3-46b5-b80a-ad64e06b6592,8.5
2021-07-08,TeamA-358603ef-b3a3-46b5-b80a-ad64e06b6592,8.0
2021-07-09,TeamA-358603ef-b3a3-46b5-b80a-ad64e06b6592,9.0
2021-07-10,TeamA-358603ef-b3a3-46b5-b80a-ad64e06b6592,9.0
2021-07-11,TeamA-358603ef-b3a3-46b5-b80a-ad64e06b6592,7.5
2021-07-12,TeamA-358603ef-b3a3-46b5-b80a-ad64e06b6592,7.0
2021-07-13,TeamA-358603ef-b3a3-46b5-b80a-ad64e06b6592,9.0
2021-07-14,TeamA-358603ef-b3a3-46b5-b80a-ad64e06b6592,9.0
2021-07-15,TeamA-358603ef-b3a3-46b5-b80a-ad64e06b6592,10.0
2021-07-16,TeamA-358603ef-b3a3-46b5-b80a-ad64e06b6592,9.0
2021-07-20,TeamA-358603ef-b3a3-46b5-b80a-ad64e06b6592,9.0
2021-07-24,TeamA-358603ef-b3a3-46b5-b80a-ad64e06b6592,9.0
2021-07-28,TeamA-358603ef-b3a3-46b5-b80a-ad64e06b6592,9.0
2021-07-29,TeamA-358603ef-b3a3-46b5-b80a-ad64e06b6592,8.5
2021-07-30,TeamA-358603ef-b3a3-46b5-b80a-ad64e06b6592,11.0
2021-07-31,TeamA-358603ef-b3a3-46b5-b80a-ad64e06b6592,2.0
2021-08-01,TeamA-358603ef-b3a3-46b5-b80a-ad64e06b6592,12.0
2021-08-02,TeamA-358603ef-b3a3-46b5-b80a-ad64e06b6592,9.0
2021-08-03,TeamA-358603ef-b3a3-46b5-b80a-ad64e06b6592,9.0
2021-08-04,TeamA-358603ef-b3a3-46b5-b80a-ad64e06b6592,9.0
2021-08-05,TeamA-358603ef-b3a3-46b5-b80a-ad64e06b6592,9.0
2021-08-06,TeamA-358603ef-b3a3-46b5-b80a-ad64e06b6592,8.0
2021-08-07,TeamA-358603ef-b3a3-46b5-b80a-ad64e06b6592,9.0
2021-08-08,TeamA-358603ef-b3a3-46b5-b80a-ad64e06b6592,9.0
2021-08-09,TeamA-358603ef-b3a3-46b5-b80a-ad64e06b6592,8.0
2021-08-10,TeamA-358603ef-b3a3-46b5-b80a-ad64e06b6592,9.0
2021-08-11,TeamA-358603ef-b3a3-46b5-b80a-ad64e06b6592,9.0
2021-08-12,TeamA-358603ef-b3a3-46b5-b80a-ad64e06b6592,9.0
2021-08-13,TeamA-358603ef-b3a3-46b5-b80a-ad64e06b6592,8.5
2021-08-14,TeamA-358603ef-b3a3-46b5-b80a-ad64e06b6592,9.0
2021-08-15,TeamA-358603ef-b3a3-46b5-b80a-ad64e06b6592,7.5
2021-08-16,TeamA-358603ef-b3a3-46b5-b80a-ad64e06b6592,9.0
2021-08-17,TeamA-358603ef-b3a3-46b5-b80a-ad64e06b6592,9.0
2021-08-18,TeamA-358603ef-b3a3-46b5-b80a-ad64e06b6592,9.0
2021-08-19,TeamA-358603ef-b3a3-46b5-b80a-ad64e06b6592,9.0
2021-08-20,TeamA-358603ef-b3a3-46b5-b80a-ad64e06b6592,9.0
2021-08-21,TeamA-358603ef-b3a3-46b5-b80a-ad64e06b6592,8.5
2021-08-22,TeamA-358603ef-b3a3-46b5-b80a-ad64e06b6592,8.0
2021-08-23,TeamA-358603ef-b3a3-46b5-b80a-ad64e06b6592,8.5
2021-08-24,TeamA-358603ef-b3a3-46b5-b80a-ad64e06b6592,8.0
2021-08-25,TeamA-358603ef-b3a3-46b5-b80a-ad64e06b6592,8.0
2021-08-26,TeamA-358603ef-b3a3-46b5-b80a-ad64e06b6592,7.5
2021-08-27,TeamA-358603ef-b3a3-46b5-b80a-ad64e06b6592,7.5
2021-08-29,TeamA-358603ef-b3a3-46b5-b80a-ad64e06b6592,7.5
2021-08-30,TeamA-358603ef-b3a3-46b5-b80a-ad64e06b6592,7.5
2021-08-31,TeamA-358603ef-b3a3-46b5-b80a-ad64e06b6592,8.5
2021-09-01,TeamA-358603ef-b3a3-46b5-b80a-ad64e06b6592,8.0
2021-09-02,TeamA-358603ef-b3a3-46b5-b80a-ad64e06b6592,9.0
2021-09-03,TeamA-358603ef-b3a3-46b5-b80a-ad64e06b6592,8.0
2021-09-04,TeamA-358603ef-b3a3-46b5-b80a-ad64e06b6592,8.5
2021-09-05,TeamA-358603ef-b3a3-46b5-b80a-ad64e06b6592,8.0
2021-09-06,TeamA-358603ef-b3a3-46b5-b80a-ad64e06b6592,8.0
2021-09-07,TeamA-358603ef-b3a3-46b5-b80a-ad64e06b6592,6.0
2021-09-08,TeamA-358603ef-b3a3-46b5-b80a-ad64e06b6592,8.0
2021-09-09,TeamA-358603ef-b3a3-46b5-b80a-ad64e06b6592,7.5
2021-09-10,TeamA-358603ef-b3a3-46b5-b80a-ad64e06b6592,8.0
2021-09-11,TeamA-358603ef-b3a3-46b5-b80a-ad64e06b6592,8.0
2021-09-12,TeamA-358603ef-b3a3-46b5-b80a-ad64e06b6592,8.0
2021-09-13,TeamA-358603ef-b3a3-46b5-b80a-ad64e06b6592,8.5
2021-09-14,TeamA-358603ef-b3a3-46b5-b80a-ad64e06b6592,8.0
2021-09-15,TeamA-358603ef-b3a3-46b5-b80a-ad64e06b6592,9.0
2021-09-18,TeamA-358603ef-b3a3-46b5-b80a-ad64e06b6592,8.5
2021-09-19,TeamA-358603ef-b3a3-46b5-b80a-ad64e06b6592,9.0
2021-09-21,TeamA-358603ef-b3a3-46b5-b80a-ad64e06b6592,9.0
2021-09-22,TeamA-358603ef-b3a3-46b5-b80a-ad64e06b6592,6.0
2021-09-23,TeamA-358603ef-b3a3-46b5-b80a-ad64e06b6592,7.0
2021-09-24,TeamA-358603ef-b3a3-46b5-b80a-ad64e06b6592,7.0
2021-09-25,TeamA-358603ef-b3a3-46b5-b80a-ad64e06b6592,9.0
2021-09-26,TeamA-358603ef-b3a3-46b5-b80a-ad64e06b6592,10.0
2021-09-27,TeamA-358603ef-b3a3-46b5-b80a-ad64e06b6592,8.0
2021-09-28,TeamA-358603ef-b3a3-46b5-b80a-ad64e06b6592,8.0
2021-09-29,TeamA-358603ef-b3a3-46b5-b80a-ad64e06b6592,8.5
2021-09-30,TeamA-358603ef-b3a3-46b5-b80a-ad64e06b6592,8.5
2021-10-01,TeamA-358603ef-b3a3-46b5-b80a-ad64e06b6592,8.0
2021-10-02,TeamA-358603ef-b3a3-46b5-b80a-ad64e06b6592,9.0
2021-10-04,TeamA-358603ef-b3a3-46b5-b80a-ad64e06b6592,7.0
2021-10-05,TeamA-358603ef-b3a3-46b5-b80a-ad64e06b6592,8.0
2021-10-06,TeamA-358603ef-b3a3-46b5-b80a-ad64e06b6592,8.5
2021-10-07,TeamA-358603ef-b3a3-46b5-b80a-ad64e06b6592,8.0
2021-10-09,TeamA-358603ef-b3a3-46b5-b80a-ad64e06b6592,8.5
2021-10-10,TeamA-358603ef-b3a3-46b5-b80a-ad64e06b6592,5.5
2021-10-11,TeamA-358603ef-b3a3-46b5-b80a-ad64e06b6592,7.0
2021-10-12,TeamA-358603ef-b3a3-46b5-b80a-ad64e06b6592,8.5
2021-10-14,TeamA-358603ef-b3a3-46b5-b80a-ad64e06b6592,8.5
2021-10-15,TeamA-358603ef-b3a3-46b5-b80a-ad64e06b6592,8.5
2021-10-17,TeamA-358603ef-b3a3-46b5-b80a-ad64e06b6592,8.5
2021-10-18,TeamA-358603ef-b3a3-46b5-b80a-ad64e06b6592,8.5
2021-10-19,TeamA-358603ef-b3a3-46b5-b80a-ad64e06b6592,8.5
2021-10-20,TeamA-358603ef-b3a3-46b5-b80a-ad64e06b6592,8.5
2021-10-21,TeamA-358603ef-b3a3-46b5-b80a-ad64e06b6592,8.5
2021-10-22,TeamA-358603ef-b3a3-46b5-b80a-ad64e06b6592,8.0
2021-10-23,TeamA-358603ef-b3a3-46b5-b80a-ad64e06b6592,7.0
2021-10-24,TeamA-358603ef-b3a3-46b5-b80a-ad64e06b6592,8.5
2021-10-27,TeamA-358603ef-b3a3-46b5-b80a-ad64e06b6592,7.0
2021-10-29,TeamA-358603ef-b3a3-46b5-b80a-ad64e06b6592,8.5
2021-11-01,TeamA-358603ef-b3a3-46b5-b80a-ad64e06b6592,9.0
2021-11-02,TeamA-358603ef-b3a3-46b5-b80a-ad64e06b6592,9.0
2021-11-03,TeamA-358603ef-b3a3-46b5-b80a-ad64e06b6592,8.5
2021-11-04,TeamA-358603ef-b3a3-46b5-b80a-ad64e06b6592,8.5
2021-11-06,TeamA-358603ef-b3a3-46b5-b80a-ad64e06b6592,8.0
2021-11-07,TeamA-358603ef-b3a3-46b5-b80a-ad64e06b6592,8.0
2021-11-08,TeamA-358603ef-b3a3-46b5-b80a-ad64e06b6592,6.0
2021-11-10,TeamA-358603ef-b3a3-46b5-b80a-ad64e06b6592,8.5
2021-11-12,TeamA-358603ef-b3a3-46b5-b80a-ad64e06b6592,8.5
2021-11-13,TeamA-358603ef-b3a3-46b5-b80a-ad64e06b6592,8.5
2021-11-14,TeamA-358603ef-b3a3-46b5-b80a-ad64e06b6592,7.0
2021-11-16,TeamA-358603ef-b3a3-46b5-b80a-ad64e06b6592,8.0
2021-11-17,TeamA-358603ef-b3a3-46b5-b80a-ad64e06b6592,6.0
2021-11-18,TeamA-358603ef-b3a3-46b5-b80a-ad64e06b6592,9.0
2021-11-19,TeamA-358603ef-b3a3-46b5-b80a-ad64e06b6592,8.5
2021-11-22,TeamA-358603ef-b3a3-46b5-b80a-ad64e06b6592,8.0
2021-11-23,TeamA-358603ef-b3a3-46b5-b80a-ad64e06b6592,8.0
2021-11-27,TeamA-358603ef-b3a3-46b5-b80a-ad64e06b6592,8.0
2021-11-28,TeamA-358603ef-b3a3-46b5-b80a-ad64e06b6592,8.0
2021-11-29,TeamA-358603ef-b3a3-46b5-b80a-ad64e06b6592,8.0
2021-11-30,TeamA-358603ef-b3a3-46b5-b80a-ad64e06b6592,8.0
2021-12-12,TeamA-358603ef-b3a3-46b5-b80a-ad64e06b6592,8.0
2021-12-17,TeamA-358603ef-b3a3-46b5-b80a-ad64e06b6592,5.0
2021-12-18,TeamA-358603ef-b3a3-46b5-b80a-ad64e06b6592,8.5
2021-12-19,TeamA-358603ef-b3a3-46b5-b80a-ad64e06b6592,9.0
2021-12-20,TeamA-358603ef-b3a3-46b5-b80a-ad64e06b6592,9.0
2021-12-21,TeamA-358603ef-b3a3-46b5-b80a-ad64e06b6592,8.5
2021-12-22,TeamA-358603ef-b3a3-46b5-b80a-ad64e06b6592,9.0
2021-12-23,TeamA-358603ef-b3a3-46b5-b80a-ad64e06b6592,7.0
2021-12-24,TeamA-358603ef-b3a3-46b5-b80a-ad64e06b6592,8.5
2021-12-25,TeamA-358603ef-b3a3-46b5-b80a-ad64e06b6592,7.0
2021-12-26,TeamA-358603ef-b3a3-46b5-b80a-ad64e06b6592,8.5
2021-12-28,TeamA-358603ef-b3a3-46b5-b80a-ad64e06b6592,8.0
2021-12-30,TeamA-358603ef-b3a3-46b5-b80a-ad64e06b6592,8.5
2020-03-21,TeamA-3e5f6e2b-46b7-4890-84a9-3bbb2649af5a,9.0
2020-03-22,TeamA-3e5f6e2b-46b7-4890-84a9-3bbb2649af5a,10.0
2020-03-23,TeamA-3e5f6e2b-46b7-4890-84a9-3bbb2649af5a,7.5
2020-03-24,TeamA-3e5f6e2b-46b7-4890-84a9-3bbb2649af5a,7.0
2020-03-26,TeamA-3e5f6e2b-46b7-4890-84a9-3bbb2649af5a,8.5
2020-05-11,TeamA-3e5f6e2b-46b7-4890-84a9-3bbb2649af5a,7.5
2020-05-19,TeamA-3e5f6e2b-46b7-4890-84a9-3bbb2649af5a,7.5
2020-05-24,TeamA-3e5f6e2b-46b7-4890-84a9-3bbb2649af5a,8.0
2020-05-26,TeamA-3e5f6e2b-46b7-4890-84a9-3bbb2649af5a,7.5
2020-05-27,TeamA-3e5f6e2b-46b7-4890-84a9-3bbb2649af5a,7.5
2020-05-28,TeamA-3e5f6e2b-46b7-4890-84a9-3bbb2649af5a,7.5
2020-05-29,TeamA-3e5f6e2b-46b7-4890-84a9-3bbb2649af5a,7.0
2020-06-01,TeamA-3e5f6e2b-46b7-4890-84a9-3bbb2649af5a,9.0
2020-06-02,TeamA-3e5f6e2b-46b7-4890-84a9-3bbb2649af5a,8.0
2020-06-03,TeamA-3e5f6e2b-46b7-4890-84a9-3bbb2649af5a,8.0
2020-06-04,TeamA-3e5f6e2b-46b7-4890-84a9-3bbb2649af5a,8.0
2020-06-05,TeamA-3e5f6e2b-46b7-4890-84a9-3bbb2649af5a,7.0
2020-06-06,TeamA-3e5f6e2b-46b7-4890-84a9-3bbb2649af5a,9.0
2020-06-07,TeamA-3e5f6e2b-46b7-4890-84a9-3bbb2649af5a,9.0
2020-06-09,TeamA-3e5f6e2b-46b7-4890-84a9-3bbb2649af5a,7.5
2020-06-10,TeamA-3e5f6e2b-46b7-4890-84a9-3bbb2649af5a,8.0
2020-06-11,TeamA-3e5f6e2b-46b7-4890-84a9-3bbb2649af5a,7.0
2020-06-12,TeamA-3e5f6e2b-46b7-4890-84a9-3bbb2649af5a,7.5
2020-06-13,TeamA-3e5f6e2b-46b7-4890-84a9-3bbb2649af5a,2.0
2020-06-14,TeamA-3e5f6e2b-46b7-4890-84a9-3bbb2649af5a,7.0
2020-06-22,TeamA-3e5f6e2b-46b7-4890-84a9-3bbb2649af5a,6.0
2020-07-28,TeamA-3e5f6e2b-46b7-4890-84a9-3bbb2649af5a,7.0
2020-07-29,TeamA-3e5f6e2b-46b7-4890-84a9-3bbb2649af5a,7.5
2020-07-30,TeamA-3e5f6e2b-46b7-4890-84a9-3bbb2649af5a,7.5
2020-07-31,TeamA-3e5f6e2b-46b7-4890-84a9-3bbb2649af5a,7.5
2020-08-02,TeamA-3e5f6e2b-46b7-4890-84a9-3bbb2649af5a,8.0
2020-08-03,TeamA-3e5f6e2b-46b7-4890-84a9-3bbb2649af5a,8.0
2020-08-05,TeamA-3e5f6e2b-46b7-4890-84a9-3bbb2649af5a,7.5
2020-08-08,TeamA-3e5f6e2b-46b7-4890-84a9-3bbb2649af5a,6.5
2020-08-11,TeamA-3e5f6e2b-46b7-4890-84a9-3bbb2649af5a,9.0
2020-08-17,TeamA-3e5f6e2b-46b7-4890-84a9-3bbb2649af5a,7.5
2020-08-27,TeamA-3e5f6e2b-46b7-4890-84a9-3bbb2649af5a,8.0
2020-08-28,TeamA-3e5f6e2b-46b7-4890-84a9-3bbb2649af5a,7.0
2020-08-29,TeamA-3e5f6e2b-46b7-4890-84a9-3bbb2649af5a,9.0
2020-09-01,TeamA-3e5f6e2b-46b7-4890-84a9-3bbb2649af5a,7.5
2020-09-02,TeamA-3e5f6e2b-46b7-4890-84a9-3bbb2649af5a,7.5
2020-09-03,TeamA-3e5f6e2b-46b7-4890-84a9-3bbb2649af5a,8.0
2020-09-08,TeamA-3e5f6e2b-46b7-4890-84a9-3bbb2649af5a,8.0
2020-09-09,TeamA-3e5f6e2b-46b7-4890-84a9-3bbb2649af5a,7.5
2020-09-10,TeamA-3e5f6e2b-46b7-4890-84a9-3bbb2649af5a,7.5
2020-09-11,TeamA-3e5f6e2b-46b7-4890-84a9-3bbb2649af5a,7.0
2020-09-13,TeamA-3e5f6e2b-46b7-4890-84a9-3bbb2649af5a,10.0
2020-09-17,TeamA-3e5f6e2b-46b7-4890-84a9-3bbb2649af5a,8.0
2020-09-18,TeamA-3e5f6e2b-46b7-4890-84a9-3bbb2649af5a,8.5
2020-09-20,TeamA-3e5f6e2b-46b7-4890-84a9-3bbb2649af5a,9.0
2020-09-21,TeamA-3e5f6e2b-46b7-4890-84a9-3bbb2649af5a,7.5
2020-09-22,TeamA-3e5f6e2b-46b7-4890-84a9-3bbb2649af5a,7.5
2020-09-25,TeamA-3e5f6e2b-46b7-4890-84a9-3bbb2649af5a,7.0
2020-09-29,TeamA-3e5f6e2b-46b7-4890-84a9-3bbb2649af5a,7.0
2020-09-30,TeamA-3e5f6e2b-46b7-4890-84a9-3bbb2649af5a,7.0
2020-10-03,TeamA-3e5f6e2b-46b7-4890-84a9-3bbb2649af5a,9.0
2020-10-05,TeamA-3e5f6e2b-46b7-4890-84a9-3bbb2649af5a,8.5
2020-10-07,TeamA-3e5f6e2b-46b7-4890-84a9-3bbb2649af5a,7.5
2020-10-10,TeamA-3e5f6e2b-46b7-4890-84a9-3bbb2649af5a,9.0
2020-11-04,TeamA-3e5f6e2b-46b7-4890-84a9-3bbb2649af5a,7.5
2020-11-11,TeamA-3e5f6e2b-46b7-4890-84a9-3bbb2649af5a,7.0
2020-11-16,TeamA-3e5f6e2b-46b7-4890-84a9-3bbb2649af5a,7.5
2020-11-23,TeamA-3e5f6e2b-46b7-4890-84a9-3bbb2649af5a,7.0
2020-11-30,TeamA-3e5f6e2b-46b7-4890-84a9-3bbb2649af5a,8.0
2021-01-04,TeamA-3e5f6e2b-46b7-4890-84a9-3bbb2649af5a,8.0
2021-01-07,TeamA-3e5f6e2b-46b7-4890-84a9-3bbb2649af5a,7.0
2021-01-09,TeamA-3e5f6e2b-46b7-4890-84a9-3bbb2649af5a,10.0
2021-01-10,TeamA-3e5f6e2b-46b7-4890-84a9-3bbb2649af5a,9.0
2021-01-11,TeamA-3e5f6e2b-46b7-4890-84a9-3bbb2649af5a,7.5
2021-01-12,TeamA-3e5f6e2b-46b7-4890-84a9-3bbb2649af5a,7.5
2021-01-13,TeamA-3e5f6e2b-46b7-4890-84a9-3bbb2649af5a,7.5
2021-01-14,TeamA-3e5f6e2b-46b7-4890-84a9-3bbb2649af5a,7.0
2021-01-15,TeamA-3e5f6e2b-46b7-4890-84a9-3bbb2649af5a,8.0
2021-01-16,TeamA-3e5f6e2b-46b7-4890-84a9-3bbb2649af5a,8.0
2021-01-17,TeamA-3e5f6e2b-46b7-4890-84a9-3bbb2649af5a,9.0
2021-01-18,TeamA-3e5f6e2b-46b7-4890-84a9-3bbb2649af5a,7.0
2021-01-19,TeamA-3e5f6e2b-46b7-4890-84a9-3bbb2649af5a,7.5
2021-01-20,TeamA-3e5f6e2b-46b7-4890-84a9-3bbb2649af5a,8.0
2021-01-21,TeamA-3e5f6e2b-46b7-4890-84a9-3bbb2649af5a,8.0
2021-01-22,TeamA-3e5f6e2b-46b7-4890-84a9-3bbb2649af5a,7.5
2021-01-23,TeamA-3e5f6e2b-46b7-4890-84a9-3bbb2649af5a,9.0
2021-01-24,TeamA-3e5f6e2b-46b7-4890-84a9-3bbb2649af5a,8.5
2021-01-25,TeamA-3e5f6e2b-46b7-4890-84a9-3bbb2649af5a,7.0
2021-01-26,TeamA-3e5f6e2b-46b7-4890-84a9-3bbb2649af5a,7.0
2021-01-27,TeamA-3e5f6e2b-46b7-4890-84a9-3bbb2649af5a,8.0
2021-01-28,TeamA-3e5f6e2b-46b7-4890-84a9-3bbb2649af5a,7.5
2021-01-31,TeamA-3e5f6e2b-46b7-4890-84a9-3bbb2649af5a,9.0
2021-02-01,TeamA-3e5f6e2b-46b7-4890-84a9-3bbb2649af5a,8.0
2021-02-03,TeamA-3e5f6e2b-46b7-4890-84a9-3bbb2649af5a,8.0
2021-02-04,TeamA-3e5f6e2b-46b7-4890-84a9-3bbb2649af5a,7.5
2021-02-08,TeamA-3e5f6e2b-46b7-4890-84a9-3bbb2649af5a,8.0
2021-02-09,TeamA-3e5f6e2b-46b7-4890-84a9-3bbb2649af5a,7.0
2021-02-11,TeamA-3e5f6e2b-46b7-4890-84a9-3bbb2649af5a,7.0
2021-02-12,TeamA-3e5f6e2b-46b7-4890-84a9-3bbb2649af5a,8.0
2021-02-14,TeamA-3e5f6e2b-46b7-4890-84a9-3bbb2649af5a,9.0
2021-02-15,TeamA-3e5f6e2b-46b7-4890-84a9-3bbb2649af5a,7.5
2021-02-16,TeamA-3e5f6e2b-46b7-4890-84a9-3bbb2649af5a,8.0
2021-02-20,TeamA-3e5f6e2b-46b7-4890-84a9-3bbb2649af5a,10.0
2021-02-22,TeamA-3e5f6e2b-46b7-4890-84a9-3bbb2649af5a,7.5
2021-02-23,TeamA-3e5f6e2b-46b7-4890-84a9-3bbb2649af5a,7.5
2021-02-28,TeamA-3e5f6e2b-46b7-4890-84a9-3bbb2649af5a,8.0
2021-03-01,TeamA-3e5f6e2b-46b7-4890-84a9-3bbb2649af5a,7.5
2021-03-02,TeamA-3e5f6e2b-46b7-4890-84a9-3bbb2649af5a,7.5
2021-03-05,TeamA-3e5f6e2b-46b7-4890-84a9-3bbb2649af5a,8.0
2021-03-06,TeamA-3e5f6e2b-46b7-4890-84a9-3bbb2649af5a,8.0
2021-03-07,TeamA-3e5f6e2b-46b7-4890-84a9-3bbb2649af5a,10.0
2021-03-09,TeamA-3e5f6e2b-46b7-4890-84a9-3bbb2649af5a,7.5
2021-03-10,TeamA-3e5f6e2b-46b7-4890-84a9-3bbb2649af5a,8.0
2021-03-14,TeamA-3e5f6e2b-46b7-4890-84a9-3bbb2649af5a,8.0
2021-03-16,TeamA-3e5f6e2b-46b7-4890-84a9-3bbb2649af5a,7.5
2021-03-17,TeamA-3e5f6e2b-46b7-4890-84a9-3bbb2649af5a,7.0
2021-03-18,TeamA-3e5f6e2b-46b7-4890-84a9-3bbb2649af5a,7.5
2021-03-20,TeamA-3e5f6e2b-46b7-4890-84a9-3bbb2649af5a,10.0
2021-03-22,TeamA-3e5f6e2b-46b7-4890-84a9-3bbb2649af5a,7.5
2021-03-23,TeamA-3e5f6e2b-46b7-4890-84a9-3bbb2649af5a,7.5
2021-03-24,TeamA-3e5f6e2b-46b7-4890-84a9-3bbb2649af5a,7.5
2021-03-25,TeamA-3e5f6e2b-46b7-4890-84a9-3bbb2649af5a,7.5
2021-03-26,TeamA-3e5f6e2b-46b7-4890-84a9-3bbb2649af5a,7.5
2021-03-29,TeamA-3e5f6e2b-46b7-4890-84a9-3bbb2649af5a,10.0
2021-03-30,TeamA-3e5f6e2b-46b7-4890-84a9-3bbb2649af5a,7.0
2021-04-05,TeamA-3e5f6e2b-46b7-4890-84a9-3bbb2649af5a,9.0
2021-04-07,TeamA-3e5f6e2b-46b7-4890-84a9-3bbb2649af5a,6.0
2021-04-08,TeamA-3e5f6e2b-46b7-4890-84a9-3bbb2649af5a,7.0
2021-04-20,TeamA-3e5f6e2b-46b7-4890-84a9-3bbb2649af5a,7.5
2021-04-22,TeamA-3e5f6e2b-46b7-4890-84a9-3bbb2649af5a,7.5
2021-04-26,TeamA-3e5f6e2b-46b7-4890-84a9-3bbb2649af5a,7.5
2021-04-28,TeamA-3e5f6e2b-46b7-4890-84a9-3bbb2649af5a,7.5
2021-04-30,TeamA-3e5f6e2b-46b7-4890-84a9-3bbb2649af5a,7.5
2021-05-01,TeamA-3e5f6e2b-46b7-4890-84a9-3bbb2649af5a,9.0
2021-05-02,TeamA-3e5f6e2b-46b7-4890-84a9-3bbb2649af5a,9.0
2021-05-03,TeamA-3e5f6e2b-46b7-4890-84a9-3bbb2649af5a,8.0
2021-05-06,TeamA-3e5f6e2b-46b7-4890-84a9-3bbb2649af5a,8.0
2021-05-13,TeamA-3e5f6e2b-46b7-4890-84a9-3bbb2649af5a,9.0
2021-05-15,TeamA-3e5f6e2b-46b7-4890-84a9-3bbb2649af5a,9.0
2021-05-17,TeamA-3e5f6e2b-46b7-4890-84a9-3bbb2649af5a,9.0
2021-05-18,TeamA-3e5f6e2b-46b7-4890-84a9-3bbb2649af5a,7.5
2021-05-20,TeamA-3e5f6e2b-46b7-4890-84a9-3bbb2649af5a,7.5
2021-05-21,TeamA-3e5f6e2b-46b7-4890-84a9-3bbb2649af5a,8.0
2021-05-23,TeamA-3e5f6e2b-46b7-4890-84a9-3bbb2649af5a,9.0
2021-05-24,TeamA-3e5f6e2b-46b7-4890-84a9-3bbb2649af5a,8.0
2021-05-25,TeamA-3e5f6e2b-46b7-4890-84a9-3bbb2649af5a,7.5
2021-05-26,TeamA-3e5f6e2b-46b7-4890-84a9-3bbb2649af5a,8.0
2021-05-28,TeamA-3e5f6e2b-46b7-4890-84a9-3bbb2649af5a,9.0
2021-06-01,TeamA-3e5f6e2b-46b7-4890-84a9-3bbb2649af5a,7.0
2021-06-02,TeamA-3e5f6e2b-46b7-4890-84a9-3bbb2649af5a,7.5
2021-06-08,TeamA-3e5f6e2b-46b7-4890-84a9-3bbb2649af5a,7.0
2021-06-16,TeamA-3e5f6e2b-46b7-4890-84a9-3bbb2649af5a,7.5
2021-06-18,TeamA-3e5f6e2b-46b7-4890-84a9-3bbb2649af5a,8.5
2021-06-20,TeamA-3e5f6e2b-46b7-4890-84a9-3bbb2649af5a,9.0
2021-06-21,TeamA-3e5f6e2b-46b7-4890-84a9-3bbb2649af5a,8.5
2021-06-22,TeamA-3e5f6e2b-46b7-4890-84a9-3bbb2649af5a,8.0
2021-06-23,TeamA-3e5f6e2b-46b7-4890-84a9-3bbb2649af5a,8.0
2021-06-24,TeamA-3e5f6e2b-46b7-4890-84a9-3bbb2649af5a,7.5
2021-06-25,TeamA-3e5f6e2b-46b7-4890-84a9-3bbb2649af5a,7.5
2021-06-26,TeamA-3e5f6e2b-46b7-4890-84a9-3bbb2649af5a,9.0
2021-06-27,TeamA-3e5f6e2b-46b7-4890-84a9-3bbb2649af5a,9.0
2021-06-28,TeamA-3e5f6e2b-46b7-4890-84a9-3bbb2649af5a,8.0
2021-07-01,TeamA-3e5f6e2b-46b7-4890-84a9-3bbb2649af5a,8.5
2021-07-02,TeamA-3e5f6e2b-46b7-4890-84a9-3bbb2649af5a,8.5
2021-07-03,TeamA-3e5f6e2b-46b7-4890-84a9-3bbb2649af5a,9.0
2021-07-04,TeamA-3e5f6e2b-46b7-4890-84a9-3bbb2649af5a,10.0
2021-07-05,TeamA-3e5f6e2b-46b7-4890-84a9-3bbb2649af5a,8.0
2021-07-06,TeamA-3e5f6e2b-46b7-4890-84a9-3bbb2649af5a,7.5
2021-07-07,TeamA-3e5f6e2b-46b7-4890-84a9-3bbb2649af5a,7.5
2021-07-08,TeamA-3e5f6e2b-46b7-4890-84a9-3bbb2649af5a,7.5
2021-07-09,TeamA-3e5f6e2b-46b7-4890-84a9-3bbb2649af5a,7.5
2021-07-10,TeamA-3e5f6e2b-46b7-4890-84a9-3bbb2649af5a,9.0
2021-07-11,TeamA-3e5f6e2b-46b7-4890-84a9-3bbb2649af5a,9.0
2021-07-12,TeamA-3e5f6e2b-46b7-4890-84a9-3bbb2649af5a,9.0
2021-07-13,TeamA-3e5f6e2b-46b7-4890-84a9-3bbb2649af5a,8.0
2021-07-14,TeamA-3e5f6e2b-46b7-4890-84a9-3bbb2649af5a,9.0
2021-07-15,TeamA-3e5f6e2b-46b7-4890-84a9-3bbb2649af5a,9.0
2021-07-16,TeamA-3e5f6e2b-46b7-4890-84a9-3bbb2649af5a,9.0
2021-07-23,TeamA-3e5f6e2b-46b7-4890-84a9-3bbb2649af5a,7.0
2021-07-24,TeamA-3e5f6e2b-46b7-4890-84a9-3bbb2649af5a,8.5
2021-07-25,TeamA-3e5f6e2b-46b7-4890-84a9-3bbb2649af5a,9.0
2021-07-26,TeamA-3e5f6e2b-46b7-4890-84a9-3bbb2649af5a,9.0
2021-07-27,TeamA-3e5f6e2b-46b7-4890-84a9-3bbb2649af5a,5.0
2021-07-28,TeamA-3e5f6e2b-46b7-4890-84a9-3bbb2649af5a,10.0
2021-07-29,TeamA-3e5f6e2b-46b7-4890-84a9-3bbb2649af5a,10.0
2021-07-30,TeamA-3e5f6e2b-46b7-4890-84a9-3bbb2649af5a,10.0
2021-07-31,TeamA-3e5f6e2b-46b7-4890-84a9-3bbb2649af5a,10.0
2021-08-01,TeamA-3e5f6e2b-46b7-4890-84a9-3bbb2649af5a,9.0
2021-08-02,TeamA-3e5f6e2b-46b7-4890-84a9-3bbb2649af5a,8.5
2021-08-03,TeamA-3e5f6e2b-46b7-4890-84a9-3bbb2649af5a,8.0
2021-08-04,TeamA-3e5f6e2b-46b7-4890-84a9-3bbb2649af5a,8.0
2021-08-05,TeamA-3e5f6e2b-46b7-4890-84a9-3bbb2649af5a,7.5
2021-08-06,TeamA-3e5f6e2b-46b7-4890-84a9-3bbb2649af5a,7.5
2021-08-09,TeamA-3e5f6e2b-46b7-4890-84a9-3bbb2649af5a,7.5
2021-08-10,TeamA-3e5f6e2b-46b7-4890-84a9-3bbb2649af5a,7.5
2021-08-11,TeamA-3e5f6e2b-46b7-4890-84a9-3bbb2649af5a,8.0
2021-08-12,TeamA-3e5f6e2b-46b7-4890-84a9-3bbb2649af5a,7.5
2021-08-13,TeamA-3e5f6e2b-46b7-4890-84a9-3bbb2649af5a,8.0
2021-08-14,TeamA-3e5f6e2b-46b7-4890-84a9-3bbb2649af5a,9.0
2021-08-15,TeamA-3e5f6e2b-46b7-4890-84a9-3bbb2649af5a,9.0
2021-08-16,TeamA-3e5f6e2b-46b7-4890-84a9-3bbb2649af5a,7.0
2021-08-17,TeamA-3e5f6e2b-46b7-4890-84a9-3bbb2649af5a,8.0
2021-08-18,TeamA-3e5f6e2b-46b7-4890-84a9-3bbb2649af5a,7.5
2021-08-19,TeamA-3e5f6e2b-46b7-4890-84a9-3bbb2649af5a,7.5
2021-08-20,TeamA-3e5f6e2b-46b7-4890-84a9-3bbb2649af5a,8.0
2021-08-21,TeamA-3e5f6e2b-46b7-4890-84a9-3bbb2649af5a,10.0
2021-08-23,TeamA-3e5f6e2b-46b7-4890-84a9-3bbb2649af5a,7.5
2021-08-24,TeamA-3e5f6e2b-46b7-4890-84a9-3bbb2649af5a,7.5
2021-08-26,TeamA-3e5f6e2b-46b7-4890-84a9-3bbb2649af5a,7.5
2021-08-27,TeamA-3e5f6e2b-46b7-4890-84a9-3bbb2649af5a,7.5
2021-08-29,TeamA-3e5f6e2b-46b7-4890-84a9-3bbb2649af5a,9.0
2021-08-30,TeamA-3e5f6e2b-46b7-4890-84a9-3bbb2649af5a,8.5
2021-08-31,TeamA-3e5f6e2b-46b7-4890-84a9-3bbb2649af5a,8.0
2021-09-01,TeamA-3e5f6e2b-46b7-4890-84a9-3bbb2649af5a,7.0
2021-09-02,TeamA-3e5f6e2b-46b7-4890-84a9-3bbb2649af5a,7.5
2021-09-03,TeamA-3e5f6e2b-46b7-4890-84a9-3bbb2649af5a,8.0
2021-09-05,TeamA-3e5f6e2b-46b7-4890-84a9-3bbb2649af5a,9.0
2021-09-07,TeamA-3e5f6e2b-46b7-4890-84a9-3bbb2649af5a,7.5
2021-09-09,TeamA-3e5f6e2b-46b7-4890-84a9-3bbb2649af5a,7.0
2021-09-10,TeamA-3e5f6e2b-46b7-4890-84a9-3bbb2649af5a,7.5
2021-09-11,TeamA-3e5f6e2b-46b7-4890-84a9-3bbb2649af5a,9.0
2021-09-12,TeamA-3e5f6e2b-46b7-4890-84a9-3bbb2649af5a,9.0
2021-09-13,TeamA-3e5f6e2b-46b7-4890-84a9-3bbb2649af5a,7.5
2021-09-14,TeamA-3e5f6e2b-46b7-4890-84a9-3bbb2649af5a,7.5
2021-09-16,TeamA-3e5f6e2b-46b7-4890-84a9-3bbb2649af5a,8.0
2021-09-19,TeamA-3e5f6e2b-46b7-4890-84a9-3bbb2649af5a,10.0
2021-09-20,TeamA-3e5f6e2b-46b7-4890-84a9-3bbb2649af5a,8.0
2021-09-21,TeamA-3e5f6e2b-46b7-4890-84a9-3bbb2649af5a,7.5
2021-09-22,TeamA-3e5f6e2b-46b7-4890-84a9-3bbb2649af5a,8.0
2021-09-23,TeamA-3e5f6e2b-46b7-4890-84a9-3bbb2649af5a,7.5
2021-09-24,TeamA-3e5f6e2b-46b7-4890-84a9-3bbb2649af5a,6.0
2021-09-25,TeamA-3e5f6e2b-46b7-4890-84a9-3bbb2649af5a,10.0
2021-09-26,TeamA-3e5f6e2b-46b7-4890-84a9-3bbb2649af5a,9.0
2021-09-27,TeamA-3e5f6e2b-46b7-4890-84a9-3bbb2649af5a,7.5
2021-09-28,TeamA-3e5f6e2b-46b7-4890-84a9-3bbb2649af5a,8.0
2021-10-01,TeamA-3e5f6e2b-46b7-4890-84a9-3bbb2649af5a,7.5
2021-10-04,TeamA-3e5f6e2b-46b7-4890-84a9-3bbb2649af5a,7.0
2021-10-05,TeamA-3e5f6e2b-46b7-4890-84a9-3bbb2649af5a,7.5
2021-10-06,TeamA-3e5f6e2b-46b7-4890-84a9-3bbb2649af5a,7.5
2021-10-08,TeamA-3e5f6e2b-46b7-4890-84a9-3bbb2649af5a,7.5
2021-10-10,TeamA-3e5f6e2b-46b7-4890-84a9-3bbb2649af5a,10.0
2021-10-11,TeamA-3e5f6e2b-46b7-4890-84a9-3bbb2649af5a,8.0
2021-10-12,TeamA-3e5f6e2b-46b7-4890-84a9-3bbb2649af5a,8.0
2021-10-13,TeamA-3e5f6e2b-46b7-4890-84a9-3bbb2649af5a,7.5
2021-10-14,TeamA-3e5f6e2b-46b7-4890-84a9-3bbb2649af5a,8.0
2021-10-15,TeamA-3e5f6e2b-46b7-4890-84a9-3bbb2649af5a,7.5
2021-10-16,TeamA-3e5f6e2b-46b7-4890-84a9-3bbb2649af5a,10.0
2021-10-17,TeamA-3e5f6e2b-46b7-4890-84a9-3bbb2649af5a,9.0
2021-10-18,TeamA-3e5f6e2b-46b7-4890-84a9-3bbb2649af5a,7.5
2021-10-19,TeamA-3e5f6e2b-46b7-4890-84a9-3bbb2649af5a,9.0
2021-10-20,TeamA-3e5f6e2b-46b7-4890-84a9-3bbb2649af5a,10.0
2021-10-25,TeamA-3e5f6e2b-46b7-4890-84a9-3bbb2649af5a,7.5
2021-10-26,TeamA-3e5f6e2b-46b7-4890-84a9-3bbb2649af5a,7.5
2021-10-27,TeamA-3e5f6e2b-46b7-4890-84a9-3bbb2649af5a,8.0
2021-10-28,TeamA-3e5f6e2b-46b7-4890-84a9-3bbb2649af5a,8.0
2021-11-01,TeamA-3e5f6e2b-46b7-4890-84a9-3bbb2649af5a,8.0
2021-11-02,TeamA-3e5f6e2b-46b7-4890-84a9-3bbb2649af5a,7.5
2021-11-03,TeamA-3e5f6e2b-46b7-4890-84a9-3bbb2649af5a,7.5
2021-11-04,TeamA-3e5f6e2b-46b7-4890-84a9-3bbb2649af5a,8.0
2021-11-06,TeamA-3e5f6e2b-46b7-4890-84a9-3bbb2649af5a,10.0
2021-11-07,TeamA-3e5f6e2b-46b7-4890-84a9-3bbb2649af5a,10.0
2021-11-08,TeamA-3e5f6e2b-46b7-4890-84a9-3bbb2649af5a,8.0
2021-11-10,TeamA-3e5f6e2b-46b7-4890-84a9-3bbb2649af5a,7.0
2021-11-11,TeamA-3e5f6e2b-46b7-4890-84a9-3bbb2649af5a,7.5
2021-11-12,TeamA-3e5f6e2b-46b7-4890-84a9-3bbb2649af5a,8.0
2021-11-13,TeamA-3e5f6e2b-46b7-4890-84a9-3bbb2649af5a,9.0
2021-11-15,TeamA-3e5f6e2b-46b7-4890-84a9-3bbb2649af5a,8.0
2021-11-16,TeamA-3e5f6e2b-46b7-4890-84a9-3bbb2649af5a,8.0
2021-11-17,TeamA-3e5f6e2b-46b7-4890-84a9-3bbb2649af5a,7.5
2021-11-20,TeamA-3e5f6e2b-46b7-4890-84a9-3bbb2649af5a,9.0
2021-11-21,TeamA-3e5f6e2b-46b7-4890-84a9-3bbb2649af5a,10.0
2021-11-23,TeamA-3e5f6e2b-46b7-4890-84a9-3bbb2649af5a,7.5
2021-12-04,TeamA-3e5f6e2b-46b7-4890-84a9-3bbb2649af5a,6.5
2021-12-05,TeamA-3e5f6e2b-46b7-4890-84a9-3bbb2649af5a,9.0
2021-12-06,TeamA-3e5f6e2b-46b7-4890-84a9-3bbb2649af5a,7.5
2021-12-07,TeamA-3e5f6e2b-46b7-4890-84a9-3bbb2649af5a,7.5
2021-12-08,TeamA-3e5f6e2b-46b7-4890-84a9-3bbb2649af5a,8.0
2021-12-09,TeamA-3e5f6e2b-46b7-4890-84a9-3bbb2649af5a,8.0
2021-12-10,TeamA-3e5f6e2b-46b7-4890-84a9-3bbb2649af5a,7.5
2021-12-11,TeamA-3e5f6e2b-46b7-4890-84a9-3bbb2649af5a,10.0
2021-12-12,TeamA-3e5f6e2b-46b7-4890-84a9-3bbb2649af5a,10.0
2021-12-15,TeamA-3e5f6e2b-46b7-4890-84a9-3bbb2649af5a,7.5
2021-12-16,TeamA-3e5f6e2b-46b7-4890-84a9-3bbb2649af5a,7.5
2021-12-17,TeamA-3e5f6e2b-46b7-4890-84a9-3bbb2649af5a,7.5
2021-12-21,TeamA-3e5f6e2b-46b7-4890-84a9-3bbb2649af5a,7.5
2021-12-22,TeamA-3e5f6e2b-46b7-4890-84a9-3bbb2649af5a,7.5
2020-03-22,TeamA-4051bba7-1170-4c43-b912-8c38815a7625,8.0
2020-03-23,TeamA-4051bba7-1170-4c43-b912-8c38815a7625,7.5
2020-03-24,TeamA-4051bba7-1170-4c43-b912-8c38815a7625,8.5
2020-03-25,TeamA-4051bba7-1170-4c43-b912-8c38815a7625,6.5
2020-03-26,TeamA-4051bba7-1170-4c43-b912-8c38815a7625,8.0
2020-03-27,TeamA-4051bba7-1170-4c43-b912-8c38815a7625,8.0
2020-03-28,TeamA-4051bba7-1170-4c43-b912-8c38815a7625,7.5
2020-03-29,TeamA-4051bba7-1170-4c43-b912-8c38815a7625,9.0
2020-03-30,TeamA-4051bba7-1170-4c43-b912-8c38815a7625,7.0
2020-03-31,TeamA-4051bba7-1170-4c43-b912-8c38815a7625,9.0
2020-04-01,TeamA-4051bba7-1170-4c43-b912-8c38815a7625,8.0
2020-04-02,TeamA-4051bba7-1170-4c43-b912-8c38815a7625,8.5
2020-04-03,TeamA-4051bba7-1170-4c43-b912-8c38815a7625,8.0
2020-04-04,TeamA-4051bba7-1170-4c43-b912-8c38815a7625,8.5
2020-04-05,TeamA-4051bba7-1170-4c43-b912-8c38815a7625,8.5
2020-04-06,TeamA-4051bba7-1170-4c43-b912-8c38815a7625,7.5
2020-04-07,TeamA-4051bba7-1170-4c43-b912-8c38815a7625,8.0
2020-04-08,TeamA-4051bba7-1170-4c43-b912-8c38815a7625,7.5
2020-04-09,TeamA-4051bba7-1170-4c43-b912-8c38815a7625,8.0
2020-04-10,TeamA-4051bba7-1170-4c43-b912-8c38815a7625,8.0
2020-04-11,TeamA-4051bba7-1170-4c43-b912-8c38815a7625,7.5
2020-04-12,TeamA-4051bba7-1170-4c43-b912-8c38815a7625,9.0
2020-04-13,TeamA-4051bba7-1170-4c43-b912-8c38815a7625,8.5
2020-04-14,TeamA-4051bba7-1170-4c43-b912-8c38815a7625,8.0
2020-04-15,TeamA-4051bba7-1170-4c43-b912-8c38815a7625,8.0
2020-04-16,TeamA-4051bba7-1170-4c43-b912-8c38815a7625,8.0
2020-04-17,TeamA-4051bba7-1170-4c43-b912-8c38815a7625,8.5
2020-04-18,TeamA-4051bba7-1170-4c43-b912-8c38815a7625,8.5
2020-04-19,TeamA-4051bba7-1170-4c43-b912-8c38815a7625,8.5
2020-04-20,TeamA-4051bba7-1170-4c43-b912-8c38815a7625,8.0
2020-04-21,TeamA-4051bba7-1170-4c43-b912-8c38815a7625,8.5
2020-04-22,TeamA-4051bba7-1170-4c43-b912-8c38815a7625,8.5
2020-04-23,TeamA-4051bba7-1170-4c43-b912-8c38815a7625,7.0
2020-04-24,TeamA-4051bba7-1170-4c43-b912-8c38815a7625,7.5
2020-04-25,TeamA-4051bba7-1170-4c43-b912-8c38815a7625,7.5
2020-04-26,TeamA-4051bba7-1170-4c43-b912-8c38815a7625,9.0
2020-04-27,TeamA-4051bba7-1170-4c43-b912-8c38815a7625,8.0
2020-04-28,TeamA-4051bba7-1170-4c43-b912-8c38815a7625,8.5
2020-04-29,TeamA-4051bba7-1170-4c43-b912-8c38815a7625,7.5
2020-04-30,TeamA-4051bba7-1170-4c43-b912-8c38815a7625,7.5
2020-05-01,TeamA-4051bba7-1170-4c43-b912-8c38815a7625,7.5
2020-05-02,TeamA-4051bba7-1170-4c43-b912-8c38815a7625,6.5
2020-05-03,TeamA-4051bba7-1170-4c43-b912-8c38815a7625,8.5
2020-05-04,TeamA-4051bba7-1170-4c43-b912-8c38815a7625,6.5
2020-05-05,TeamA-4051bba7-1170-4c43-b912-8c38815a7625,8.0
2020-05-06,TeamA-4051bba7-1170-4c43-b912-8c38815a7625,8.0
2020-05-07,TeamA-4051bba7-1170-4c43-b912-8c38815a7625,6.5
2020-05-08,TeamA-4051bba7-1170-4c43-b912-8c38815a7625,8.0
2020-05-09,TeamA-4051bba7-1170-4c43-b912-8c38815a7625,8.0
2020-05-10,TeamA-4051bba7-1170-4c43-b912-8c38815a7625,8.0
2020-05-11,TeamA-4051bba7-1170-4c43-b912-8c38815a7625,8.0
2020-05-12,TeamA-4051bba7-1170-4c43-b912-8c38815a7625,7.5
2020-05-13,TeamA-4051bba7-1170-4c43-b912-8c38815a7625,8.0
2020-05-14,TeamA-4051bba7-1170-4c43-b912-8c38815a7625,7.5
2020-05-15,TeamA-4051bba7-1170-4c43-b912-8c38815a7625,7.5
2020-05-16,TeamA-4051bba7-1170-4c43-b912-8c38815a7625,7.0
2020-05-17,TeamA-4051bba7-1170-4c43-b912-8c38815a7625,7.5
2020-05-18,TeamA-4051bba7-1170-4c43-b912-8c38815a7625,8.0
2020-05-19,TeamA-4051bba7-1170-4c43-b912-8c38815a7625,7.5
2020-05-20,TeamA-4051bba7-1170-4c43-b912-8c38815a7625,8.0
2020-05-21,TeamA-4051bba7-1170-4c43-b912-8c38815a7625,8.0
2020-05-22,TeamA-4051bba7-1170-4c43-b912-8c38815a7625,8.0
2020-05-23,TeamA-4051bba7-1170-4c43-b912-8c38815a7625,8.0
2020-05-24,TeamA-4051bba7-1170-4c43-b912-8c38815a7625,8.0
2020-05-25,TeamA-4051bba7-1170-4c43-b912-8c38815a7625,8.5
2020-05-26,TeamA-4051bba7-1170-4c43-b912-8c38815a7625,7.5
2020-05-27,TeamA-4051bba7-1170-4c43-b912-8c38815a7625,7.5
2020-05-28,TeamA-4051bba7-1170-4c43-b912-8c38815a7625,7.5
2020-05-29,TeamA-4051bba7-1170-4c43-b912-8c38815a7625,8.0
2020-05-30,TeamA-4051bba7-1170-4c43-b912-8c38815a7625,5.5
2020-05-31,TeamA-4051bba7-1170-4c43-b912-8c38815a7625,8.5
2020-06-01,TeamA-4051bba7-1170-4c43-b912-8c38815a7625,6.0
2020-06-02,TeamA-4051bba7-1170-4c43-b912-8c38815a7625,8.0
2020-06-03,TeamA-4051bba7-1170-4c43-b912-8c38815a7625,8.0
2020-06-04,TeamA-4051bba7-1170-4c43-b912-8c38815a7625,8.0
2020-06-05,TeamA-4051bba7-1170-4c43-b912-8c38815a7625,8.0
2020-06-06,TeamA-4051bba7-1170-4c43-b912-8c38815a7625,8.0
2020-06-07,TeamA-4051bba7-1170-4c43-b912-8c38815a7625,7.5
2020-06-08,TeamA-4051bba7-1170-4c43-b912-8c38815a7625,8.0
2020-06-09,TeamA-4051bba7-1170-4c43-b912-8c38815a7625,8.0
2020-06-10,TeamA-4051bba7-1170-4c43-b912-8c38815a7625,7.5
2020-06-11,TeamA-4051bba7-1170-4c43-b912-8c38815a7625,7.0
2020-06-12,TeamA-4051bba7-1170-4c43-b912-8c38815a7625,8.0
2020-06-13,TeamA-4051bba7-1170-4c43-b912-8c38815a7625,7.0
2020-06-14,TeamA-4051bba7-1170-4c43-b912-8c38815a7625,7.5
2020-06-15,TeamA-4051bba7-1170-4c43-b912-8c38815a7625,8.5
2020-06-16,TeamA-4051bba7-1170-4c43-b912-8c38815a7625,7.5
2020-06-17,TeamA-4051bba7-1170-4c43-b912-8c38815a7625,7.5
2020-06-18,TeamA-4051bba7-1170-4c43-b912-8c38815a7625,7.5
2020-06-19,TeamA-4051bba7-1170-4c43-b912-8c38815a7625,7.5
2020-06-20,TeamA-4051bba7-1170-4c43-b912-8c38815a7625,7.5
2020-06-21,TeamA-4051bba7-1170-4c43-b912-8c38815a7625,6.0
2020-06-22,TeamA-4051bba7-1170-4c43-b912-8c38815a7625,7.5
2020-06-24,TeamA-4051bba7-1170-4c43-b912-8c38815a7625,7.5
2020-06-25,TeamA-4051bba7-1170-4c43-b912-8c38815a7625,7.5
2020-06-26,TeamA-4051bba7-1170-4c43-b912-8c38815a7625,7.5
2020-06-27,TeamA-4051bba7-1170-4c43-b912-8c38815a7625,7.5
2020-06-28,TeamA-4051bba7-1170-4c43-b912-8c38815a7625,8.0
2020-06-29,TeamA-4051bba7-1170-4c43-b912-8c38815a7625,8.0
2020-07-01,TeamA-4051bba7-1170-4c43-b912-8c38815a7625,7.5
2020-07-02,TeamA-4051bba7-1170-4c43-b912-8c38815a7625,8.0
2020-07-03,TeamA-4051bba7-1170-4c43-b912-8c38815a7625,7.5
2020-07-04,TeamA-4051bba7-1170-4c43-b912-8c38815a7625,6.0
2020-07-05,TeamA-4051bba7-1170-4c43-b912-8c38815a7625,8.0
2020-07-06,TeamA-4051bba7-1170-4c43-b912-8c38815a7625,8.0
2020-07-07,TeamA-4051bba7-1170-4c43-b912-8c38815a7625,7.5
2020-07-08,TeamA-4051bba7-1170-4c43-b912-8c38815a7625,7.5
2020-07-09,TeamA-4051bba7-1170-4c43-b912-8c38815a7625,8.5
2020-07-10,TeamA-4051bba7-1170-4c43-b912-8c38815a7625,8.0
2020-07-11,TeamA-4051bba7-1170-4c43-b912-8c38815a7625,7.0
2020-07-12,TeamA-4051bba7-1170-4c43-b912-8c38815a7625,5.5
2020-07-13,TeamA-4051bba7-1170-4c43-b912-8c38815a7625,8.0
2020-07-14,TeamA-4051bba7-1170-4c43-b912-8c38815a7625,7.5
2020-07-15,TeamA-4051bba7-1170-4c43-b912-8c38815a7625,7.0
2020-07-16,TeamA-4051bba7-1170-4c43-b912-8c38815a7625,7.5
2020-07-17,TeamA-4051bba7-1170-4c43-b912-8c38815a7625,8.0
2020-07-18,TeamA-4051bba7-1170-4c43-b912-8c38815a7625,8.0
2020-07-19,TeamA-4051bba7-1170-4c43-b912-8c38815a7625,8.5
2020-07-20,TeamA-4051bba7-1170-4c43-b912-8c38815a7625,8.5
2020-07-21,TeamA-4051bba7-1170-4c43-b912-8c38815a7625,7.5
2020-07-22,TeamA-4051bba7-1170-4c43-b912-8c38815a7625,7.5
2020-07-23,TeamA-4051bba7-1170-4c43-b912-8c38815a7625,8.0
2020-07-24,TeamA-4051bba7-1170-4c43-b912-8c38815a7625,7.5
2020-07-25,TeamA-4051bba7-1170-4c43-b912-8c38815a7625,8.0
2020-07-26,TeamA-4051bba7-1170-4c43-b912-8c38815a7625,7.5
2020-07-27,TeamA-4051bba7-1170-4c43-b912-8c38815a7625,8.0
2020-07-28,TeamA-4051bba7-1170-4c43-b912-8c38815a7625,7.0
2020-07-29,TeamA-4051bba7-1170-4c43-b912-8c38815a7625,7.5
2020-07-30,TeamA-4051bba7-1170-4c43-b912-8c38815a7625,6.5
2020-07-31,TeamA-4051bba7-1170-4c43-b912-8c38815a7625,7.5
2020-08-01,TeamA-4051bba7-1170-4c43-b912-8c38815a7625,8.0
2020-08-02,TeamA-4051bba7-1170-4c43-b912-8c38815a7625,7.5
2020-08-03,TeamA-4051bba7-1170-4c43-b912-8c38815a7625,7.5
2020-08-04,TeamA-4051bba7-1170-4c43-b912-8c38815a7625,7.5
2020-08-05,TeamA-4051bba7-1170-4c43-b912-8c38815a7625,7.5
2020-08-06,TeamA-4051bba7-1170-4c43-b912-8c38815a7625,7.5
2020-08-07,TeamA-4051bba7-1170-4c43-b912-8c38815a7625,7.5
2020-08-08,TeamA-4051bba7-1170-4c43-b912-8c38815a7625,7.5
2020-08-09,TeamA-4051bba7-1170-4c43-b912-8c38815a7625,6.5
2020-08-10,TeamA-4051bba7-1170-4c43-b912-8c38815a7625,8.0
2020-08-12,TeamA-4051bba7-1170-4c43-b912-8c38815a7625,7.5
2020-08-13,TeamA-4051bba7-1170-4c43-b912-8c38815a7625,7.5
2020-08-14,TeamA-4051bba7-1170-4c43-b912-8c38815a7625,7.5
2020-08-15,TeamA-4051bba7-1170-4c43-b912-8c38815a7625,8.0
2020-08-16,TeamA-4051bba7-1170-4c43-b912-8c38815a7625,8.0
2020-08-17,TeamA-4051bba7-1170-4c43-b912-8c38815a7625,4.5
2020-08-18,TeamA-4051bba7-1170-4c43-b912-8c38815a7625,7.0
2020-08-19,TeamA-4051bba7-1170-4c43-b912-8c38815a7625,7.5
2020-08-20,TeamA-4051bba7-1170-4c43-b912-8c38815a7625,7.5
2020-08-21,TeamA-4051bba7-1170-4c43-b912-8c38815a7625,8.0
2020-08-22,TeamA-4051bba7-1170-4c43-b912-8c38815a7625,8.0
2020-08-23,TeamA-4051bba7-1170-4c43-b912-8c38815a7625,8.0
2020-08-24,TeamA-4051bba7-1170-4c43-b912-8c38815a7625,7.0
2020-08-25,TeamA-4051bba7-1170-4c43-b912-8c38815a7625,7.5
2020-08-26,TeamA-4051bba7-1170-4c43-b912-8c38815a7625,7.5
2020-08-27,TeamA-4051bba7-1170-4c43-b912-8c38815a7625,8.0
2020-08-28,TeamA-4051bba7-1170-4c43-b912-8c38815a7625,7.5
2020-08-29,TeamA-4051bba7-1170-4c43-b912-8c38815a7625,7.5
2020-08-30,TeamA-4051bba7-1170-4c43-b912-8c38815a7625,8.0
2020-08-31,TeamA-4051bba7-1170-4c43-b912-8c38815a7625,7.0
2020-09-01,TeamA-4051bba7-1170-4c43-b912-8c38815a7625,9.0
2020-09-02,TeamA-4051bba7-1170-4c43-b912-8c38815a7625,8.0
2020-09-03,TeamA-4051bba7-1170-4c43-b912-8c38815a7625,8.5
2020-09-04,TeamA-4051bba7-1170-4c43-b912-8c38815a7625,8.5
2020-09-05,TeamA-4051bba7-1170-4c43-b912-8c38815a7625,7.0
2020-09-06,TeamA-4051bba7-1170-4c43-b912-8c38815a7625,10.0
2020-09-07,TeamA-4051bba7-1170-4c43-b912-8c38815a7625,7.5
2020-09-08,TeamA-4051bba7-1170-4c43-b912-8c38815a7625,7.5
2020-09-09,TeamA-4051bba7-1170-4c43-b912-8c38815a7625,7.5
2020-09-10,TeamA-4051bba7-1170-4c43-b912-8c38815a7625,7.0
2020-09-11,TeamA-4051bba7-1170-4c43-b912-8c38815a7625,8.5
2020-09-12,TeamA-4051bba7-1170-4c43-b912-8c38815a7625,8.5
2020-09-13,TeamA-4051bba7-1170-4c43-b912-8c38815a7625,7.5
2020-09-14,TeamA-4051bba7-1170-4c43-b912-8c38815a7625,8.0
2020-09-15,TeamA-4051bba7-1170-4c43-b912-8c38815a7625,7.5
2020-09-16,TeamA-4051bba7-1170-4c43-b912-8c38815a7625,8.0
2020-09-17,TeamA-4051bba7-1170-4c43-b912-8c38815a7625,9.0
2020-09-18,TeamA-4051bba7-1170-4c43-b912-8c38815a7625,8.5
2020-09-19,TeamA-4051bba7-1170-4c43-b912-8c38815a7625,8.0
2020-09-20,TeamA-4051bba7-1170-4c43-b912-8c38815a7625,8.0
2020-09-21,TeamA-4051bba7-1170-4c43-b912-8c38815a7625,7.5
2020-09-22,TeamA-4051bba7-1170-4c43-b912-8c38815a7625,7.5
2020-09-23,TeamA-4051bba7-1170-4c43-b912-8c38815a7625,7.5
2020-09-24,TeamA-4051bba7-1170-4c43-b912-8c38815a7625,8.0
2020-09-25,TeamA-4051bba7-1170-4c43-b912-8c38815a7625,8.5
2020-09-26,TeamA-4051bba7-1170-4c43-b912-8c38815a7625,7.5
2020-09-27,TeamA-4051bba7-1170-4c43-b912-8c38815a7625,6.0
2020-09-28,TeamA-4051bba7-1170-4c43-b912-8c38815a7625,8.5
2020-09-29,TeamA-4051bba7-1170-4c43-b912-8c38815a7625,7.5
2020-09-30,TeamA-4051bba7-1170-4c43-b912-8c38815a7625,7.5
2020-10-01,TeamA-4051bba7-1170-4c43-b912-8c38815a7625,8.5
2020-10-02,TeamA-4051bba7-1170-4c43-b912-8c38815a7625,8.5
2020-10-03,TeamA-4051bba7-1170-4c43-b912-8c38815a7625,8.0
2020-10-04,TeamA-4051bba7-1170-4c43-b912-8c38815a7625,8.0
2020-10-05,TeamA-4051bba7-1170-4c43-b912-8c38815a7625,8.0
2020-10-06,TeamA-4051bba7-1170-4c43-b912-8c38815a7625,7.5
2020-10-07,TeamA-4051bba7-1170-4c43-b912-8c38815a7625,8.5
2020-10-08,TeamA-4051bba7-1170-4c43-b912-8c38815a7625,7.0
2020-10-09,TeamA-4051bba7-1170-4c43-b912-8c38815a7625,8.5
2020-10-10,TeamA-4051bba7-1170-4c43-b912-8c38815a7625,7.5
2020-10-11,TeamA-4051bba7-1170-4c43-b912-8c38815a7625,8.0
2020-10-12,TeamA-4051bba7-1170-4c43-b912-8c38815a7625,9.0
2020-10-13,TeamA-4051bba7-1170-4c43-b912-8c38815a7625,7.5
2020-10-14,TeamA-4051bba7-1170-4c43-b912-8c38815a7625,7.5
2020-10-15,TeamA-4051bba7-1170-4c43-b912-8c38815a7625,8.5
2020-10-16,TeamA-4051bba7-1170-4c43-b912-8c38815a7625,8.0
2020-10-17,TeamA-4051bba7-1170-4c43-b912-8c38815a7625,8.0
2020-10-18,TeamA-4051bba7-1170-4c43-b912-8c38815a7625,8.0
2020-10-19,TeamA-4051bba7-1170-4c43-b912-8c38815a7625,7.5
2020-10-20,TeamA-4051bba7-1170-4c43-b912-8c38815a7625,6.0
2020-10-21,TeamA-4051bba7-1170-4c43-b912-8c38815a7625,7.5
2020-10-22,TeamA-4051bba7-1170-4c43-b912-8c38815a7625,8.0
2020-10-23,TeamA-4051bba7-1170-4c43-b912-8c38815a7625,9.0
2020-10-24,TeamA-4051bba7-1170-4c43-b912-8c38815a7625,9.0
2020-10-25,TeamA-4051bba7-1170-4c43-b912-8c38815a7625,9.0
2020-10-26,TeamA-4051bba7-1170-4c43-b912-8c38815a7625,8.5
2020-10-27,TeamA-4051bba7-1170-4c43-b912-8c38815a7625,7.5
2020-10-28,TeamA-4051bba7-1170-4c43-b912-8c38815a7625,7.5
2020-10-29,TeamA-4051bba7-1170-4c43-b912-8c38815a7625,8.5
2020-10-30,TeamA-4051bba7-1170-4c43-b912-8c38815a7625,7.5
2020-10-31,TeamA-4051bba7-1170-4c43-b912-8c38815a7625,8.5
2020-11-01,TeamA-4051bba7-1170-4c43-b912-8c38815a7625,8.5
2020-11-02,TeamA-4051bba7-1170-4c43-b912-8c38815a7625,8.0
2020-11-03,TeamA-4051bba7-1170-4c43-b912-8c38815a7625,7.5
2020-11-04,TeamA-4051bba7-1170-4c43-b912-8c38815a7625,7.5
2020-11-06,TeamA-4051bba7-1170-4c43-b912-8c38815a7625,8.0
2020-11-07,TeamA-4051bba7-1170-4c43-b912-8c38815a7625,8.0
2020-11-08,TeamA-4051bba7-1170-4c43-b912-8c38815a7625,7.0
2020-11-09,TeamA-4051bba7-1170-4c43-b912-8c38815a7625,8.0
2020-11-10,TeamA-4051bba7-1170-4c43-b912-8c38815a7625,8.0
2020-11-11,TeamA-4051bba7-1170-4c43-b912-8c38815a7625,5.5
2020-11-12,TeamA-4051bba7-1170-4c43-b912-8c38815a7625,8.5
2020-11-13,TeamA-4051bba7-1170-4c43-b912-8c38815a7625,8.5
2020-11-14,TeamA-4051bba7-1170-4c43-b912-8c38815a7625,7.5
2020-11-15,TeamA-4051bba7-1170-4c43-b912-8c38815a7625,9.0
2020-11-16,TeamA-4051bba7-1170-4c43-b912-8c38815a7625,5.0
2020-11-17,TeamA-4051bba7-1170-4c43-b912-8c38815a7625,7.5
2020-11-18,TeamA-4051bba7-1170-4c43-b912-8c38815a7625,7.5
2020-11-19,TeamA-4051bba7-1170-4c43-b912-8c38815a7625,6.0
2020-11-20,TeamA-4051bba7-1170-4c43-b912-8c38815a7625,9.0
2020-11-21,TeamA-4051bba7-1170-4c43-b912-8c38815a7625,8.0
2020-11-22,TeamA-4051bba7-1170-4c43-b912-8c38815a7625,9.0
2020-11-23,TeamA-4051bba7-1170-4c43-b912-8c38815a7625,8.5
2020-11-25,TeamA-4051bba7-1170-4c43-b912-8c38815a7625,7.5
2020-11-26,TeamA-4051bba7-1170-4c43-b912-8c38815a7625,8.5
2020-11-27,TeamA-4051bba7-1170-4c43-b912-8c38815a7625,9.0
2020-11-28,TeamA-4051bba7-1170-4c43-b912-8c38815a7625,7.5
2020-11-29,TeamA-4051bba7-1170-4c43-b912-8c38815a7625,8.0
2020-11-30,TeamA-4051bba7-1170-4c43-b912-8c38815a7625,8.5
2020-12-01,TeamA-4051bba7-1170-4c43-b912-8c38815a7625,8.0
2020-12-02,TeamA-4051bba7-1170-4c43-b912-8c38815a7625,8.0
2020-12-03,TeamA-4051bba7-1170-4c43-b912-8c38815a7625,8.5
2020-12-04,TeamA-4051bba7-1170-4c43-b912-8c38815a7625,8.5
2020-12-05,TeamA-4051bba7-1170-4c43-b912-8c38815a7625,8.0
2021-01-11,TeamA-4051bba7-1170-4c43-b912-8c38815a7625,9.0
2021-01-12,TeamA-4051bba7-1170-4c43-b912-8c38815a7625,7.0
2021-01-13,TeamA-4051bba7-1170-4c43-b912-8c38815a7625,8.0
2021-01-14,TeamA-4051bba7-1170-4c43-b912-8c38815a7625,8.5
2021-01-15,TeamA-4051bba7-1170-4c43-b912-8c38815a7625,7.5
2021-01-16,TeamA-4051bba7-1170-4c43-b912-8c38815a7625,6.5
2021-01-17,TeamA-4051bba7-1170-4c43-b912-8c38815a7625,8.5
2021-01-18,TeamA-4051bba7-1170-4c43-b912-8c38815a7625,7.5
2021-01-19,TeamA-4051bba7-1170-4c43-b912-8c38815a7625,7.0
2021-01-20,TeamA-4051bba7-1170-4c43-b912-8c38815a7625,7.5
2021-01-21,TeamA-4051bba7-1170-4c43-b912-8c38815a7625,9.0
2021-01-22,TeamA-4051bba7-1170-4c43-b912-8c38815a7625,9.0
2021-01-23,TeamA-4051bba7-1170-4c43-b912-8c38815a7625,6.5
2021-01-24,TeamA-4051bba7-1170-4c43-b912-8c38815a7625,8.5
2021-01-25,TeamA-4051bba7-1170-4c43-b912-8c38815a7625,7.5
2021-01-26,TeamA-4051bba7-1170-4c43-b912-8c38815a7625,8.0
2021-01-27,TeamA-4051bba7-1170-4c43-b912-8c38815a7625,8.0
2021-01-28,TeamA-4051bba7-1170-4c43-b912-8c38815a7625,7.0
2021-01-29,TeamA-4051bba7-1170-4c43-b912-8c38815a7625,9.0
2021-01-30,TeamA-4051bba7-1170-4c43-b912-8c38815a7625,6.0
2021-01-31,TeamA-4051bba7-1170-4c43-b912-8c38815a7625,8.5
2021-02-01,TeamA-4051bba7-1170-4c43-b912-8c38815a7625,8.5
2021-02-02,TeamA-4051bba7-1170-4c43-b912-8c38815a7625,7.5
2021-02-03,TeamA-4051bba7-1170-4c43-b912-8c38815a7625,8.0
2021-02-04,TeamA-4051bba7-1170-4c43-b912-8c38815a7625,7.0
2021-02-05,TeamA-4051bba7-1170-4c43-b912-8c38815a7625,8.5
2021-02-06,TeamA-4051bba7-1170-4c43-b912-8c38815a7625,7.5
2021-02-07,TeamA-4051bba7-1170-4c43-b912-8c38815a7625,7.0
2021-02-08,TeamA-4051bba7-1170-4c43-b912-8c38815a7625,7.0
2021-02-09,TeamA-4051bba7-1170-4c43-b912-8c38815a7625,7.0
2021-02-10,TeamA-4051bba7-1170-4c43-b912-8c38815a7625,8.0
2021-02-11,TeamA-4051bba7-1170-4c43-b912-8c38815a7625,9.0
2021-02-12,TeamA-4051bba7-1170-4c43-b912-8c38815a7625,8.5
2021-02-13,TeamA-4051bba7-1170-4c43-b912-8c38815a7625,8.5
2021-02-14,TeamA-4051bba7-1170-4c43-b912-8c38815a7625,8.5
2021-02-15,TeamA-4051bba7-1170-4c43-b912-8c38815a7625,8.0
2021-02-16,TeamA-4051bba7-1170-4c43-b912-8c38815a7625,7.5
2021-02-17,TeamA-4051bba7-1170-4c43-b912-8c38815a7625,8.0
2021-02-18,TeamA-4051bba7-1170-4c43-b912-8c38815a7625,8.0
2021-02-19,TeamA-4051bba7-1170-4c43-b912-8c38815a7625,8.0
2021-02-20,TeamA-4051bba7-1170-4c43-b912-8c38815a7625,7.5
2021-02-21,TeamA-4051bba7-1170-4c43-b912-8c38815a7625,8.5
2021-02-22,TeamA-4051bba7-1170-4c43-b912-8c38815a7625,7.0
2021-02-23,TeamA-4051bba7-1170-4c43-b912-8c38815a7625,7.0
2021-02-24,TeamA-4051bba7-1170-4c43-b912-8c38815a7625,8.0
2021-02-25,TeamA-4051bba7-1170-4c43-b912-8c38815a7625,8.5
2021-02-26,TeamA-4051bba7-1170-4c43-b912-8c38815a7625,7.5
2021-02-27,TeamA-4051bba7-1170-4c43-b912-8c38815a7625,8.5
2021-02-28,TeamA-4051bba7-1170-4c43-b912-8c38815a7625,8.0
2021-03-01,TeamA-4051bba7-1170-4c43-b912-8c38815a7625,8.0
2021-03-02,TeamA-4051bba7-1170-4c43-b912-8c38815a7625,8.0
2021-03-03,TeamA-4051bba7-1170-4c43-b912-8c38815a7625,7.5
2021-03-04,TeamA-4051bba7-1170-4c43-b912-8c38815a7625,8.0
2021-03-05,TeamA-4051bba7-1170-4c43-b912-8c38815a7625,9.0
2021-03-06,TeamA-4051bba7-1170-4c43-b912-8c38815a7625,8.0
2021-03-08,TeamA-4051bba7-1170-4c43-b912-8c38815a7625,7.5
2021-03-09,TeamA-4051bba7-1170-4c43-b912-8c38815a7625,7.5
2021-03-10,TeamA-4051bba7-1170-4c43-b912-8c38815a7625,8.0
2021-03-11,TeamA-4051bba7-1170-4c43-b912-8c38815a7625,7.0
2021-03-12,TeamA-4051bba7-1170-4c43-b912-8c38815a7625,8.0
2021-03-13,TeamA-4051bba7-1170-4c43-b912-8c38815a7625,8.0
2021-03-14,TeamA-4051bba7-1170-4c43-b912-8c38815a7625,8.5
2021-03-15,TeamA-4051bba7-1170-4c43-b912-8c38815a7625,7.5
2021-03-16,TeamA-4051bba7-1170-4c43-b912-8c38815a7625,7.0
2021-03-17,TeamA-4051bba7-1170-4c43-b912-8c38815a7625,8.0
2021-03-18,TeamA-4051bba7-1170-4c43-b912-8c38815a7625,7.5
2021-03-19,TeamA-4051bba7-1170-4c43-b912-8c38815a7625,8.0
2021-03-21,TeamA-4051bba7-1170-4c43-b912-8c38815a7625,8.0
2021-03-22,TeamA-4051bba7-1170-4c43-b912-8c38815a7625,7.5
2021-03-23,TeamA-4051bba7-1170-4c43-b912-8c38815a7625,7.5
2021-03-24,TeamA-4051bba7-1170-4c43-b912-8c38815a7625,8.5
2021-03-25,TeamA-4051bba7-1170-4c43-b912-8c38815a7625,8.5
2021-03-26,TeamA-4051bba7-1170-4c43-b912-8c38815a7625,7.0
2021-03-27,TeamA-4051bba7-1170-4c43-b912-8c38815a7625,7.5
2021-03-28,TeamA-4051bba7-1170-4c43-b912-8c38815a7625,8.5
2021-03-29,TeamA-4051bba7-1170-4c43-b912-8c38815a7625,8.0
2021-03-30,TeamA-4051bba7-1170-4c43-b912-8c38815a7625,7.0
2021-03-31,TeamA-4051bba7-1170-4c43-b912-8c38815a7625,8.5
2021-04-01,TeamA-4051bba7-1170-4c43-b912-8c38815a7625,8.5
2021-04-02,TeamA-4051bba7-1170-4c43-b912-8c38815a7625,8.0
2021-04-03,TeamA-4051bba7-1170-4c43-b912-8c38815a7625,8.0
2021-04-04,TeamA-4051bba7-1170-4c43-b912-8c38815a7625,8.0
2021-04-05,TeamA-4051bba7-1170-4c43-b912-8c38815a7625,8.5
2021-04-06,TeamA-4051bba7-1170-4c43-b912-8c38815a7625,7.5
2021-04-07,TeamA-4051bba7-1170-4c43-b912-8c38815a7625,8.0
2021-04-08,TeamA-4051bba7-1170-4c43-b912-8c38815a7625,7.0
2021-04-09,TeamA-4051bba7-1170-4c43-b912-8c38815a7625,8.5
2021-04-10,TeamA-4051bba7-1170-4c43-b912-8c38815a7625,7.5
2021-04-11,TeamA-4051bba7-1170-4c43-b912-8c38815a7625,8.5
2021-04-12,TeamA-4051bba7-1170-4c43-b912-8c38815a7625,8.0
2021-04-13,TeamA-4051bba7-1170-4c43-b912-8c38815a7625,7.5
2021-04-14,TeamA-4051bba7-1170-4c43-b912-8c38815a7625,8.0
2021-04-15,TeamA-4051bba7-1170-4c43-b912-8c38815a7625,8.0
2021-04-16,TeamA-4051bba7-1170-4c43-b912-8c38815a7625,8.5
2021-04-17,TeamA-4051bba7-1170-4c43-b912-8c38815a7625,8.5
2021-04-18,TeamA-4051bba7-1170-4c43-b912-8c38815a7625,8.5
2021-04-19,TeamA-4051bba7-1170-4c43-b912-8c38815a7625,7.5
2021-04-20,TeamA-4051bba7-1170-4c43-b912-8c38815a7625,7.5
2021-04-21,TeamA-4051bba7-1170-4c43-b912-8c38815a7625,8.0
2021-04-22,TeamA-4051bba7-1170-4c43-b912-8c38815a7625,8.5
2021-04-23,TeamA-4051bba7-1170-4c43-b912-8c38815a7625,7.5
2021-04-24,TeamA-4051bba7-1170-4c43-b912-8c38815a7625,8.5
2021-04-25,TeamA-4051bba7-1170-4c43-b912-8c38815a7625,8.5
2021-04-26,TeamA-4051bba7-1170-4c43-b912-8c38815a7625,7.5
2021-04-27,TeamA-4051bba7-1170-4c43-b912-8c38815a7625,6.5
2021-04-28,TeamA-4051bba7-1170-4c43-b912-8c38815a7625,8.0
2021-04-29,TeamA-4051bba7-1170-4c43-b912-8c38815a7625,8.5
2021-04-30,TeamA-4051bba7-1170-4c43-b912-8c38815a7625,8.5
2021-05-01,TeamA-4051bba7-1170-4c43-b912-8c38815a7625,7.0
2021-05-02,TeamA-4051bba7-1170-4c43-b912-8c38815a7625,9.0
2021-05-03,TeamA-4051bba7-1170-4c43-b912-8c38815a7625,8.5
2021-05-04,TeamA-4051bba7-1170-4c43-b912-8c38815a7625,7.5
2021-05-05,TeamA-4051bba7-1170-4c43-b912-8c38815a7625,7.5
2021-05-06,TeamA-4051bba7-1170-4c43-b912-8c38815a7625,7.5
2021-05-07,TeamA-4051bba7-1170-4c43-b912-8c38815a7625,9.0
2021-05-08,TeamA-4051bba7-1170-4c43-b912-8c38815a7625,7.5
2021-05-09,TeamA-4051bba7-1170-4c43-b912-8c38815a7625,8.0
2021-05-10,TeamA-4051bba7-1170-4c43-b912-8c38815a7625,7.5
2021-05-11,TeamA-4051bba7-1170-4c43-b912-8c38815a7625,7.5
2021-05-12,TeamA-4051bba7-1170-4c43-b912-8c38815a7625,7.0
2021-05-13,TeamA-4051bba7-1170-4c43-b912-8c38815a7625,8.0
2021-05-14,TeamA-4051bba7-1170-4c43-b912-8c38815a7625,9.0
2021-05-15,TeamA-4051bba7-1170-4c43-b912-8c38815a7625,6.5
2021-05-16,TeamA-4051bba7-1170-4c43-b912-8c38815a7625,8.5
2021-05-17,TeamA-4051bba7-1170-4c43-b912-8c38815a7625,6.5
2021-05-18,TeamA-4051bba7-1170-4c43-b912-8c38815a7625,7.0
2021-05-19,TeamA-4051bba7-1170-4c43-b912-8c38815a7625,7.5
2021-05-20,TeamA-4051bba7-1170-4c43-b912-8c38815a7625,8.5
2021-05-21,TeamA-4051bba7-1170-4c43-b912-8c38815a7625,8.5
2021-05-22,TeamA-4051bba7-1170-4c43-b912-8c38815a7625,8.5
2021-05-23,TeamA-4051bba7-1170-4c43-b912-8c38815a7625,7.5
2021-05-24,TeamA-4051bba7-1170-4c43-b912-8c38815a7625,8.0
2021-05-25,TeamA-4051bba7-1170-4c43-b912-8c38815a7625,7.5
2021-05-26,TeamA-4051bba7-1170-4c43-b912-8c38815a7625,8.0
2021-05-27,TeamA-4051bba7-1170-4c43-b912-8c38815a7625,6.5
2021-05-28,TeamA-4051bba7-1170-4c43-b912-8c38815a7625,8.5
2021-05-29,TeamA-4051bba7-1170-4c43-b912-8c38815a7625,9.0
2021-05-30,TeamA-4051bba7-1170-4c43-b912-8c38815a7625,9.0
2021-05-31,TeamA-4051bba7-1170-4c43-b912-8c38815a7625,7.0
2021-06-01,TeamA-4051bba7-1170-4c43-b912-8c38815a7625,7.0
2021-06-02,TeamA-4051bba7-1170-4c43-b912-8c38815a7625,7.5
2021-06-03,TeamA-4051bba7-1170-4c43-b912-8c38815a7625,7.5
2021-06-04,TeamA-4051bba7-1170-4c43-b912-8c38815a7625,8.0
2021-06-05,TeamA-4051bba7-1170-4c43-b912-8c38815a7625,8.0
2021-06-06,TeamA-4051bba7-1170-4c43-b912-8c38815a7625,7.5
2021-06-07,TeamA-4051bba7-1170-4c43-b912-8c38815a7625,7.5
2021-06-08,TeamA-4051bba7-1170-4c43-b912-8c38815a7625,7.0
2021-06-09,TeamA-4051bba7-1170-4c43-b912-8c38815a7625,7.5
2021-06-10,TeamA-4051bba7-1170-4c43-b912-8c38815a7625,9.0
2021-06-11,TeamA-4051bba7-1170-4c43-b912-8c38815a7625,9.0
2021-06-12,TeamA-4051bba7-1170-4c43-b912-8c38815a7625,8.0
2021-06-13,TeamA-4051bba7-1170-4c43-b912-8c38815a7625,7.5
2021-06-14,TeamA-4051bba7-1170-4c43-b912-8c38815a7625,7.5
2021-06-15,TeamA-4051bba7-1170-4c43-b912-8c38815a7625,7.0
2021-06-16,TeamA-4051bba7-1170-4c43-b912-8c38815a7625,7.5
2021-06-17,TeamA-4051bba7-1170-4c43-b912-8c38815a7625,9.0
2021-06-18,TeamA-4051bba7-1170-4c43-b912-8c38815a7625,9.0
2021-06-19,TeamA-4051bba7-1170-4c43-b912-8c38815a7625,9.0
2021-06-20,TeamA-4051bba7-1170-4c43-b912-8c38815a7625,8.0
2021-06-21,TeamA-4051bba7-1170-4c43-b912-8c38815a7625,6.0
2021-06-22,TeamA-4051bba7-1170-4c43-b912-8c38815a7625,8.5
2021-06-23,TeamA-4051bba7-1170-4c43-b912-8c38815a7625,7.0
2021-06-24,TeamA-4051bba7-1170-4c43-b912-8c38815a7625,8.0
2021-06-25,TeamA-4051bba7-1170-4c43-b912-8c38815a7625,8.0
2021-06-26,TeamA-4051bba7-1170-4c43-b912-8c38815a7625,7.5
2021-06-27,TeamA-4051bba7-1170-4c43-b912-8c38815a7625,8.5
2021-06-28,TeamA-4051bba7-1170-4c43-b912-8c38815a7625,8.5
2021-06-29,TeamA-4051bba7-1170-4c43-b912-8c38815a7625,8.5
2021-06-30,TeamA-4051bba7-1170-4c43-b912-8c38815a7625,3.0
2021-07-01,TeamA-4051bba7-1170-4c43-b912-8c38815a7625,7.0
2021-07-02,TeamA-4051bba7-1170-4c43-b912-8c38815a7625,7.0
2021-07-03,TeamA-4051bba7-1170-4c43-b912-8c38815a7625,8.0
2021-07-04,TeamA-4051bba7-1170-4c43-b912-8c38815a7625,8.0
2021-07-05,TeamA-4051bba7-1170-4c43-b912-8c38815a7625,6.5
2021-07-06,TeamA-4051bba7-1170-4c43-b912-8c38815a7625,7.5
2021-07-07,TeamA-4051bba7-1170-4c43-b912-8c38815a7625,6.5
2021-07-08,TeamA-4051bba7-1170-4c43-b912-8c38815a7625,7.5
2021-07-09,TeamA-4051bba7-1170-4c43-b912-8c38815a7625,6.0
2021-07-10,TeamA-4051bba7-1170-4c43-b912-8c38815a7625,7.0
2021-07-11,TeamA-4051bba7-1170-4c43-b912-8c38815a7625,8.0
2021-07-12,TeamA-4051bba7-1170-4c43-b912-8c38815a7625,8.0
2021-07-13,TeamA-4051bba7-1170-4c43-b912-8c38815a7625,6.0
2021-07-14,TeamA-4051bba7-1170-4c43-b912-8c38815a7625,7.5
2021-07-15,TeamA-4051bba7-1170-4c43-b912-8c38815a7625,7.5
2021-07-16,TeamA-4051bba7-1170-4c43-b912-8c38815a7625,8.0
2021-07-17,TeamA-4051bba7-1170-4c43-b912-8c38815a7625,8.5
2021-07-18,TeamA-4051bba7-1170-4c43-b912-8c38815a7625,8.0
2021-07-19,TeamA-4051bba7-1170-4c43-b912-8c38815a7625,6.0
2021-07-20,TeamA-4051bba7-1170-4c43-b912-8c38815a7625,7.5
2021-07-21,TeamA-4051bba7-1170-4c43-b912-8c38815a7625,5.5
2021-07-22,TeamA-4051bba7-1170-4c43-b912-8c38815a7625,8.5
2021-07-23,TeamA-4051bba7-1170-4c43-b912-8c38815a7625,6.0
2021-07-24,TeamA-4051bba7-1170-4c43-b912-8c38815a7625,8.0
2021-07-25,TeamA-4051bba7-1170-4c43-b912-8c38815a7625,8.5
2021-07-26,TeamA-4051bba7-1170-4c43-b912-8c38815a7625,7.0
2021-07-27,TeamA-4051bba7-1170-4c43-b912-8c38815a7625,8.5
2021-07-28,TeamA-4051bba7-1170-4c43-b912-8c38815a7625,7.5
2021-07-29,TeamA-4051bba7-1170-4c43-b912-8c38815a7625,7.5
2021-07-30,TeamA-4051bba7-1170-4c43-b912-8c38815a7625,8.0
2021-07-31,TeamA-4051bba7-1170-4c43-b912-8c38815a7625,8.0
2021-08-01,TeamA-4051bba7-1170-4c43-b912-8c38815a7625,8.0
2021-08-02,TeamA-4051bba7-1170-4c43-b912-8c38815a7625,7.5
2021-08-03,TeamA-4051bba7-1170-4c43-b912-8c38815a7625,7.5
2021-08-04,TeamA-4051bba7-1170-4c43-b912-8c38815a7625,7.0
2021-08-05,TeamA-4051bba7-1170-4c43-b912-8c38815a7625,5.5
2021-08-06,TeamA-4051bba7-1170-4c43-b912-8c38815a7625,8.0
2021-08-07,TeamA-4051bba7-1170-4c43-b912-8c38815a7625,7.0
2021-08-08,TeamA-4051bba7-1170-4c43-b912-8c38815a7625,8.0
2021-08-09,TeamA-4051bba7-1170-4c43-b912-8c38815a7625,7.5
2021-08-10,TeamA-4051bba7-1170-4c43-b912-8c38815a7625,7.5
2021-08-11,TeamA-4051bba7-1170-4c43-b912-8c38815a7625,6.0
2021-08-12,TeamA-4051bba7-1170-4c43-b912-8c38815a7625,7.5
2021-08-13,TeamA-4051bba7-1170-4c43-b912-8c38815a7625,8.0
2021-08-14,TeamA-4051bba7-1170-4c43-b912-8c38815a7625,7.5
2021-08-15,TeamA-4051bba7-1170-4c43-b912-8c38815a7625,8.5
2021-08-16,TeamA-4051bba7-1170-4c43-b912-8c38815a7625,7.5
2021-08-17,TeamA-4051bba7-1170-4c43-b912-8c38815a7625,8.5
2021-08-18,TeamA-4051bba7-1170-4c43-b912-8c38815a7625,7.5
2021-08-19,TeamA-4051bba7-1170-4c43-b912-8c38815a7625,7.0
2021-08-20,TeamA-4051bba7-1170-4c43-b912-8c38815a7625,8.5
2021-08-21,TeamA-4051bba7-1170-4c43-b912-8c38815a7625,7.5
2021-08-22,TeamA-4051bba7-1170-4c43-b912-8c38815a7625,8.5
2021-08-23,TeamA-4051bba7-1170-4c43-b912-8c38815a7625,7.5
2021-08-24,TeamA-4051bba7-1170-4c43-b912-8c38815a7625,7.0
2021-08-25,TeamA-4051bba7-1170-4c43-b912-8c38815a7625,8.5
2021-08-26,TeamA-4051bba7-1170-4c43-b912-8c38815a7625,8.5
2021-08-27,TeamA-4051bba7-1170-4c43-b912-8c38815a7625,8.5
2021-08-28,TeamA-4051bba7-1170-4c43-b912-8c38815a7625,8.5
2021-08-29,TeamA-4051bba7-1170-4c43-b912-8c38815a7625,5.0
2021-08-30,TeamA-4051bba7-1170-4c43-b912-8c38815a7625,8.5
2021-08-31,TeamA-4051bba7-1170-4c43-b912-8c38815a7625,7.5
2021-09-01,TeamA-4051bba7-1170-4c43-b912-8c38815a7625,7.5
2021-09-02,TeamA-4051bba7-1170-4c43-b912-8c38815a7625,7.5
2021-09-03,TeamA-4051bba7-1170-4c43-b912-8c38815a7625,8.0
2021-09-04,TeamA-4051bba7-1170-4c43-b912-8c38815a7625,8.5
2021-09-05,TeamA-4051bba7-1170-4c43-b912-8c38815a7625,8.5
2021-09-06,TeamA-4051bba7-1170-4c43-b912-8c38815a7625,8.5
2021-09-07,TeamA-4051bba7-1170-4c43-b912-8c38815a7625,8.0
2021-09-08,TeamA-4051bba7-1170-4c43-b912-8c38815a7625,7.0
2021-09-09,TeamA-4051bba7-1170-4c43-b912-8c38815a7625,7.5
2021-09-10,TeamA-4051bba7-1170-4c43-b912-8c38815a7625,7.0
2021-09-11,TeamA-4051bba7-1170-4c43-b912-8c38815a7625,7.5
2021-09-12,TeamA-4051bba7-1170-4c43-b912-8c38815a7625,7.0
2021-09-13,TeamA-4051bba7-1170-4c43-b912-8c38815a7625,8.0
2021-09-14,TeamA-4051bba7-1170-4c43-b912-8c38815a7625,7.5
2021-09-15,TeamA-4051bba7-1170-4c43-b912-8c38815a7625,8.0
2021-09-16,TeamA-4051bba7-1170-4c43-b912-8c38815a7625,8.0
2021-09-17,TeamA-4051bba7-1170-4c43-b912-8c38815a7625,8.5
2021-09-18,TeamA-4051bba7-1170-4c43-b912-8c38815a7625,8.5
2021-09-19,TeamA-4051bba7-1170-4c43-b912-8c38815a7625,8.5
2021-09-20,TeamA-4051bba7-1170-4c43-b912-8c38815a7625,7.5
2021-09-21,TeamA-4051bba7-1170-4c43-b912-8c38815a7625,8.0
2021-09-22,TeamA-4051bba7-1170-4c43-b912-8c38815a7625,7.5
2021-09-23,TeamA-4051bba7-1170-4c43-b912-8c38815a7625,7.5
2021-09-24,TeamA-4051bba7-1170-4c43-b912-8c38815a7625,7.5
2021-09-25,TeamA-4051bba7-1170-4c43-b912-8c38815a7625,7.0
2021-09-26,TeamA-4051bba7-1170-4c43-b912-8c38815a7625,7.0
2021-09-27,TeamA-4051bba7-1170-4c43-b912-8c38815a7625,7.5
2021-09-28,TeamA-4051bba7-1170-4c43-b912-8c38815a7625,8.0
2021-09-29,TeamA-4051bba7-1170-4c43-b912-8c38815a7625,8.0
2021-09-30,TeamA-4051bba7-1170-4c43-b912-8c38815a7625,8.5
2021-10-01,TeamA-4051bba7-1170-4c43-b912-8c38815a7625,8.5
2021-10-02,TeamA-4051bba7-1170-4c43-b912-8c38815a7625,8.0
2021-10-03,TeamA-4051bba7-1170-4c43-b912-8c38815a7625,7.0
2021-10-04,TeamA-4051bba7-1170-4c43-b912-8c38815a7625,7.0
2021-10-05,TeamA-4051bba7-1170-4c43-b912-8c38815a7625,8.0
2021-10-06,TeamA-4051bba7-1170-4c43-b912-8c38815a7625,7.5
2021-10-07,TeamA-4051bba7-1170-4c43-b912-8c38815a7625,9.0
2021-10-08,TeamA-4051bba7-1170-4c43-b912-8c38815a7625,8.5
2021-10-09,TeamA-4051bba7-1170-4c43-b912-8c38815a7625,8.5
2021-10-10,TeamA-4051bba7-1170-4c43-b912-8c38815a7625,8.5
2021-10-11,TeamA-4051bba7-1170-4c43-b912-8c38815a7625,7.5
2021-10-12,TeamA-4051bba7-1170-4c43-b912-8c38815a7625,7.5
2021-10-13,TeamA-4051bba7-1170-4c43-b912-8c38815a7625,8.0
2021-10-14,TeamA-4051bba7-1170-4c43-b912-8c38815a7625,3.0
2021-10-15,TeamA-4051bba7-1170-4c43-b912-8c38815a7625,8.0
2021-10-16,TeamA-4051bba7-1170-4c43-b912-8c38815a7625,8.0
2021-10-17,TeamA-4051bba7-1170-4c43-b912-8c38815a7625,7.0
2021-10-18,TeamA-4051bba7-1170-4c43-b912-8c38815a7625,7.5
2021-10-19,TeamA-4051bba7-1170-4c43-b912-8c38815a7625,8.0
2021-10-20,TeamA-4051bba7-1170-4c43-b912-8c38815a7625,7.5
2021-10-21,TeamA-4051bba7-1170-4c43-b912-8c38815a7625,9.0
2021-10-22,TeamA-4051bba7-1170-4c43-b912-8c38815a7625,6.5
2021-10-23,TeamA-4051bba7-1170-4c43-b912-8c38815a7625,6.0
2021-10-24,TeamA-4051bba7-1170-4c43-b912-8c38815a7625,6.5
2021-10-25,TeamA-4051bba7-1170-4c43-b912-8c38815a7625,9.0
2021-10-26,TeamA-4051bba7-1170-4c43-b912-8c38815a7625,8.0
2021-10-27,TeamA-4051bba7-1170-4c43-b912-8c38815a7625,7.5
2021-10-28,TeamA-4051bba7-1170-4c43-b912-8c38815a7625,7.0
2021-10-29,TeamA-4051bba7-1170-4c43-b912-8c38815a7625,8.0
2021-10-30,TeamA-4051bba7-1170-4c43-b912-8c38815a7625,9.0
2021-10-31,TeamA-4051bba7-1170-4c43-b912-8c38815a7625,6.0
2021-11-01,TeamA-4051bba7-1170-4c43-b912-8c38815a7625,8.0
2021-11-02,TeamA-4051bba7-1170-4c43-b912-8c38815a7625,7.0
2021-11-03,TeamA-4051bba7-1170-4c43-b912-8c38815a7625,7.5
2021-11-04,TeamA-4051bba7-1170-4c43-b912-8c38815a7625,8.5
2021-11-05,TeamA-4051bba7-1170-4c43-b912-8c38815a7625,8.5
2021-11-06,TeamA-4051bba7-1170-4c43-b912-8c38815a7625,8.0
2021-11-07,TeamA-4051bba7-1170-4c43-b912-8c38815a7625,7.5
2021-11-08,TeamA-4051bba7-1170-4c43-b912-8c38815a7625,8.5
2021-11-09,TeamA-4051bba7-1170-4c43-b912-8c38815a7625,8.0
2021-11-10,TeamA-4051bba7-1170-4c43-b912-8c38815a7625,8.0
2021-11-11,TeamA-4051bba7-1170-4c43-b912-8c38815a7625,7.5
2021-11-12,TeamA-4051bba7-1170-4c43-b912-8c38815a7625,9.0
2021-11-13,TeamA-4051bba7-1170-4c43-b912-8c38815a7625,8.5
2021-11-14,TeamA-4051bba7-1170-4c43-b912-8c38815a7625,3.0
2020-03-23,TeamA-560cb066-a8ae-412f-b09f-0d2a6aa0cf05,7.0
2020-03-24,TeamA-560cb066-a8ae-412f-b09f-0d2a6aa0cf05,8.0
2020-03-25,TeamA-560cb066-a8ae-412f-b09f-0d2a6aa0cf05,10.0
2020-03-26,TeamA-560cb066-a8ae-412f-b09f-0d2a6aa0cf05,7.0
2020-03-27,TeamA-560cb066-a8ae-412f-b09f-0d2a6aa0cf05,7.0
2020-03-28,TeamA-560cb066-a8ae-412f-b09f-0d2a6aa0cf05,6.5
2020-03-29,TeamA-560cb066-a8ae-412f-b09f-0d2a6aa0cf05,6.0
2020-03-30,TeamA-560cb066-a8ae-412f-b09f-0d2a6aa0cf05,6.0
2020-03-31,TeamA-560cb066-a8ae-412f-b09f-0d2a6aa0cf05,7.0
2020-04-01,TeamA-560cb066-a8ae-412f-b09f-0d2a6aa0cf05,5.0
2020-04-02,TeamA-560cb066-a8ae-412f-b09f-0d2a6aa0cf05,9.0
2020-04-04,TeamA-560cb066-a8ae-412f-b09f-0d2a6aa0cf05,9.0
2020-04-05,TeamA-560cb066-a8ae-412f-b09f-0d2a6aa0cf05,7.0
2020-04-06,TeamA-560cb066-a8ae-412f-b09f-0d2a6aa0cf05,8.0
2020-04-09,TeamA-560cb066-a8ae-412f-b09f-0d2a6aa0cf05,8.5
2020-04-14,TeamA-560cb066-a8ae-412f-b09f-0d2a6aa0cf05,7.0
2020-04-15,TeamA-560cb066-a8ae-412f-b09f-0d2a6aa0cf05,9.0
2020-04-16,TeamA-560cb066-a8ae-412f-b09f-0d2a6aa0cf05,8.0
2020-04-17,TeamA-560cb066-a8ae-412f-b09f-0d2a6aa0cf05,9.0
2020-04-23,TeamA-560cb066-a8ae-412f-b09f-0d2a6aa0cf05,8.0
2020-04-24,TeamA-560cb066-a8ae-412f-b09f-0d2a6aa0cf05,8.0
2020-04-26,TeamA-560cb066-a8ae-412f-b09f-0d2a6aa0cf05,6.0
2020-04-28,TeamA-560cb066-a8ae-412f-b09f-0d2a6aa0cf05,8.0
2020-04-29,TeamA-560cb066-a8ae-412f-b09f-0d2a6aa0cf05,9.0
2020-04-30,TeamA-560cb066-a8ae-412f-b09f-0d2a6aa0cf05,7.0
2020-05-04,TeamA-560cb066-a8ae-412f-b09f-0d2a6aa0cf05,7.0
2020-05-07,TeamA-560cb066-a8ae-412f-b09f-0d2a6aa0cf05,6.0
2020-05-08,TeamA-560cb066-a8ae-412f-b09f-0d2a6aa0cf05,5.0
2020-05-11,TeamA-560cb066-a8ae-412f-b09f-0d2a6aa0cf05,7.0
2020-05-12,TeamA-560cb066-a8ae-412f-b09f-0d2a6aa0cf05,8.0
2020-05-13,TeamA-560cb066-a8ae-412f-b09f-0d2a6aa0cf05,7.0
2020-05-14,TeamA-560cb066-a8ae-412f-b09f-0d2a6aa0cf05,7.5
2020-05-16,TeamA-560cb066-a8ae-412f-b09f-0d2a6aa0cf05,8.0
2020-05-18,TeamA-560cb066-a8ae-412f-b09f-0d2a6aa0cf05,8.5
2020-05-23,TeamA-560cb066-a8ae-412f-b09f-0d2a6aa0cf05,9.0
2020-05-24,TeamA-560cb066-a8ae-412f-b09f-0d2a6aa0cf05,8.0
2020-05-25,TeamA-560cb066-a8ae-412f-b09f-0d2a6aa0cf05,7.0
2020-05-26,TeamA-560cb066-a8ae-412f-b09f-0d2a6aa0cf05,8.0
2020-05-27,TeamA-560cb066-a8ae-412f-b09f-0d2a6aa0cf05,6.0
2020-05-28,TeamA-560cb066-a8ae-412f-b09f-0d2a6aa0cf05,8.0
2020-05-29,TeamA-560cb066-a8ae-412f-b09f-0d2a6aa0cf05,8.5
2020-05-30,TeamA-560cb066-a8ae-412f-b09f-0d2a6aa0cf05,8.0
2020-05-31,TeamA-560cb066-a8ae-412f-b09f-0d2a6aa0cf05,8.0
2020-06-01,TeamA-560cb066-a8ae-412f-b09f-0d2a6aa0cf05,7.0
2020-06-02,TeamA-560cb066-a8ae-412f-b09f-0d2a6aa0cf05,6.0
2020-06-03,TeamA-560cb066-a8ae-412f-b09f-0d2a6aa0cf05,6.5
2020-06-05,TeamA-560cb066-a8ae-412f-b09f-0d2a6aa0cf05,8.0
2020-06-06,TeamA-560cb066-a8ae-412f-b09f-0d2a6aa0cf05,8.0
2020-06-07,TeamA-560cb066-a8ae-412f-b09f-0d2a6aa0cf05,8.0
2020-06-08,TeamA-560cb066-a8ae-412f-b09f-0d2a6aa0cf05,6.0
2020-06-09,TeamA-560cb066-a8ae-412f-b09f-0d2a6aa0cf05,6.5
2020-06-10,TeamA-560cb066-a8ae-412f-b09f-0d2a6aa0cf05,6.5
2020-06-11,TeamA-560cb066-a8ae-412f-b09f-0d2a6aa0cf05,6.0
2020-06-12,TeamA-560cb066-a8ae-412f-b09f-0d2a6aa0cf05,10.0
2020-06-13,TeamA-560cb066-a8ae-412f-b09f-0d2a6aa0cf05,7.0
2020-06-14,TeamA-560cb066-a8ae-412f-b09f-0d2a6aa0cf05,5.5
2020-06-15,TeamA-560cb066-a8ae-412f-b09f-0d2a6aa0cf05,9.0
2020-06-16,TeamA-560cb066-a8ae-412f-b09f-0d2a6aa0cf05,8.0
2020-06-17,TeamA-560cb066-a8ae-412f-b09f-0d2a6aa0cf05,7.0
2020-06-18,TeamA-560cb066-a8ae-412f-b09f-0d2a6aa0cf05,9.0
2020-06-19,TeamA-560cb066-a8ae-412f-b09f-0d2a6aa0cf05,7.0
2020-06-20,TeamA-560cb066-a8ae-412f-b09f-0d2a6aa0cf05,8.0
2020-06-21,TeamA-560cb066-a8ae-412f-b09f-0d2a6aa0cf05,7.0
2020-06-22,TeamA-560cb066-a8ae-412f-b09f-0d2a6aa0cf05,7.0
2020-06-23,TeamA-560cb066-a8ae-412f-b09f-0d2a6aa0cf05,6.5
2020-06-24,TeamA-560cb066-a8ae-412f-b09f-0d2a6aa0cf05,6.5
2020-06-25,TeamA-560cb066-a8ae-412f-b09f-0d2a6aa0cf05,7.0
2020-06-26,TeamA-560cb066-a8ae-412f-b09f-0d2a6aa0cf05,7.0
2020-06-27,TeamA-560cb066-a8ae-412f-b09f-0d2a6aa0cf05,4.0
2020-06-28,TeamA-560cb066-a8ae-412f-b09f-0d2a6aa0cf05,10.0
2020-06-29,TeamA-560cb066-a8ae-412f-b09f-0d2a6aa0cf05,8.0
2020-06-30,TeamA-560cb066-a8ae-412f-b09f-0d2a6aa0cf05,7.0
2020-07-01,TeamA-560cb066-a8ae-412f-b09f-0d2a6aa0cf05,5.0
2020-07-02,TeamA-560cb066-a8ae-412f-b09f-0d2a6aa0cf05,5.5
2020-07-03,TeamA-560cb066-a8ae-412f-b09f-0d2a6aa0cf05,10.0
2020-07-04,TeamA-560cb066-a8ae-412f-b09f-0d2a6aa0cf05,7.0
2020-07-06,TeamA-560cb066-a8ae-412f-b09f-0d2a6aa0cf05,8.0
2020-07-07,TeamA-560cb066-a8ae-412f-b09f-0d2a6aa0cf05,7.0
2020-07-08,TeamA-560cb066-a8ae-412f-b09f-0d2a6aa0cf05,7.5
2020-07-09,TeamA-560cb066-a8ae-412f-b09f-0d2a6aa0cf05,10.0
2020-07-10,TeamA-560cb066-a8ae-412f-b09f-0d2a6aa0cf05,7.0
2020-07-11,TeamA-560cb066-a8ae-412f-b09f-0d2a6aa0cf05,10.0
2020-07-12,TeamA-560cb066-a8ae-412f-b09f-0d2a6aa0cf05,8.0
2020-07-13,TeamA-560cb066-a8ae-412f-b09f-0d2a6aa0cf05,8.0
2020-07-14,TeamA-560cb066-a8ae-412f-b09f-0d2a6aa0cf05,7.5
2020-07-15,TeamA-560cb066-a8ae-412f-b09f-0d2a6aa0cf05,7.0
2020-07-16,TeamA-560cb066-a8ae-412f-b09f-0d2a6aa0cf05,7.0
2020-07-17,TeamA-560cb066-a8ae-412f-b09f-0d2a6aa0cf05,7.0
2020-07-18,TeamA-560cb066-a8ae-412f-b09f-0d2a6aa0cf05,8.0
2020-07-20,TeamA-560cb066-a8ae-412f-b09f-0d2a6aa0cf05,7.0
2020-07-21,TeamA-560cb066-a8ae-412f-b09f-0d2a6aa0cf05,7.0
2020-07-22,TeamA-560cb066-a8ae-412f-b09f-0d2a6aa0cf05,8.0
2020-07-23,TeamA-560cb066-a8ae-412f-b09f-0d2a6aa0cf05,5.5
2020-07-24,TeamA-560cb066-a8ae-412f-b09f-0d2a6aa0cf05,6.5
2020-07-25,TeamA-560cb066-a8ae-412f-b09f-0d2a6aa0cf05,9.0
2020-07-27,TeamA-560cb066-a8ae-412f-b09f-0d2a6aa0cf05,7.0
2020-07-28,TeamA-560cb066-a8ae-412f-b09f-0d2a6aa0cf05,7.0
2020-07-29,TeamA-560cb066-a8ae-412f-b09f-0d2a6aa0cf05,7.0
2020-07-30,TeamA-560cb066-a8ae-412f-b09f-0d2a6aa0cf05,6.0
2020-07-31,TeamA-560cb066-a8ae-412f-b09f-0d2a6aa0cf05,8.5
2020-08-01,TeamA-560cb066-a8ae-412f-b09f-0d2a6aa0cf05,8.0
2020-08-02,TeamA-560cb066-a8ae-412f-b09f-0d2a6aa0cf05,6.0
2020-08-03,TeamA-560cb066-a8ae-412f-b09f-0d2a6aa0cf05,10.0
2020-08-04,TeamA-560cb066-a8ae-412f-b09f-0d2a6aa0cf05,7.0
2020-08-05,TeamA-560cb066-a8ae-412f-b09f-0d2a6aa0cf05,7.0
2020-08-06,TeamA-560cb066-a8ae-412f-b09f-0d2a6aa0cf05,6.0
2020-08-07,TeamA-560cb066-a8ae-412f-b09f-0d2a6aa0cf05,9.0
2020-08-08,TeamA-560cb066-a8ae-412f-b09f-0d2a6aa0cf05,9.0
2020-08-09,TeamA-560cb066-a8ae-412f-b09f-0d2a6aa0cf05,9.0
2020-08-10,TeamA-560cb066-a8ae-412f-b09f-0d2a6aa0cf05,10.0
2020-08-11,TeamA-560cb066-a8ae-412f-b09f-0d2a6aa0cf05,7.0
2020-08-12,TeamA-560cb066-a8ae-412f-b09f-0d2a6aa0cf05,8.5
2020-08-13,TeamA-560cb066-a8ae-412f-b09f-0d2a6aa0cf05,7.0
2020-08-14,TeamA-560cb066-a8ae-412f-b09f-0d2a6aa0cf05,6.0
2020-08-15,TeamA-560cb066-a8ae-412f-b09f-0d2a6aa0cf05,8.0
2020-08-16,TeamA-560cb066-a8ae-412f-b09f-0d2a6aa0cf05,9.0
2020-08-18,TeamA-560cb066-a8ae-412f-b09f-0d2a6aa0cf05,7.0
2020-08-19,TeamA-560cb066-a8ae-412f-b09f-0d2a6aa0cf05,7.0
2020-08-21,TeamA-560cb066-a8ae-412f-b09f-0d2a6aa0cf05,7.0
2020-08-22,TeamA-560cb066-a8ae-412f-b09f-0d2a6aa0cf05,8.5
2020-08-23,TeamA-560cb066-a8ae-412f-b09f-0d2a6aa0cf05,8.0
2020-08-24,TeamA-560cb066-a8ae-412f-b09f-0d2a6aa0cf05,8.0
2020-08-26,TeamA-560cb066-a8ae-412f-b09f-0d2a6aa0cf05,8.0
2020-08-28,TeamA-560cb066-a8ae-412f-b09f-0d2a6aa0cf05,7.0
2020-08-29,TeamA-560cb066-a8ae-412f-b09f-0d2a6aa0cf05,8.0
2020-08-30,TeamA-560cb066-a8ae-412f-b09f-0d2a6aa0cf05,8.0
2020-08-31,TeamA-560cb066-a8ae-412f-b09f-0d2a6aa0cf05,8.5
2020-09-01,TeamA-560cb066-a8ae-412f-b09f-0d2a6aa0cf05,8.0
2020-09-02,TeamA-560cb066-a8ae-412f-b09f-0d2a6aa0cf05,8.0
2020-09-03,TeamA-560cb066-a8ae-412f-b09f-0d2a6aa0cf05,9.0
2020-09-04,TeamA-560cb066-a8ae-412f-b09f-0d2a6aa0cf05,7.0
2020-09-05,TeamA-560cb066-a8ae-412f-b09f-0d2a6aa0cf05,8.0
2020-09-06,TeamA-560cb066-a8ae-412f-b09f-0d2a6aa0cf05,8.0
2020-09-07,TeamA-560cb066-a8ae-412f-b09f-0d2a6aa0cf05,8.0
2020-09-08,TeamA-560cb066-a8ae-412f-b09f-0d2a6aa0cf05,7.0
2020-09-09,TeamA-560cb066-a8ae-412f-b09f-0d2a6aa0cf05,8.0
2020-09-11,TeamA-560cb066-a8ae-412f-b09f-0d2a6aa0cf05,9.0
2020-09-12,TeamA-560cb066-a8ae-412f-b09f-0d2a6aa0cf05,9.0
2020-09-13,TeamA-560cb066-a8ae-412f-b09f-0d2a6aa0cf05,8.0
2020-09-14,TeamA-560cb066-a8ae-412f-b09f-0d2a6aa0cf05,5.0
2020-09-15,TeamA-560cb066-a8ae-412f-b09f-0d2a6aa0cf05,6.0
2020-09-17,TeamA-560cb066-a8ae-412f-b09f-0d2a6aa0cf05,7.0
2020-09-19,TeamA-560cb066-a8ae-412f-b09f-0d2a6aa0cf05,9.0
2020-09-20,TeamA-560cb066-a8ae-412f-b09f-0d2a6aa0cf05,8.0
2020-09-21,TeamA-560cb066-a8ae-412f-b09f-0d2a6aa0cf05,7.0
2020-09-22,TeamA-560cb066-a8ae-412f-b09f-0d2a6aa0cf05,6.0
2020-09-23,TeamA-560cb066-a8ae-412f-b09f-0d2a6aa0cf05,7.0
2020-09-25,TeamA-560cb066-a8ae-412f-b09f-0d2a6aa0cf05,9.0
2020-09-26,TeamA-560cb066-a8ae-412f-b09f-0d2a6aa0cf05,7.0
2020-09-27,TeamA-560cb066-a8ae-412f-b09f-0d2a6aa0cf05,8.0
2020-09-29,TeamA-560cb066-a8ae-412f-b09f-0d2a6aa0cf05,7.0
2020-09-30,TeamA-560cb066-a8ae-412f-b09f-0d2a6aa0cf05,5.0
2020-10-02,TeamA-560cb066-a8ae-412f-b09f-0d2a6aa0cf05,6.0
2020-10-04,TeamA-560cb066-a8ae-412f-b09f-0d2a6aa0cf05,8.0
2020-10-05,TeamA-560cb066-a8ae-412f-b09f-0d2a6aa0cf05,9.0
2020-10-07,TeamA-560cb066-a8ae-412f-b09f-0d2a6aa0cf05,8.0
2020-10-08,TeamA-560cb066-a8ae-412f-b09f-0d2a6aa0cf05,8.0
2020-10-10,TeamA-560cb066-a8ae-412f-b09f-0d2a6aa0cf05,8.0
2020-10-11,TeamA-560cb066-a8ae-412f-b09f-0d2a6aa0cf05,10.0
2020-10-13,TeamA-560cb066-a8ae-412f-b09f-0d2a6aa0cf05,7.0
2020-10-14,TeamA-560cb066-a8ae-412f-b09f-0d2a6aa0cf05,7.0
2020-10-15,TeamA-560cb066-a8ae-412f-b09f-0d2a6aa0cf05,7.0
2020-10-16,TeamA-560cb066-a8ae-412f-b09f-0d2a6aa0cf05,8.0
2020-10-17,TeamA-560cb066-a8ae-412f-b09f-0d2a6aa0cf05,8.0
2020-10-18,TeamA-560cb066-a8ae-412f-b09f-0d2a6aa0cf05,8.0
2020-10-20,TeamA-560cb066-a8ae-412f-b09f-0d2a6aa0cf05,5.0
2020-10-21,TeamA-560cb066-a8ae-412f-b09f-0d2a6aa0cf05,8.0
2020-10-22,TeamA-560cb066-a8ae-412f-b09f-0d2a6aa0cf05,8.0
2020-10-23,TeamA-560cb066-a8ae-412f-b09f-0d2a6aa0cf05,7.0
2020-10-25,TeamA-560cb066-a8ae-412f-b09f-0d2a6aa0cf05,8.0
2020-10-26,TeamA-560cb066-a8ae-412f-b09f-0d2a6aa0cf05,4.0
2020-10-28,TeamA-560cb066-a8ae-412f-b09f-0d2a6aa0cf05,8.0
2020-10-29,TeamA-560cb066-a8ae-412f-b09f-0d2a6aa0cf05,9.0
2020-10-30,TeamA-560cb066-a8ae-412f-b09f-0d2a6aa0cf05,8.0
2020-10-31,TeamA-560cb066-a8ae-412f-b09f-0d2a6aa0cf05,8.0
2020-11-02,TeamA-560cb066-a8ae-412f-b09f-0d2a6aa0cf05,8.0
2020-11-03,TeamA-560cb066-a8ae-412f-b09f-0d2a6aa0cf05,7.0
2020-11-05,TeamA-560cb066-a8ae-412f-b09f-0d2a6aa0cf05,8.0
2020-11-09,TeamA-560cb066-a8ae-412f-b09f-0d2a6aa0cf05,8.0
2020-11-10,TeamA-560cb066-a8ae-412f-b09f-0d2a6aa0cf05,8.0
2020-11-11,TeamA-560cb066-a8ae-412f-b09f-0d2a6aa0cf05,7.0
2020-11-13,TeamA-560cb066-a8ae-412f-b09f-0d2a6aa0cf05,7.0
2020-11-14,TeamA-560cb066-a8ae-412f-b09f-0d2a6aa0cf05,8.0
2020-11-16,TeamA-560cb066-a8ae-412f-b09f-0d2a6aa0cf05,7.0
2020-11-17,TeamA-560cb066-a8ae-412f-b09f-0d2a6aa0cf05,7.0
2020-11-18,TeamA-560cb066-a8ae-412f-b09f-0d2a6aa0cf05,5.5
2020-11-19,TeamA-560cb066-a8ae-412f-b09f-0d2a6aa0cf05,7.0
2020-11-20,TeamA-560cb066-a8ae-412f-b09f-0d2a6aa0cf05,9.0
2020-11-25,TeamA-560cb066-a8ae-412f-b09f-0d2a6aa0cf05,7.0
2020-11-26,TeamA-560cb066-a8ae-412f-b09f-0d2a6aa0cf05,8.0
2020-11-27,TeamA-560cb066-a8ae-412f-b09f-0d2a6aa0cf05,7.0
2020-11-28,TeamA-560cb066-a8ae-412f-b09f-0d2a6aa0cf05,7.0
2020-11-29,TeamA-560cb066-a8ae-412f-b09f-0d2a6aa0cf05,10.0
2020-11-30,TeamA-560cb066-a8ae-412f-b09f-0d2a6aa0cf05,7.0
2020-12-01,TeamA-560cb066-a8ae-412f-b09f-0d2a6aa0cf05,7.0
2020-12-03,TeamA-560cb066-a8ae-412f-b09f-0d2a6aa0cf05,8.0
2020-12-05,TeamA-560cb066-a8ae-412f-b09f-0d2a6aa0cf05,8.0
2020-12-08,TeamA-560cb066-a8ae-412f-b09f-0d2a6aa0cf05,7.0
2020-12-09,TeamA-560cb066-a8ae-412f-b09f-0d2a6aa0cf05,7.0
2020-12-10,TeamA-560cb066-a8ae-412f-b09f-0d2a6aa0cf05,7.0
2020-12-11,TeamA-560cb066-a8ae-412f-b09f-0d2a6aa0cf05,6.0
2021-01-06,TeamA-560cb066-a8ae-412f-b09f-0d2a6aa0cf05,8.0
2021-01-11,TeamA-560cb066-a8ae-412f-b09f-0d2a6aa0cf05,7.0
2021-01-12,TeamA-560cb066-a8ae-412f-b09f-0d2a6aa0cf05,7.0
2021-01-13,TeamA-560cb066-a8ae-412f-b09f-0d2a6aa0cf05,7.0
2021-01-14,TeamA-560cb066-a8ae-412f-b09f-0d2a6aa0cf05,7.0
2021-01-15,TeamA-560cb066-a8ae-412f-b09f-0d2a6aa0cf05,7.0
2021-01-16,TeamA-560cb066-a8ae-412f-b09f-0d2a6aa0cf05,7.0
2021-01-17,TeamA-560cb066-a8ae-412f-b09f-0d2a6aa0cf05,8.0
2021-01-18,TeamA-560cb066-a8ae-412f-b09f-0d2a6aa0cf05,10.0
2021-01-19,TeamA-560cb066-a8ae-412f-b09f-0d2a6aa0cf05,5.5
2021-01-20,TeamA-560cb066-a8ae-412f-b09f-0d2a6aa0cf05,10.0
2021-01-21,TeamA-560cb066-a8ae-412f-b09f-0d2a6aa0cf05,7.0
2021-01-22,TeamA-560cb066-a8ae-412f-b09f-0d2a6aa0cf05,7.0
2021-01-23,TeamA-560cb066-a8ae-412f-b09f-0d2a6aa0cf05,10.0
2021-01-24,TeamA-560cb066-a8ae-412f-b09f-0d2a6aa0cf05,8.0
2021-01-25,TeamA-560cb066-a8ae-412f-b09f-0d2a6aa0cf05,6.0
2021-01-26,TeamA-560cb066-a8ae-412f-b09f-0d2a6aa0cf05,7.0
2021-01-27,TeamA-560cb066-a8ae-412f-b09f-0d2a6aa0cf05,9.0
2021-01-28,TeamA-560cb066-a8ae-412f-b09f-0d2a6aa0cf05,8.0
2021-01-29,TeamA-560cb066-a8ae-412f-b09f-0d2a6aa0cf05,10.0
2021-01-30,TeamA-560cb066-a8ae-412f-b09f-0d2a6aa0cf05,8.0
2021-01-31,TeamA-560cb066-a8ae-412f-b09f-0d2a6aa0cf05,10.0
2021-02-01,TeamA-560cb066-a8ae-412f-b09f-0d2a6aa0cf05,7.0
2021-02-02,TeamA-560cb066-a8ae-412f-b09f-0d2a6aa0cf05,8.0
2021-02-03,TeamA-560cb066-a8ae-412f-b09f-0d2a6aa0cf05,10.0
2021-02-04,TeamA-560cb066-a8ae-412f-b09f-0d2a6aa0cf05,7.0
2021-02-05,TeamA-560cb066-a8ae-412f-b09f-0d2a6aa0cf05,7.0
2021-02-06,TeamA-560cb066-a8ae-412f-b09f-0d2a6aa0cf05,10.0
2021-02-08,TeamA-560cb066-a8ae-412f-b09f-0d2a6aa0cf05,10.0
2021-02-09,TeamA-560cb066-a8ae-412f-b09f-0d2a6aa0cf05,5.0
2021-02-10,TeamA-560cb066-a8ae-412f-b09f-0d2a6aa0cf05,7.0
2021-02-11,TeamA-560cb066-a8ae-412f-b09f-0d2a6aa0cf05,9.0
2021-02-12,TeamA-560cb066-a8ae-412f-b09f-0d2a6aa0cf05,8.0
2021-02-13,TeamA-560cb066-a8ae-412f-b09f-0d2a6aa0cf05,8.0
2021-02-14,TeamA-560cb066-a8ae-412f-b09f-0d2a6aa0cf05,10.0
2021-02-15,TeamA-560cb066-a8ae-412f-b09f-0d2a6aa0cf05,8.0
2021-02-16,TeamA-560cb066-a8ae-412f-b09f-0d2a6aa0cf05,7.0
2021-02-17,TeamA-560cb066-a8ae-412f-b09f-0d2a6aa0cf05,7.0
2021-02-18,TeamA-560cb066-a8ae-412f-b09f-0d2a6aa0cf05,7.0
2021-02-19,TeamA-560cb066-a8ae-412f-b09f-0d2a6aa0cf05,8.0
2021-02-20,TeamA-560cb066-a8ae-412f-b09f-0d2a6aa0cf05,5.0
2021-02-21,TeamA-560cb066-a8ae-412f-b09f-0d2a6aa0cf05,10.0
2021-02-22,TeamA-560cb066-a8ae-412f-b09f-0d2a6aa0cf05,8.0
2021-02-24,TeamA-560cb066-a8ae-412f-b09f-0d2a6aa0cf05,8.0
2021-02-25,TeamA-560cb066-a8ae-412f-b09f-0d2a6aa0cf05,8.0
2021-02-28,TeamA-560cb066-a8ae-412f-b09f-0d2a6aa0cf05,8.0
2021-03-03,TeamA-560cb066-a8ae-412f-b09f-0d2a6aa0cf05,7.0
2021-03-05,TeamA-560cb066-a8ae-412f-b09f-0d2a6aa0cf05,8.0
2021-03-06,TeamA-560cb066-a8ae-412f-b09f-0d2a6aa0cf05,8.0
2021-03-07,TeamA-560cb066-a8ae-412f-b09f-0d2a6aa0cf05,10.0
2021-03-08,TeamA-560cb066-a8ae-412f-b09f-0d2a6aa0cf05,8.0
2021-03-09,TeamA-560cb066-a8ae-412f-b09f-0d2a6aa0cf05,8.0
2021-03-10,TeamA-560cb066-a8ae-412f-b09f-0d2a6aa0cf05,7.0
2021-03-11,TeamA-560cb066-a8ae-412f-b09f-0d2a6aa0cf05,8.0
2021-03-12,TeamA-560cb066-a8ae-412f-b09f-0d2a6aa0cf05,8.0
2021-03-13,TeamA-560cb066-a8ae-412f-b09f-0d2a6aa0cf05,10.0
2021-03-14,TeamA-560cb066-a8ae-412f-b09f-0d2a6aa0cf05,8.0
2021-03-15,TeamA-560cb066-a8ae-412f-b09f-0d2a6aa0cf05,7.0
2021-03-16,TeamA-560cb066-a8ae-412f-b09f-0d2a6aa0cf05,7.0
2021-03-17,TeamA-560cb066-a8ae-412f-b09f-0d2a6aa0cf05,7.0
2021-03-18,TeamA-560cb066-a8ae-412f-b09f-0d2a6aa0cf05,8.0
2021-03-19,TeamA-560cb066-a8ae-412f-b09f-0d2a6aa0cf05,10.0
2021-03-23,TeamA-560cb066-a8ae-412f-b09f-0d2a6aa0cf05,7.0
2021-03-24,TeamA-560cb066-a8ae-412f-b09f-0d2a6aa0cf05,8.0
2021-03-25,TeamA-560cb066-a8ae-412f-b09f-0d2a6aa0cf05,7.0
2021-03-26,TeamA-560cb066-a8ae-412f-b09f-0d2a6aa0cf05,8.0
2021-03-27,TeamA-560cb066-a8ae-412f-b09f-0d2a6aa0cf05,7.0
2021-03-28,TeamA-560cb066-a8ae-412f-b09f-0d2a6aa0cf05,8.0
2021-03-29,TeamA-560cb066-a8ae-412f-b09f-0d2a6aa0cf05,10.0
2021-03-30,TeamA-560cb066-a8ae-412f-b09f-0d2a6aa0cf05,7.0
2021-03-31,TeamA-560cb066-a8ae-412f-b09f-0d2a6aa0cf05,8.0
2021-04-01,TeamA-560cb066-a8ae-412f-b09f-0d2a6aa0cf05,10.0
2021-04-06,TeamA-560cb066-a8ae-412f-b09f-0d2a6aa0cf05,7.0
2021-04-07,TeamA-560cb066-a8ae-412f-b09f-0d2a6aa0cf05,8.0
2021-04-08,TeamA-560cb066-a8ae-412f-b09f-0d2a6aa0cf05,9.0
2021-04-09,TeamA-560cb066-a8ae-412f-b09f-0d2a6aa0cf05,9.0
2021-04-10,TeamA-560cb066-a8ae-412f-b09f-0d2a6aa0cf05,8.0
2021-04-12,TeamA-560cb066-a8ae-412f-b09f-0d2a6aa0cf05,6.0
2021-04-13,TeamA-560cb066-a8ae-412f-b09f-0d2a6aa0cf05,7.0
2021-04-14,TeamA-560cb066-a8ae-412f-b09f-0d2a6aa0cf05,7.0
2021-04-20,TeamA-560cb066-a8ae-412f-b09f-0d2a6aa0cf05,7.0
2021-04-22,TeamA-560cb066-a8ae-412f-b09f-0d2a6aa0cf05,7.0
2021-04-23,TeamA-560cb066-a8ae-412f-b09f-0d2a6aa0cf05,8.0
2021-04-26,TeamA-560cb066-a8ae-412f-b09f-0d2a6aa0cf05,8.0
2021-04-28,TeamA-560cb066-a8ae-412f-b09f-0d2a6aa0cf05,7.0
2021-05-01,TeamA-560cb066-a8ae-412f-b09f-0d2a6aa0cf05,7.0
2021-05-05,TeamA-560cb066-a8ae-412f-b09f-0d2a6aa0cf05,7.0
2021-06-18,TeamA-560cb066-a8ae-412f-b09f-0d2a6aa0cf05,10.0
2021-06-19,TeamA-560cb066-a8ae-412f-b09f-0d2a6aa0cf05,10.0
2021-06-20,TeamA-560cb066-a8ae-412f-b09f-0d2a6aa0cf05,9.0
2021-06-21,TeamA-560cb066-a8ae-412f-b09f-0d2a6aa0cf05,8.0
2021-06-22,TeamA-560cb066-a8ae-412f-b09f-0d2a6aa0cf05,10.0
2021-06-23,TeamA-560cb066-a8ae-412f-b09f-0d2a6aa0cf05,8.0
2021-06-24,TeamA-560cb066-a8ae-412f-b09f-0d2a6aa0cf05,8.0
2021-06-25,TeamA-560cb066-a8ae-412f-b09f-0d2a6aa0cf05,8.0
2021-06-26,TeamA-560cb066-a8ae-412f-b09f-0d2a6aa0cf05,8.0
2021-06-27,TeamA-560cb066-a8ae-412f-b09f-0d2a6aa0cf05,8.0
2021-06-28,TeamA-560cb066-a8ae-412f-b09f-0d2a6aa0cf05,8.0
2021-06-29,TeamA-560cb066-a8ae-412f-b09f-0d2a6aa0cf05,10.0
2021-06-30,TeamA-560cb066-a8ae-412f-b09f-0d2a6aa0cf05,10.0
2021-07-03,TeamA-560cb066-a8ae-412f-b09f-0d2a6aa0cf05,10.0
2021-07-04,TeamA-560cb066-a8ae-412f-b09f-0d2a6aa0cf05,9.0
2021-07-05,TeamA-560cb066-a8ae-412f-b09f-0d2a6aa0cf05,7.0
2021-07-07,TeamA-560cb066-a8ae-412f-b09f-0d2a6aa0cf05,7.0
2021-07-13,TeamA-560cb066-a8ae-412f-b09f-0d2a6aa0cf05,8.0
2021-07-14,TeamA-560cb066-a8ae-412f-b09f-0d2a6aa0cf05,8.0
2021-08-10,TeamA-560cb066-a8ae-412f-b09f-0d2a6aa0cf05,8.0
2021-08-11,TeamA-560cb066-a8ae-412f-b09f-0d2a6aa0cf05,10.0
2021-08-12,TeamA-560cb066-a8ae-412f-b09f-0d2a6aa0cf05,10.0
2021-08-17,TeamA-560cb066-a8ae-412f-b09f-0d2a6aa0cf05,10.0
2021-08-20,TeamA-560cb066-a8ae-412f-b09f-0d2a6aa0cf05,10.0
2021-08-23,TeamA-560cb066-a8ae-412f-b09f-0d2a6aa0cf05,9.0
2021-08-24,TeamA-560cb066-a8ae-412f-b09f-0d2a6aa0cf05,8.0
2021-08-25,TeamA-560cb066-a8ae-412f-b09f-0d2a6aa0cf05,8.5
2021-08-26,TeamA-560cb066-a8ae-412f-b09f-0d2a6aa0cf05,7.0
2021-08-27,TeamA-560cb066-a8ae-412f-b09f-0d2a6aa0cf05,10.0
2021-08-28,TeamA-560cb066-a8ae-412f-b09f-0d2a6aa0cf05,9.0
2021-08-29,TeamA-560cb066-a8ae-412f-b09f-0d2a6aa0cf05,7.0
2021-08-30,TeamA-560cb066-a8ae-412f-b09f-0d2a6aa0cf05,6.0
2021-09-02,TeamA-560cb066-a8ae-412f-b09f-0d2a6aa0cf05,7.0
2021-09-03,TeamA-560cb066-a8ae-412f-b09f-0d2a6aa0cf05,8.0
2021-09-04,TeamA-560cb066-a8ae-412f-b09f-0d2a6aa0cf05,9.0
2021-09-06,TeamA-560cb066-a8ae-412f-b09f-0d2a6aa0cf05,6.0
2021-09-07,TeamA-560cb066-a8ae-412f-b09f-0d2a6aa0cf05,10.0
2021-09-08,TeamA-560cb066-a8ae-412f-b09f-0d2a6aa0cf05,8.0
2021-09-09,TeamA-560cb066-a8ae-412f-b09f-0d2a6aa0cf05,8.0
2021-09-10,TeamA-560cb066-a8ae-412f-b09f-0d2a6aa0cf05,6.0
2021-09-11,TeamA-560cb066-a8ae-412f-b09f-0d2a6aa0cf05,8.0
2021-09-12,TeamA-560cb066-a8ae-412f-b09f-0d2a6aa0cf05,9.0
2021-09-13,TeamA-560cb066-a8ae-412f-b09f-0d2a6aa0cf05,6.0
2021-09-14,TeamA-560cb066-a8ae-412f-b09f-0d2a6aa0cf05,8.0
2021-09-16,TeamA-560cb066-a8ae-412f-b09f-0d2a6aa0cf05,8.0
2021-09-17,TeamA-560cb066-a8ae-412f-b09f-0d2a6aa0cf05,10.0
2021-09-22,TeamA-560cb066-a8ae-412f-b09f-0d2a6aa0cf05,6.5
2021-09-24,TeamA-560cb066-a8ae-412f-b09f-0d2a6aa0cf05,10.0
2021-09-25,TeamA-560cb066-a8ae-412f-b09f-0d2a6aa0cf05,9.0
2021-09-26,TeamA-560cb066-a8ae-412f-b09f-0d2a6aa0cf05,9.0
2021-09-30,TeamA-560cb066-a8ae-412f-b09f-0d2a6aa0cf05,10.0
2021-10-04,TeamA-560cb066-a8ae-412f-b09f-0d2a6aa0cf05,7.0
2021-10-05,TeamA-560cb066-a8ae-412f-b09f-0d2a6aa0cf05,7.0
2021-10-06,TeamA-560cb066-a8ae-412f-b09f-0d2a6aa0cf05,8.0
2021-10-07,TeamA-560cb066-a8ae-412f-b09f-0d2a6aa0cf05,8.0
2021-10-08,TeamA-560cb066-a8ae-412f-b09f-0d2a6aa0cf05,10.0
2021-10-12,TeamA-560cb066-a8ae-412f-b09f-0d2a6aa0cf05,8.0
2021-10-13,TeamA-560cb066-a8ae-412f-b09f-0d2a6aa0cf05,8.0
2021-11-17,TeamA-560cb066-a8ae-412f-b09f-0d2a6aa0cf05,5.0
2021-11-18,TeamA-560cb066-a8ae-412f-b09f-0d2a6aa0cf05,8.0
2021-12-13,TeamA-560cb066-a8ae-412f-b09f-0d2a6aa0cf05,7.0
2021-12-14,TeamA-560cb066-a8ae-412f-b09f-0d2a6aa0cf05,6.0
2021-12-15,TeamA-560cb066-a8ae-412f-b09f-0d2a6aa0cf05,6.0
2021-12-16,TeamA-560cb066-a8ae-412f-b09f-0d2a6aa0cf05,6.0
2021-12-18,TeamA-560cb066-a8ae-412f-b09f-0d2a6aa0cf05,8.0
2020-03-21,TeamA-5a3be598-2f51-426f-95a5-b63d1d7c1b43,8.0
2020-03-22,TeamA-5a3be598-2f51-426f-95a5-b63d1d7c1b43,8.5
2020-03-23,TeamA-5a3be598-2f51-426f-95a5-b63d1d7c1b43,8.5
2020-03-24,TeamA-5a3be598-2f51-426f-95a5-b63d1d7c1b43,8.5
2020-03-25,TeamA-5a3be598-2f51-426f-95a5-b63d1d7c1b43,8.5
2020-03-26,TeamA-5a3be598-2f51-426f-95a5-b63d1d7c1b43,9.0
2020-03-27,TeamA-5a3be598-2f51-426f-95a5-b63d1d7c1b43,8.0
2020-03-28,TeamA-5a3be598-2f51-426f-95a5-b63d1d7c1b43,7.5
2020-03-29,TeamA-5a3be598-2f51-426f-95a5-b63d1d7c1b43,8.5
2020-03-30,TeamA-5a3be598-2f51-426f-95a5-b63d1d7c1b43,9.0
2020-03-31,TeamA-5a3be598-2f51-426f-95a5-b63d1d7c1b43,8.5
2020-04-01,TeamA-5a3be598-2f51-426f-95a5-b63d1d7c1b43,8.5
2020-04-02,TeamA-5a3be598-2f51-426f-95a5-b63d1d7c1b43,6.5
2020-04-03,TeamA-5a3be598-2f51-426f-95a5-b63d1d7c1b43,8.0
2020-04-04,TeamA-5a3be598-2f51-426f-95a5-b63d1d7c1b43,8.0
2020-04-05,TeamA-5a3be598-2f51-426f-95a5-b63d1d7c1b43,9.0
2020-04-06,TeamA-5a3be598-2f51-426f-95a5-b63d1d7c1b43,8.0
2020-04-07,TeamA-5a3be598-2f51-426f-95a5-b63d1d7c1b43,8.5
2020-04-08,TeamA-5a3be598-2f51-426f-95a5-b63d1d7c1b43,8.5
2020-04-09,TeamA-5a3be598-2f51-426f-95a5-b63d1d7c1b43,8.5
2020-04-10,TeamA-5a3be598-2f51-426f-95a5-b63d1d7c1b43,9.0
2020-04-12,TeamA-5a3be598-2f51-426f-95a5-b63d1d7c1b43,9.0
2020-04-13,TeamA-5a3be598-2f51-426f-95a5-b63d1d7c1b43,7.5
2020-04-14,TeamA-5a3be598-2f51-426f-95a5-b63d1d7c1b43,7.5
2020-04-15,TeamA-5a3be598-2f51-426f-95a5-b63d1d7c1b43,9.0
2020-04-16,TeamA-5a3be598-2f51-426f-95a5-b63d1d7c1b43,8.5
2020-04-17,TeamA-5a3be598-2f51-426f-95a5-b63d1d7c1b43,8.0
2020-04-19,TeamA-5a3be598-2f51-426f-95a5-b63d1d7c1b43,8.0
2020-04-20,TeamA-5a3be598-2f51-426f-95a5-b63d1d7c1b43,8.0
2020-04-21,TeamA-5a3be598-2f51-426f-95a5-b63d1d7c1b43,6.0
2020-04-22,TeamA-5a3be598-2f51-426f-95a5-b63d1d7c1b43,8.5
2020-04-23,TeamA-5a3be598-2f51-426f-95a5-b63d1d7c1b43,8.0
2020-04-24,TeamA-5a3be598-2f51-426f-95a5-b63d1d7c1b43,8.0
2020-04-25,TeamA-5a3be598-2f51-426f-95a5-b63d1d7c1b43,7.5
2020-04-26,TeamA-5a3be598-2f51-426f-95a5-b63d1d7c1b43,8.0
2020-04-27,TeamA-5a3be598-2f51-426f-95a5-b63d1d7c1b43,8.0
2020-04-28,TeamA-5a3be598-2f51-426f-95a5-b63d1d7c1b43,8.5
2020-04-29,TeamA-5a3be598-2f51-426f-95a5-b63d1d7c1b43,7.0
2020-04-30,TeamA-5a3be598-2f51-426f-95a5-b63d1d7c1b43,9.0
2020-05-01,TeamA-5a3be598-2f51-426f-95a5-b63d1d7c1b43,9.0
2020-05-02,TeamA-5a3be598-2f51-426f-95a5-b63d1d7c1b43,7.5
2020-05-03,TeamA-5a3be598-2f51-426f-95a5-b63d1d7c1b43,8.5
2020-05-04,TeamA-5a3be598-2f51-426f-95a5-b63d1d7c1b43,8.5
2020-05-05,TeamA-5a3be598-2f51-426f-95a5-b63d1d7c1b43,9.0
2020-05-06,TeamA-5a3be598-2f51-426f-95a5-b63d1d7c1b43,9.0
2020-05-08,TeamA-5a3be598-2f51-426f-95a5-b63d1d7c1b43,8.5
2020-05-09,TeamA-5a3be598-2f51-426f-95a5-b63d1d7c1b43,8.0
2020-05-10,TeamA-5a3be598-2f51-426f-95a5-b63d1d7c1b43,8.5
2020-05-11,TeamA-5a3be598-2f51-426f-95a5-b63d1d7c1b43,8.0
2020-05-12,TeamA-5a3be598-2f51-426f-95a5-b63d1d7c1b43,8.0
2020-05-13,TeamA-5a3be598-2f51-426f-95a5-b63d1d7c1b43,8.5
2020-05-14,TeamA-5a3be598-2f51-426f-95a5-b63d1d7c1b43,8.5
2020-05-15,TeamA-5a3be598-2f51-426f-95a5-b63d1d7c1b43,8.0
2020-05-17,TeamA-5a3be598-2f51-426f-95a5-b63d1d7c1b43,8.5
2020-05-18,TeamA-5a3be598-2f51-426f-95a5-b63d1d7c1b43,8.0
2020-05-19,TeamA-5a3be598-2f51-426f-95a5-b63d1d7c1b43,8.0
2020-05-20,TeamA-5a3be598-2f51-426f-95a5-b63d1d7c1b43,9.0
2020-05-21,TeamA-5a3be598-2f51-426f-95a5-b63d1d7c1b43,8.0
2020-05-22,TeamA-5a3be598-2f51-426f-95a5-b63d1d7c1b43,8.0
2020-05-23,TeamA-5a3be598-2f51-426f-95a5-b63d1d7c1b43,8.0
2020-05-24,TeamA-5a3be598-2f51-426f-95a5-b63d1d7c1b43,8.0
2020-05-25,TeamA-5a3be598-2f51-426f-95a5-b63d1d7c1b43,8.0
2020-05-26,TeamA-5a3be598-2f51-426f-95a5-b63d1d7c1b43,8.5
2020-05-27,TeamA-5a3be598-2f51-426f-95a5-b63d1d7c1b43,8.0
2020-05-28,TeamA-5a3be598-2f51-426f-95a5-b63d1d7c1b43,8.0
2020-05-29,TeamA-5a3be598-2f51-426f-95a5-b63d1d7c1b43,8.0
2020-05-30,TeamA-5a3be598-2f51-426f-95a5-b63d1d7c1b43,8.5
2020-05-31,TeamA-5a3be598-2f51-426f-95a5-b63d1d7c1b43,6.5
2020-06-01,TeamA-5a3be598-2f51-426f-95a5-b63d1d7c1b43,9.0
2020-06-02,TeamA-5a3be598-2f51-426f-95a5-b63d1d7c1b43,8.5
2020-06-03,TeamA-5a3be598-2f51-426f-95a5-b63d1d7c1b43,8.5
2020-06-04,TeamA-5a3be598-2f51-426f-95a5-b63d1d7c1b43,8.0
2020-06-05,TeamA-5a3be598-2f51-426f-95a5-b63d1d7c1b43,8.5
2020-06-06,TeamA-5a3be598-2f51-426f-95a5-b63d1d7c1b43,8.0
2020-06-07,TeamA-5a3be598-2f51-426f-95a5-b63d1d7c1b43,9.0
2020-06-08,TeamA-5a3be598-2f51-426f-95a5-b63d1d7c1b43,8.0
2020-06-09,TeamA-5a3be598-2f51-426f-95a5-b63d1d7c1b43,8.0
2020-06-10,TeamA-5a3be598-2f51-426f-95a5-b63d1d7c1b43,7.0
2020-06-11,TeamA-5a3be598-2f51-426f-95a5-b63d1d7c1b43,8.5
2020-06-12,TeamA-5a3be598-2f51-426f-95a5-b63d1d7c1b43,8.0
2020-06-13,TeamA-5a3be598-2f51-426f-95a5-b63d1d7c1b43,8.0
2020-06-14,TeamA-5a3be598-2f51-426f-95a5-b63d1d7c1b43,7.5
2020-06-15,TeamA-5a3be598-2f51-426f-95a5-b63d1d7c1b43,8.0
2020-06-16,TeamA-5a3be598-2f51-426f-95a5-b63d1d7c1b43,8.5
2020-06-17,TeamA-5a3be598-2f51-426f-95a5-b63d1d7c1b43,8.5
2020-06-18,TeamA-5a3be598-2f51-426f-95a5-b63d1d7c1b43,8.0
2020-06-19,TeamA-5a3be598-2f51-426f-95a5-b63d1d7c1b43,8.5
2020-06-20,TeamA-5a3be598-2f51-426f-95a5-b63d1d7c1b43,8.0
2020-06-21,TeamA-5a3be598-2f51-426f-95a5-b63d1d7c1b43,7.0
2020-06-22,TeamA-5a3be598-2f51-426f-95a5-b63d1d7c1b43,8.5
2020-06-23,TeamA-5a3be598-2f51-426f-95a5-b63d1d7c1b43,8.0
2020-06-25,TeamA-5a3be598-2f51-426f-95a5-b63d1d7c1b43,8.0
2020-06-26,TeamA-5a3be598-2f51-426f-95a5-b63d1d7c1b43,8.5
2020-06-27,TeamA-5a3be598-2f51-426f-95a5-b63d1d7c1b43,8.0
2020-06-28,TeamA-5a3be598-2f51-426f-95a5-b63d1d7c1b43,7.5
2020-06-29,TeamA-5a3be598-2f51-426f-95a5-b63d1d7c1b43,8.0
2020-06-30,TeamA-5a3be598-2f51-426f-95a5-b63d1d7c1b43,9.0
2020-07-01,TeamA-5a3be598-2f51-426f-95a5-b63d1d7c1b43,8.5
2020-07-02,TeamA-5a3be598-2f51-426f-95a5-b63d1d7c1b43,8.5
2020-07-03,TeamA-5a3be598-2f51-426f-95a5-b63d1d7c1b43,8.5
2020-07-04,TeamA-5a3be598-2f51-426f-95a5-b63d1d7c1b43,8.0
2020-07-05,TeamA-5a3be598-2f51-426f-95a5-b63d1d7c1b43,8.0
2020-07-06,TeamA-5a3be598-2f51-426f-95a5-b63d1d7c1b43,8.5
2020-07-07,TeamA-5a3be598-2f51-426f-95a5-b63d1d7c1b43,8.5
2020-07-08,TeamA-5a3be598-2f51-426f-95a5-b63d1d7c1b43,8.5
2020-07-09,TeamA-5a3be598-2f51-426f-95a5-b63d1d7c1b43,8.0
2020-07-10,TeamA-5a3be598-2f51-426f-95a5-b63d1d7c1b43,8.5
2020-07-11,TeamA-5a3be598-2f51-426f-95a5-b63d1d7c1b43,8.5
2020-07-12,TeamA-5a3be598-2f51-426f-95a5-b63d1d7c1b43,8.5
2020-07-13,TeamA-5a3be598-2f51-426f-95a5-b63d1d7c1b43,5.5
2020-07-14,TeamA-5a3be598-2f51-426f-95a5-b63d1d7c1b43,9.0
2020-07-15,TeamA-5a3be598-2f51-426f-95a5-b63d1d7c1b43,9.0
2020-07-16,TeamA-5a3be598-2f51-426f-95a5-b63d1d7c1b43,8.5
2020-07-17,TeamA-5a3be598-2f51-426f-95a5-b63d1d7c1b43,8.5
2020-07-18,TeamA-5a3be598-2f51-426f-95a5-b63d1d7c1b43,8.5
2020-07-19,TeamA-5a3be598-2f51-426f-95a5-b63d1d7c1b43,8.5
2020-07-20,TeamA-5a3be598-2f51-426f-95a5-b63d1d7c1b43,8.5
2020-07-21,TeamA-5a3be598-2f51-426f-95a5-b63d1d7c1b43,8.5
2020-07-22,TeamA-5a3be598-2f51-426f-95a5-b63d1d7c1b43,9.0
2020-07-23,TeamA-5a3be598-2f51-426f-95a5-b63d1d7c1b43,8.5
2020-07-24,TeamA-5a3be598-2f51-426f-95a5-b63d1d7c1b43,8.5
2020-07-25,TeamA-5a3be598-2f51-426f-95a5-b63d1d7c1b43,9.0
2020-07-26,TeamA-5a3be598-2f51-426f-95a5-b63d1d7c1b43,8.0
2020-07-27,TeamA-5a3be598-2f51-426f-95a5-b63d1d7c1b43,8.0
2020-07-28,TeamA-5a3be598-2f51-426f-95a5-b63d1d7c1b43,7.5
2020-07-29,TeamA-5a3be598-2f51-426f-95a5-b63d1d7c1b43,8.5
2020-07-30,TeamA-5a3be598-2f51-426f-95a5-b63d1d7c1b43,8.0
2020-07-31,TeamA-5a3be598-2f51-426f-95a5-b63d1d7c1b43,7.0
2020-08-01,TeamA-5a3be598-2f51-426f-95a5-b63d1d7c1b43,9.0
2020-08-02,TeamA-5a3be598-2f51-426f-95a5-b63d1d7c1b43,8.5
2020-08-03,TeamA-5a3be598-2f51-426f-95a5-b63d1d7c1b43,8.0
2020-08-04,TeamA-5a3be598-2f51-426f-95a5-b63d1d7c1b43,8.0
2020-08-05,TeamA-5a3be598-2f51-426f-95a5-b63d1d7c1b43,8.0
2020-08-06,TeamA-5a3be598-2f51-426f-95a5-b63d1d7c1b43,8.5
2020-08-07,TeamA-5a3be598-2f51-426f-95a5-b63d1d7c1b43,8.5
2020-08-08,TeamA-5a3be598-2f51-426f-95a5-b63d1d7c1b43,8.0
2020-08-09,TeamA-5a3be598-2f51-426f-95a5-b63d1d7c1b43,8.5
2020-08-10,TeamA-5a3be598-2f51-426f-95a5-b63d1d7c1b43,8.5
2020-08-11,TeamA-5a3be598-2f51-426f-95a5-b63d1d7c1b43,8.0
2020-08-12,TeamA-5a3be598-2f51-426f-95a5-b63d1d7c1b43,8.5
2020-08-13,TeamA-5a3be598-2f51-426f-95a5-b63d1d7c1b43,9.0
2020-08-14,TeamA-5a3be598-2f51-426f-95a5-b63d1d7c1b43,8.0
2020-08-15,TeamA-5a3be598-2f51-426f-95a5-b63d1d7c1b43,8.0
2020-08-16,TeamA-5a3be598-2f51-426f-95a5-b63d1d7c1b43,8.5
2020-08-17,TeamA-5a3be598-2f51-426f-95a5-b63d1d7c1b43,7.0
2020-08-18,TeamA-5a3be598-2f51-426f-95a5-b63d1d7c1b43,9.0
2020-08-19,TeamA-5a3be598-2f51-426f-95a5-b63d1d7c1b43,8.5
2020-08-20,TeamA-5a3be598-2f51-426f-95a5-b63d1d7c1b43,8.0
2020-08-21,TeamA-5a3be598-2f51-426f-95a5-b63d1d7c1b43,9.0
2020-08-22,TeamA-5a3be598-2f51-426f-95a5-b63d1d7c1b43,5.0
2020-08-23,TeamA-5a3be598-2f51-426f-95a5-b63d1d7c1b43,8.0
2020-08-24,TeamA-5a3be598-2f51-426f-95a5-b63d1d7c1b43,8.0
2020-08-25,TeamA-5a3be598-2f51-426f-95a5-b63d1d7c1b43,8.0
2020-08-26,TeamA-5a3be598-2f51-426f-95a5-b63d1d7c1b43,8.0
2020-08-27,TeamA-5a3be598-2f51-426f-95a5-b63d1d7c1b43,8.0
2020-08-28,TeamA-5a3be598-2f51-426f-95a5-b63d1d7c1b43,8.0
2020-08-29,TeamA-5a3be598-2f51-426f-95a5-b63d1d7c1b43,8.5
2020-08-30,TeamA-5a3be598-2f51-426f-95a5-b63d1d7c1b43,10.0
2020-08-31,TeamA-5a3be598-2f51-426f-95a5-b63d1d7c1b43,9.0
2020-09-01,TeamA-5a3be598-2f51-426f-95a5-b63d1d7c1b43,8.5
2020-09-02,TeamA-5a3be598-2f51-426f-95a5-b63d1d7c1b43,8.5
2020-09-03,TeamA-5a3be598-2f51-426f-95a5-b63d1d7c1b43,8.0
2020-09-04,TeamA-5a3be598-2f51-426f-95a5-b63d1d7c1b43,8.0
2020-09-05,TeamA-5a3be598-2f51-426f-95a5-b63d1d7c1b43,8.0
2020-09-06,TeamA-5a3be598-2f51-426f-95a5-b63d1d7c1b43,8.0
2020-09-07,TeamA-5a3be598-2f51-426f-95a5-b63d1d7c1b43,8.0
2020-09-08,TeamA-5a3be598-2f51-426f-95a5-b63d1d7c1b43,8.0
2020-09-09,TeamA-5a3be598-2f51-426f-95a5-b63d1d7c1b43,8.5
2020-09-10,TeamA-5a3be598-2f51-426f-95a5-b63d1d7c1b43,8.0
2020-09-11,TeamA-5a3be598-2f51-426f-95a5-b63d1d7c1b43,8.0
2020-09-12,TeamA-5a3be598-2f51-426f-95a5-b63d1d7c1b43,7.0
2020-09-14,TeamA-5a3be598-2f51-426f-95a5-b63d1d7c1b43,8.5
2020-09-15,TeamA-5a3be598-2f51-426f-95a5-b63d1d7c1b43,8.5
2020-09-16,TeamA-5a3be598-2f51-426f-95a5-b63d1d7c1b43,8.5
2020-09-17,TeamA-5a3be598-2f51-426f-95a5-b63d1d7c1b43,8.5
2020-09-18,TeamA-5a3be598-2f51-426f-95a5-b63d1d7c1b43,8.0
2020-09-19,TeamA-5a3be598-2f51-426f-95a5-b63d1d7c1b43,8.0
2020-09-20,TeamA-5a3be598-2f51-426f-95a5-b63d1d7c1b43,8.5
2020-09-21,TeamA-5a3be598-2f51-426f-95a5-b63d1d7c1b43,7.0
2020-09-22,TeamA-5a3be598-2f51-426f-95a5-b63d1d7c1b43,8.0
2020-09-23,TeamA-5a3be598-2f51-426f-95a5-b63d1d7c1b43,8.5
2020-09-24,TeamA-5a3be598-2f51-426f-95a5-b63d1d7c1b43,8.5
2020-09-25,TeamA-5a3be598-2f51-426f-95a5-b63d1d7c1b43,7.5
2020-09-26,TeamA-5a3be598-2f51-426f-95a5-b63d1d7c1b43,9.0
2020-09-27,TeamA-5a3be598-2f51-426f-95a5-b63d1d7c1b43,9.0
2020-09-28,TeamA-5a3be598-2f51-426f-95a5-b63d1d7c1b43,9.0
2020-09-29,TeamA-5a3be598-2f51-426f-95a5-b63d1d7c1b43,8.5
2020-09-30,TeamA-5a3be598-2f51-426f-95a5-b63d1d7c1b43,9.0
2020-10-01,TeamA-5a3be598-2f51-426f-95a5-b63d1d7c1b43,7.5
2020-10-02,TeamA-5a3be598-2f51-426f-95a5-b63d1d7c1b43,8.0
2020-10-03,TeamA-5a3be598-2f51-426f-95a5-b63d1d7c1b43,8.5
2020-10-04,TeamA-5a3be598-2f51-426f-95a5-b63d1d7c1b43,9.0
2020-10-05,TeamA-5a3be598-2f51-426f-95a5-b63d1d7c1b43,8.0
2020-10-06,TeamA-5a3be598-2f51-426f-95a5-b63d1d7c1b43,8.5
2020-10-07,TeamA-5a3be598-2f51-426f-95a5-b63d1d7c1b43,9.0
2020-10-08,TeamA-5a3be598-2f51-426f-95a5-b63d1d7c1b43,8.5
2020-10-09,TeamA-5a3be598-2f51-426f-95a5-b63d1d7c1b43,6.5
2020-10-10,TeamA-5a3be598-2f51-426f-95a5-b63d1d7c1b43,6.5
2020-10-11,TeamA-5a3be598-2f51-426f-95a5-b63d1d7c1b43,7.5
2020-10-12,TeamA-5a3be598-2f51-426f-95a5-b63d1d7c1b43,8.0
2020-10-13,TeamA-5a3be598-2f51-426f-95a5-b63d1d7c1b43,8.5
2020-10-14,TeamA-5a3be598-2f51-426f-95a5-b63d1d7c1b43,8.5
2020-10-15,TeamA-5a3be598-2f51-426f-95a5-b63d1d7c1b43,8.5
2020-10-16,TeamA-5a3be598-2f51-426f-95a5-b63d1d7c1b43,8.5
2020-10-17,TeamA-5a3be598-2f51-426f-95a5-b63d1d7c1b43,8.5
2020-10-18,TeamA-5a3be598-2f51-426f-95a5-b63d1d7c1b43,9.0
2020-10-19,TeamA-5a3be598-2f51-426f-95a5-b63d1d7c1b43,8.0
2020-10-20,TeamA-5a3be598-2f51-426f-95a5-b63d1d7c1b43,8.5
2020-10-21,TeamA-5a3be598-2f51-426f-95a5-b63d1d7c1b43,8.5
2020-10-22,TeamA-5a3be598-2f51-426f-95a5-b63d1d7c1b43,8.0
2020-10-23,TeamA-5a3be598-2f51-426f-95a5-b63d1d7c1b43,8.0
2020-10-24,TeamA-5a3be598-2f51-426f-95a5-b63d1d7c1b43,8.0
2020-10-25,TeamA-5a3be598-2f51-426f-95a5-b63d1d7c1b43,8.5
2020-10-26,TeamA-5a3be598-2f51-426f-95a5-b63d1d7c1b43,8.0
2020-10-27,TeamA-5a3be598-2f51-426f-95a5-b63d1d7c1b43,8.5
2020-10-28,TeamA-5a3be598-2f51-426f-95a5-b63d1d7c1b43,8.5
2020-10-29,TeamA-5a3be598-2f51-426f-95a5-b63d1d7c1b43,9.0
2020-10-30,TeamA-5a3be598-2f51-426f-95a5-b63d1d7c1b43,8.5
2020-10-31,TeamA-5a3be598-2f51-426f-95a5-b63d1d7c1b43,9.0
2020-11-01,TeamA-5a3be598-2f51-426f-95a5-b63d1d7c1b43,9.0
2020-11-02,TeamA-5a3be598-2f51-426f-95a5-b63d1d7c1b43,8.0
2020-11-03,TeamA-5a3be598-2f51-426f-95a5-b63d1d7c1b43,9.0
2020-11-04,TeamA-5a3be598-2f51-426f-95a5-b63d1d7c1b43,8.5
2020-11-05,TeamA-5a3be598-2f51-426f-95a5-b63d1d7c1b43,8.0
2020-11-06,TeamA-5a3be598-2f51-426f-95a5-b63d1d7c1b43,8.0
2020-11-07,TeamA-5a3be598-2f51-426f-95a5-b63d1d7c1b43,8.5
2020-11-08,TeamA-5a3be598-2f51-426f-95a5-b63d1d7c1b43,8.5
2020-11-09,TeamA-5a3be598-2f51-426f-95a5-b63d1d7c1b43,8.0
2020-11-10,TeamA-5a3be598-2f51-426f-95a5-b63d1d7c1b43,8.5
2020-11-11,TeamA-5a3be598-2f51-426f-95a5-b63d1d7c1b43,8.0
2020-11-12,TeamA-5a3be598-2f51-426f-95a5-b63d1d7c1b43,8.5
2020-11-13,TeamA-5a3be598-2f51-426f-95a5-b63d1d7c1b43,8.0
2020-11-14,TeamA-5a3be598-2f51-426f-95a5-b63d1d7c1b43,8.5
2020-11-15,TeamA-5a3be598-2f51-426f-95a5-b63d1d7c1b43,7.0
2020-11-16,TeamA-5a3be598-2f51-426f-95a5-b63d1d7c1b43,8.0
2020-11-17,TeamA-5a3be598-2f51-426f-95a5-b63d1d7c1b43,8.0
2020-11-18,TeamA-5a3be598-2f51-426f-95a5-b63d1d7c1b43,6.5
2020-11-19,TeamA-5a3be598-2f51-426f-95a5-b63d1d7c1b43,8.0
2020-11-20,TeamA-5a3be598-2f51-426f-95a5-b63d1d7c1b43,8.0
2020-11-21,TeamA-5a3be598-2f51-426f-95a5-b63d1d7c1b43,8.5
2020-11-23,TeamA-5a3be598-2f51-426f-95a5-b63d1d7c1b43,8.5
2020-11-24,TeamA-5a3be598-2f51-426f-95a5-b63d1d7c1b43,8.0
2020-11-25,TeamA-5a3be598-2f51-426f-95a5-b63d1d7c1b43,8.0
2020-11-26,TeamA-5a3be598-2f51-426f-95a5-b63d1d7c1b43,8.5
2020-11-27,TeamA-5a3be598-2f51-426f-95a5-b63d1d7c1b43,8.0
2020-11-28,TeamA-5a3be598-2f51-426f-95a5-b63d1d7c1b43,8.0
2020-11-29,TeamA-5a3be598-2f51-426f-95a5-b63d1d7c1b43,7.5
2020-11-30,TeamA-5a3be598-2f51-426f-95a5-b63d1d7c1b43,9.0
2020-12-01,TeamA-5a3be598-2f51-426f-95a5-b63d1d7c1b43,8.5
2020-12-02,TeamA-5a3be598-2f51-426f-95a5-b63d1d7c1b43,8.0
2020-12-03,TeamA-5a3be598-2f51-426f-95a5-b63d1d7c1b43,7.5
2020-12-04,TeamA-5a3be598-2f51-426f-95a5-b63d1d7c1b43,8.5
2020-12-05,TeamA-5a3be598-2f51-426f-95a5-b63d1d7c1b43,8.5
2020-12-06,TeamA-5a3be598-2f51-426f-95a5-b63d1d7c1b43,8.5
2020-12-07,TeamA-5a3be598-2f51-426f-95a5-b63d1d7c1b43,7.5
2020-12-08,TeamA-5a3be598-2f51-426f-95a5-b63d1d7c1b43,9.0
2020-12-09,TeamA-5a3be598-2f51-426f-95a5-b63d1d7c1b43,5.5
2020-12-10,TeamA-5a3be598-2f51-426f-95a5-b63d1d7c1b43,9.0
2020-12-11,TeamA-5a3be598-2f51-426f-95a5-b63d1d7c1b43,8.5
2020-12-12,TeamA-5a3be598-2f51-426f-95a5-b63d1d7c1b43,8.5
2020-12-13,TeamA-5a3be598-2f51-426f-95a5-b63d1d7c1b43,8.5
2020-12-14,TeamA-5a3be598-2f51-426f-95a5-b63d1d7c1b43,8.0
2020-12-15,TeamA-5a3be598-2f51-426f-95a5-b63d1d7c1b43,8.5
2020-12-16,TeamA-5a3be598-2f51-426f-95a5-b63d1d7c1b43,8.5
2020-12-17,TeamA-5a3be598-2f51-426f-95a5-b63d1d7c1b43,8.5
2020-12-18,TeamA-5a3be598-2f51-426f-95a5-b63d1d7c1b43,8.5
2020-12-19,TeamA-5a3be598-2f51-426f-95a5-b63d1d7c1b43,8.5
2020-12-20,TeamA-5a3be598-2f51-426f-95a5-b63d1d7c1b43,8.5
2020-12-21,TeamA-5a3be598-2f51-426f-95a5-b63d1d7c1b43,9.0
2020-12-22,TeamA-5a3be598-2f51-426f-95a5-b63d1d7c1b43,8.0
2020-12-23,TeamA-5a3be598-2f51-426f-95a5-b63d1d7c1b43,9.0
2020-12-24,TeamA-5a3be598-2f51-426f-95a5-b63d1d7c1b43,8.0
2020-12-25,TeamA-5a3be598-2f51-426f-95a5-b63d1d7c1b43,8.5
2020-12-26,TeamA-5a3be598-2f51-426f-95a5-b63d1d7c1b43,8.5
2020-12-27,TeamA-5a3be598-2f51-426f-95a5-b63d1d7c1b43,8.5
2020-12-28,TeamA-5a3be598-2f51-426f-95a5-b63d1d7c1b43,8.5
2020-12-29,TeamA-5a3be598-2f51-426f-95a5-b63d1d7c1b43,9.0
2020-12-30,TeamA-5a3be598-2f51-426f-95a5-b63d1d7c1b43,8.0
2020-12-31,TeamA-5a3be598-2f51-426f-95a5-b63d1d7c1b43,8.0
2021-01-02,TeamA-5a3be598-2f51-426f-95a5-b63d1d7c1b43,9.0
2021-01-03,TeamA-5a3be598-2f51-426f-95a5-b63d1d7c1b43,9.0
2021-01-04,TeamA-5a3be598-2f51-426f-95a5-b63d1d7c1b43,8.5
2021-01-05,TeamA-5a3be598-2f51-426f-95a5-b63d1d7c1b43,8.5
2021-01-06,TeamA-5a3be598-2f51-426f-95a5-b63d1d7c1b43,8.5
2021-01-07,TeamA-5a3be598-2f51-426f-95a5-b63d1d7c1b43,8.0
2021-01-08,TeamA-5a3be598-2f51-426f-95a5-b63d1d7c1b43,8.5
2021-01-09,TeamA-5a3be598-2f51-426f-95a5-b63d1d7c1b43,8.5
2021-01-10,TeamA-5a3be598-2f51-426f-95a5-b63d1d7c1b43,9.0
2021-01-11,TeamA-5a3be598-2f51-426f-95a5-b63d1d7c1b43,8.0
2021-01-12,TeamA-5a3be598-2f51-426f-95a5-b63d1d7c1b43,8.0
2021-01-13,TeamA-5a3be598-2f51-426f-95a5-b63d1d7c1b43,8.5
2021-01-14,TeamA-5a3be598-2f51-426f-95a5-b63d1d7c1b43,8.0
2021-01-15,TeamA-5a3be598-2f51-426f-95a5-b63d1d7c1b43,8.5
2021-01-16,TeamA-5a3be598-2f51-426f-95a5-b63d1d7c1b43,8.0
2021-01-17,TeamA-5a3be598-2f51-426f-95a5-b63d1d7c1b43,8.5
2021-01-18,TeamA-5a3be598-2f51-426f-95a5-b63d1d7c1b43,8.5
2021-01-19,TeamA-5a3be598-2f51-426f-95a5-b63d1d7c1b43,8.0
2021-01-20,TeamA-5a3be598-2f51-426f-95a5-b63d1d7c1b43,8.5
2021-01-21,TeamA-5a3be598-2f51-426f-95a5-b63d1d7c1b43,8.0
2021-01-22,TeamA-5a3be598-2f51-426f-95a5-b63d1d7c1b43,8.0
2021-01-23,TeamA-5a3be598-2f51-426f-95a5-b63d1d7c1b43,8.0
2021-01-24,TeamA-5a3be598-2f51-426f-95a5-b63d1d7c1b43,7.0
2021-01-25,TeamA-5a3be598-2f51-426f-95a5-b63d1d7c1b43,9.0
2021-01-26,TeamA-5a3be598-2f51-426f-95a5-b63d1d7c1b43,8.5
2021-01-27,TeamA-5a3be598-2f51-426f-95a5-b63d1d7c1b43,8.0
2021-01-28,TeamA-5a3be598-2f51-426f-95a5-b63d1d7c1b43,8.0
2021-01-29,TeamA-5a3be598-2f51-426f-95a5-b63d1d7c1b43,8.5
2021-01-30,TeamA-5a3be598-2f51-426f-95a5-b63d1d7c1b43,7.5
2021-01-31,TeamA-5a3be598-2f51-426f-95a5-b63d1d7c1b43,8.0
2021-02-01,TeamA-5a3be598-2f51-426f-95a5-b63d1d7c1b43,8.5
2021-02-02,TeamA-5a3be598-2f51-426f-95a5-b63d1d7c1b43,8.5
2021-02-03,TeamA-5a3be598-2f51-426f-95a5-b63d1d7c1b43,8.5
2021-02-04,TeamA-5a3be598-2f51-426f-95a5-b63d1d7c1b43,8.5
2021-02-05,TeamA-5a3be598-2f51-426f-95a5-b63d1d7c1b43,8.5
2021-02-06,TeamA-5a3be598-2f51-426f-95a5-b63d1d7c1b43,8.0
2021-02-07,TeamA-5a3be598-2f51-426f-95a5-b63d1d7c1b43,8.0
2021-02-08,TeamA-5a3be598-2f51-426f-95a5-b63d1d7c1b43,7.5
2021-02-09,TeamA-5a3be598-2f51-426f-95a5-b63d1d7c1b43,8.5
2021-02-10,TeamA-5a3be598-2f51-426f-95a5-b63d1d7c1b43,8.5
2021-02-11,TeamA-5a3be598-2f51-426f-95a5-b63d1d7c1b43,8.5
2021-02-13,TeamA-5a3be598-2f51-426f-95a5-b63d1d7c1b43,8.0
2021-02-14,TeamA-5a3be598-2f51-426f-95a5-b63d1d7c1b43,8.5
2021-02-15,TeamA-5a3be598-2f51-426f-95a5-b63d1d7c1b43,8.5
2021-02-16,TeamA-5a3be598-2f51-426f-95a5-b63d1d7c1b43,8.0
2021-02-17,TeamA-5a3be598-2f51-426f-95a5-b63d1d7c1b43,8.5
2021-02-18,TeamA-5a3be598-2f51-426f-95a5-b63d1d7c1b43,8.0
2021-02-19,TeamA-5a3be598-2f51-426f-95a5-b63d1d7c1b43,8.0
2021-02-20,TeamA-5a3be598-2f51-426f-95a5-b63d1d7c1b43,8.5
2021-02-21,TeamA-5a3be598-2f51-426f-95a5-b63d1d7c1b43,8.0
2021-02-22,TeamA-5a3be598-2f51-426f-95a5-b63d1d7c1b43,8.0
2021-02-23,TeamA-5a3be598-2f51-426f-95a5-b63d1d7c1b43,7.5
2021-02-24,TeamA-5a3be598-2f51-426f-95a5-b63d1d7c1b43,8.0
2021-02-25,TeamA-5a3be598-2f51-426f-95a5-b63d1d7c1b43,8.5
2021-02-26,TeamA-5a3be598-2f51-426f-95a5-b63d1d7c1b43,8.0
2021-02-27,TeamA-5a3be598-2f51-426f-95a5-b63d1d7c1b43,8.0
2021-02-28,TeamA-5a3be598-2f51-426f-95a5-b63d1d7c1b43,8.5
2021-03-01,TeamA-5a3be598-2f51-426f-95a5-b63d1d7c1b43,9.0
2021-03-02,TeamA-5a3be598-2f51-426f-95a5-b63d1d7c1b43,8.5
2021-03-03,TeamA-5a3be598-2f51-426f-95a5-b63d1d7c1b43,8.5
2021-03-04,TeamA-5a3be598-2f51-426f-95a5-b63d1d7c1b43,8.5
2021-03-05,TeamA-5a3be598-2f51-426f-95a5-b63d1d7c1b43,8.5
2021-03-06,TeamA-5a3be598-2f51-426f-95a5-b63d1d7c1b43,7.5
2021-03-08,TeamA-5a3be598-2f51-426f-95a5-b63d1d7c1b43,8.0
2021-03-09,TeamA-5a3be598-2f51-426f-95a5-b63d1d7c1b43,8.5
2021-03-10,TeamA-5a3be598-2f51-426f-95a5-b63d1d7c1b43,8.5
2021-03-12,TeamA-5a3be598-2f51-426f-95a5-b63d1d7c1b43,8.5
2021-03-13,TeamA-5a3be598-2f51-426f-95a5-b63d1d7c1b43,7.5
2021-03-14,TeamA-5a3be598-2f51-426f-95a5-b63d1d7c1b43,9.0
2021-03-15,TeamA-5a3be598-2f51-426f-95a5-b63d1d7c1b43,8.5
2021-03-16,TeamA-5a3be598-2f51-426f-95a5-b63d1d7c1b43,8.5
2021-03-17,TeamA-5a3be598-2f51-426f-95a5-b63d1d7c1b43,7.0
2021-03-18,TeamA-5a3be598-2f51-426f-95a5-b63d1d7c1b43,9.0
2021-03-19,TeamA-5a3be598-2f51-426f-95a5-b63d1d7c1b43,9.0
2021-03-20,TeamA-5a3be598-2f51-426f-95a5-b63d1d7c1b43,8.5
2021-03-21,TeamA-5a3be598-2f51-426f-95a5-b63d1d7c1b43,9.0
2021-03-23,TeamA-5a3be598-2f51-426f-95a5-b63d1d7c1b43,8.0
2021-03-24,TeamA-5a3be598-2f51-426f-95a5-b63d1d7c1b43,4.0
2021-03-25,TeamA-5a3be598-2f51-426f-95a5-b63d1d7c1b43,8.5
2021-03-26,TeamA-5a3be598-2f51-426f-95a5-b63d1d7c1b43,8.5
2021-03-27,TeamA-5a3be598-2f51-426f-95a5-b63d1d7c1b43,8.5
2021-03-28,TeamA-5a3be598-2f51-426f-95a5-b63d1d7c1b43,9.0
2021-03-29,TeamA-5a3be598-2f51-426f-95a5-b63d1d7c1b43,6.5
2021-03-30,TeamA-5a3be598-2f51-426f-95a5-b63d1d7c1b43,7.5
2021-03-31,TeamA-5a3be598-2f51-426f-95a5-b63d1d7c1b43,8.5
2021-04-02,TeamA-5a3be598-2f51-426f-95a5-b63d1d7c1b43,8.0
2021-04-03,TeamA-5a3be598-2f51-426f-95a5-b63d1d7c1b43,8.0
2021-04-04,TeamA-5a3be598-2f51-426f-95a5-b63d1d7c1b43,8.0
2021-04-05,TeamA-5a3be598-2f51-426f-95a5-b63d1d7c1b43,7.0
2021-04-06,TeamA-5a3be598-2f51-426f-95a5-b63d1d7c1b43,8.0
2021-04-07,TeamA-5a3be598-2f51-426f-95a5-b63d1d7c1b43,8.5
2021-04-08,TeamA-5a3be598-2f51-426f-95a5-b63d1d7c1b43,8.0
2021-04-09,TeamA-5a3be598-2f51-426f-95a5-b63d1d7c1b43,8.0
2021-04-10,TeamA-5a3be598-2f51-426f-95a5-b63d1d7c1b43,8.5
2021-04-11,TeamA-5a3be598-2f51-426f-95a5-b63d1d7c1b43,8.5
2021-04-12,TeamA-5a3be598-2f51-426f-95a5-b63d1d7c1b43,8.0
2021-04-13,TeamA-5a3be598-2f51-426f-95a5-b63d1d7c1b43,8.5
2021-04-14,TeamA-5a3be598-2f51-426f-95a5-b63d1d7c1b43,8.5
2021-04-15,TeamA-5a3be598-2f51-426f-95a5-b63d1d7c1b43,7.5
2021-04-16,TeamA-5a3be598-2f51-426f-95a5-b63d1d7c1b43,8.5
2021-04-17,TeamA-5a3be598-2f51-426f-95a5-b63d1d7c1b43,8.5
2021-04-18,TeamA-5a3be598-2f51-426f-95a5-b63d1d7c1b43,9.0
2021-04-19,TeamA-5a3be598-2f51-426f-95a5-b63d1d7c1b43,8.5
2021-04-20,TeamA-5a3be598-2f51-426f-95a5-b63d1d7c1b43,8.5
2021-04-21,TeamA-5a3be598-2f51-426f-95a5-b63d1d7c1b43,8.5
2021-04-22,TeamA-5a3be598-2f51-426f-95a5-b63d1d7c1b43,8.5
2021-04-23,TeamA-5a3be598-2f51-426f-95a5-b63d1d7c1b43,8.5
2021-04-24,TeamA-5a3be598-2f51-426f-95a5-b63d1d7c1b43,8.0
2021-04-25,TeamA-5a3be598-2f51-426f-95a5-b63d1d7c1b43,8.0
2021-04-26,TeamA-5a3be598-2f51-426f-95a5-b63d1d7c1b43,8.0
2021-04-27,TeamA-5a3be598-2f51-426f-95a5-b63d1d7c1b43,8.5
2021-04-28,TeamA-5a3be598-2f51-426f-95a5-b63d1d7c1b43,8.0
2021-04-29,TeamA-5a3be598-2f51-426f-95a5-b63d1d7c1b43,7.5
2021-04-30,TeamA-5a3be598-2f51-426f-95a5-b63d1d7c1b43,8.5
2021-05-01,TeamA-5a3be598-2f51-426f-95a5-b63d1d7c1b43,8.0
2021-05-02,TeamA-5a3be598-2f51-426f-95a5-b63d1d7c1b43,8.5
2021-05-03,TeamA-5a3be598-2f51-426f-95a5-b63d1d7c1b43,8.5
2021-05-04,TeamA-5a3be598-2f51-426f-95a5-b63d1d7c1b43,8.5
2021-05-05,TeamA-5a3be598-2f51-426f-95a5-b63d1d7c1b43,8.0
2021-05-06,TeamA-5a3be598-2f51-426f-95a5-b63d1d7c1b43,8.0
2021-05-07,TeamA-5a3be598-2f51-426f-95a5-b63d1d7c1b43,8.0
2021-05-08,TeamA-5a3be598-2f51-426f-95a5-b63d1d7c1b43,8.0
2021-05-09,TeamA-5a3be598-2f51-426f-95a5-b63d1d7c1b43,8.0
2021-05-10,TeamA-5a3be598-2f51-426f-95a5-b63d1d7c1b43,8.5
2021-05-11,TeamA-5a3be598-2f51-426f-95a5-b63d1d7c1b43,8.5
2021-05-12,TeamA-5a3be598-2f51-426f-95a5-b63d1d7c1b43,8.0
2021-05-13,TeamA-5a3be598-2f51-426f-95a5-b63d1d7c1b43,8.0
2021-05-14,TeamA-5a3be598-2f51-426f-95a5-b63d1d7c1b43,8.5
2021-05-15,TeamA-5a3be598-2f51-426f-95a5-b63d1d7c1b43,8.0
2021-05-16,TeamA-5a3be598-2f51-426f-95a5-b63d1d7c1b43,8.5
2021-05-17,TeamA-5a3be598-2f51-426f-95a5-b63d1d7c1b43,8.0
2021-05-18,TeamA-5a3be598-2f51-426f-95a5-b63d1d7c1b43,8.0
2021-05-19,TeamA-5a3be598-2f51-426f-95a5-b63d1d7c1b43,8.5
2021-05-20,TeamA-5a3be598-2f51-426f-95a5-b63d1d7c1b43,8.0
2021-05-21,TeamA-5a3be598-2f51-426f-95a5-b63d1d7c1b43,8.5
2021-05-22,TeamA-5a3be598-2f51-426f-95a5-b63d1d7c1b43,9.0
2021-05-23,TeamA-5a3be598-2f51-426f-95a5-b63d1d7c1b43,8.5
2021-05-24,TeamA-5a3be598-2f51-426f-95a5-b63d1d7c1b43,8.5
2021-05-25,TeamA-5a3be598-2f51-426f-95a5-b63d1d7c1b43,8.5
2021-05-26,TeamA-5a3be598-2f51-426f-95a5-b63d1d7c1b43,8.0
2021-05-27,TeamA-5a3be598-2f51-426f-95a5-b63d1d7c1b43,7.5
2021-05-28,TeamA-5a3be598-2f51-426f-95a5-b63d1d7c1b43,9.0
2021-05-29,TeamA-5a3be598-2f51-426f-95a5-b63d1d7c1b43,9.0
2021-05-30,TeamA-5a3be598-2f51-426f-95a5-b63d1d7c1b43,10.0
2021-05-31,TeamA-5a3be598-2f51-426f-95a5-b63d1d7c1b43,8.0
2021-06-01,TeamA-5a3be598-2f51-426f-95a5-b63d1d7c1b43,8.5
2021-06-02,TeamA-5a3be598-2f51-426f-95a5-b63d1d7c1b43,8.5
2021-06-03,TeamA-5a3be598-2f51-426f-95a5-b63d1d7c1b43,8.5
2021-06-04,TeamA-5a3be598-2f51-426f-95a5-b63d1d7c1b43,8.0
2021-06-05,TeamA-5a3be598-2f51-426f-95a5-b63d1d7c1b43,9.0
2021-06-06,TeamA-5a3be598-2f51-426f-95a5-b63d1d7c1b43,8.0
2021-06-07,TeamA-5a3be598-2f51-426f-95a5-b63d1d7c1b43,8.0
2021-06-08,TeamA-5a3be598-2f51-426f-95a5-b63d1d7c1b43,7.0
2021-06-09,TeamA-5a3be598-2f51-426f-95a5-b63d1d7c1b43,8.0
2021-06-10,TeamA-5a3be598-2f51-426f-95a5-b63d1d7c1b43,8.0
2021-06-11,TeamA-5a3be598-2f51-426f-95a5-b63d1d7c1b43,7.5
2021-06-12,TeamA-5a3be598-2f51-426f-95a5-b63d1d7c1b43,8.0
2021-06-13,TeamA-5a3be598-2f51-426f-95a5-b63d1d7c1b43,8.0
2021-06-14,TeamA-5a3be598-2f51-426f-95a5-b63d1d7c1b43,8.0
2021-06-15,TeamA-5a3be598-2f51-426f-95a5-b63d1d7c1b43,8.0
2021-06-16,TeamA-5a3be598-2f51-426f-95a5-b63d1d7c1b43,8.0
2021-06-17,TeamA-5a3be598-2f51-426f-95a5-b63d1d7c1b43,8.0
2021-06-18,TeamA-5a3be598-2f51-426f-95a5-b63d1d7c1b43,8.0
2021-06-19,TeamA-5a3be598-2f51-426f-95a5-b63d1d7c1b43,8.0
2021-06-20,TeamA-5a3be598-2f51-426f-95a5-b63d1d7c1b43,8.5
2021-06-21,TeamA-5a3be598-2f51-426f-95a5-b63d1d7c1b43,8.5
2021-06-22,TeamA-5a3be598-2f51-426f-95a5-b63d1d7c1b43,8.0
2021-06-23,TeamA-5a3be598-2f51-426f-95a5-b63d1d7c1b43,8.5
2021-06-24,TeamA-5a3be598-2f51-426f-95a5-b63d1d7c1b43,8.0
2021-06-25,TeamA-5a3be598-2f51-426f-95a5-b63d1d7c1b43,8.5
2021-06-26,TeamA-5a3be598-2f51-426f-95a5-b63d1d7c1b43,8.5
2021-06-27,TeamA-5a3be598-2f51-426f-95a5-b63d1d7c1b43,8.5
2021-06-29,TeamA-5a3be598-2f51-426f-95a5-b63d1d7c1b43,8.0
2021-06-30,TeamA-5a3be598-2f51-426f-95a5-b63d1d7c1b43,8.5
2021-07-01,TeamA-5a3be598-2f51-426f-95a5-b63d1d7c1b43,8.5
2021-07-02,TeamA-5a3be598-2f51-426f-95a5-b63d1d7c1b43,8.5
2021-07-03,TeamA-5a3be598-2f51-426f-95a5-b63d1d7c1b43,8.5
2021-07-04,TeamA-5a3be598-2f51-426f-95a5-b63d1d7c1b43,8.5
2021-07-05,TeamA-5a3be598-2f51-426f-95a5-b63d1d7c1b43,8.5
2021-07-06,TeamA-5a3be598-2f51-426f-95a5-b63d1d7c1b43,8.5
2021-07-07,TeamA-5a3be598-2f51-426f-95a5-b63d1d7c1b43,8.5
2021-07-08,TeamA-5a3be598-2f51-426f-95a5-b63d1d7c1b43,8.5
2021-07-09,TeamA-5a3be598-2f51-426f-95a5-b63d1d7c1b43,8.5
2021-07-10,TeamA-5a3be598-2f51-426f-95a5-b63d1d7c1b43,9.0
2021-07-11,TeamA-5a3be598-2f51-426f-95a5-b63d1d7c1b43,8.5
2021-07-12,TeamA-5a3be598-2f51-426f-95a5-b63d1d7c1b43,8.0
2021-07-13,TeamA-5a3be598-2f51-426f-95a5-b63d1d7c1b43,8.5
2021-07-14,TeamA-5a3be598-2f51-426f-95a5-b63d1d7c1b43,8.5
2021-07-15,TeamA-5a3be598-2f51-426f-95a5-b63d1d7c1b43,8.5
2021-07-16,TeamA-5a3be598-2f51-426f-95a5-b63d1d7c1b43,8.5
2021-07-17,TeamA-5a3be598-2f51-426f-95a5-b63d1d7c1b43,8.5
2021-07-18,TeamA-5a3be598-2f51-426f-95a5-b63d1d7c1b43,9.0
2021-07-19,TeamA-5a3be598-2f51-426f-95a5-b63d1d7c1b43,7.0
2021-07-20,TeamA-5a3be598-2f51-426f-95a5-b63d1d7c1b43,8.0
2021-07-21,TeamA-5a3be598-2f51-426f-95a5-b63d1d7c1b43,8.0
2021-07-22,TeamA-5a3be598-2f51-426f-95a5-b63d1d7c1b43,8.0
2021-07-23,TeamA-5a3be598-2f51-426f-95a5-b63d1d7c1b43,8.0
2021-07-24,TeamA-5a3be598-2f51-426f-95a5-b63d1d7c1b43,8.0
2021-07-25,TeamA-5a3be598-2f51-426f-95a5-b63d1d7c1b43,7.5
2021-07-26,TeamA-5a3be598-2f51-426f-95a5-b63d1d7c1b43,8.0
2021-07-27,TeamA-5a3be598-2f51-426f-95a5-b63d1d7c1b43,8.0
2021-07-28,TeamA-5a3be598-2f51-426f-95a5-b63d1d7c1b43,8.5
2021-07-29,TeamA-5a3be598-2f51-426f-95a5-b63d1d7c1b43,8.5
2021-07-30,TeamA-5a3be598-2f51-426f-95a5-b63d1d7c1b43,9.0
2021-07-31,TeamA-5a3be598-2f51-426f-95a5-b63d1d7c1b43,2.0
2021-08-01,TeamA-5a3be598-2f51-426f-95a5-b63d1d7c1b43,10.0
2021-08-02,TeamA-5a3be598-2f51-426f-95a5-b63d1d7c1b43,10.0
2021-08-03,TeamA-5a3be598-2f51-426f-95a5-b63d1d7c1b43,8.5
2021-08-04,TeamA-5a3be598-2f51-426f-95a5-b63d1d7c1b43,9.0
2021-08-05,TeamA-5a3be598-2f51-426f-95a5-b63d1d7c1b43,9.0
2021-08-06,TeamA-5a3be598-2f51-426f-95a5-b63d1d7c1b43,9.0
2021-08-07,TeamA-5a3be598-2f51-426f-95a5-b63d1d7c1b43,9.0
2021-08-08,TeamA-5a3be598-2f51-426f-95a5-b63d1d7c1b43,8.5
2021-08-09,TeamA-5a3be598-2f51-426f-95a5-b63d1d7c1b43,8.5
2021-08-10,TeamA-5a3be598-2f51-426f-95a5-b63d1d7c1b43,8.5
2021-08-11,TeamA-5a3be598-2f51-426f-95a5-b63d1d7c1b43,8.5
2021-08-12,TeamA-5a3be598-2f51-426f-95a5-b63d1d7c1b43,7.0
2021-08-13,TeamA-5a3be598-2f51-426f-95a5-b63d1d7c1b43,9.0
2021-08-14,TeamA-5a3be598-2f51-426f-95a5-b63d1d7c1b43,8.5
2021-08-15,TeamA-5a3be598-2f51-426f-95a5-b63d1d7c1b43,8.0
2021-08-16,TeamA-5a3be598-2f51-426f-95a5-b63d1d7c1b43,8.5
2021-08-17,TeamA-5a3be598-2f51-426f-95a5-b63d1d7c1b43,8.5
2021-08-18,TeamA-5a3be598-2f51-426f-95a5-b63d1d7c1b43,8.5
2021-08-19,TeamA-5a3be598-2f51-426f-95a5-b63d1d7c1b43,9.0
2021-08-20,TeamA-5a3be598-2f51-426f-95a5-b63d1d7c1b43,8.5
2021-08-21,TeamA-5a3be598-2f51-426f-95a5-b63d1d7c1b43,8.0
2021-08-22,TeamA-5a3be598-2f51-426f-95a5-b63d1d7c1b43,8.0
2021-08-23,TeamA-5a3be598-2f51-426f-95a5-b63d1d7c1b43,10.0
2021-08-24,TeamA-5a3be598-2f51-426f-95a5-b63d1d7c1b43,9.5
2021-08-25,TeamA-5a3be598-2f51-426f-95a5-b63d1d7c1b43,9.0
2021-08-26,TeamA-5a3be598-2f51-426f-95a5-b63d1d7c1b43,8.0
2021-08-27,TeamA-5a3be598-2f51-426f-95a5-b63d1d7c1b43,8.5
2021-08-28,TeamA-5a3be598-2f51-426f-95a5-b63d1d7c1b43,10.0
2021-08-29,TeamA-5a3be598-2f51-426f-95a5-b63d1d7c1b43,10.0
2021-08-30,TeamA-5a3be598-2f51-426f-95a5-b63d1d7c1b43,10.0
2021-08-31,TeamA-5a3be598-2f51-426f-95a5-b63d1d7c1b43,8.0
2021-09-01,TeamA-5a3be598-2f51-426f-95a5-b63d1d7c1b43,8.0
2021-09-02,TeamA-5a3be598-2f51-426f-95a5-b63d1d7c1b43,8.5
2021-09-03,TeamA-5a3be598-2f51-426f-95a5-b63d1d7c1b43,9.5
2021-09-04,TeamA-5a3be598-2f51-426f-95a5-b63d1d7c1b43,9.0
2021-09-05,TeamA-5a3be598-2f51-426f-95a5-b63d1d7c1b43,9.0
2021-09-06,TeamA-5a3be598-2f51-426f-95a5-b63d1d7c1b43,9.0
2021-09-07,TeamA-5a3be598-2f51-426f-95a5-b63d1d7c1b43,9.0
2021-09-08,TeamA-5a3be598-2f51-426f-95a5-b63d1d7c1b43,8.5
2021-09-09,TeamA-5a3be598-2f51-426f-95a5-b63d1d7c1b43,8.5
2021-09-10,TeamA-5a3be598-2f51-426f-95a5-b63d1d7c1b43,7.5
2021-09-11,TeamA-5a3be598-2f51-426f-95a5-b63d1d7c1b43,8.0
2021-09-12,TeamA-5a3be598-2f51-426f-95a5-b63d1d7c1b43,9.0
2021-09-13,TeamA-5a3be598-2f51-426f-95a5-b63d1d7c1b43,8.5
2021-09-14,TeamA-5a3be598-2f51-426f-95a5-b63d1d7c1b43,8.5
2021-09-15,TeamA-5a3be598-2f51-426f-95a5-b63d1d7c1b43,8.0
2021-09-16,TeamA-5a3be598-2f51-426f-95a5-b63d1d7c1b43,8.0
2021-09-17,TeamA-5a3be598-2f51-426f-95a5-b63d1d7c1b43,8.0
2021-09-18,TeamA-5a3be598-2f51-426f-95a5-b63d1d7c1b43,8.0
2021-09-19,TeamA-5a3be598-2f51-426f-95a5-b63d1d7c1b43,9.0
2021-09-20,TeamA-5a3be598-2f51-426f-95a5-b63d1d7c1b43,7.0
2021-09-21,TeamA-5a3be598-2f51-426f-95a5-b63d1d7c1b43,8.5
2021-09-22,TeamA-5a3be598-2f51-426f-95a5-b63d1d7c1b43,9.0
2021-09-23,TeamA-5a3be598-2f51-426f-95a5-b63d1d7c1b43,8.5
2021-09-24,TeamA-5a3be598-2f51-426f-95a5-b63d1d7c1b43,8.0
2021-09-25,TeamA-5a3be598-2f51-426f-95a5-b63d1d7c1b43,8.0
2021-09-26,TeamA-5a3be598-2f51-426f-95a5-b63d1d7c1b43,9.0
2021-09-27,TeamA-5a3be598-2f51-426f-95a5-b63d1d7c1b43,8.5
2021-09-28,TeamA-5a3be598-2f51-426f-95a5-b63d1d7c1b43,9.0
2021-09-29,TeamA-5a3be598-2f51-426f-95a5-b63d1d7c1b43,8.5
2021-09-30,TeamA-5a3be598-2f51-426f-95a5-b63d1d7c1b43,8.5
2021-10-01,TeamA-5a3be598-2f51-426f-95a5-b63d1d7c1b43,9.0
2021-10-02,TeamA-5a3be598-2f51-426f-95a5-b63d1d7c1b43,9.0
2021-10-03,TeamA-5a3be598-2f51-426f-95a5-b63d1d7c1b43,9.0
2021-10-04,TeamA-5a3be598-2f51-426f-95a5-b63d1d7c1b43,8.5
2021-10-05,TeamA-5a3be598-2f51-426f-95a5-b63d1d7c1b43,9.0
2021-10-06,TeamA-5a3be598-2f51-426f-95a5-b63d1d7c1b43,8.5
2021-10-07,TeamA-5a3be598-2f51-426f-95a5-b63d1d7c1b43,9.0
2021-10-08,TeamA-5a3be598-2f51-426f-95a5-b63d1d7c1b43,9.0
2021-10-09,TeamA-5a3be598-2f51-426f-95a5-b63d1d7c1b43,8.5
2021-10-11,TeamA-5a3be598-2f51-426f-95a5-b63d1d7c1b43,8.5
2021-10-12,TeamA-5a3be598-2f51-426f-95a5-b63d1d7c1b43,8.0
2021-10-13,TeamA-5a3be598-2f51-426f-95a5-b63d1d7c1b43,9.0
2021-10-14,TeamA-5a3be598-2f51-426f-95a5-b63d1d7c1b43,8.0
2021-10-15,TeamA-5a3be598-2f51-426f-95a5-b63d1d7c1b43,8.5
2021-10-16,TeamA-5a3be598-2f51-426f-95a5-b63d1d7c1b43,9.5
2021-10-17,TeamA-5a3be598-2f51-426f-95a5-b63d1d7c1b43,9.0
2021-10-18,TeamA-5a3be598-2f51-426f-95a5-b63d1d7c1b43,9.0
2021-10-19,TeamA-5a3be598-2f51-426f-95a5-b63d1d7c1b43,8.5
2021-10-20,TeamA-5a3be598-2f51-426f-95a5-b63d1d7c1b43,8.5
2021-10-21,TeamA-5a3be598-2f51-426f-95a5-b63d1d7c1b43,8.0
2021-10-22,TeamA-5a3be598-2f51-426f-95a5-b63d1d7c1b43,8.0
2021-10-23,TeamA-5a3be598-2f51-426f-95a5-b63d1d7c1b43,8.5
2021-10-24,TeamA-5a3be598-2f51-426f-95a5-b63d1d7c1b43,9.0
2021-10-25,TeamA-5a3be598-2f51-426f-95a5-b63d1d7c1b43,6.5
2021-10-26,TeamA-5a3be598-2f51-426f-95a5-b63d1d7c1b43,9.0
2021-10-27,TeamA-5a3be598-2f51-426f-95a5-b63d1d7c1b43,9.0
2021-10-28,TeamA-5a3be598-2f51-426f-95a5-b63d1d7c1b43,8.5
2021-10-29,TeamA-5a3be598-2f51-426f-95a5-b63d1d7c1b43,8.5
2021-10-30,TeamA-5a3be598-2f51-426f-95a5-b63d1d7c1b43,9.5
2021-10-31,TeamA-5a3be598-2f51-426f-95a5-b63d1d7c1b43,8.5
2021-11-01,TeamA-5a3be598-2f51-426f-95a5-b63d1d7c1b43,7.5
2021-11-02,TeamA-5a3be598-2f51-426f-95a5-b63d1d7c1b43,9.0
2021-11-03,TeamA-5a3be598-2f51-426f-95a5-b63d1d7c1b43,9.0
2021-11-04,TeamA-5a3be598-2f51-426f-95a5-b63d1d7c1b43,9.0
2021-11-05,TeamA-5a3be598-2f51-426f-95a5-b63d1d7c1b43,8.0
2021-11-06,TeamA-5a3be598-2f51-426f-95a5-b63d1d7c1b43,8.5
2021-11-07,TeamA-5a3be598-2f51-426f-95a5-b63d1d7c1b43,8.5
2021-11-08,TeamA-5a3be598-2f51-426f-95a5-b63d1d7c1b43,8.5
2021-11-09,TeamA-5a3be598-2f51-426f-95a5-b63d1d7c1b43,8.5
2021-11-10,TeamA-5a3be598-2f51-426f-95a5-b63d1d7c1b43,8.5
2021-11-11,TeamA-5a3be598-2f51-426f-95a5-b63d1d7c1b43,8.5
2021-11-12,TeamA-5a3be598-2f51-426f-95a5-b63d1d7c1b43,8.5
2021-11-13,TeamA-5a3be598-2f51-426f-95a5-b63d1d7c1b43,9.0
2021-11-14,TeamA-5a3be598-2f51-426f-95a5-b63d1d7c1b43,5.0
2021-11-15,TeamA-5a3be598-2f51-426f-95a5-b63d1d7c1b43,9.0
2021-11-16,TeamA-5a3be598-2f51-426f-95a5-b63d1d7c1b43,8.5
2021-11-17,TeamA-5a3be598-2f51-426f-95a5-b63d1d7c1b43,10.0
2021-11-19,TeamA-5a3be598-2f51-426f-95a5-b63d1d7c1b43,8.5
2021-11-20,TeamA-5a3be598-2f51-426f-95a5-b63d1d7c1b43,8.5
2021-11-22,TeamA-5a3be598-2f51-426f-95a5-b63d1d7c1b43,8.5
2021-11-23,TeamA-5a3be598-2f51-426f-95a5-b63d1d7c1b43,8.5
2021-11-24,TeamA-5a3be598-2f51-426f-95a5-b63d1d7c1b43,8.5
2021-11-25,TeamA-5a3be598-2f51-426f-95a5-b63d1d7c1b43,8.5
2021-11-26,TeamA-5a3be598-2f51-426f-95a5-b63d1d7c1b43,8.5
2021-11-27,TeamA-5a3be598-2f51-426f-95a5-b63d1d7c1b43,8.5
2021-11-28,TeamA-5a3be598-2f51-426f-95a5-b63d1d7c1b43,9.0
2021-11-29,TeamA-5a3be598-2f51-426f-95a5-b63d1d7c1b43,8.5
2021-11-30,TeamA-5a3be598-2f51-426f-95a5-b63d1d7c1b43,5.5
2021-12-01,TeamA-5a3be598-2f51-426f-95a5-b63d1d7c1b43,10.0
2021-12-02,TeamA-5a3be598-2f51-426f-95a5-b63d1d7c1b43,7.0
2021-12-03,TeamA-5a3be598-2f51-426f-95a5-b63d1d7c1b43,6.5
2021-12-05,TeamA-5a3be598-2f51-426f-95a5-b63d1d7c1b43,7.0
2021-12-06,TeamA-5a3be598-2f51-426f-95a5-b63d1d7c1b43,9.0
2021-12-07,TeamA-5a3be598-2f51-426f-95a5-b63d1d7c1b43,8.5
2021-12-08,TeamA-5a3be598-2f51-426f-95a5-b63d1d7c1b43,7.0
2021-12-09,TeamA-5a3be598-2f51-426f-95a5-b63d1d7c1b43,8.5
2021-12-10,TeamA-5a3be598-2f51-426f-95a5-b63d1d7c1b43,8.0
2021-12-11,TeamA-5a3be598-2f51-426f-95a5-b63d1d7c1b43,9.0
2021-12-12,TeamA-5a3be598-2f51-426f-95a5-b63d1d7c1b43,8.0
2021-12-13,TeamA-5a3be598-2f51-426f-95a5-b63d1d7c1b43,9.0
2021-12-14,TeamA-5a3be598-2f51-426f-95a5-b63d1d7c1b43,8.5
2021-12-15,TeamA-5a3be598-2f51-426f-95a5-b63d1d7c1b43,9.0
2021-12-16,TeamA-5a3be598-2f51-426f-95a5-b63d1d7c1b43,9.0
2021-12-17,TeamA-5a3be598-2f51-426f-95a5-b63d1d7c1b43,6.5
2021-12-18,TeamA-5a3be598-2f51-426f-95a5-b63d1d7c1b43,7.5
2021-12-19,TeamA-5a3be598-2f51-426f-95a5-b63d1d7c1b43,6.5
2021-12-20,TeamA-5a3be598-2f51-426f-95a5-b63d1d7c1b43,9.0
2021-12-21,TeamA-5a3be598-2f51-426f-95a5-b63d1d7c1b43,9.0
2021-12-22,TeamA-5a3be598-2f51-426f-95a5-b63d1d7c1b43,8.5
2021-12-23,TeamA-5a3be598-2f51-426f-95a5-b63d1d7c1b43,8.5
2021-12-24,TeamA-5a3be598-2f51-426f-95a5-b63d1d7c1b43,7.5
2021-12-25,TeamA-5a3be598-2f51-426f-95a5-b63d1d7c1b43,10.0
2021-12-26,TeamA-5a3be598-2f51-426f-95a5-b63d1d7c1b43,9.0
2021-12-27,TeamA-5a3be598-2f51-426f-95a5-b63d1d7c1b43,9.0
2021-12-28,TeamA-5a3be598-2f51-426f-95a5-b63d1d7c1b43,8.0
2021-12-29,TeamA-5a3be598-2f51-426f-95a5-b63d1d7c1b43,8.5
2021-12-30,TeamA-5a3be598-2f51-426f-95a5-b63d1d7c1b43,10.0
2021-12-31,TeamA-5a3be598-2f51-426f-95a5-b63d1d7c1b43,9.0
2020-06-10,TeamA-5a5b135d-d146-4b4c-b3da-efcd4d203f95,7.5
2020-06-11,TeamA-5a5b135d-d146-4b4c-b3da-efcd4d203f95,9.0
2020-06-12,TeamA-5a5b135d-d146-4b4c-b3da-efcd4d203f95,9.0
2020-06-13,TeamA-5a5b135d-d146-4b4c-b3da-efcd4d203f95,8.0
2020-06-14,TeamA-5a5b135d-d146-4b4c-b3da-efcd4d203f95,9.0
2020-06-15,TeamA-5a5b135d-d146-4b4c-b3da-efcd4d203f95,10.0
2020-06-16,TeamA-5a5b135d-d146-4b4c-b3da-efcd4d203f95,8.0
2020-06-17,TeamA-5a5b135d-d146-4b4c-b3da-efcd4d203f95,8.0
2020-06-18,TeamA-5a5b135d-d146-4b4c-b3da-efcd4d203f95,8.5
2020-06-19,TeamA-5a5b135d-d146-4b4c-b3da-efcd4d203f95,8.5
2020-06-20,TeamA-5a5b135d-d146-4b4c-b3da-efcd4d203f95,9.0
2020-06-21,TeamA-5a5b135d-d146-4b4c-b3da-efcd4d203f95,8.0
2020-06-22,TeamA-5a5b135d-d146-4b4c-b3da-efcd4d203f95,10.0
2020-06-23,TeamA-5a5b135d-d146-4b4c-b3da-efcd4d203f95,8.0
2020-06-24,TeamA-5a5b135d-d146-4b4c-b3da-efcd4d203f95,8.0
2020-06-25,TeamA-5a5b135d-d146-4b4c-b3da-efcd4d203f95,8.5
2020-06-26,TeamA-5a5b135d-d146-4b4c-b3da-efcd4d203f95,8.5
2020-06-28,TeamA-5a5b135d-d146-4b4c-b3da-efcd4d203f95,7.5
2020-06-29,TeamA-5a5b135d-d146-4b4c-b3da-efcd4d203f95,10.0
2020-06-30,TeamA-5a5b135d-d146-4b4c-b3da-efcd4d203f95,8.0
2020-07-01,TeamA-5a5b135d-d146-4b4c-b3da-efcd4d203f95,8.0
2020-07-02,TeamA-5a5b135d-d146-4b4c-b3da-efcd4d203f95,10.0
2020-07-03,TeamA-5a5b135d-d146-4b4c-b3da-efcd4d203f95,9.0
2020-07-04,TeamA-5a5b135d-d146-4b4c-b3da-efcd4d203f95,8.5
2020-07-05,TeamA-5a5b135d-d146-4b4c-b3da-efcd4d203f95,8.5
2020-07-06,TeamA-5a5b135d-d146-4b4c-b3da-efcd4d203f95,9.0
2020-07-07,TeamA-5a5b135d-d146-4b4c-b3da-efcd4d203f95,8.0
2020-07-08,TeamA-5a5b135d-d146-4b4c-b3da-efcd4d203f95,8.0
2020-07-09,TeamA-5a5b135d-d146-4b4c-b3da-efcd4d203f95,8.5
2020-07-10,TeamA-5a5b135d-d146-4b4c-b3da-efcd4d203f95,9.0
2020-07-11,TeamA-5a5b135d-d146-4b4c-b3da-efcd4d203f95,9.0
2020-07-13,TeamA-5a5b135d-d146-4b4c-b3da-efcd4d203f95,9.0
2020-07-14,TeamA-5a5b135d-d146-4b4c-b3da-efcd4d203f95,8.0
2020-07-15,TeamA-5a5b135d-d146-4b4c-b3da-efcd4d203f95,8.0
2020-07-16,TeamA-5a5b135d-d146-4b4c-b3da-efcd4d203f95,8.0
2020-07-17,TeamA-5a5b135d-d146-4b4c-b3da-efcd4d203f95,8.5
2020-07-18,TeamA-5a5b135d-d146-4b4c-b3da-efcd4d203f95,9.0
2020-07-20,TeamA-5a5b135d-d146-4b4c-b3da-efcd4d203f95,9.0
2020-07-21,TeamA-5a5b135d-d146-4b4c-b3da-efcd4d203f95,8.5
2020-07-22,TeamA-5a5b135d-d146-4b4c-b3da-efcd4d203f95,8.5
2020-07-23,TeamA-5a5b135d-d146-4b4c-b3da-efcd4d203f95,9.0
2020-07-25,TeamA-5a5b135d-d146-4b4c-b3da-efcd4d203f95,8.5
2020-07-29,TeamA-5a5b135d-d146-4b4c-b3da-efcd4d203f95,9.0
2020-07-30,TeamA-5a5b135d-d146-4b4c-b3da-efcd4d203f95,8.5
2020-07-31,TeamA-5a5b135d-d146-4b4c-b3da-efcd4d203f95,9.0
2020-08-01,TeamA-5a5b135d-d146-4b4c-b3da-efcd4d203f95,9.0
2020-08-02,TeamA-5a5b135d-d146-4b4c-b3da-efcd4d203f95,9.0
2020-08-03,TeamA-5a5b135d-d146-4b4c-b3da-efcd4d203f95,9.0
2020-08-04,TeamA-5a5b135d-d146-4b4c-b3da-efcd4d203f95,9.0
2020-08-05,TeamA-5a5b135d-d146-4b4c-b3da-efcd4d203f95,8.5
2020-08-06,TeamA-5a5b135d-d146-4b4c-b3da-efcd4d203f95,8.5
2020-08-07,TeamA-5a5b135d-d146-4b4c-b3da-efcd4d203f95,9.0
2020-08-08,TeamA-5a5b135d-d146-4b4c-b3da-efcd4d203f95,8.5
2020-08-09,TeamA-5a5b135d-d146-4b4c-b3da-efcd4d203f95,8.0
2020-08-10,TeamA-5a5b135d-d146-4b4c-b3da-efcd4d203f95,10.0
2020-08-11,TeamA-5a5b135d-d146-4b4c-b3da-efcd4d203f95,9.0
2020-08-12,TeamA-5a5b135d-d146-4b4c-b3da-efcd4d203f95,8.5
2020-08-13,TeamA-5a5b135d-d146-4b4c-b3da-efcd4d203f95,8.5
2020-08-14,TeamA-5a5b135d-d146-4b4c-b3da-efcd4d203f95,8.0
2020-08-15,TeamA-5a5b135d-d146-4b4c-b3da-efcd4d203f95,9.0
2020-08-16,TeamA-5a5b135d-d146-4b4c-b3da-efcd4d203f95,9.0
2020-08-17,TeamA-5a5b135d-d146-4b4c-b3da-efcd4d203f95,10.0
2020-08-18,TeamA-5a5b135d-d146-4b4c-b3da-efcd4d203f95,8.5
2020-08-19,TeamA-5a5b135d-d146-4b4c-b3da-efcd4d203f95,8.0
2020-08-20,TeamA-5a5b135d-d146-4b4c-b3da-efcd4d203f95,9.0
2020-08-21,TeamA-5a5b135d-d146-4b4c-b3da-efcd4d203f95,9.0
2020-08-22,TeamA-5a5b135d-d146-4b4c-b3da-efcd4d203f95,9.0
2020-08-23,TeamA-5a5b135d-d146-4b4c-b3da-efcd4d203f95,8.5
2020-08-24,TeamA-5a5b135d-d146-4b4c-b3da-efcd4d203f95,9.0
2020-08-25,TeamA-5a5b135d-d146-4b4c-b3da-efcd4d203f95,8.5
2020-08-26,TeamA-5a5b135d-d146-4b4c-b3da-efcd4d203f95,8.5
2020-08-27,TeamA-5a5b135d-d146-4b4c-b3da-efcd4d203f95,8.0
2020-08-28,TeamA-5a5b135d-d146-4b4c-b3da-efcd4d203f95,8.5
2020-09-03,TeamA-5a5b135d-d146-4b4c-b3da-efcd4d203f95,9.0
2020-09-04,TeamA-5a5b135d-d146-4b4c-b3da-efcd4d203f95,9.0
2020-09-05,TeamA-5a5b135d-d146-4b4c-b3da-efcd4d203f95,8.5
2020-09-06,TeamA-5a5b135d-d146-4b4c-b3da-efcd4d203f95,9.0
2020-09-07,TeamA-5a5b135d-d146-4b4c-b3da-efcd4d203f95,8.5
2020-09-08,TeamA-5a5b135d-d146-4b4c-b3da-efcd4d203f95,8.5
2020-09-09,TeamA-5a5b135d-d146-4b4c-b3da-efcd4d203f95,8.5
2020-09-10,TeamA-5a5b135d-d146-4b4c-b3da-efcd4d203f95,9.0
2020-09-11,TeamA-5a5b135d-d146-4b4c-b3da-efcd4d203f95,10.0
2020-09-12,TeamA-5a5b135d-d146-4b4c-b3da-efcd4d203f95,9.0
2020-09-14,TeamA-5a5b135d-d146-4b4c-b3da-efcd4d203f95,9.0
2020-09-15,TeamA-5a5b135d-d146-4b4c-b3da-efcd4d203f95,8.5
2020-09-16,TeamA-5a5b135d-d146-4b4c-b3da-efcd4d203f95,8.5
2020-09-17,TeamA-5a5b135d-d146-4b4c-b3da-efcd4d203f95,9.0
2020-09-18,TeamA-5a5b135d-d146-4b4c-b3da-efcd4d203f95,9.0
2020-09-19,TeamA-5a5b135d-d146-4b4c-b3da-efcd4d203f95,9.0
2020-09-20,TeamA-5a5b135d-d146-4b4c-b3da-efcd4d203f95,10.0
2020-09-21,TeamA-5a5b135d-d146-4b4c-b3da-efcd4d203f95,8.5
2020-09-22,TeamA-5a5b135d-d146-4b4c-b3da-efcd4d203f95,8.5
2020-09-23,TeamA-5a5b135d-d146-4b4c-b3da-efcd4d203f95,9.0
2020-09-24,TeamA-5a5b135d-d146-4b4c-b3da-efcd4d203f95,10.0
2020-09-25,TeamA-5a5b135d-d146-4b4c-b3da-efcd4d203f95,8.0
2020-09-26,TeamA-5a5b135d-d146-4b4c-b3da-efcd4d203f95,8.5
2020-09-27,TeamA-5a5b135d-d146-4b4c-b3da-efcd4d203f95,8.0
2020-09-28,TeamA-5a5b135d-d146-4b4c-b3da-efcd4d203f95,7.5
2020-09-29,TeamA-5a5b135d-d146-4b4c-b3da-efcd4d203f95,8.0
2020-09-30,TeamA-5a5b135d-d146-4b4c-b3da-efcd4d203f95,9.0
2020-10-01,TeamA-5a5b135d-d146-4b4c-b3da-efcd4d203f95,10.0
2020-10-02,TeamA-5a5b135d-d146-4b4c-b3da-efcd4d203f95,10.0
2020-10-03,TeamA-5a5b135d-d146-4b4c-b3da-efcd4d203f95,9.0
2020-10-04,TeamA-5a5b135d-d146-4b4c-b3da-efcd4d203f95,10.0
2020-10-05,TeamA-5a5b135d-d146-4b4c-b3da-efcd4d203f95,7.5
2020-10-06,TeamA-5a5b135d-d146-4b4c-b3da-efcd4d203f95,8.0
2020-10-07,TeamA-5a5b135d-d146-4b4c-b3da-efcd4d203f95,10.0
2020-10-08,TeamA-5a5b135d-d146-4b4c-b3da-efcd4d203f95,7.5
2020-10-09,TeamA-5a5b135d-d146-4b4c-b3da-efcd4d203f95,8.0
2020-10-10,TeamA-5a5b135d-d146-4b4c-b3da-efcd4d203f95,9.0
2020-10-11,TeamA-5a5b135d-d146-4b4c-b3da-efcd4d203f95,9.0
2020-10-12,TeamA-5a5b135d-d146-4b4c-b3da-efcd4d203f95,9.0
2020-10-13,TeamA-5a5b135d-d146-4b4c-b3da-efcd4d203f95,8.0
2020-10-14,TeamA-5a5b135d-d146-4b4c-b3da-efcd4d203f95,9.0
2020-10-15,TeamA-5a5b135d-d146-4b4c-b3da-efcd4d203f95,9.0
2020-10-16,TeamA-5a5b135d-d146-4b4c-b3da-efcd4d203f95,8.0
2020-10-17,TeamA-5a5b135d-d146-4b4c-b3da-efcd4d203f95,9.0
2020-10-18,TeamA-5a5b135d-d146-4b4c-b3da-efcd4d203f95,9.0
2020-10-19,TeamA-5a5b135d-d146-4b4c-b3da-efcd4d203f95,9.0
2020-10-20,TeamA-5a5b135d-d146-4b4c-b3da-efcd4d203f95,8.0
2020-10-22,TeamA-5a5b135d-d146-4b4c-b3da-efcd4d203f95,7.5
2020-10-23,TeamA-5a5b135d-d146-4b4c-b3da-efcd4d203f95,9.0
2020-10-24,TeamA-5a5b135d-d146-4b4c-b3da-efcd4d203f95,9.0
2020-10-25,TeamA-5a5b135d-d146-4b4c-b3da-efcd4d203f95,7.5
2020-10-26,TeamA-5a5b135d-d146-4b4c-b3da-efcd4d203f95,10.0
2020-10-27,TeamA-5a5b135d-d146-4b4c-b3da-efcd4d203f95,9.0
2020-10-28,TeamA-5a5b135d-d146-4b4c-b3da-efcd4d203f95,8.5
2020-10-29,TeamA-5a5b135d-d146-4b4c-b3da-efcd4d203f95,7.5
2020-10-30,TeamA-5a5b135d-d146-4b4c-b3da-efcd4d203f95,7.5
2020-11-01,TeamA-5a5b135d-d146-4b4c-b3da-efcd4d203f95,9.0
2020-11-02,TeamA-5a5b135d-d146-4b4c-b3da-efcd4d203f95,8.5
2020-11-03,TeamA-5a5b135d-d146-4b4c-b3da-efcd4d203f95,8.0
2020-11-04,TeamA-5a5b135d-d146-4b4c-b3da-efcd4d203f95,9.0
2020-11-05,TeamA-5a5b135d-d146-4b4c-b3da-efcd4d203f95,9.0
2020-11-06,TeamA-5a5b135d-d146-4b4c-b3da-efcd4d203f95,7.5
2020-11-08,TeamA-5a5b135d-d146-4b4c-b3da-efcd4d203f95,9.0
2020-11-09,TeamA-5a5b135d-d146-4b4c-b3da-efcd4d203f95,7.5
2020-11-10,TeamA-5a5b135d-d146-4b4c-b3da-efcd4d203f95,9.0
2020-11-11,TeamA-5a5b135d-d146-4b4c-b3da-efcd4d203f95,8.0
2020-11-12,TeamA-5a5b135d-d146-4b4c-b3da-efcd4d203f95,9.0
2020-11-13,TeamA-5a5b135d-d146-4b4c-b3da-efcd4d203f95,10.0
2020-11-14,TeamA-5a5b135d-d146-4b4c-b3da-efcd4d203f95,8.0
2020-11-15,TeamA-5a5b135d-d146-4b4c-b3da-efcd4d203f95,8.0
2020-11-16,TeamA-5a5b135d-d146-4b4c-b3da-efcd4d203f95,8.5
2020-11-17,TeamA-5a5b135d-d146-4b4c-b3da-efcd4d203f95,8.5
2020-11-18,TeamA-5a5b135d-d146-4b4c-b3da-efcd4d203f95,8.0
2020-11-19,TeamA-5a5b135d-d146-4b4c-b3da-efcd4d203f95,9.0
2020-11-20,TeamA-5a5b135d-d146-4b4c-b3da-efcd4d203f95,9.0
2020-11-21,TeamA-5a5b135d-d146-4b4c-b3da-efcd4d203f95,10.0
2020-11-22,TeamA-5a5b135d-d146-4b4c-b3da-efcd4d203f95,10.0
2020-11-23,TeamA-5a5b135d-d146-4b4c-b3da-efcd4d203f95,10.0
2020-11-24,TeamA-5a5b135d-d146-4b4c-b3da-efcd4d203f95,8.5
2020-11-25,TeamA-5a5b135d-d146-4b4c-b3da-efcd4d203f95,9.0
2020-11-26,TeamA-5a5b135d-d146-4b4c-b3da-efcd4d203f95,9.0
2020-11-27,TeamA-5a5b135d-d146-4b4c-b3da-efcd4d203f95,9.0
2020-11-28,TeamA-5a5b135d-d146-4b4c-b3da-efcd4d203f95,9.0
2020-11-29,TeamA-5a5b135d-d146-4b4c-b3da-efcd4d203f95,9.0
2020-11-30,TeamA-5a5b135d-d146-4b4c-b3da-efcd4d203f95,9.0
2020-12-01,TeamA-5a5b135d-d146-4b4c-b3da-efcd4d203f95,8.0
2020-12-02,TeamA-5a5b135d-d146-4b4c-b3da-efcd4d203f95,8.5
2020-12-03,TeamA-5a5b135d-d146-4b4c-b3da-efcd4d203f95,8.5
2020-12-04,TeamA-5a5b135d-d146-4b4c-b3da-efcd4d203f95,9.0
2020-12-05,TeamA-5a5b135d-d146-4b4c-b3da-efcd4d203f95,8.5
2020-12-06,TeamA-5a5b135d-d146-4b4c-b3da-efcd4d203f95,9.0
2020-12-07,TeamA-5a5b135d-d146-4b4c-b3da-efcd4d203f95,9.0
2020-12-08,TeamA-5a5b135d-d146-4b4c-b3da-efcd4d203f95,9.0
2020-12-09,TeamA-5a5b135d-d146-4b4c-b3da-efcd4d203f95,8.5
2020-12-10,TeamA-5a5b135d-d146-4b4c-b3da-efcd4d203f95,9.0
2020-12-11,TeamA-5a5b135d-d146-4b4c-b3da-efcd4d203f95,8.0
2020-12-13,TeamA-5a5b135d-d146-4b4c-b3da-efcd4d203f95,10.0
2020-12-14,TeamA-5a5b135d-d146-4b4c-b3da-efcd4d203f95,9.0
2020-12-15,TeamA-5a5b135d-d146-4b4c-b3da-efcd4d203f95,9.0
2020-12-16,TeamA-5a5b135d-d146-4b4c-b3da-efcd4d203f95,8.5
2020-12-18,TeamA-5a5b135d-d146-4b4c-b3da-efcd4d203f95,9.0
2021-01-02,TeamA-5a5b135d-d146-4b4c-b3da-efcd4d203f95,11.0
2021-01-03,TeamA-5a5b135d-d146-4b4c-b3da-efcd4d203f95,9.0
2021-01-08,TeamA-5a5b135d-d146-4b4c-b3da-efcd4d203f95,9.0
2021-01-09,TeamA-5a5b135d-d146-4b4c-b3da-efcd4d203f95,9.0
2021-01-10,TeamA-5a5b135d-d146-4b4c-b3da-efcd4d203f95,9.0
2021-01-11,TeamA-5a5b135d-d146-4b4c-b3da-efcd4d203f95,9.0
2021-01-12,TeamA-5a5b135d-d146-4b4c-b3da-efcd4d203f95,8.5
2021-01-13,TeamA-5a5b135d-d146-4b4c-b3da-efcd4d203f95,9.0
2021-01-14,TeamA-5a5b135d-d146-4b4c-b3da-efcd4d203f95,9.0
2021-01-16,TeamA-5a5b135d-d146-4b4c-b3da-efcd4d203f95,9.0
2021-01-17,TeamA-5a5b135d-d146-4b4c-b3da-efcd4d203f95,9.0
2021-01-18,TeamA-5a5b135d-d146-4b4c-b3da-efcd4d203f95,8.0
2021-01-20,TeamA-5a5b135d-d146-4b4c-b3da-efcd4d203f95,9.0
2021-01-21,TeamA-5a5b135d-d146-4b4c-b3da-efcd4d203f95,9.0
2021-01-22,TeamA-5a5b135d-d146-4b4c-b3da-efcd4d203f95,8.0
2021-01-24,TeamA-5a5b135d-d146-4b4c-b3da-efcd4d203f95,9.0
2021-01-25,TeamA-5a5b135d-d146-4b4c-b3da-efcd4d203f95,8.5
2021-01-26,TeamA-5a5b135d-d146-4b4c-b3da-efcd4d203f95,8.0
2021-01-27,TeamA-5a5b135d-d146-4b4c-b3da-efcd4d203f95,8.5
2021-01-28,TeamA-5a5b135d-d146-4b4c-b3da-efcd4d203f95,9.0
2021-01-29,TeamA-5a5b135d-d146-4b4c-b3da-efcd4d203f95,9.0
2021-01-30,TeamA-5a5b135d-d146-4b4c-b3da-efcd4d203f95,9.0
2021-01-31,TeamA-5a5b135d-d146-4b4c-b3da-efcd4d203f95,9.0
2021-02-01,TeamA-5a5b135d-d146-4b4c-b3da-efcd4d203f95,8.5
2021-02-02,TeamA-5a5b135d-d146-4b4c-b3da-efcd4d203f95,9.0
2021-02-03,TeamA-5a5b135d-d146-4b4c-b3da-efcd4d203f95,9.0
2021-02-04,TeamA-5a5b135d-d146-4b4c-b3da-efcd4d203f95,8.5
2021-02-05,TeamA-5a5b135d-d146-4b4c-b3da-efcd4d203f95,9.0
2021-02-06,TeamA-5a5b135d-d146-4b4c-b3da-efcd4d203f95,9.0
2021-02-07,TeamA-5a5b135d-d146-4b4c-b3da-efcd4d203f95,10.0
2021-02-08,TeamA-5a5b135d-d146-4b4c-b3da-efcd4d203f95,8.0
2021-02-09,TeamA-5a5b135d-d146-4b4c-b3da-efcd4d203f95,9.0
2021-02-10,TeamA-5a5b135d-d146-4b4c-b3da-efcd4d203f95,8.0
2021-02-11,TeamA-5a5b135d-d146-4b4c-b3da-efcd4d203f95,8.5
2021-02-12,TeamA-5a5b135d-d146-4b4c-b3da-efcd4d203f95,9.0
2021-02-13,TeamA-5a5b135d-d146-4b4c-b3da-efcd4d203f95,9.0
2021-02-14,TeamA-5a5b135d-d146-4b4c-b3da-efcd4d203f95,10.0
2021-02-15,TeamA-5a5b135d-d146-4b4c-b3da-efcd4d203f95,7.5
2021-02-16,TeamA-5a5b135d-d146-4b4c-b3da-efcd4d203f95,9.0
2021-02-17,TeamA-5a5b135d-d146-4b4c-b3da-efcd4d203f95,8.5
2021-02-18,TeamA-5a5b135d-d146-4b4c-b3da-efcd4d203f95,7.5
2021-02-19,TeamA-5a5b135d-d146-4b4c-b3da-efcd4d203f95,9.0
2021-02-20,TeamA-5a5b135d-d146-4b4c-b3da-efcd4d203f95,9.0
2021-02-21,TeamA-5a5b135d-d146-4b4c-b3da-efcd4d203f95,10.0
2021-02-22,TeamA-5a5b135d-d146-4b4c-b3da-efcd4d203f95,7.5
2021-02-23,TeamA-5a5b135d-d146-4b4c-b3da-efcd4d203f95,8.5
2021-02-24,TeamA-5a5b135d-d146-4b4c-b3da-efcd4d203f95,8.5
2021-02-27,TeamA-5a5b135d-d146-4b4c-b3da-efcd4d203f95,9.0
2021-03-01,TeamA-5a5b135d-d146-4b4c-b3da-efcd4d203f95,7.5
2021-03-03,TeamA-5a5b135d-d146-4b4c-b3da-efcd4d203f95,9.0
2021-03-04,TeamA-5a5b135d-d146-4b4c-b3da-efcd4d203f95,7.5
2021-03-05,TeamA-5a5b135d-d146-4b4c-b3da-efcd4d203f95,9.0
2021-03-06,TeamA-5a5b135d-d146-4b4c-b3da-efcd4d203f95,9.0
2021-03-07,TeamA-5a5b135d-d146-4b4c-b3da-efcd4d203f95,10.0
2021-03-08,TeamA-5a5b135d-d146-4b4c-b3da-efcd4d203f95,8.0
2021-03-09,TeamA-5a5b135d-d146-4b4c-b3da-efcd4d203f95,8.0
2021-03-10,TeamA-5a5b135d-d146-4b4c-b3da-efcd4d203f95,9.0
2021-03-11,TeamA-5a5b135d-d146-4b4c-b3da-efcd4d203f95,7.0
2021-03-13,TeamA-5a5b135d-d146-4b4c-b3da-efcd4d203f95,8.0
2021-03-14,TeamA-5a5b135d-d146-4b4c-b3da-efcd4d203f95,9.0
2021-03-15,TeamA-5a5b135d-d146-4b4c-b3da-efcd4d203f95,7.5
2021-03-16,TeamA-5a5b135d-d146-4b4c-b3da-efcd4d203f95,8.0
2021-03-17,TeamA-5a5b135d-d146-4b4c-b3da-efcd4d203f95,9.0
2021-03-18,TeamA-5a5b135d-d146-4b4c-b3da-efcd4d203f95,10.0
2021-03-19,TeamA-5a5b135d-d146-4b4c-b3da-efcd4d203f95,10.0
2021-03-20,TeamA-5a5b135d-d146-4b4c-b3da-efcd4d203f95,9.0
2021-03-21,TeamA-5a5b135d-d146-4b4c-b3da-efcd4d203f95,9.0
2021-03-22,TeamA-5a5b135d-d146-4b4c-b3da-efcd4d203f95,10.0
2021-03-23,TeamA-5a5b135d-d146-4b4c-b3da-efcd4d203f95,8.5
2021-03-24,TeamA-5a5b135d-d146-4b4c-b3da-efcd4d203f95,9.0
2021-03-25,TeamA-5a5b135d-d146-4b4c-b3da-efcd4d203f95,7.5
2021-03-26,TeamA-5a5b135d-d146-4b4c-b3da-efcd4d203f95,9.0
2021-03-27,TeamA-5a5b135d-d146-4b4c-b3da-efcd4d203f95,9.0
2021-03-28,TeamA-5a5b135d-d146-4b4c-b3da-efcd4d203f95,9.0
2021-03-29,TeamA-5a5b135d-d146-4b4c-b3da-efcd4d203f95,9.0
2021-03-30,TeamA-5a5b135d-d146-4b4c-b3da-efcd4d203f95,7.5
2021-04-02,TeamA-5a5b135d-d146-4b4c-b3da-efcd4d203f95,9.0
2021-04-05,TeamA-5a5b135d-d146-4b4c-b3da-efcd4d203f95,9.0
2021-04-06,TeamA-5a5b135d-d146-4b4c-b3da-efcd4d203f95,8.0
2021-04-08,TeamA-5a5b135d-d146-4b4c-b3da-efcd4d203f95,8.5
2021-04-09,TeamA-5a5b135d-d146-4b4c-b3da-efcd4d203f95,9.0
2021-04-11,TeamA-5a5b135d-d146-4b4c-b3da-efcd4d203f95,9.0
2021-04-12,TeamA-5a5b135d-d146-4b4c-b3da-efcd4d203f95,8.0
2021-04-13,TeamA-5a5b135d-d146-4b4c-b3da-efcd4d203f95,8.5
2021-04-14,TeamA-5a5b135d-d146-4b4c-b3da-efcd4d203f95,8.5
2021-04-15,TeamA-5a5b135d-d146-4b4c-b3da-efcd4d203f95,8.0
2021-04-16,TeamA-5a5b135d-d146-4b4c-b3da-efcd4d203f95,8.5
2021-04-17,TeamA-5a5b135d-d146-4b4c-b3da-efcd4d203f95,9.0
2021-04-18,TeamA-5a5b135d-d146-4b4c-b3da-efcd4d203f95,9.0
2021-04-19,TeamA-5a5b135d-d146-4b4c-b3da-efcd4d203f95,8.5
2021-04-20,TeamA-5a5b135d-d146-4b4c-b3da-efcd4d203f95,8.5
2021-04-21,TeamA-5a5b135d-d146-4b4c-b3da-efcd4d203f95,9.0
2021-04-22,TeamA-5a5b135d-d146-4b4c-b3da-efcd4d203f95,8.0
2021-04-23,TeamA-5a5b135d-d146-4b4c-b3da-efcd4d203f95,8.5
2021-04-24,TeamA-5a5b135d-d146-4b4c-b3da-efcd4d203f95,10.0
2021-04-25,TeamA-5a5b135d-d146-4b4c-b3da-efcd4d203f95,9.0
2021-04-26,TeamA-5a5b135d-d146-4b4c-b3da-efcd4d203f95,8.5
2021-04-27,TeamA-5a5b135d-d146-4b4c-b3da-efcd4d203f95,8.5
2021-04-28,TeamA-5a5b135d-d146-4b4c-b3da-efcd4d203f95,9.0
2021-04-29,TeamA-5a5b135d-d146-4b4c-b3da-efcd4d203f95,8.5
2021-04-30,TeamA-5a5b135d-d146-4b4c-b3da-efcd4d203f95,8.5
2021-05-02,TeamA-5a5b135d-d146-4b4c-b3da-efcd4d203f95,9.0
2021-05-03,TeamA-5a5b135d-d146-4b4c-b3da-efcd4d203f95,9.0
2021-05-04,TeamA-5a5b135d-d146-4b4c-b3da-efcd4d203f95,8.5
2021-05-06,TeamA-5a5b135d-d146-4b4c-b3da-efcd4d203f95,9.0
2021-05-08,TeamA-5a5b135d-d146-4b4c-b3da-efcd4d203f95,9.0
2021-05-09,TeamA-5a5b135d-d146-4b4c-b3da-efcd4d203f95,9.0
2021-05-10,TeamA-5a5b135d-d146-4b4c-b3da-efcd4d203f95,8.5
2021-05-11,TeamA-5a5b135d-d146-4b4c-b3da-efcd4d203f95,9.0
2021-05-12,TeamA-5a5b135d-d146-4b4c-b3da-efcd4d203f95,8.5
2021-05-13,TeamA-5a5b135d-d146-4b4c-b3da-efcd4d203f95,9.0
2021-05-14,TeamA-5a5b135d-d146-4b4c-b3da-efcd4d203f95,8.0
2021-05-15,TeamA-5a5b135d-d146-4b4c-b3da-efcd4d203f95,8.5
2021-05-17,TeamA-5a5b135d-d146-4b4c-b3da-efcd4d203f95,8.5
2021-05-18,TeamA-5a5b135d-d146-4b4c-b3da-efcd4d203f95,8.0
2021-05-19,TeamA-5a5b135d-d146-4b4c-b3da-efcd4d203f95,8.5
2021-05-22,TeamA-5a5b135d-d146-4b4c-b3da-efcd4d203f95,9.0
2021-05-24,TeamA-5a5b135d-d146-4b4c-b3da-efcd4d203f95,9.0
2021-05-26,TeamA-5a5b135d-d146-4b4c-b3da-efcd4d203f95,9.0
2021-05-28,TeamA-5a5b135d-d146-4b4c-b3da-efcd4d203f95,9.0
2021-05-29,TeamA-5a5b135d-d146-4b4c-b3da-efcd4d203f95,9.0
2021-05-30,TeamA-5a5b135d-d146-4b4c-b3da-efcd4d203f95,9.0
2021-05-31,TeamA-5a5b135d-d146-4b4c-b3da-efcd4d203f95,9.0
2021-06-01,TeamA-5a5b135d-d146-4b4c-b3da-efcd4d203f95,8.0
2021-06-02,TeamA-5a5b135d-d146-4b4c-b3da-efcd4d203f95,9.0
2021-06-03,TeamA-5a5b135d-d146-4b4c-b3da-efcd4d203f95,9.0
2021-06-04,TeamA-5a5b135d-d146-4b4c-b3da-efcd4d203f95,8.5
2021-06-05,TeamA-5a5b135d-d146-4b4c-b3da-efcd4d203f95,9.0
2021-06-06,TeamA-5a5b135d-d146-4b4c-b3da-efcd4d203f95,9.0
2021-06-07,TeamA-5a5b135d-d146-4b4c-b3da-efcd4d203f95,9.0
2021-06-08,TeamA-5a5b135d-d146-4b4c-b3da-efcd4d203f95,8.5
2021-06-09,TeamA-5a5b135d-d146-4b4c-b3da-efcd4d203f95,9.0
2021-06-10,TeamA-5a5b135d-d146-4b4c-b3da-efcd4d203f95,9.0
2021-06-12,TeamA-5a5b135d-d146-4b4c-b3da-efcd4d203f95,9.0
2021-06-13,TeamA-5a5b135d-d146-4b4c-b3da-efcd4d203f95,9.0
2021-07-06,TeamA-5a5b135d-d146-4b4c-b3da-efcd4d203f95,9.0
2021-07-07,TeamA-5a5b135d-d146-4b4c-b3da-efcd4d203f95,9.0
2021-07-08,TeamA-5a5b135d-d146-4b4c-b3da-efcd4d203f95,9.0
2021-07-09,TeamA-5a5b135d-d146-4b4c-b3da-efcd4d203f95,9.0
2021-07-10,TeamA-5a5b135d-d146-4b4c-b3da-efcd4d203f95,9.0
2021-07-11,TeamA-5a5b135d-d146-4b4c-b3da-efcd4d203f95,9.0
2021-07-12,TeamA-5a5b135d-d146-4b4c-b3da-efcd4d203f95,9.0
2021-07-14,TeamA-5a5b135d-d146-4b4c-b3da-efcd4d203f95,9.0
2021-07-15,TeamA-5a5b135d-d146-4b4c-b3da-efcd4d203f95,9.0
2021-07-16,TeamA-5a5b135d-d146-4b4c-b3da-efcd4d203f95,8.5
2021-07-17,TeamA-5a5b135d-d146-4b4c-b3da-efcd4d203f95,9.0
2021-07-18,TeamA-5a5b135d-d146-4b4c-b3da-efcd4d203f95,9.0
2021-07-19,TeamA-5a5b135d-d146-4b4c-b3da-efcd4d203f95,9.0
2021-07-20,TeamA-5a5b135d-d146-4b4c-b3da-efcd4d203f95,9.0
2021-07-21,TeamA-5a5b135d-d146-4b4c-b3da-efcd4d203f95,9.0
2021-07-22,TeamA-5a5b135d-d146-4b4c-b3da-efcd4d203f95,9.0
2021-07-23,TeamA-5a5b135d-d146-4b4c-b3da-efcd4d203f95,9.0
2021-07-26,TeamA-5a5b135d-d146-4b4c-b3da-efcd4d203f95,9.0
2021-07-29,TeamA-5a5b135d-d146-4b4c-b3da-efcd4d203f95,8.5
2021-07-30,TeamA-5a5b135d-d146-4b4c-b3da-efcd4d203f95,9.0
2021-08-01,TeamA-5a5b135d-d146-4b4c-b3da-efcd4d203f95,9.0
2021-08-02,TeamA-5a5b135d-d146-4b4c-b3da-efcd4d203f95,9.0
2021-08-03,TeamA-5a5b135d-d146-4b4c-b3da-efcd4d203f95,9.0
2021-08-04,TeamA-5a5b135d-d146-4b4c-b3da-efcd4d203f95,9.0
2021-08-05,TeamA-5a5b135d-d146-4b4c-b3da-efcd4d203f95,9.0
2021-08-06,TeamA-5a5b135d-d146-4b4c-b3da-efcd4d203f95,9.0
2021-08-07,TeamA-5a5b135d-d146-4b4c-b3da-efcd4d203f95,9.0
2021-08-08,TeamA-5a5b135d-d146-4b4c-b3da-efcd4d203f95,9.0
2021-08-09,TeamA-5a5b135d-d146-4b4c-b3da-efcd4d203f95,9.0
2021-08-10,TeamA-5a5b135d-d146-4b4c-b3da-efcd4d203f95,9.0
2021-08-11,TeamA-5a5b135d-d146-4b4c-b3da-efcd4d203f95,9.0
2021-08-12,TeamA-5a5b135d-d146-4b4c-b3da-efcd4d203f95,9.0
2021-08-13,TeamA-5a5b135d-d146-4b4c-b3da-efcd4d203f95,9.0
2021-08-14,TeamA-5a5b135d-d146-4b4c-b3da-efcd4d203f95,9.0
2021-08-15,TeamA-5a5b135d-d146-4b4c-b3da-efcd4d203f95,9.0
2021-08-16,TeamA-5a5b135d-d146-4b4c-b3da-efcd4d203f95,9.0
2021-08-17,TeamA-5a5b135d-d146-4b4c-b3da-efcd4d203f95,9.0
2021-08-18,TeamA-5a5b135d-d146-4b4c-b3da-efcd4d203f95,8.0
2021-08-19,TeamA-5a5b135d-d146-4b4c-b3da-efcd4d203f95,9.0
2021-08-20,TeamA-5a5b135d-d146-4b4c-b3da-efcd4d203f95,9.0
2021-08-21,TeamA-5a5b135d-d146-4b4c-b3da-efcd4d203f95,9.0
2021-08-22,TeamA-5a5b135d-d146-4b4c-b3da-efcd4d203f95,9.0
2021-08-23,TeamA-5a5b135d-d146-4b4c-b3da-efcd4d203f95,9.0
2021-08-24,TeamA-5a5b135d-d146-4b4c-b3da-efcd4d203f95,9.0
2021-08-25,TeamA-5a5b135d-d146-4b4c-b3da-efcd4d203f95,9.0
2021-08-26,TeamA-5a5b135d-d146-4b4c-b3da-efcd4d203f95,9.0
2021-08-27,TeamA-5a5b135d-d146-4b4c-b3da-efcd4d203f95,9.0
2021-08-28,TeamA-5a5b135d-d146-4b4c-b3da-efcd4d203f95,9.0
2021-08-29,TeamA-5a5b135d-d146-4b4c-b3da-efcd4d203f95,9.0
2021-08-30,TeamA-5a5b135d-d146-4b4c-b3da-efcd4d203f95,9.0
2021-08-31,TeamA-5a5b135d-d146-4b4c-b3da-efcd4d203f95,9.0
2021-09-01,TeamA-5a5b135d-d146-4b4c-b3da-efcd4d203f95,9.0
2021-09-02,TeamA-5a5b135d-d146-4b4c-b3da-efcd4d203f95,9.0
2021-09-03,TeamA-5a5b135d-d146-4b4c-b3da-efcd4d203f95,9.0
2021-09-05,TeamA-5a5b135d-d146-4b4c-b3da-efcd4d203f95,9.0
2021-09-06,TeamA-5a5b135d-d146-4b4c-b3da-efcd4d203f95,9.0
2021-09-07,TeamA-5a5b135d-d146-4b4c-b3da-efcd4d203f95,9.0
2021-09-08,TeamA-5a5b135d-d146-4b4c-b3da-efcd4d203f95,8.5
2021-09-09,TeamA-5a5b135d-d146-4b4c-b3da-efcd4d203f95,9.0
2021-09-10,TeamA-5a5b135d-d146-4b4c-b3da-efcd4d203f95,9.0
2021-09-11,TeamA-5a5b135d-d146-4b4c-b3da-efcd4d203f95,9.0
2021-09-13,TeamA-5a5b135d-d146-4b4c-b3da-efcd4d203f95,9.0
2021-09-14,TeamA-5a5b135d-d146-4b4c-b3da-efcd4d203f95,9.0
2021-09-15,TeamA-5a5b135d-d146-4b4c-b3da-efcd4d203f95,9.0
2021-09-16,TeamA-5a5b135d-d146-4b4c-b3da-efcd4d203f95,9.0
2021-09-17,TeamA-5a5b135d-d146-4b4c-b3da-efcd4d203f95,9.0
2021-09-19,TeamA-5a5b135d-d146-4b4c-b3da-efcd4d203f95,9.0
2021-09-20,TeamA-5a5b135d-d146-4b4c-b3da-efcd4d203f95,9.0
2021-09-21,TeamA-5a5b135d-d146-4b4c-b3da-efcd4d203f95,9.0
2021-09-22,TeamA-5a5b135d-d146-4b4c-b3da-efcd4d203f95,9.0
2021-09-23,TeamA-5a5b135d-d146-4b4c-b3da-efcd4d203f95,9.0
2021-09-24,TeamA-5a5b135d-d146-4b4c-b3da-efcd4d203f95,9.0
2021-09-25,TeamA-5a5b135d-d146-4b4c-b3da-efcd4d203f95,8.5
2021-09-26,TeamA-5a5b135d-d146-4b4c-b3da-efcd4d203f95,9.0
2021-09-27,TeamA-5a5b135d-d146-4b4c-b3da-efcd4d203f95,9.0
2021-09-28,TeamA-5a5b135d-d146-4b4c-b3da-efcd4d203f95,9.0
2021-09-29,TeamA-5a5b135d-d146-4b4c-b3da-efcd4d203f95,9.0
2021-09-30,TeamA-5a5b135d-d146-4b4c-b3da-efcd4d203f95,9.0
2021-10-01,TeamA-5a5b135d-d146-4b4c-b3da-efcd4d203f95,9.0
2021-10-02,TeamA-5a5b135d-d146-4b4c-b3da-efcd4d203f95,9.0
2021-10-03,TeamA-5a5b135d-d146-4b4c-b3da-efcd4d203f95,9.0
2021-10-04,TeamA-5a5b135d-d146-4b4c-b3da-efcd4d203f95,9.0
2021-10-05,TeamA-5a5b135d-d146-4b4c-b3da-efcd4d203f95,9.0
2021-10-06,TeamA-5a5b135d-d146-4b4c-b3da-efcd4d203f95,8.5
2021-10-07,TeamA-5a5b135d-d146-4b4c-b3da-efcd4d203f95,9.0
2021-10-08,TeamA-5a5b135d-d146-4b4c-b3da-efcd4d203f95,9.0
2021-10-09,TeamA-5a5b135d-d146-4b4c-b3da-efcd4d203f95,9.0
2021-10-10,TeamA-5a5b135d-d146-4b4c-b3da-efcd4d203f95,9.0
2021-10-11,TeamA-5a5b135d-d146-4b4c-b3da-efcd4d203f95,9.0
2021-10-12,TeamA-5a5b135d-d146-4b4c-b3da-efcd4d203f95,9.0
2021-10-13,TeamA-5a5b135d-d146-4b4c-b3da-efcd4d203f95,9.0
2021-10-14,TeamA-5a5b135d-d146-4b4c-b3da-efcd4d203f95,9.0
2021-10-15,TeamA-5a5b135d-d146-4b4c-b3da-efcd4d203f95,9.0
2021-10-16,TeamA-5a5b135d-d146-4b4c-b3da-efcd4d203f95,8.5
2021-10-17,TeamA-5a5b135d-d146-4b4c-b3da-efcd4d203f95,9.0
2021-10-18,TeamA-5a5b135d-d146-4b4c-b3da-efcd4d203f95,9.0
2021-10-19,TeamA-5a5b135d-d146-4b4c-b3da-efcd4d203f95,8.5
2021-10-20,TeamA-5a5b135d-d146-4b4c-b3da-efcd4d203f95,9.0
2021-10-21,TeamA-5a5b135d-d146-4b4c-b3da-efcd4d203f95,9.0
2021-10-22,TeamA-5a5b135d-d146-4b4c-b3da-efcd4d203f95,9.0
2021-10-23,TeamA-5a5b135d-d146-4b4c-b3da-efcd4d203f95,9.0
2021-10-25,TeamA-5a5b135d-d146-4b4c-b3da-efcd4d203f95,9.0
2021-10-26,TeamA-5a5b135d-d146-4b4c-b3da-efcd4d203f95,10.0
2021-10-27,TeamA-5a5b135d-d146-4b4c-b3da-efcd4d203f95,9.0
2021-10-28,TeamA-5a5b135d-d146-4b4c-b3da-efcd4d203f95,9.0
2021-10-29,TeamA-5a5b135d-d146-4b4c-b3da-efcd4d203f95,10.0
2021-10-30,TeamA-5a5b135d-d146-4b4c-b3da-efcd4d203f95,9.0
2021-11-01,TeamA-5a5b135d-d146-4b4c-b3da-efcd4d203f95,9.0
2021-11-02,TeamA-5a5b135d-d146-4b4c-b3da-efcd4d203f95,9.0
2021-11-03,TeamA-5a5b135d-d146-4b4c-b3da-efcd4d203f95,9.0
2021-11-04,TeamA-5a5b135d-d146-4b4c-b3da-efcd4d203f95,9.0
2021-11-05,TeamA-5a5b135d-d146-4b4c-b3da-efcd4d203f95,9.0
2021-11-06,TeamA-5a5b135d-d146-4b4c-b3da-efcd4d203f95,9.0
2021-11-07,TeamA-5a5b135d-d146-4b4c-b3da-efcd4d203f95,8.5
2021-11-08,TeamA-5a5b135d-d146-4b4c-b3da-efcd4d203f95,9.0
2021-11-09,TeamA-5a5b135d-d146-4b4c-b3da-efcd4d203f95,9.0
2021-11-10,TeamA-5a5b135d-d146-4b4c-b3da-efcd4d203f95,9.0
2021-11-11,TeamA-5a5b135d-d146-4b4c-b3da-efcd4d203f95,9.0
2021-11-12,TeamA-5a5b135d-d146-4b4c-b3da-efcd4d203f95,9.0
2021-11-13,TeamA-5a5b135d-d146-4b4c-b3da-efcd4d203f95,9.0
2021-11-14,TeamA-5a5b135d-d146-4b4c-b3da-efcd4d203f95,8.0
2021-11-15,TeamA-5a5b135d-d146-4b4c-b3da-efcd4d203f95,9.0
2021-11-16,TeamA-5a5b135d-d146-4b4c-b3da-efcd4d203f95,8.5
2021-11-17,TeamA-5a5b135d-d146-4b4c-b3da-efcd4d203f95,5.5
2021-11-18,TeamA-5a5b135d-d146-4b4c-b3da-efcd4d203f95,9.0
2021-11-19,TeamA-5a5b135d-d146-4b4c-b3da-efcd4d203f95,9.0
2021-11-22,TeamA-5a5b135d-d146-4b4c-b3da-efcd4d203f95,9.0
2021-11-23,TeamA-5a5b135d-d146-4b4c-b3da-efcd4d203f95,9.0
2021-11-24,TeamA-5a5b135d-d146-4b4c-b3da-efcd4d203f95,9.0
2021-11-25,TeamA-5a5b135d-d146-4b4c-b3da-efcd4d203f95,9.0
2021-11-29,TeamA-5a5b135d-d146-4b4c-b3da-efcd4d203f95,9.0
2021-11-30,TeamA-5a5b135d-d146-4b4c-b3da-efcd4d203f95,9.0
2021-12-01,TeamA-5a5b135d-d146-4b4c-b3da-efcd4d203f95,9.0
2021-12-02,TeamA-5a5b135d-d146-4b4c-b3da-efcd4d203f95,8.0
2021-12-06,TeamA-5a5b135d-d146-4b4c-b3da-efcd4d203f95,9.0
2021-12-07,TeamA-5a5b135d-d146-4b4c-b3da-efcd4d203f95,5.5
2021-12-08,TeamA-5a5b135d-d146-4b4c-b3da-efcd4d203f95,8.5
2021-12-09,TeamA-5a5b135d-d146-4b4c-b3da-efcd4d203f95,9.0
2021-12-10,TeamA-5a5b135d-d146-4b4c-b3da-efcd4d203f95,9.0
2021-12-11,TeamA-5a5b135d-d146-4b4c-b3da-efcd4d203f95,9.0
2021-12-12,TeamA-5a5b135d-d146-4b4c-b3da-efcd4d203f95,9.0
2021-12-13,TeamA-5a5b135d-d146-4b4c-b3da-efcd4d203f95,8.0
2021-12-14,TeamA-5a5b135d-d146-4b4c-b3da-efcd4d203f95,9.0
2021-12-15,TeamA-5a5b135d-d146-4b4c-b3da-efcd4d203f95,7.0
2021-12-16,TeamA-5a5b135d-d146-4b4c-b3da-efcd4d203f95,9.0
2021-12-19,TeamA-5a5b135d-d146-4b4c-b3da-efcd4d203f95,9.0
2021-12-20,TeamA-5a5b135d-d146-4b4c-b3da-efcd4d203f95,9.0
2021-12-21,TeamA-5a5b135d-d146-4b4c-b3da-efcd4d203f95,9.0
2021-12-22,TeamA-5a5b135d-d146-4b4c-b3da-efcd4d203f95,8.5
2021-12-25,TeamA-5a5b135d-d146-4b4c-b3da-efcd4d203f95,10.0
2021-12-28,TeamA-5a5b135d-d146-4b4c-b3da-efcd4d203f95,9.0
2021-12-29,TeamA-5a5b135d-d146-4b4c-b3da-efcd4d203f95,9.0
2021-12-30,TeamA-5a5b135d-d146-4b4c-b3da-efcd4d203f95,9.0
2021-12-31,TeamA-5a5b135d-d146-4b4c-b3da-efcd4d203f95,10.0
2020-03-20,TeamA-5cd7a61b-88b2-46d2-94f8-5a0d4f682d93,8.5
2020-03-21,TeamA-5cd7a61b-88b2-46d2-94f8-5a0d4f682d93,8.5
2020-03-22,TeamA-5cd7a61b-88b2-46d2-94f8-5a0d4f682d93,8.5
2020-03-23,TeamA-5cd7a61b-88b2-46d2-94f8-5a0d4f682d93,8.5
2020-03-24,TeamA-5cd7a61b-88b2-46d2-94f8-5a0d4f682d93,8.0
2020-03-25,TeamA-5cd7a61b-88b2-46d2-94f8-5a0d4f682d93,8.0
2020-03-26,TeamA-5cd7a61b-88b2-46d2-94f8-5a0d4f682d93,8.5
2020-03-27,TeamA-5cd7a61b-88b2-46d2-94f8-5a0d4f682d93,8.0
2020-03-28,TeamA-5cd7a61b-88b2-46d2-94f8-5a0d4f682d93,8.0
2020-03-29,TeamA-5cd7a61b-88b2-46d2-94f8-5a0d4f682d93,8.5
2020-03-30,TeamA-5cd7a61b-88b2-46d2-94f8-5a0d4f682d93,8.0
2020-03-31,TeamA-5cd7a61b-88b2-46d2-94f8-5a0d4f682d93,7.5
2020-04-01,TeamA-5cd7a61b-88b2-46d2-94f8-5a0d4f682d93,8.0
2020-04-02,TeamA-5cd7a61b-88b2-46d2-94f8-5a0d4f682d93,8.5
2020-04-03,TeamA-5cd7a61b-88b2-46d2-94f8-5a0d4f682d93,8.0
2020-04-04,TeamA-5cd7a61b-88b2-46d2-94f8-5a0d4f682d93,8.5
2020-04-05,TeamA-5cd7a61b-88b2-46d2-94f8-5a0d4f682d93,8.0
2020-04-06,TeamA-5cd7a61b-88b2-46d2-94f8-5a0d4f682d93,8.5
2020-04-07,TeamA-5cd7a61b-88b2-46d2-94f8-5a0d4f682d93,8.5
2020-04-08,TeamA-5cd7a61b-88b2-46d2-94f8-5a0d4f682d93,8.5
2020-04-09,TeamA-5cd7a61b-88b2-46d2-94f8-5a0d4f682d93,8.5
2020-04-10,TeamA-5cd7a61b-88b2-46d2-94f8-5a0d4f682d93,8.0
2020-04-11,TeamA-5cd7a61b-88b2-46d2-94f8-5a0d4f682d93,8.0
2020-04-12,TeamA-5cd7a61b-88b2-46d2-94f8-5a0d4f682d93,6.5
2020-04-13,TeamA-5cd7a61b-88b2-46d2-94f8-5a0d4f682d93,8.0
2020-04-14,TeamA-5cd7a61b-88b2-46d2-94f8-5a0d4f682d93,8.5
2020-04-15,TeamA-5cd7a61b-88b2-46d2-94f8-5a0d4f682d93,8.5
2020-04-16,TeamA-5cd7a61b-88b2-46d2-94f8-5a0d4f682d93,8.5
2020-04-17,TeamA-5cd7a61b-88b2-46d2-94f8-5a0d4f682d93,8.5
2020-04-18,TeamA-5cd7a61b-88b2-46d2-94f8-5a0d4f682d93,8.5
2020-04-19,TeamA-5cd7a61b-88b2-46d2-94f8-5a0d4f682d93,7.5
2020-04-20,TeamA-5cd7a61b-88b2-46d2-94f8-5a0d4f682d93,9.0
2020-04-21,TeamA-5cd7a61b-88b2-46d2-94f8-5a0d4f682d93,8.5
2020-04-22,TeamA-5cd7a61b-88b2-46d2-94f8-5a0d4f682d93,8.0
2020-04-23,TeamA-5cd7a61b-88b2-46d2-94f8-5a0d4f682d93,8.5
2020-04-24,TeamA-5cd7a61b-88b2-46d2-94f8-5a0d4f682d93,8.0
2020-04-25,TeamA-5cd7a61b-88b2-46d2-94f8-5a0d4f682d93,8.0
2020-04-26,TeamA-5cd7a61b-88b2-46d2-94f8-5a0d4f682d93,8.5
2020-04-27,TeamA-5cd7a61b-88b2-46d2-94f8-5a0d4f682d93,7.5
2020-04-28,TeamA-5cd7a61b-88b2-46d2-94f8-5a0d4f682d93,8.5
2020-04-29,TeamA-5cd7a61b-88b2-46d2-94f8-5a0d4f682d93,8.5
2020-04-30,TeamA-5cd7a61b-88b2-46d2-94f8-5a0d4f682d93,8.5
2020-05-01,TeamA-5cd7a61b-88b2-46d2-94f8-5a0d4f682d93,8.5
2020-05-02,TeamA-5cd7a61b-88b2-46d2-94f8-5a0d4f682d93,8.5
2020-05-03,TeamA-5cd7a61b-88b2-46d2-94f8-5a0d4f682d93,8.0
2020-05-04,TeamA-5cd7a61b-88b2-46d2-94f8-5a0d4f682d93,8.5
2020-05-05,TeamA-5cd7a61b-88b2-46d2-94f8-5a0d4f682d93,8.5
2020-05-06,TeamA-5cd7a61b-88b2-46d2-94f8-5a0d4f682d93,9.0
2020-05-07,TeamA-5cd7a61b-88b2-46d2-94f8-5a0d4f682d93,8.5
2020-05-08,TeamA-5cd7a61b-88b2-46d2-94f8-5a0d4f682d93,8.5
2020-05-09,TeamA-5cd7a61b-88b2-46d2-94f8-5a0d4f682d93,9.0
2020-05-10,TeamA-5cd7a61b-88b2-46d2-94f8-5a0d4f682d93,8.5
2020-05-11,TeamA-5cd7a61b-88b2-46d2-94f8-5a0d4f682d93,9.0
2020-05-12,TeamA-5cd7a61b-88b2-46d2-94f8-5a0d4f682d93,8.5
2020-05-13,TeamA-5cd7a61b-88b2-46d2-94f8-5a0d4f682d93,8.5
2020-05-14,TeamA-5cd7a61b-88b2-46d2-94f8-5a0d4f682d93,8.5
2020-05-15,TeamA-5cd7a61b-88b2-46d2-94f8-5a0d4f682d93,9.0
2020-05-16,TeamA-5cd7a61b-88b2-46d2-94f8-5a0d4f682d93,8.5
2020-05-17,TeamA-5cd7a61b-88b2-46d2-94f8-5a0d4f682d93,9.0
2020-05-18,TeamA-5cd7a61b-88b2-46d2-94f8-5a0d4f682d93,8.5
2020-05-19,TeamA-5cd7a61b-88b2-46d2-94f8-5a0d4f682d93,8.5
2020-05-20,TeamA-5cd7a61b-88b2-46d2-94f8-5a0d4f682d93,9.0
2020-05-21,TeamA-5cd7a61b-88b2-46d2-94f8-5a0d4f682d93,8.5
2020-05-22,TeamA-5cd7a61b-88b2-46d2-94f8-5a0d4f682d93,8.5
2020-05-23,TeamA-5cd7a61b-88b2-46d2-94f8-5a0d4f682d93,8.5
2020-05-24,TeamA-5cd7a61b-88b2-46d2-94f8-5a0d4f682d93,8.5
2020-05-25,TeamA-5cd7a61b-88b2-46d2-94f8-5a0d4f682d93,8.5
2020-05-26,TeamA-5cd7a61b-88b2-46d2-94f8-5a0d4f682d93,8.5
2020-05-27,TeamA-5cd7a61b-88b2-46d2-94f8-5a0d4f682d93,9.0
2020-05-28,TeamA-5cd7a61b-88b2-46d2-94f8-5a0d4f682d93,9.0
2020-05-29,TeamA-5cd7a61b-88b2-46d2-94f8-5a0d4f682d93,9.0
2020-05-30,TeamA-5cd7a61b-88b2-46d2-94f8-5a0d4f682d93,9.0
2020-05-31,TeamA-5cd7a61b-88b2-46d2-94f8-5a0d4f682d93,8.0
2020-06-01,TeamA-5cd7a61b-88b2-46d2-94f8-5a0d4f682d93,9.0
2020-06-02,TeamA-5cd7a61b-88b2-46d2-94f8-5a0d4f682d93,8.5
2020-06-03,TeamA-5cd7a61b-88b2-46d2-94f8-5a0d4f682d93,9.0
2020-06-04,TeamA-5cd7a61b-88b2-46d2-94f8-5a0d4f682d93,9.0
2020-06-05,TeamA-5cd7a61b-88b2-46d2-94f8-5a0d4f682d93,8.5
2020-06-06,TeamA-5cd7a61b-88b2-46d2-94f8-5a0d4f682d93,8.5
2020-06-07,TeamA-5cd7a61b-88b2-46d2-94f8-5a0d4f682d93,9.0
2020-06-08,TeamA-5cd7a61b-88b2-46d2-94f8-5a0d4f682d93,8.5
2020-06-09,TeamA-5cd7a61b-88b2-46d2-94f8-5a0d4f682d93,8.5
2020-06-10,TeamA-5cd7a61b-88b2-46d2-94f8-5a0d4f682d93,7.5
2020-06-11,TeamA-5cd7a61b-88b2-46d2-94f8-5a0d4f682d93,8.5
2020-06-12,TeamA-5cd7a61b-88b2-46d2-94f8-5a0d4f682d93,8.5
2020-06-13,TeamA-5cd7a61b-88b2-46d2-94f8-5a0d4f682d93,8.5
2020-06-14,TeamA-5cd7a61b-88b2-46d2-94f8-5a0d4f682d93,8.5
2020-06-15,TeamA-5cd7a61b-88b2-46d2-94f8-5a0d4f682d93,8.5
2020-06-16,TeamA-5cd7a61b-88b2-46d2-94f8-5a0d4f682d93,8.5
2020-06-17,TeamA-5cd7a61b-88b2-46d2-94f8-5a0d4f682d93,8.5
2020-06-18,TeamA-5cd7a61b-88b2-46d2-94f8-5a0d4f682d93,8.5
2020-06-19,TeamA-5cd7a61b-88b2-46d2-94f8-5a0d4f682d93,8.0
2020-06-20,TeamA-5cd7a61b-88b2-46d2-94f8-5a0d4f682d93,9.0
2020-06-21,TeamA-5cd7a61b-88b2-46d2-94f8-5a0d4f682d93,9.0
2020-06-22,TeamA-5cd7a61b-88b2-46d2-94f8-5a0d4f682d93,8.0
2020-06-23,TeamA-5cd7a61b-88b2-46d2-94f8-5a0d4f682d93,7.5
2020-06-24,TeamA-5cd7a61b-88b2-46d2-94f8-5a0d4f682d93,7.5
2020-06-25,TeamA-5cd7a61b-88b2-46d2-94f8-5a0d4f682d93,8.0
2020-06-26,TeamA-5cd7a61b-88b2-46d2-94f8-5a0d4f682d93,8.0
2020-06-27,TeamA-5cd7a61b-88b2-46d2-94f8-5a0d4f682d93,8.5
2020-06-28,TeamA-5cd7a61b-88b2-46d2-94f8-5a0d4f682d93,8.5
2020-06-29,TeamA-5cd7a61b-88b2-46d2-94f8-5a0d4f682d93,8.0
2020-06-30,TeamA-5cd7a61b-88b2-46d2-94f8-5a0d4f682d93,7.5
2020-07-01,TeamA-5cd7a61b-88b2-46d2-94f8-5a0d4f682d93,8.0
2020-07-02,TeamA-5cd7a61b-88b2-46d2-94f8-5a0d4f682d93,8.5
2020-07-03,TeamA-5cd7a61b-88b2-46d2-94f8-5a0d4f682d93,8.5
2020-07-04,TeamA-5cd7a61b-88b2-46d2-94f8-5a0d4f682d93,9.0
2020-07-05,TeamA-5cd7a61b-88b2-46d2-94f8-5a0d4f682d93,9.0
2020-07-06,TeamA-5cd7a61b-88b2-46d2-94f8-5a0d4f682d93,9.0
2020-07-07,TeamA-5cd7a61b-88b2-46d2-94f8-5a0d4f682d93,7.5
2020-07-08,TeamA-5cd7a61b-88b2-46d2-94f8-5a0d4f682d93,8.5
2020-07-09,TeamA-5cd7a61b-88b2-46d2-94f8-5a0d4f682d93,9.0
2020-07-10,TeamA-5cd7a61b-88b2-46d2-94f8-5a0d4f682d93,8.5
2020-07-11,TeamA-5cd7a61b-88b2-46d2-94f8-5a0d4f682d93,9.0
2020-07-12,TeamA-5cd7a61b-88b2-46d2-94f8-5a0d4f682d93,8.5
2020-07-13,TeamA-5cd7a61b-88b2-46d2-94f8-5a0d4f682d93,8.0
2020-07-14,TeamA-5cd7a61b-88b2-46d2-94f8-5a0d4f682d93,8.5
2020-07-15,TeamA-5cd7a61b-88b2-46d2-94f8-5a0d4f682d93,8.5
2020-07-16,TeamA-5cd7a61b-88b2-46d2-94f8-5a0d4f682d93,8.0
2020-07-17,TeamA-5cd7a61b-88b2-46d2-94f8-5a0d4f682d93,9.0
2020-07-18,TeamA-5cd7a61b-88b2-46d2-94f8-5a0d4f682d93,9.0
2020-07-19,TeamA-5cd7a61b-88b2-46d2-94f8-5a0d4f682d93,9.0
2020-07-20,TeamA-5cd7a61b-88b2-46d2-94f8-5a0d4f682d93,9.0
2020-07-21,TeamA-5cd7a61b-88b2-46d2-94f8-5a0d4f682d93,8.5
2020-07-22,TeamA-5cd7a61b-88b2-46d2-94f8-5a0d4f682d93,8.5
2020-07-23,TeamA-5cd7a61b-88b2-46d2-94f8-5a0d4f682d93,8.5
2020-07-24,TeamA-5cd7a61b-88b2-46d2-94f8-5a0d4f682d93,8.5
2020-07-25,TeamA-5cd7a61b-88b2-46d2-94f8-5a0d4f682d93,9.0
2020-07-26,TeamA-5cd7a61b-88b2-46d2-94f8-5a0d4f682d93,9.0
2020-07-27,TeamA-5cd7a61b-88b2-46d2-94f8-5a0d4f682d93,9.0
2020-07-28,TeamA-5cd7a61b-88b2-46d2-94f8-5a0d4f682d93,8.5
2020-07-29,TeamA-5cd7a61b-88b2-46d2-94f8-5a0d4f682d93,8.5
2020-07-30,TeamA-5cd7a61b-88b2-46d2-94f8-5a0d4f682d93,8.5
2020-07-31,TeamA-5cd7a61b-88b2-46d2-94f8-5a0d4f682d93,8.0
2020-08-01,TeamA-5cd7a61b-88b2-46d2-94f8-5a0d4f682d93,8.5
2020-08-02,TeamA-5cd7a61b-88b2-46d2-94f8-5a0d4f682d93,8.5
2020-08-03,TeamA-5cd7a61b-88b2-46d2-94f8-5a0d4f682d93,8.0
2020-08-04,TeamA-5cd7a61b-88b2-46d2-94f8-5a0d4f682d93,9.0
2020-08-05,TeamA-5cd7a61b-88b2-46d2-94f8-5a0d4f682d93,8.5
2020-08-06,TeamA-5cd7a61b-88b2-46d2-94f8-5a0d4f682d93,8.5
2020-08-07,TeamA-5cd7a61b-88b2-46d2-94f8-5a0d4f682d93,8.0
2020-08-08,TeamA-5cd7a61b-88b2-46d2-94f8-5a0d4f682d93,9.0
2020-08-09,TeamA-5cd7a61b-88b2-46d2-94f8-5a0d4f682d93,8.5
2020-08-10,TeamA-5cd7a61b-88b2-46d2-94f8-5a0d4f682d93,8.5
2020-08-11,TeamA-5cd7a61b-88b2-46d2-94f8-5a0d4f682d93,8.5
2020-08-12,TeamA-5cd7a61b-88b2-46d2-94f8-5a0d4f682d93,8.5
2020-08-13,TeamA-5cd7a61b-88b2-46d2-94f8-5a0d4f682d93,8.5
2020-08-14,TeamA-5cd7a61b-88b2-46d2-94f8-5a0d4f682d93,8.0
2020-08-15,TeamA-5cd7a61b-88b2-46d2-94f8-5a0d4f682d93,8.5
2020-08-16,TeamA-5cd7a61b-88b2-46d2-94f8-5a0d4f682d93,9.0
2020-08-17,TeamA-5cd7a61b-88b2-46d2-94f8-5a0d4f682d93,9.0
2020-08-18,TeamA-5cd7a61b-88b2-46d2-94f8-5a0d4f682d93,7.5
2020-08-19,TeamA-5cd7a61b-88b2-46d2-94f8-5a0d4f682d93,8.0
2020-08-20,TeamA-5cd7a61b-88b2-46d2-94f8-5a0d4f682d93,9.0
2020-08-21,TeamA-5cd7a61b-88b2-46d2-94f8-5a0d4f682d93,8.5
2020-08-22,TeamA-5cd7a61b-88b2-46d2-94f8-5a0d4f682d93,9.0
2020-08-23,TeamA-5cd7a61b-88b2-46d2-94f8-5a0d4f682d93,9.0
2020-08-24,TeamA-5cd7a61b-88b2-46d2-94f8-5a0d4f682d93,8.0
2020-08-25,TeamA-5cd7a61b-88b2-46d2-94f8-5a0d4f682d93,8.0
2020-08-26,TeamA-5cd7a61b-88b2-46d2-94f8-5a0d4f682d93,9.0
2020-08-27,TeamA-5cd7a61b-88b2-46d2-94f8-5a0d4f682d93,8.0
2020-08-28,TeamA-5cd7a61b-88b2-46d2-94f8-5a0d4f682d93,9.0
2020-08-29,TeamA-5cd7a61b-88b2-46d2-94f8-5a0d4f682d93,8.5
2020-08-30,TeamA-5cd7a61b-88b2-46d2-94f8-5a0d4f682d93,8.5
2020-08-31,TeamA-5cd7a61b-88b2-46d2-94f8-5a0d4f682d93,8.5
2020-09-01,TeamA-5cd7a61b-88b2-46d2-94f8-5a0d4f682d93,8.0
2020-09-02,TeamA-5cd7a61b-88b2-46d2-94f8-5a0d4f682d93,8.5
2020-09-03,TeamA-5cd7a61b-88b2-46d2-94f8-5a0d4f682d93,8.0
2020-09-04,TeamA-5cd7a61b-88b2-46d2-94f8-5a0d4f682d93,7.5
2020-09-05,TeamA-5cd7a61b-88b2-46d2-94f8-5a0d4f682d93,7.0
2020-09-06,TeamA-5cd7a61b-88b2-46d2-94f8-5a0d4f682d93,9.0
2020-09-07,TeamA-5cd7a61b-88b2-46d2-94f8-5a0d4f682d93,8.5
2020-09-08,TeamA-5cd7a61b-88b2-46d2-94f8-5a0d4f682d93,8.5
2020-09-09,TeamA-5cd7a61b-88b2-46d2-94f8-5a0d4f682d93,8.5
2020-09-10,TeamA-5cd7a61b-88b2-46d2-94f8-5a0d4f682d93,8.0
2020-09-11,TeamA-5cd7a61b-88b2-46d2-94f8-5a0d4f682d93,9.0
2020-09-12,TeamA-5cd7a61b-88b2-46d2-94f8-5a0d4f682d93,8.5
2020-09-13,TeamA-5cd7a61b-88b2-46d2-94f8-5a0d4f682d93,7.5
2020-09-14,TeamA-5cd7a61b-88b2-46d2-94f8-5a0d4f682d93,8.5
2020-09-15,TeamA-5cd7a61b-88b2-46d2-94f8-5a0d4f682d93,7.5
2020-09-16,TeamA-5cd7a61b-88b2-46d2-94f8-5a0d4f682d93,8.5
2020-09-17,TeamA-5cd7a61b-88b2-46d2-94f8-5a0d4f682d93,9.0
2020-09-18,TeamA-5cd7a61b-88b2-46d2-94f8-5a0d4f682d93,9.0
2020-09-19,TeamA-5cd7a61b-88b2-46d2-94f8-5a0d4f682d93,8.5
2020-09-20,TeamA-5cd7a61b-88b2-46d2-94f8-5a0d4f682d93,9.0
2020-09-21,TeamA-5cd7a61b-88b2-46d2-94f8-5a0d4f682d93,9.0
2020-09-22,TeamA-5cd7a61b-88b2-46d2-94f8-5a0d4f682d93,7.5
2020-09-23,TeamA-5cd7a61b-88b2-46d2-94f8-5a0d4f682d93,7.5
2020-09-24,TeamA-5cd7a61b-88b2-46d2-94f8-5a0d4f682d93,9.0
2020-09-25,TeamA-5cd7a61b-88b2-46d2-94f8-5a0d4f682d93,8.5
2020-09-26,TeamA-5cd7a61b-88b2-46d2-94f8-5a0d4f682d93,7.5
2020-09-27,TeamA-5cd7a61b-88b2-46d2-94f8-5a0d4f682d93,8.5
2020-09-28,TeamA-5cd7a61b-88b2-46d2-94f8-5a0d4f682d93,8.5
2020-09-29,TeamA-5cd7a61b-88b2-46d2-94f8-5a0d4f682d93,8.0
2020-09-30,TeamA-5cd7a61b-88b2-46d2-94f8-5a0d4f682d93,8.0
2020-10-02,TeamA-5cd7a61b-88b2-46d2-94f8-5a0d4f682d93,8.5
2020-10-03,TeamA-5cd7a61b-88b2-46d2-94f8-5a0d4f682d93,9.0
2020-10-04,TeamA-5cd7a61b-88b2-46d2-94f8-5a0d4f682d93,8.5
2020-10-05,TeamA-5cd7a61b-88b2-46d2-94f8-5a0d4f682d93,9.0
2020-10-06,TeamA-5cd7a61b-88b2-46d2-94f8-5a0d4f682d93,7.5
2020-10-07,TeamA-5cd7a61b-88b2-46d2-94f8-5a0d4f682d93,8.5
2020-10-08,TeamA-5cd7a61b-88b2-46d2-94f8-5a0d4f682d93,9.0
2020-10-09,TeamA-5cd7a61b-88b2-46d2-94f8-5a0d4f682d93,8.0
2020-10-10,TeamA-5cd7a61b-88b2-46d2-94f8-5a0d4f682d93,9.0
2020-10-11,TeamA-5cd7a61b-88b2-46d2-94f8-5a0d4f682d93,9.0
2020-10-12,TeamA-5cd7a61b-88b2-46d2-94f8-5a0d4f682d93,9.0
2020-10-13,TeamA-5cd7a61b-88b2-46d2-94f8-5a0d4f682d93,7.5
2020-10-14,TeamA-5cd7a61b-88b2-46d2-94f8-5a0d4f682d93,8.0
2020-10-15,TeamA-5cd7a61b-88b2-46d2-94f8-5a0d4f682d93,8.0
2020-10-16,TeamA-5cd7a61b-88b2-46d2-94f8-5a0d4f682d93,8.5
2020-10-17,TeamA-5cd7a61b-88b2-46d2-94f8-5a0d4f682d93,8.5
2020-10-18,TeamA-5cd7a61b-88b2-46d2-94f8-5a0d4f682d93,9.0
2020-10-19,TeamA-5cd7a61b-88b2-46d2-94f8-5a0d4f682d93,8.5
2020-10-20,TeamA-5cd7a61b-88b2-46d2-94f8-5a0d4f682d93,7.5
2020-10-21,TeamA-5cd7a61b-88b2-46d2-94f8-5a0d4f682d93,8.0
2020-10-22,TeamA-5cd7a61b-88b2-46d2-94f8-5a0d4f682d93,8.0
2020-10-23,TeamA-5cd7a61b-88b2-46d2-94f8-5a0d4f682d93,8.5
2020-10-24,TeamA-5cd7a61b-88b2-46d2-94f8-5a0d4f682d93,9.0
2020-10-25,TeamA-5cd7a61b-88b2-46d2-94f8-5a0d4f682d93,9.0
2020-10-26,TeamA-5cd7a61b-88b2-46d2-94f8-5a0d4f682d93,8.5
2020-10-27,TeamA-5cd7a61b-88b2-46d2-94f8-5a0d4f682d93,8.5
2020-10-28,TeamA-5cd7a61b-88b2-46d2-94f8-5a0d4f682d93,8.5
2020-10-29,TeamA-5cd7a61b-88b2-46d2-94f8-5a0d4f682d93,8.5
2020-10-30,TeamA-5cd7a61b-88b2-46d2-94f8-5a0d4f682d93,8.5
2020-10-31,TeamA-5cd7a61b-88b2-46d2-94f8-5a0d4f682d93,8.5
2020-11-01,TeamA-5cd7a61b-88b2-46d2-94f8-5a0d4f682d93,9.0
2020-11-02,TeamA-5cd7a61b-88b2-46d2-94f8-5a0d4f682d93,9.0
2020-11-03,TeamA-5cd7a61b-88b2-46d2-94f8-5a0d4f682d93,8.5
2020-11-04,TeamA-5cd7a61b-88b2-46d2-94f8-5a0d4f682d93,8.5
2020-11-05,TeamA-5cd7a61b-88b2-46d2-94f8-5a0d4f682d93,9.0
2020-11-06,TeamA-5cd7a61b-88b2-46d2-94f8-5a0d4f682d93,8.5
2020-11-07,TeamA-5cd7a61b-88b2-46d2-94f8-5a0d4f682d93,9.0
2020-11-08,TeamA-5cd7a61b-88b2-46d2-94f8-5a0d4f682d93,8.5
2020-11-09,TeamA-5cd7a61b-88b2-46d2-94f8-5a0d4f682d93,8.5
2020-11-10,TeamA-5cd7a61b-88b2-46d2-94f8-5a0d4f682d93,9.0
2020-11-11,TeamA-5cd7a61b-88b2-46d2-94f8-5a0d4f682d93,7.0
2020-11-12,TeamA-5cd7a61b-88b2-46d2-94f8-5a0d4f682d93,9.0
2020-11-13,TeamA-5cd7a61b-88b2-46d2-94f8-5a0d4f682d93,9.0
2020-11-14,TeamA-5cd7a61b-88b2-46d2-94f8-5a0d4f682d93,9.0
2020-11-15,TeamA-5cd7a61b-88b2-46d2-94f8-5a0d4f682d93,9.0
2020-11-16,TeamA-5cd7a61b-88b2-46d2-94f8-5a0d4f682d93,8.5
2020-11-17,TeamA-5cd7a61b-88b2-46d2-94f8-5a0d4f682d93,8.5
2020-11-18,TeamA-5cd7a61b-88b2-46d2-94f8-5a0d4f682d93,6.5
2020-11-19,TeamA-5cd7a61b-88b2-46d2-94f8-5a0d4f682d93,10.0
2020-11-20,TeamA-5cd7a61b-88b2-46d2-94f8-5a0d4f682d93,9.0
2020-11-21,TeamA-5cd7a61b-88b2-46d2-94f8-5a0d4f682d93,9.0
2020-11-22,TeamA-5cd7a61b-88b2-46d2-94f8-5a0d4f682d93,9.0
2020-11-23,TeamA-5cd7a61b-88b2-46d2-94f8-5a0d4f682d93,6.0
2020-11-24,TeamA-5cd7a61b-88b2-46d2-94f8-5a0d4f682d93,8.0
2020-11-25,TeamA-5cd7a61b-88b2-46d2-94f8-5a0d4f682d93,8.0
2020-11-26,TeamA-5cd7a61b-88b2-46d2-94f8-5a0d4f682d93,8.0
2020-11-27,TeamA-5cd7a61b-88b2-46d2-94f8-5a0d4f682d93,7.0
2020-11-28,TeamA-5cd7a61b-88b2-46d2-94f8-5a0d4f682d93,7.5
2020-11-29,TeamA-5cd7a61b-88b2-46d2-94f8-5a0d4f682d93,8.0
2020-12-01,TeamA-5cd7a61b-88b2-46d2-94f8-5a0d4f682d93,7.5
2020-12-02,TeamA-5cd7a61b-88b2-46d2-94f8-5a0d4f682d93,8.0
2020-12-03,TeamA-5cd7a61b-88b2-46d2-94f8-5a0d4f682d93,8.5
2020-12-04,TeamA-5cd7a61b-88b2-46d2-94f8-5a0d4f682d93,8.0
2020-12-05,TeamA-5cd7a61b-88b2-46d2-94f8-5a0d4f682d93,8.0
2020-12-06,TeamA-5cd7a61b-88b2-46d2-94f8-5a0d4f682d93,9.0
2020-12-07,TeamA-5cd7a61b-88b2-46d2-94f8-5a0d4f682d93,7.5
2020-12-08,TeamA-5cd7a61b-88b2-46d2-94f8-5a0d4f682d93,8.5
2020-12-09,TeamA-5cd7a61b-88b2-46d2-94f8-5a0d4f682d93,8.5
2020-12-10,TeamA-5cd7a61b-88b2-46d2-94f8-5a0d4f682d93,8.5
2020-12-11,TeamA-5cd7a61b-88b2-46d2-94f8-5a0d4f682d93,8.5
2020-12-12,TeamA-5cd7a61b-88b2-46d2-94f8-5a0d4f682d93,8.5
2020-12-13,TeamA-5cd7a61b-88b2-46d2-94f8-5a0d4f682d93,8.5
2020-12-14,TeamA-5cd7a61b-88b2-46d2-94f8-5a0d4f682d93,8.5
2020-12-15,TeamA-5cd7a61b-88b2-46d2-94f8-5a0d4f682d93,8.0
2020-12-16,TeamA-5cd7a61b-88b2-46d2-94f8-5a0d4f682d93,7.5
2020-12-17,TeamA-5cd7a61b-88b2-46d2-94f8-5a0d4f682d93,9.0
2020-12-18,TeamA-5cd7a61b-88b2-46d2-94f8-5a0d4f682d93,9.0
2020-12-19,TeamA-5cd7a61b-88b2-46d2-94f8-5a0d4f682d93,9.0
2020-12-21,TeamA-5cd7a61b-88b2-46d2-94f8-5a0d4f682d93,7.0
2020-12-22,TeamA-5cd7a61b-88b2-46d2-94f8-5a0d4f682d93,6.5
2020-12-23,TeamA-5cd7a61b-88b2-46d2-94f8-5a0d4f682d93,9.0
2020-12-24,TeamA-5cd7a61b-88b2-46d2-94f8-5a0d4f682d93,8.5
2020-12-25,TeamA-5cd7a61b-88b2-46d2-94f8-5a0d4f682d93,8.5
2020-12-26,TeamA-5cd7a61b-88b2-46d2-94f8-5a0d4f682d93,8.5
2020-12-27,TeamA-5cd7a61b-88b2-46d2-94f8-5a0d4f682d93,7.5
2020-12-28,TeamA-5cd7a61b-88b2-46d2-94f8-5a0d4f682d93,8.5
2020-12-29,TeamA-5cd7a61b-88b2-46d2-94f8-5a0d4f682d93,8.5
2020-12-30,TeamA-5cd7a61b-88b2-46d2-94f8-5a0d4f682d93,8.0
2020-12-31,TeamA-5cd7a61b-88b2-46d2-94f8-5a0d4f682d93,8.5
2021-01-01,TeamA-5cd7a61b-88b2-46d2-94f8-5a0d4f682d93,8.5
2021-01-02,TeamA-5cd7a61b-88b2-46d2-94f8-5a0d4f682d93,8.5
2021-01-03,TeamA-5cd7a61b-88b2-46d2-94f8-5a0d4f682d93,8.5
2021-01-04,TeamA-5cd7a61b-88b2-46d2-94f8-5a0d4f682d93,8.0
2021-01-05,TeamA-5cd7a61b-88b2-46d2-94f8-5a0d4f682d93,7.0
2021-01-06,TeamA-5cd7a61b-88b2-46d2-94f8-5a0d4f682d93,8.5
2021-01-07,TeamA-5cd7a61b-88b2-46d2-94f8-5a0d4f682d93,9.0
2021-01-08,TeamA-5cd7a61b-88b2-46d2-94f8-5a0d4f682d93,7.0
2021-01-09,TeamA-5cd7a61b-88b2-46d2-94f8-5a0d4f682d93,9.0
2021-01-10,TeamA-5cd7a61b-88b2-46d2-94f8-5a0d4f682d93,8.5
2021-01-11,TeamA-5cd7a61b-88b2-46d2-94f8-5a0d4f682d93,8.0
2021-01-12,TeamA-5cd7a61b-88b2-46d2-94f8-5a0d4f682d93,7.0
2021-01-13,TeamA-5cd7a61b-88b2-46d2-94f8-5a0d4f682d93,8.5
2021-01-14,TeamA-5cd7a61b-88b2-46d2-94f8-5a0d4f682d93,8.5
2021-01-15,TeamA-5cd7a61b-88b2-46d2-94f8-5a0d4f682d93,9.0
2021-01-16,TeamA-5cd7a61b-88b2-46d2-94f8-5a0d4f682d93,9.0
2021-01-17,TeamA-5cd7a61b-88b2-46d2-94f8-5a0d4f682d93,9.0
2021-01-18,TeamA-5cd7a61b-88b2-46d2-94f8-5a0d4f682d93,7.5
2021-01-19,TeamA-5cd7a61b-88b2-46d2-94f8-5a0d4f682d93,7.0
2021-01-20,TeamA-5cd7a61b-88b2-46d2-94f8-5a0d4f682d93,7.5
2021-01-21,TeamA-5cd7a61b-88b2-46d2-94f8-5a0d4f682d93,9.0
2021-01-22,TeamA-5cd7a61b-88b2-46d2-94f8-5a0d4f682d93,9.0
2021-01-23,TeamA-5cd7a61b-88b2-46d2-94f8-5a0d4f682d93,8.0
2021-01-24,TeamA-5cd7a61b-88b2-46d2-94f8-5a0d4f682d93,8.0
2021-01-25,TeamA-5cd7a61b-88b2-46d2-94f8-5a0d4f682d93,8.5
2021-01-26,TeamA-5cd7a61b-88b2-46d2-94f8-5a0d4f682d93,7.5
2021-01-27,TeamA-5cd7a61b-88b2-46d2-94f8-5a0d4f682d93,8.5
2021-01-28,TeamA-5cd7a61b-88b2-46d2-94f8-5a0d4f682d93,8.5
2021-01-29,TeamA-5cd7a61b-88b2-46d2-94f8-5a0d4f682d93,8.5
2021-01-30,TeamA-5cd7a61b-88b2-46d2-94f8-5a0d4f682d93,8.5
2021-01-31,TeamA-5cd7a61b-88b2-46d2-94f8-5a0d4f682d93,8.5
2021-02-01,TeamA-5cd7a61b-88b2-46d2-94f8-5a0d4f682d93,8.5
2021-02-02,TeamA-5cd7a61b-88b2-46d2-94f8-5a0d4f682d93,7.5
2021-02-03,TeamA-5cd7a61b-88b2-46d2-94f8-5a0d4f682d93,8.0
2021-02-04,TeamA-5cd7a61b-88b2-46d2-94f8-5a0d4f682d93,8.5
2021-02-05,TeamA-5cd7a61b-88b2-46d2-94f8-5a0d4f682d93,8.5
2021-02-06,TeamA-5cd7a61b-88b2-46d2-94f8-5a0d4f682d93,7.0
2021-02-07,TeamA-5cd7a61b-88b2-46d2-94f8-5a0d4f682d93,8.5
2021-02-08,TeamA-5cd7a61b-88b2-46d2-94f8-5a0d4f682d93,8.0
2021-02-09,TeamA-5cd7a61b-88b2-46d2-94f8-5a0d4f682d93,7.5
2021-02-10,TeamA-5cd7a61b-88b2-46d2-94f8-5a0d4f682d93,8.5
2021-02-11,TeamA-5cd7a61b-88b2-46d2-94f8-5a0d4f682d93,8.5
2021-02-12,TeamA-5cd7a61b-88b2-46d2-94f8-5a0d4f682d93,8.5
2021-02-13,TeamA-5cd7a61b-88b2-46d2-94f8-5a0d4f682d93,8.5
2021-02-14,TeamA-5cd7a61b-88b2-46d2-94f8-5a0d4f682d93,8.5
2021-02-15,TeamA-5cd7a61b-88b2-46d2-94f8-5a0d4f682d93,8.5
2021-02-16,TeamA-5cd7a61b-88b2-46d2-94f8-5a0d4f682d93,8.0
2021-02-17,TeamA-5cd7a61b-88b2-46d2-94f8-5a0d4f682d93,8.0
2021-02-18,TeamA-5cd7a61b-88b2-46d2-94f8-5a0d4f682d93,8.5
2021-02-19,TeamA-5cd7a61b-88b2-46d2-94f8-5a0d4f682d93,8.5
2021-02-20,TeamA-5cd7a61b-88b2-46d2-94f8-5a0d4f682d93,7.0
2021-02-21,TeamA-5cd7a61b-88b2-46d2-94f8-5a0d4f682d93,9.0
2021-02-22,TeamA-5cd7a61b-88b2-46d2-94f8-5a0d4f682d93,8.5
2021-02-23,TeamA-5cd7a61b-88b2-46d2-94f8-5a0d4f682d93,7.5
2021-02-24,TeamA-5cd7a61b-88b2-46d2-94f8-5a0d4f682d93,8.0
2021-02-25,TeamA-5cd7a61b-88b2-46d2-94f8-5a0d4f682d93,8.5
2021-02-26,TeamA-5cd7a61b-88b2-46d2-94f8-5a0d4f682d93,8.5
2021-02-27,TeamA-5cd7a61b-88b2-46d2-94f8-5a0d4f682d93,8.5
2021-02-28,TeamA-5cd7a61b-88b2-46d2-94f8-5a0d4f682d93,8.5
2021-03-01,TeamA-5cd7a61b-88b2-46d2-94f8-5a0d4f682d93,7.5
2021-03-02,TeamA-5cd7a61b-88b2-46d2-94f8-5a0d4f682d93,7.5
2021-03-03,TeamA-5cd7a61b-88b2-46d2-94f8-5a0d4f682d93,8.5
2021-03-04,TeamA-5cd7a61b-88b2-46d2-94f8-5a0d4f682d93,8.5
2021-03-05,TeamA-5cd7a61b-88b2-46d2-94f8-5a0d4f682d93,8.0
2021-03-06,TeamA-5cd7a61b-88b2-46d2-94f8-5a0d4f682d93,7.0
2021-03-07,TeamA-5cd7a61b-88b2-46d2-94f8-5a0d4f682d93,8.5
2021-03-08,TeamA-5cd7a61b-88b2-46d2-94f8-5a0d4f682d93,8.0
2021-03-09,TeamA-5cd7a61b-88b2-46d2-94f8-5a0d4f682d93,7.5
2021-03-10,TeamA-5cd7a61b-88b2-46d2-94f8-5a0d4f682d93,8.5
2021-03-11,TeamA-5cd7a61b-88b2-46d2-94f8-5a0d4f682d93,8.5
2021-03-12,TeamA-5cd7a61b-88b2-46d2-94f8-5a0d4f682d93,8.5
2021-03-13,TeamA-5cd7a61b-88b2-46d2-94f8-5a0d4f682d93,8.5
2021-03-14,TeamA-5cd7a61b-88b2-46d2-94f8-5a0d4f682d93,8.5
2021-03-15,TeamA-5cd7a61b-88b2-46d2-94f8-5a0d4f682d93,8.0
2021-03-16,TeamA-5cd7a61b-88b2-46d2-94f8-5a0d4f682d93,8.0
2021-03-17,TeamA-5cd7a61b-88b2-46d2-94f8-5a0d4f682d93,8.5
2021-03-18,TeamA-5cd7a61b-88b2-46d2-94f8-5a0d4f682d93,8.5
2021-03-19,TeamA-5cd7a61b-88b2-46d2-94f8-5a0d4f682d93,8.5
2021-03-20,TeamA-5cd7a61b-88b2-46d2-94f8-5a0d4f682d93,8.5
2021-03-21,TeamA-5cd7a61b-88b2-46d2-94f8-5a0d4f682d93,8.5
2021-03-22,TeamA-5cd7a61b-88b2-46d2-94f8-5a0d4f682d93,8.5
2021-03-23,TeamA-5cd7a61b-88b2-46d2-94f8-5a0d4f682d93,8.0
2021-03-24,TeamA-5cd7a61b-88b2-46d2-94f8-5a0d4f682d93,8.5
2021-03-25,TeamA-5cd7a61b-88b2-46d2-94f8-5a0d4f682d93,9.0
2021-03-26,TeamA-5cd7a61b-88b2-46d2-94f8-5a0d4f682d93,9.0
2021-03-27,TeamA-5cd7a61b-88b2-46d2-94f8-5a0d4f682d93,8.5
2021-03-28,TeamA-5cd7a61b-88b2-46d2-94f8-5a0d4f682d93,9.0
2021-03-29,TeamA-5cd7a61b-88b2-46d2-94f8-5a0d4f682d93,9.0
2021-03-30,TeamA-5cd7a61b-88b2-46d2-94f8-5a0d4f682d93,8.5
2021-03-31,TeamA-5cd7a61b-88b2-46d2-94f8-5a0d4f682d93,7.5
2021-04-01,TeamA-5cd7a61b-88b2-46d2-94f8-5a0d4f682d93,10.0
2021-04-08,TeamA-5cd7a61b-88b2-46d2-94f8-5a0d4f682d93,9.0
2021-04-09,TeamA-5cd7a61b-88b2-46d2-94f8-5a0d4f682d93,8.5
2021-04-10,TeamA-5cd7a61b-88b2-46d2-94f8-5a0d4f682d93,8.5
2021-04-11,TeamA-5cd7a61b-88b2-46d2-94f8-5a0d4f682d93,9.0
2021-04-12,TeamA-5cd7a61b-88b2-46d2-94f8-5a0d4f682d93,8.5
2021-04-13,TeamA-5cd7a61b-88b2-46d2-94f8-5a0d4f682d93,7.5
2021-04-14,TeamA-5cd7a61b-88b2-46d2-94f8-5a0d4f682d93,8.5
2021-04-15,TeamA-5cd7a61b-88b2-46d2-94f8-5a0d4f682d93,8.5
2021-04-16,TeamA-5cd7a61b-88b2-46d2-94f8-5a0d4f682d93,8.5
2021-04-17,TeamA-5cd7a61b-88b2-46d2-94f8-5a0d4f682d93,8.5
2021-04-18,TeamA-5cd7a61b-88b2-46d2-94f8-5a0d4f682d93,9.0
2021-04-19,TeamA-5cd7a61b-88b2-46d2-94f8-5a0d4f682d93,9.0
2021-04-20,TeamA-5cd7a61b-88b2-46d2-94f8-5a0d4f682d93,8.0
2021-04-21,TeamA-5cd7a61b-88b2-46d2-94f8-5a0d4f682d93,9.0
2021-04-22,TeamA-5cd7a61b-88b2-46d2-94f8-5a0d4f682d93,8.5
2021-04-23,TeamA-5cd7a61b-88b2-46d2-94f8-5a0d4f682d93,8.5
2021-04-24,TeamA-5cd7a61b-88b2-46d2-94f8-5a0d4f682d93,8.0
2021-04-25,TeamA-5cd7a61b-88b2-46d2-94f8-5a0d4f682d93,8.5
2021-04-26,TeamA-5cd7a61b-88b2-46d2-94f8-5a0d4f682d93,8.5
2021-04-27,TeamA-5cd7a61b-88b2-46d2-94f8-5a0d4f682d93,8.0
2021-04-28,TeamA-5cd7a61b-88b2-46d2-94f8-5a0d4f682d93,9.0
2021-04-29,TeamA-5cd7a61b-88b2-46d2-94f8-5a0d4f682d93,9.0
2021-04-30,TeamA-5cd7a61b-88b2-46d2-94f8-5a0d4f682d93,9.0
2021-05-01,TeamA-5cd7a61b-88b2-46d2-94f8-5a0d4f682d93,8.0
2021-05-02,TeamA-5cd7a61b-88b2-46d2-94f8-5a0d4f682d93,9.0
2021-05-03,TeamA-5cd7a61b-88b2-46d2-94f8-5a0d4f682d93,8.5
2021-05-04,TeamA-5cd7a61b-88b2-46d2-94f8-5a0d4f682d93,8.0
2021-05-05,TeamA-5cd7a61b-88b2-46d2-94f8-5a0d4f682d93,7.5
2021-05-06,TeamA-5cd7a61b-88b2-46d2-94f8-5a0d4f682d93,9.0
2021-05-07,TeamA-5cd7a61b-88b2-46d2-94f8-5a0d4f682d93,9.0
2021-05-08,TeamA-5cd7a61b-88b2-46d2-94f8-5a0d4f682d93,9.0
2021-05-09,TeamA-5cd7a61b-88b2-46d2-94f8-5a0d4f682d93,9.0
2021-05-10,TeamA-5cd7a61b-88b2-46d2-94f8-5a0d4f682d93,8.0
2021-05-11,TeamA-5cd7a61b-88b2-46d2-94f8-5a0d4f682d93,8.0
2021-05-12,TeamA-5cd7a61b-88b2-46d2-94f8-5a0d4f682d93,8.0
2021-05-13,TeamA-5cd7a61b-88b2-46d2-94f8-5a0d4f682d93,9.0
2021-05-14,TeamA-5cd7a61b-88b2-46d2-94f8-5a0d4f682d93,9.0
2021-05-15,TeamA-5cd7a61b-88b2-46d2-94f8-5a0d4f682d93,7.0
2021-05-16,TeamA-5cd7a61b-88b2-46d2-94f8-5a0d4f682d93,8.5
2021-05-17,TeamA-5cd7a61b-88b2-46d2-94f8-5a0d4f682d93,7.5
2021-05-18,TeamA-5cd7a61b-88b2-46d2-94f8-5a0d4f682d93,8.5
2021-05-19,TeamA-5cd7a61b-88b2-46d2-94f8-5a0d4f682d93,9.0
2021-05-20,TeamA-5cd7a61b-88b2-46d2-94f8-5a0d4f682d93,9.0
2021-05-21,TeamA-5cd7a61b-88b2-46d2-94f8-5a0d4f682d93,8.5
2021-05-22,TeamA-5cd7a61b-88b2-46d2-94f8-5a0d4f682d93,9.0
2021-05-23,TeamA-5cd7a61b-88b2-46d2-94f8-5a0d4f682d93,8.0
2021-05-24,TeamA-5cd7a61b-88b2-46d2-94f8-5a0d4f682d93,8.0
2021-05-25,TeamA-5cd7a61b-88b2-46d2-94f8-5a0d4f682d93,8.0
2021-05-26,TeamA-5cd7a61b-88b2-46d2-94f8-5a0d4f682d93,8.0
2021-05-27,TeamA-5cd7a61b-88b2-46d2-94f8-5a0d4f682d93,8.0
2021-05-28,TeamA-5cd7a61b-88b2-46d2-94f8-5a0d4f682d93,8.0
2021-05-29,TeamA-5cd7a61b-88b2-46d2-94f8-5a0d4f682d93,9.0
2021-05-30,TeamA-5cd7a61b-88b2-46d2-94f8-5a0d4f682d93,9.0
2021-05-31,TeamA-5cd7a61b-88b2-46d2-94f8-5a0d4f682d93,9.0
2021-06-01,TeamA-5cd7a61b-88b2-46d2-94f8-5a0d4f682d93,7.5
2021-06-02,TeamA-5cd7a61b-88b2-46d2-94f8-5a0d4f682d93,8.0
2021-06-03,TeamA-5cd7a61b-88b2-46d2-94f8-5a0d4f682d93,8.5
2021-06-04,TeamA-5cd7a61b-88b2-46d2-94f8-5a0d4f682d93,8.5
2021-06-05,TeamA-5cd7a61b-88b2-46d2-94f8-5a0d4f682d93,8.0
2021-06-06,TeamA-5cd7a61b-88b2-46d2-94f8-5a0d4f682d93,8.0
2021-06-07,TeamA-5cd7a61b-88b2-46d2-94f8-5a0d4f682d93,8.0
2021-06-08,TeamA-5cd7a61b-88b2-46d2-94f8-5a0d4f682d93,7.5
2021-06-09,TeamA-5cd7a61b-88b2-46d2-94f8-5a0d4f682d93,8.5
2021-06-10,TeamA-5cd7a61b-88b2-46d2-94f8-5a0d4f682d93,8.5
2021-06-11,TeamA-5cd7a61b-88b2-46d2-94f8-5a0d4f682d93,8.5
2021-06-12,TeamA-5cd7a61b-88b2-46d2-94f8-5a0d4f682d93,8.5
2021-06-13,TeamA-5cd7a61b-88b2-46d2-94f8-5a0d4f682d93,8.5
2021-06-14,TeamA-5cd7a61b-88b2-46d2-94f8-5a0d4f682d93,8.5
2021-06-15,TeamA-5cd7a61b-88b2-46d2-94f8-5a0d4f682d93,8.5
2021-06-16,TeamA-5cd7a61b-88b2-46d2-94f8-5a0d4f682d93,8.5
2021-06-17,TeamA-5cd7a61b-88b2-46d2-94f8-5a0d4f682d93,8.5
2021-06-18,TeamA-5cd7a61b-88b2-46d2-94f8-5a0d4f682d93,9.0
2021-06-19,TeamA-5cd7a61b-88b2-46d2-94f8-5a0d4f682d93,8.5
2021-06-20,TeamA-5cd7a61b-88b2-46d2-94f8-5a0d4f682d93,8.5
2021-06-21,TeamA-5cd7a61b-88b2-46d2-94f8-5a0d4f682d93,8.5
2021-06-22,TeamA-5cd7a61b-88b2-46d2-94f8-5a0d4f682d93,9.0
2021-06-23,TeamA-5cd7a61b-88b2-46d2-94f8-5a0d4f682d93,8.0
2021-06-24,TeamA-5cd7a61b-88b2-46d2-94f8-5a0d4f682d93,8.5
2021-06-25,TeamA-5cd7a61b-88b2-46d2-94f8-5a0d4f682d93,9.0
2021-06-26,TeamA-5cd7a61b-88b2-46d2-94f8-5a0d4f682d93,8.5
2021-06-27,TeamA-5cd7a61b-88b2-46d2-94f8-5a0d4f682d93,8.5
2021-06-28,TeamA-5cd7a61b-88b2-46d2-94f8-5a0d4f682d93,8.5
2021-06-29,TeamA-5cd7a61b-88b2-46d2-94f8-5a0d4f682d93,9.0
2021-06-30,TeamA-5cd7a61b-88b2-46d2-94f8-5a0d4f682d93,8.0
2021-07-01,TeamA-5cd7a61b-88b2-46d2-94f8-5a0d4f682d93,8.5
2021-07-02,TeamA-5cd7a61b-88b2-46d2-94f8-5a0d4f682d93,7.5
2021-07-03,TeamA-5cd7a61b-88b2-46d2-94f8-5a0d4f682d93,8.5
2021-07-04,TeamA-5cd7a61b-88b2-46d2-94f8-5a0d4f682d93,8.5
2021-07-05,TeamA-5cd7a61b-88b2-46d2-94f8-5a0d4f682d93,7.0
2021-07-06,TeamA-5cd7a61b-88b2-46d2-94f8-5a0d4f682d93,8.0
2021-07-07,TeamA-5cd7a61b-88b2-46d2-94f8-5a0d4f682d93,8.5
2021-07-08,TeamA-5cd7a61b-88b2-46d2-94f8-5a0d4f682d93,8.5
2021-07-09,TeamA-5cd7a61b-88b2-46d2-94f8-5a0d4f682d93,8.5
2021-07-10,TeamA-5cd7a61b-88b2-46d2-94f8-5a0d4f682d93,8.5
2021-07-11,TeamA-5cd7a61b-88b2-46d2-94f8-5a0d4f682d93,8.0
2021-07-12,TeamA-5cd7a61b-88b2-46d2-94f8-5a0d4f682d93,8.5
2021-07-13,TeamA-5cd7a61b-88b2-46d2-94f8-5a0d4f682d93,8.0
2021-07-14,TeamA-5cd7a61b-88b2-46d2-94f8-5a0d4f682d93,7.0
2021-07-15,TeamA-5cd7a61b-88b2-46d2-94f8-5a0d4f682d93,9.0
2021-07-16,TeamA-5cd7a61b-88b2-46d2-94f8-5a0d4f682d93,8.0
2021-07-17,TeamA-5cd7a61b-88b2-46d2-94f8-5a0d4f682d93,8.5
2021-07-18,TeamA-5cd7a61b-88b2-46d2-94f8-5a0d4f682d93,9.0
2021-07-19,TeamA-5cd7a61b-88b2-46d2-94f8-5a0d4f682d93,8.5
2021-07-20,TeamA-5cd7a61b-88b2-46d2-94f8-5a0d4f682d93,8.0
2021-07-21,TeamA-5cd7a61b-88b2-46d2-94f8-5a0d4f682d93,4.5
2021-07-22,TeamA-5cd7a61b-88b2-46d2-94f8-5a0d4f682d93,10.0
2021-07-23,TeamA-5cd7a61b-88b2-46d2-94f8-5a0d4f682d93,8.5
2021-07-24,TeamA-5cd7a61b-88b2-46d2-94f8-5a0d4f682d93,8.5
2021-07-25,TeamA-5cd7a61b-88b2-46d2-94f8-5a0d4f682d93,7.5
2021-07-26,TeamA-5cd7a61b-88b2-46d2-94f8-5a0d4f682d93,8.5
2021-07-27,TeamA-5cd7a61b-88b2-46d2-94f8-5a0d4f682d93,8.5
2021-07-28,TeamA-5cd7a61b-88b2-46d2-94f8-5a0d4f682d93,7.0
2021-07-29,TeamA-5cd7a61b-88b2-46d2-94f8-5a0d4f682d93,8.0
2021-07-30,TeamA-5cd7a61b-88b2-46d2-94f8-5a0d4f682d93,9.0
2021-07-31,TeamA-5cd7a61b-88b2-46d2-94f8-5a0d4f682d93,2.0
2021-08-01,TeamA-5cd7a61b-88b2-46d2-94f8-5a0d4f682d93,9.0
2021-08-02,TeamA-5cd7a61b-88b2-46d2-94f8-5a0d4f682d93,9.0
2021-08-03,TeamA-5cd7a61b-88b2-46d2-94f8-5a0d4f682d93,8.0
2021-08-04,TeamA-5cd7a61b-88b2-46d2-94f8-5a0d4f682d93,8.0
2021-08-05,TeamA-5cd7a61b-88b2-46d2-94f8-5a0d4f682d93,8.5
2021-08-06,TeamA-5cd7a61b-88b2-46d2-94f8-5a0d4f682d93,8.0
2021-08-07,TeamA-5cd7a61b-88b2-46d2-94f8-5a0d4f682d93,8.5
2021-08-08,TeamA-5cd7a61b-88b2-46d2-94f8-5a0d4f682d93,7.0
2021-08-09,TeamA-5cd7a61b-88b2-46d2-94f8-5a0d4f682d93,8.0
2021-08-10,TeamA-5cd7a61b-88b2-46d2-94f8-5a0d4f682d93,8.5
2021-08-11,TeamA-5cd7a61b-88b2-46d2-94f8-5a0d4f682d93,9.0
2021-08-12,TeamA-5cd7a61b-88b2-46d2-94f8-5a0d4f682d93,8.5
2021-08-13,TeamA-5cd7a61b-88b2-46d2-94f8-5a0d4f682d93,7.5
2021-08-14,TeamA-5cd7a61b-88b2-46d2-94f8-5a0d4f682d93,8.0
2021-08-15,TeamA-5cd7a61b-88b2-46d2-94f8-5a0d4f682d93,8.5
2021-08-16,TeamA-5cd7a61b-88b2-46d2-94f8-5a0d4f682d93,7.5
2021-08-17,TeamA-5cd7a61b-88b2-46d2-94f8-5a0d4f682d93,7.0
2021-08-18,TeamA-5cd7a61b-88b2-46d2-94f8-5a0d4f682d93,8.5
2021-08-19,TeamA-5cd7a61b-88b2-46d2-94f8-5a0d4f682d93,8.5
2021-08-20,TeamA-5cd7a61b-88b2-46d2-94f8-5a0d4f682d93,8.5
2021-08-21,TeamA-5cd7a61b-88b2-46d2-94f8-5a0d4f682d93,9.0
2021-08-22,TeamA-5cd7a61b-88b2-46d2-94f8-5a0d4f682d93,8.5
2021-08-23,TeamA-5cd7a61b-88b2-46d2-94f8-5a0d4f682d93,9.0
2021-08-24,TeamA-5cd7a61b-88b2-46d2-94f8-5a0d4f682d93,7.5
2021-08-25,TeamA-5cd7a61b-88b2-46d2-94f8-5a0d4f682d93,9.0
2021-08-26,TeamA-5cd7a61b-88b2-46d2-94f8-5a0d4f682d93,8.5
2021-08-27,TeamA-5cd7a61b-88b2-46d2-94f8-5a0d4f682d93,9.0
2021-08-28,TeamA-5cd7a61b-88b2-46d2-94f8-5a0d4f682d93,9.0
2021-08-29,TeamA-5cd7a61b-88b2-46d2-94f8-5a0d4f682d93,6.0
2021-08-30,TeamA-5cd7a61b-88b2-46d2-94f8-5a0d4f682d93,9.0
2021-08-31,TeamA-5cd7a61b-88b2-46d2-94f8-5a0d4f682d93,7.0
2021-09-01,TeamA-5cd7a61b-88b2-46d2-94f8-5a0d4f682d93,7.5
2021-09-02,TeamA-5cd7a61b-88b2-46d2-94f8-5a0d4f682d93,8.5
2021-09-03,TeamA-5cd7a61b-88b2-46d2-94f8-5a0d4f682d93,9.0
2021-09-04,TeamA-5cd7a61b-88b2-46d2-94f8-5a0d4f682d93,8.5
2021-09-05,TeamA-5cd7a61b-88b2-46d2-94f8-5a0d4f682d93,8.5
2021-09-06,TeamA-5cd7a61b-88b2-46d2-94f8-5a0d4f682d93,8.5
2021-09-07,TeamA-5cd7a61b-88b2-46d2-94f8-5a0d4f682d93,7.5
2021-09-08,TeamA-5cd7a61b-88b2-46d2-94f8-5a0d4f682d93,7.5
2021-09-09,TeamA-5cd7a61b-88b2-46d2-94f8-5a0d4f682d93,7.5
2021-09-10,TeamA-5cd7a61b-88b2-46d2-94f8-5a0d4f682d93,8.0
2021-09-11,TeamA-5cd7a61b-88b2-46d2-94f8-5a0d4f682d93,8.0
2021-09-12,TeamA-5cd7a61b-88b2-46d2-94f8-5a0d4f682d93,8.0
2021-09-13,TeamA-5cd7a61b-88b2-46d2-94f8-5a0d4f682d93,7.0
2021-09-14,TeamA-5cd7a61b-88b2-46d2-94f8-5a0d4f682d93,7.5
2021-09-15,TeamA-5cd7a61b-88b2-46d2-94f8-5a0d4f682d93,8.0
2021-09-16,TeamA-5cd7a61b-88b2-46d2-94f8-5a0d4f682d93,8.0
2021-09-17,TeamA-5cd7a61b-88b2-46d2-94f8-5a0d4f682d93,9.0
2021-09-18,TeamA-5cd7a61b-88b2-46d2-94f8-5a0d4f682d93,9.0
2021-09-19,TeamA-5cd7a61b-88b2-46d2-94f8-5a0d4f682d93,8.0
2021-09-20,TeamA-5cd7a61b-88b2-46d2-94f8-5a0d4f682d93,8.5
2021-09-21,TeamA-5cd7a61b-88b2-46d2-94f8-5a0d4f682d93,7.5
2021-09-22,TeamA-5cd7a61b-88b2-46d2-94f8-5a0d4f682d93,8.5
2021-09-23,TeamA-5cd7a61b-88b2-46d2-94f8-5a0d4f682d93,9.0
2021-09-24,TeamA-5cd7a61b-88b2-46d2-94f8-5a0d4f682d93,9.0
2021-09-25,TeamA-5cd7a61b-88b2-46d2-94f8-5a0d4f682d93,8.0
2021-09-26,TeamA-5cd7a61b-88b2-46d2-94f8-5a0d4f682d93,8.5
2021-09-27,TeamA-5cd7a61b-88b2-46d2-94f8-5a0d4f682d93,8.0
2021-09-28,TeamA-5cd7a61b-88b2-46d2-94f8-5a0d4f682d93,9.0
2021-09-29,TeamA-5cd7a61b-88b2-46d2-94f8-5a0d4f682d93,8.5
2021-09-30,TeamA-5cd7a61b-88b2-46d2-94f8-5a0d4f682d93,8.5
2021-10-01,TeamA-5cd7a61b-88b2-46d2-94f8-5a0d4f682d93,8.5
2021-10-02,TeamA-5cd7a61b-88b2-46d2-94f8-5a0d4f682d93,8.5
2021-10-03,TeamA-5cd7a61b-88b2-46d2-94f8-5a0d4f682d93,8.5
2021-10-04,TeamA-5cd7a61b-88b2-46d2-94f8-5a0d4f682d93,8.0
2021-10-05,TeamA-5cd7a61b-88b2-46d2-94f8-5a0d4f682d93,9.0
2021-10-06,TeamA-5cd7a61b-88b2-46d2-94f8-5a0d4f682d93,8.0
2021-10-07,TeamA-5cd7a61b-88b2-46d2-94f8-5a0d4f682d93,8.5
2021-10-08,TeamA-5cd7a61b-88b2-46d2-94f8-5a0d4f682d93,9.0
2021-10-09,TeamA-5cd7a61b-88b2-46d2-94f8-5a0d4f682d93,6.0
2021-10-10,TeamA-5cd7a61b-88b2-46d2-94f8-5a0d4f682d93,9.0
2021-10-11,TeamA-5cd7a61b-88b2-46d2-94f8-5a0d4f682d93,9.0
2021-10-12,TeamA-5cd7a61b-88b2-46d2-94f8-5a0d4f682d93,9.0
2021-10-13,TeamA-5cd7a61b-88b2-46d2-94f8-5a0d4f682d93,8.0
2021-10-14,TeamA-5cd7a61b-88b2-46d2-94f8-5a0d4f682d93,8.0
2021-10-15,TeamA-5cd7a61b-88b2-46d2-94f8-5a0d4f682d93,8.5
2021-10-16,TeamA-5cd7a61b-88b2-46d2-94f8-5a0d4f682d93,8.5
2021-10-17,TeamA-5cd7a61b-88b2-46d2-94f8-5a0d4f682d93,8.5
2021-10-18,TeamA-5cd7a61b-88b2-46d2-94f8-5a0d4f682d93,9.0
2021-10-19,TeamA-5cd7a61b-88b2-46d2-94f8-5a0d4f682d93,9.0
2021-10-20,TeamA-5cd7a61b-88b2-46d2-94f8-5a0d4f682d93,8.0
2021-10-21,TeamA-5cd7a61b-88b2-46d2-94f8-5a0d4f682d93,8.5
2021-10-22,TeamA-5cd7a61b-88b2-46d2-94f8-5a0d4f682d93,7.0
2021-10-23,TeamA-5cd7a61b-88b2-46d2-94f8-5a0d4f682d93,8.0
2021-10-24,TeamA-5cd7a61b-88b2-46d2-94f8-5a0d4f682d93,8.5
2021-10-25,TeamA-5cd7a61b-88b2-46d2-94f8-5a0d4f682d93,8.0
2021-10-26,TeamA-5cd7a61b-88b2-46d2-94f8-5a0d4f682d93,8.5
2021-10-27,TeamA-5cd7a61b-88b2-46d2-94f8-5a0d4f682d93,7.0
2021-10-28,TeamA-5cd7a61b-88b2-46d2-94f8-5a0d4f682d93,9.0
2021-10-29,TeamA-5cd7a61b-88b2-46d2-94f8-5a0d4f682d93,8.5
2021-10-30,TeamA-5cd7a61b-88b2-46d2-94f8-5a0d4f682d93,8.0
2021-10-31,TeamA-5cd7a61b-88b2-46d2-94f8-5a0d4f682d93,9.0
2021-11-01,TeamA-5cd7a61b-88b2-46d2-94f8-5a0d4f682d93,8.5
2021-11-02,TeamA-5cd7a61b-88b2-46d2-94f8-5a0d4f682d93,7.0
2021-11-03,TeamA-5cd7a61b-88b2-46d2-94f8-5a0d4f682d93,7.5
2021-11-04,TeamA-5cd7a61b-88b2-46d2-94f8-5a0d4f682d93,8.0
2021-11-05,TeamA-5cd7a61b-88b2-46d2-94f8-5a0d4f682d93,8.0
2021-11-06,TeamA-5cd7a61b-88b2-46d2-94f8-5a0d4f682d93,7.5
2021-11-07,TeamA-5cd7a61b-88b2-46d2-94f8-5a0d4f682d93,8.5
2021-11-08,TeamA-5cd7a61b-88b2-46d2-94f8-5a0d4f682d93,8.0
2021-11-09,TeamA-5cd7a61b-88b2-46d2-94f8-5a0d4f682d93,8.0
2021-11-10,TeamA-5cd7a61b-88b2-46d2-94f8-5a0d4f682d93,8.5
2021-11-11,TeamA-5cd7a61b-88b2-46d2-94f8-5a0d4f682d93,8.0
2021-11-12,TeamA-5cd7a61b-88b2-46d2-94f8-5a0d4f682d93,8.0
2021-11-13,TeamA-5cd7a61b-88b2-46d2-94f8-5a0d4f682d93,8.0
2021-11-14,TeamA-5cd7a61b-88b2-46d2-94f8-5a0d4f682d93,8.0
2021-11-15,TeamA-5cd7a61b-88b2-46d2-94f8-5a0d4f682d93,8.5
2021-11-16,TeamA-5cd7a61b-88b2-46d2-94f8-5a0d4f682d93,8.0
2021-11-17,TeamA-5cd7a61b-88b2-46d2-94f8-5a0d4f682d93,8.0
2021-11-18,TeamA-5cd7a61b-88b2-46d2-94f8-5a0d4f682d93,8.5
2021-11-20,TeamA-5cd7a61b-88b2-46d2-94f8-5a0d4f682d93,8.0
2021-11-21,TeamA-5cd7a61b-88b2-46d2-94f8-5a0d4f682d93,8.0
2021-11-22,TeamA-5cd7a61b-88b2-46d2-94f8-5a0d4f682d93,8.0
2021-11-23,TeamA-5cd7a61b-88b2-46d2-94f8-5a0d4f682d93,8.0
2021-11-24,TeamA-5cd7a61b-88b2-46d2-94f8-5a0d4f682d93,8.0
2021-11-25,TeamA-5cd7a61b-88b2-46d2-94f8-5a0d4f682d93,8.5
2021-11-26,TeamA-5cd7a61b-88b2-46d2-94f8-5a0d4f682d93,6.0
2021-11-27,TeamA-5cd7a61b-88b2-46d2-94f8-5a0d4f682d93,8.0
2021-11-28,TeamA-5cd7a61b-88b2-46d2-94f8-5a0d4f682d93,8.0
2021-11-29,TeamA-5cd7a61b-88b2-46d2-94f8-5a0d4f682d93,8.5
2021-11-30,TeamA-5cd7a61b-88b2-46d2-94f8-5a0d4f682d93,8.0
2021-12-01,TeamA-5cd7a61b-88b2-46d2-94f8-5a0d4f682d93,7.0
2021-12-02,TeamA-5cd7a61b-88b2-46d2-94f8-5a0d4f682d93,6.5
2021-12-03,TeamA-5cd7a61b-88b2-46d2-94f8-5a0d4f682d93,8.0
2021-12-04,TeamA-5cd7a61b-88b2-46d2-94f8-5a0d4f682d93,7.0
2021-12-05,TeamA-5cd7a61b-88b2-46d2-94f8-5a0d4f682d93,7.0
2021-12-06,TeamA-5cd7a61b-88b2-46d2-94f8-5a0d4f682d93,8.0
2021-12-07,TeamA-5cd7a61b-88b2-46d2-94f8-5a0d4f682d93,8.5
2021-12-09,TeamA-5cd7a61b-88b2-46d2-94f8-5a0d4f682d93,8.5
2021-12-10,TeamA-5cd7a61b-88b2-46d2-94f8-5a0d4f682d93,8.5
2021-12-11,TeamA-5cd7a61b-88b2-46d2-94f8-5a0d4f682d93,8.5
2021-12-12,TeamA-5cd7a61b-88b2-46d2-94f8-5a0d4f682d93,6.0
2021-12-13,TeamA-5cd7a61b-88b2-46d2-94f8-5a0d4f682d93,6.5
2021-12-14,TeamA-5cd7a61b-88b2-46d2-94f8-5a0d4f682d93,4.0
2021-12-15,TeamA-5cd7a61b-88b2-46d2-94f8-5a0d4f682d93,8.0
2021-12-16,TeamA-5cd7a61b-88b2-46d2-94f8-5a0d4f682d93,8.0
2021-12-17,TeamA-5cd7a61b-88b2-46d2-94f8-5a0d4f682d93,6.5
2021-12-18,TeamA-5cd7a61b-88b2-46d2-94f8-5a0d4f682d93,8.0
2021-12-19,TeamA-5cd7a61b-88b2-46d2-94f8-5a0d4f682d93,8.0
2021-12-20,TeamA-5cd7a61b-88b2-46d2-94f8-5a0d4f682d93,6.0
2021-12-21,TeamA-5cd7a61b-88b2-46d2-94f8-5a0d4f682d93,5.5
2021-12-22,TeamA-5cd7a61b-88b2-46d2-94f8-5a0d4f682d93,8.0
2021-12-23,TeamA-5cd7a61b-88b2-46d2-94f8-5a0d4f682d93,9.0
2021-12-24,TeamA-5cd7a61b-88b2-46d2-94f8-5a0d4f682d93,8.5
2021-12-25,TeamA-5cd7a61b-88b2-46d2-94f8-5a0d4f682d93,8.0
2021-12-26,TeamA-5cd7a61b-88b2-46d2-94f8-5a0d4f682d93,8.5
2021-12-27,TeamA-5cd7a61b-88b2-46d2-94f8-5a0d4f682d93,8.5
2021-12-28,TeamA-5cd7a61b-88b2-46d2-94f8-5a0d4f682d93,8.5
2021-12-29,TeamA-5cd7a61b-88b2-46d2-94f8-5a0d4f682d93,7.0
2021-12-30,TeamA-5cd7a61b-88b2-46d2-94f8-5a0d4f682d93,7.5
2020-06-14,TeamA-67961019-dbb5-464b-839e-08e5896c2c42,10.0
2020-06-15,TeamA-67961019-dbb5-464b-839e-08e5896c2c42,8.5
2020-06-16,TeamA-67961019-dbb5-464b-839e-08e5896c2c42,9.0
2020-06-17,TeamA-67961019-dbb5-464b-839e-08e5896c2c42,9.0
2020-06-18,TeamA-67961019-dbb5-464b-839e-08e5896c2c42,9.0
2020-06-19,TeamA-67961019-dbb5-464b-839e-08e5896c2c42,8.0
2020-06-20,TeamA-67961019-dbb5-464b-839e-08e5896c2c42,8.5
2020-06-21,TeamA-67961019-dbb5-464b-839e-08e5896c2c42,9.0
2020-06-22,TeamA-67961019-dbb5-464b-839e-08e5896c2c42,8.0
2020-06-23,TeamA-67961019-dbb5-464b-839e-08e5896c2c42,9.0
2020-06-24,TeamA-67961019-dbb5-464b-839e-08e5896c2c42,8.5
2020-06-25,TeamA-67961019-dbb5-464b-839e-08e5896c2c42,8.5
2020-06-26,TeamA-67961019-dbb5-464b-839e-08e5896c2c42,8.0
2020-06-27,TeamA-67961019-dbb5-464b-839e-08e5896c2c42,9.0
2020-06-28,TeamA-67961019-dbb5-464b-839e-08e5896c2c42,9.0
2020-06-29,TeamA-67961019-dbb5-464b-839e-08e5896c2c42,9.0
2020-06-30,TeamA-67961019-dbb5-464b-839e-08e5896c2c42,8.5
2020-07-02,TeamA-67961019-dbb5-464b-839e-08e5896c2c42,9.0
2020-07-03,TeamA-67961019-dbb5-464b-839e-08e5896c2c42,9.0
2020-07-04,TeamA-67961019-dbb5-464b-839e-08e5896c2c42,9.0
2020-07-05,TeamA-67961019-dbb5-464b-839e-08e5896c2c42,10.0
2020-07-06,TeamA-67961019-dbb5-464b-839e-08e5896c2c42,9.0
2020-07-07,TeamA-67961019-dbb5-464b-839e-08e5896c2c42,9.0
2020-07-08,TeamA-67961019-dbb5-464b-839e-08e5896c2c42,8.0
2020-07-09,TeamA-67961019-dbb5-464b-839e-08e5896c2c42,9.0
2020-07-10,TeamA-67961019-dbb5-464b-839e-08e5896c2c42,9.0
2020-07-11,TeamA-67961019-dbb5-464b-839e-08e5896c2c42,8.0
2020-07-12,TeamA-67961019-dbb5-464b-839e-08e5896c2c42,9.0
2020-07-13,TeamA-67961019-dbb5-464b-839e-08e5896c2c42,9.0
2020-07-14,TeamA-67961019-dbb5-464b-839e-08e5896c2c42,9.0
2020-07-15,TeamA-67961019-dbb5-464b-839e-08e5896c2c42,8.0
2020-07-16,TeamA-67961019-dbb5-464b-839e-08e5896c2c42,8.5
2020-07-17,TeamA-67961019-dbb5-464b-839e-08e5896c2c42,9.0
2020-07-18,TeamA-67961019-dbb5-464b-839e-08e5896c2c42,9.0
2020-07-19,TeamA-67961019-dbb5-464b-839e-08e5896c2c42,9.0
2020-07-20,TeamA-67961019-dbb5-464b-839e-08e5896c2c42,9.0
2020-07-21,TeamA-67961019-dbb5-464b-839e-08e5896c2c42,9.0
2020-07-23,TeamA-67961019-dbb5-464b-839e-08e5896c2c42,9.0
2020-07-24,TeamA-67961019-dbb5-464b-839e-08e5896c2c42,9.0
2020-07-25,TeamA-67961019-dbb5-464b-839e-08e5896c2c42,8.5
2020-07-26,TeamA-67961019-dbb5-464b-839e-08e5896c2c42,9.0
2020-07-27,TeamA-67961019-dbb5-464b-839e-08e5896c2c42,9.0
2020-07-28,TeamA-67961019-dbb5-464b-839e-08e5896c2c42,8.5
2020-07-29,TeamA-67961019-dbb5-464b-839e-08e5896c2c42,8.5
2020-07-30,TeamA-67961019-dbb5-464b-839e-08e5896c2c42,8.5
2020-08-01,TeamA-67961019-dbb5-464b-839e-08e5896c2c42,8.5
2020-08-02,TeamA-67961019-dbb5-464b-839e-08e5896c2c42,9.0
2020-08-03,TeamA-67961019-dbb5-464b-839e-08e5896c2c42,9.0
2020-08-04,TeamA-67961019-dbb5-464b-839e-08e5896c2c42,9.0
2020-08-05,TeamA-67961019-dbb5-464b-839e-08e5896c2c42,8.5
2020-08-07,TeamA-67961019-dbb5-464b-839e-08e5896c2c42,9.0
2020-08-08,TeamA-67961019-dbb5-464b-839e-08e5896c2c42,9.0
2020-08-10,TeamA-67961019-dbb5-464b-839e-08e5896c2c42,9.0
2020-08-11,TeamA-67961019-dbb5-464b-839e-08e5896c2c42,9.0
2020-08-12,TeamA-67961019-dbb5-464b-839e-08e5896c2c42,8.5
2020-08-13,TeamA-67961019-dbb5-464b-839e-08e5896c2c42,8.0
2020-08-14,TeamA-67961019-dbb5-464b-839e-08e5896c2c42,9.0
2020-08-15,TeamA-67961019-dbb5-464b-839e-08e5896c2c42,9.0
2020-08-16,TeamA-67961019-dbb5-464b-839e-08e5896c2c42,9.0
2020-08-17,TeamA-67961019-dbb5-464b-839e-08e5896c2c42,8.0
2020-08-18,TeamA-67961019-dbb5-464b-839e-08e5896c2c42,9.0
2020-08-19,TeamA-67961019-dbb5-464b-839e-08e5896c2c42,8.5
2020-08-20,TeamA-67961019-dbb5-464b-839e-08e5896c2c42,9.0
2020-08-21,TeamA-67961019-dbb5-464b-839e-08e5896c2c42,8.5
2020-08-22,TeamA-67961019-dbb5-464b-839e-08e5896c2c42,9.0
2020-08-23,TeamA-67961019-dbb5-464b-839e-08e5896c2c42,9.0
2020-08-24,TeamA-67961019-dbb5-464b-839e-08e5896c2c42,8.0
2020-08-25,TeamA-67961019-dbb5-464b-839e-08e5896c2c42,9.0
2020-08-26,TeamA-67961019-dbb5-464b-839e-08e5896c2c42,9.0
2020-08-27,TeamA-67961019-dbb5-464b-839e-08e5896c2c42,9.0
2020-08-28,TeamA-67961019-dbb5-464b-839e-08e5896c2c42,9.0
2020-08-29,TeamA-67961019-dbb5-464b-839e-08e5896c2c42,9.0
2020-08-31,TeamA-67961019-dbb5-464b-839e-08e5896c2c42,9.0
2020-09-01,TeamA-67961019-dbb5-464b-839e-08e5896c2c42,7.5
2020-09-02,TeamA-67961019-dbb5-464b-839e-08e5896c2c42,9.0
2020-09-03,TeamA-67961019-dbb5-464b-839e-08e5896c2c42,9.0
2020-09-04,TeamA-67961019-dbb5-464b-839e-08e5896c2c42,8.0
2020-09-05,TeamA-67961019-dbb5-464b-839e-08e5896c2c42,9.0
2020-09-06,TeamA-67961019-dbb5-464b-839e-08e5896c2c42,8.5
2020-09-07,TeamA-67961019-dbb5-464b-839e-08e5896c2c42,8.5
2020-09-08,TeamA-67961019-dbb5-464b-839e-08e5896c2c42,8.5
2020-09-09,TeamA-67961019-dbb5-464b-839e-08e5896c2c42,9.0
2020-09-10,TeamA-67961019-dbb5-464b-839e-08e5896c2c42,9.0
2020-09-11,TeamA-67961019-dbb5-464b-839e-08e5896c2c42,9.0
2020-09-12,TeamA-67961019-dbb5-464b-839e-08e5896c2c42,9.0
2020-09-13,TeamA-67961019-dbb5-464b-839e-08e5896c2c42,9.0
2020-09-14,TeamA-67961019-dbb5-464b-839e-08e5896c2c42,8.5
2020-09-15,TeamA-67961019-dbb5-464b-839e-08e5896c2c42,8.5
2020-09-16,TeamA-67961019-dbb5-464b-839e-08e5896c2c42,8.5
2020-09-17,TeamA-67961019-dbb5-464b-839e-08e5896c2c42,9.0
2020-09-18,TeamA-67961019-dbb5-464b-839e-08e5896c2c42,9.0
2020-09-19,TeamA-67961019-dbb5-464b-839e-08e5896c2c42,9.0
2020-09-20,TeamA-67961019-dbb5-464b-839e-08e5896c2c42,9.0
2020-09-21,TeamA-67961019-dbb5-464b-839e-08e5896c2c42,8.0
2020-09-22,TeamA-67961019-dbb5-464b-839e-08e5896c2c42,8.0
2020-09-23,TeamA-67961019-dbb5-464b-839e-08e5896c2c42,8.0
2020-09-25,TeamA-67961019-dbb5-464b-839e-08e5896c2c42,9.0
2020-09-26,TeamA-67961019-dbb5-464b-839e-08e5896c2c42,9.0
2020-09-27,TeamA-67961019-dbb5-464b-839e-08e5896c2c42,9.0
2020-09-28,TeamA-67961019-dbb5-464b-839e-08e5896c2c42,9.0
2020-09-29,TeamA-67961019-dbb5-464b-839e-08e5896c2c42,8.5
2020-09-30,TeamA-67961019-dbb5-464b-839e-08e5896c2c42,8.0
2020-10-01,TeamA-67961019-dbb5-464b-839e-08e5896c2c42,8.5
2020-10-02,TeamA-67961019-dbb5-464b-839e-08e5896c2c42,8.0
2020-10-03,TeamA-67961019-dbb5-464b-839e-08e5896c2c42,9.0
2020-10-04,TeamA-67961019-dbb5-464b-839e-08e5896c2c42,9.0
2020-10-05,TeamA-67961019-dbb5-464b-839e-08e5896c2c42,9.0
2020-10-06,TeamA-67961019-dbb5-464b-839e-08e5896c2c42,9.0
2020-10-07,TeamA-67961019-dbb5-464b-839e-08e5896c2c42,9.0
2020-10-08,TeamA-67961019-dbb5-464b-839e-08e5896c2c42,9.0
2020-10-09,TeamA-67961019-dbb5-464b-839e-08e5896c2c42,9.0
2020-10-10,TeamA-67961019-dbb5-464b-839e-08e5896c2c42,9.0
2020-10-11,TeamA-67961019-dbb5-464b-839e-08e5896c2c42,9.0
2020-10-12,TeamA-67961019-dbb5-464b-839e-08e5896c2c42,9.0
2020-10-14,TeamA-67961019-dbb5-464b-839e-08e5896c2c42,9.0
2020-10-15,TeamA-67961019-dbb5-464b-839e-08e5896c2c42,8.5
2020-10-16,TeamA-67961019-dbb5-464b-839e-08e5896c2c42,9.0
2020-10-17,TeamA-67961019-dbb5-464b-839e-08e5896c2c42,8.5
2020-10-18,TeamA-67961019-dbb5-464b-839e-08e5896c2c42,9.0
2020-10-19,TeamA-67961019-dbb5-464b-839e-08e5896c2c42,8.0
2020-10-20,TeamA-67961019-dbb5-464b-839e-08e5896c2c42,9.0
2020-10-22,TeamA-67961019-dbb5-464b-839e-08e5896c2c42,9.0
2020-10-23,TeamA-67961019-dbb5-464b-839e-08e5896c2c42,9.0
2020-10-24,TeamA-67961019-dbb5-464b-839e-08e5896c2c42,9.0
2020-10-25,TeamA-67961019-dbb5-464b-839e-08e5896c2c42,9.0
2020-10-26,TeamA-67961019-dbb5-464b-839e-08e5896c2c42,9.0
2020-10-27,TeamA-67961019-dbb5-464b-839e-08e5896c2c42,8.5
2020-10-28,TeamA-67961019-dbb5-464b-839e-08e5896c2c42,8.5
2020-10-29,TeamA-67961019-dbb5-464b-839e-08e5896c2c42,9.0
2020-10-30,TeamA-67961019-dbb5-464b-839e-08e5896c2c42,8.5
2020-10-31,TeamA-67961019-dbb5-464b-839e-08e5896c2c42,9.0
2020-11-01,TeamA-67961019-dbb5-464b-839e-08e5896c2c42,8.5
2020-11-02,TeamA-67961019-dbb5-464b-839e-08e5896c2c42,8.5
2020-11-03,TeamA-67961019-dbb5-464b-839e-08e5896c2c42,8.5
2020-11-04,TeamA-67961019-dbb5-464b-839e-08e5896c2c42,8.5
2020-11-05,TeamA-67961019-dbb5-464b-839e-08e5896c2c42,8.5
2020-11-06,TeamA-67961019-dbb5-464b-839e-08e5896c2c42,8.5
2020-11-07,TeamA-67961019-dbb5-464b-839e-08e5896c2c42,8.5
2020-11-08,TeamA-67961019-dbb5-464b-839e-08e5896c2c42,8.5
2020-11-09,TeamA-67961019-dbb5-464b-839e-08e5896c2c42,8.5
2020-11-10,TeamA-67961019-dbb5-464b-839e-08e5896c2c42,9.0
2020-11-11,TeamA-67961019-dbb5-464b-839e-08e5896c2c42,8.5
2020-11-13,TeamA-67961019-dbb5-464b-839e-08e5896c2c42,9.0
2020-11-14,TeamA-67961019-dbb5-464b-839e-08e5896c2c42,8.5
2020-11-17,TeamA-67961019-dbb5-464b-839e-08e5896c2c42,8.5
2020-11-18,TeamA-67961019-dbb5-464b-839e-08e5896c2c42,8.5
2020-11-19,TeamA-67961019-dbb5-464b-839e-08e5896c2c42,9.0
2020-11-20,TeamA-67961019-dbb5-464b-839e-08e5896c2c42,9.0
2020-11-21,TeamA-67961019-dbb5-464b-839e-08e5896c2c42,8.5
2020-11-22,TeamA-67961019-dbb5-464b-839e-08e5896c2c42,9.0
2020-11-23,TeamA-67961019-dbb5-464b-839e-08e5896c2c42,8.5
2020-11-24,TeamA-67961019-dbb5-464b-839e-08e5896c2c42,8.5
2020-11-25,TeamA-67961019-dbb5-464b-839e-08e5896c2c42,8.5
2020-11-26,TeamA-67961019-dbb5-464b-839e-08e5896c2c42,8.5
2020-11-27,TeamA-67961019-dbb5-464b-839e-08e5896c2c42,9.0
2020-11-29,TeamA-67961019-dbb5-464b-839e-08e5896c2c42,8.5
2020-11-30,TeamA-67961019-dbb5-464b-839e-08e5896c2c42,9.0
2020-12-01,TeamA-67961019-dbb5-464b-839e-08e5896c2c42,8.5
2020-12-02,TeamA-67961019-dbb5-464b-839e-08e5896c2c42,8.5
2020-12-03,TeamA-67961019-dbb5-464b-839e-08e5896c2c42,8.5
2020-12-04,TeamA-67961019-dbb5-464b-839e-08e5896c2c42,9.0
2020-12-07,TeamA-67961019-dbb5-464b-839e-08e5896c2c42,8.5
2020-12-08,TeamA-67961019-dbb5-464b-839e-08e5896c2c42,8.5
2021-01-11,TeamA-67961019-dbb5-464b-839e-08e5896c2c42,10.0
2021-01-12,TeamA-67961019-dbb5-464b-839e-08e5896c2c42,8.0
2021-01-13,TeamA-67961019-dbb5-464b-839e-08e5896c2c42,9.0
2021-01-14,TeamA-67961019-dbb5-464b-839e-08e5896c2c42,9.0
2021-01-15,TeamA-67961019-dbb5-464b-839e-08e5896c2c42,9.0
2021-01-16,TeamA-67961019-dbb5-464b-839e-08e5896c2c42,9.0
2021-01-17,TeamA-67961019-dbb5-464b-839e-08e5896c2c42,9.0
2021-01-18,TeamA-67961019-dbb5-464b-839e-08e5896c2c42,10.0
2021-01-19,TeamA-67961019-dbb5-464b-839e-08e5896c2c42,8.0
2021-01-20,TeamA-67961019-dbb5-464b-839e-08e5896c2c42,8.5
2021-01-21,TeamA-67961019-dbb5-464b-839e-08e5896c2c42,9.0
2021-01-22,TeamA-67961019-dbb5-464b-839e-08e5896c2c42,9.0
2021-01-24,TeamA-67961019-dbb5-464b-839e-08e5896c2c42,9.0
2021-01-25,TeamA-67961019-dbb5-464b-839e-08e5896c2c42,8.5
2021-01-26,TeamA-67961019-dbb5-464b-839e-08e5896c2c42,8.5
2021-01-27,TeamA-67961019-dbb5-464b-839e-08e5896c2c42,9.0
2021-01-28,TeamA-67961019-dbb5-464b-839e-08e5896c2c42,9.0
2021-01-29,TeamA-67961019-dbb5-464b-839e-08e5896c2c42,9.0
2021-01-30,TeamA-67961019-dbb5-464b-839e-08e5896c2c42,9.0
2021-01-31,TeamA-67961019-dbb5-464b-839e-08e5896c2c42,9.0
2021-02-01,TeamA-67961019-dbb5-464b-839e-08e5896c2c42,9.0
2021-02-02,TeamA-67961019-dbb5-464b-839e-08e5896c2c42,8.0
2021-02-03,TeamA-67961019-dbb5-464b-839e-08e5896c2c42,8.0
2021-02-04,TeamA-67961019-dbb5-464b-839e-08e5896c2c42,9.0
2021-02-05,TeamA-67961019-dbb5-464b-839e-08e5896c2c42,9.0
2021-02-06,TeamA-67961019-dbb5-464b-839e-08e5896c2c42,8.0
2021-02-07,TeamA-67961019-dbb5-464b-839e-08e5896c2c42,9.0
2021-02-08,TeamA-67961019-dbb5-464b-839e-08e5896c2c42,8.0
2021-02-09,TeamA-67961019-dbb5-464b-839e-08e5896c2c42,8.0
2021-02-10,TeamA-67961019-dbb5-464b-839e-08e5896c2c42,8.5
2021-02-11,TeamA-67961019-dbb5-464b-839e-08e5896c2c42,8.5
2021-02-12,TeamA-67961019-dbb5-464b-839e-08e5896c2c42,9.0
2021-02-13,TeamA-67961019-dbb5-464b-839e-08e5896c2c42,9.0
2021-02-14,TeamA-67961019-dbb5-464b-839e-08e5896c2c42,9.0
2021-02-15,TeamA-67961019-dbb5-464b-839e-08e5896c2c42,8.5
2021-02-16,TeamA-67961019-dbb5-464b-839e-08e5896c2c42,8.5
2021-02-17,TeamA-67961019-dbb5-464b-839e-08e5896c2c42,8.5
2021-02-18,TeamA-67961019-dbb5-464b-839e-08e5896c2c42,8.5
2021-02-19,TeamA-67961019-dbb5-464b-839e-08e5896c2c42,8.5
2021-02-20,TeamA-67961019-dbb5-464b-839e-08e5896c2c42,8.5
2021-02-21,TeamA-67961019-dbb5-464b-839e-08e5896c2c42,9.0
2021-02-22,TeamA-67961019-dbb5-464b-839e-08e5896c2c42,9.0
2021-02-23,TeamA-67961019-dbb5-464b-839e-08e5896c2c42,8.5
2021-02-24,TeamA-67961019-dbb5-464b-839e-08e5896c2c42,9.0
2021-02-25,TeamA-67961019-dbb5-464b-839e-08e5896c2c42,9.0
2021-02-26,TeamA-67961019-dbb5-464b-839e-08e5896c2c42,9.0
2021-02-27,TeamA-67961019-dbb5-464b-839e-08e5896c2c42,9.0
2021-02-28,TeamA-67961019-dbb5-464b-839e-08e5896c2c42,8.0
2021-03-01,TeamA-67961019-dbb5-464b-839e-08e5896c2c42,9.0
2021-03-02,TeamA-67961019-dbb5-464b-839e-08e5896c2c42,8.0
2021-03-03,TeamA-67961019-dbb5-464b-839e-08e5896c2c42,8.0
2021-03-04,TeamA-67961019-dbb5-464b-839e-08e5896c2c42,8.0
2021-03-05,TeamA-67961019-dbb5-464b-839e-08e5896c2c42,9.0
2021-03-06,TeamA-67961019-dbb5-464b-839e-08e5896c2c42,9.0
2021-03-07,TeamA-67961019-dbb5-464b-839e-08e5896c2c42,8.5
2021-03-08,TeamA-67961019-dbb5-464b-839e-08e5896c2c42,8.5
2021-03-09,TeamA-67961019-dbb5-464b-839e-08e5896c2c42,8.5
2021-03-10,TeamA-67961019-dbb5-464b-839e-08e5896c2c42,8.5
2021-03-11,TeamA-67961019-dbb5-464b-839e-08e5896c2c42,9.0
2021-03-12,TeamA-67961019-dbb5-464b-839e-08e5896c2c42,9.0
2021-03-13,TeamA-67961019-dbb5-464b-839e-08e5896c2c42,8.5
2021-03-14,TeamA-67961019-dbb5-464b-839e-08e5896c2c42,8.5
2021-03-15,TeamA-67961019-dbb5-464b-839e-08e5896c2c42,9.0
2021-03-16,TeamA-67961019-dbb5-464b-839e-08e5896c2c42,8.5
2021-03-17,TeamA-67961019-dbb5-464b-839e-08e5896c2c42,8.5
2021-03-18,TeamA-67961019-dbb5-464b-839e-08e5896c2c42,9.0
2021-03-19,TeamA-67961019-dbb5-464b-839e-08e5896c2c42,9.0
2021-03-20,TeamA-67961019-dbb5-464b-839e-08e5896c2c42,9.0
2021-03-21,TeamA-67961019-dbb5-464b-839e-08e5896c2c42,9.0
2021-03-22,TeamA-67961019-dbb5-464b-839e-08e5896c2c42,9.0
2021-03-23,TeamA-67961019-dbb5-464b-839e-08e5896c2c42,8.5
2021-03-24,TeamA-67961019-dbb5-464b-839e-08e5896c2c42,8.5
2021-03-25,TeamA-67961019-dbb5-464b-839e-08e5896c2c42,8.5
2021-03-26,TeamA-67961019-dbb5-464b-839e-08e5896c2c42,9.0
2021-03-27,TeamA-67961019-dbb5-464b-839e-08e5896c2c42,8.5
2021-03-28,TeamA-67961019-dbb5-464b-839e-08e5896c2c42,8.5
2021-03-29,TeamA-67961019-dbb5-464b-839e-08e5896c2c42,9.0
2021-03-30,TeamA-67961019-dbb5-464b-839e-08e5896c2c42,9.0
2021-03-31,TeamA-67961019-dbb5-464b-839e-08e5896c2c42,9.0
2021-04-01,TeamA-67961019-dbb5-464b-839e-08e5896c2c42,9.0
2021-04-02,TeamA-67961019-dbb5-464b-839e-08e5896c2c42,9.0
2021-04-03,TeamA-67961019-dbb5-464b-839e-08e5896c2c42,9.0
2021-04-26,TeamA-67961019-dbb5-464b-839e-08e5896c2c42,8.5
2021-04-27,TeamA-67961019-dbb5-464b-839e-08e5896c2c42,8.5
2021-04-28,TeamA-67961019-dbb5-464b-839e-08e5896c2c42,8.5
2021-04-29,TeamA-67961019-dbb5-464b-839e-08e5896c2c42,8.5
2021-04-30,TeamA-67961019-dbb5-464b-839e-08e5896c2c42,9.0
2021-05-05,TeamA-67961019-dbb5-464b-839e-08e5896c2c42,8.0
2021-05-10,TeamA-67961019-dbb5-464b-839e-08e5896c2c42,8.0
2021-05-11,TeamA-67961019-dbb5-464b-839e-08e5896c2c42,8.5
2021-05-12,TeamA-67961019-dbb5-464b-839e-08e5896c2c42,8.5
2021-05-13,TeamA-67961019-dbb5-464b-839e-08e5896c2c42,8.5
2021-05-14,TeamA-67961019-dbb5-464b-839e-08e5896c2c42,9.0
2021-05-15,TeamA-67961019-dbb5-464b-839e-08e5896c2c42,9.0
2021-05-18,TeamA-67961019-dbb5-464b-839e-08e5896c2c42,8.5
2021-05-19,TeamA-67961019-dbb5-464b-839e-08e5896c2c42,8.5
2020-06-25,TeamA-705923a2-378f-4f8e-8a29-464837b88cdc,8.0
2020-06-26,TeamA-705923a2-378f-4f8e-8a29-464837b88cdc,8.0
2020-06-27,TeamA-705923a2-378f-4f8e-8a29-464837b88cdc,8.0
2020-06-28,TeamA-705923a2-378f-4f8e-8a29-464837b88cdc,8.5
2020-06-29,TeamA-705923a2-378f-4f8e-8a29-464837b88cdc,9.0
2020-06-30,TeamA-705923a2-378f-4f8e-8a29-464837b88cdc,9.0
2020-07-01,TeamA-705923a2-378f-4f8e-8a29-464837b88cdc,8.0
2020-07-02,TeamA-705923a2-378f-4f8e-8a29-464837b88cdc,9.0
2020-07-03,TeamA-705923a2-378f-4f8e-8a29-464837b88cdc,9.0
2020-07-04,TeamA-705923a2-378f-4f8e-8a29-464837b88cdc,9.0
2020-07-06,TeamA-705923a2-378f-4f8e-8a29-464837b88cdc,8.5
2020-07-07,TeamA-705923a2-378f-4f8e-8a29-464837b88cdc,8.0
2020-07-08,TeamA-705923a2-378f-4f8e-8a29-464837b88cdc,9.0
2020-07-09,TeamA-705923a2-378f-4f8e-8a29-464837b88cdc,9.0
2020-07-10,TeamA-705923a2-378f-4f8e-8a29-464837b88cdc,9.0
2020-07-11,TeamA-705923a2-378f-4f8e-8a29-464837b88cdc,8.0
2020-07-12,TeamA-705923a2-378f-4f8e-8a29-464837b88cdc,8.0
2020-07-13,TeamA-705923a2-378f-4f8e-8a29-464837b88cdc,8.0
2020-07-14,TeamA-705923a2-378f-4f8e-8a29-464837b88cdc,8.0
2020-07-15,TeamA-705923a2-378f-4f8e-8a29-464837b88cdc,8.0
2020-07-16,TeamA-705923a2-378f-4f8e-8a29-464837b88cdc,8.0
2020-07-17,TeamA-705923a2-378f-4f8e-8a29-464837b88cdc,9.0
2020-07-18,TeamA-705923a2-378f-4f8e-8a29-464837b88cdc,9.0
2020-07-19,TeamA-705923a2-378f-4f8e-8a29-464837b88cdc,9.0
2020-07-20,TeamA-705923a2-378f-4f8e-8a29-464837b88cdc,8.0
2020-07-21,TeamA-705923a2-378f-4f8e-8a29-464837b88cdc,8.0
2020-07-22,TeamA-705923a2-378f-4f8e-8a29-464837b88cdc,8.0
2020-07-23,TeamA-705923a2-378f-4f8e-8a29-464837b88cdc,9.0
2020-07-24,TeamA-705923a2-378f-4f8e-8a29-464837b88cdc,9.0
2020-07-25,TeamA-705923a2-378f-4f8e-8a29-464837b88cdc,9.0
2020-07-26,TeamA-705923a2-378f-4f8e-8a29-464837b88cdc,7.0
2020-07-27,TeamA-705923a2-378f-4f8e-8a29-464837b88cdc,9.0
2020-07-28,TeamA-705923a2-378f-4f8e-8a29-464837b88cdc,8.0
2020-07-30,TeamA-705923a2-378f-4f8e-8a29-464837b88cdc,9.0
2020-07-31,TeamA-705923a2-378f-4f8e-8a29-464837b88cdc,8.0
2020-08-01,TeamA-705923a2-378f-4f8e-8a29-464837b88cdc,8.0
2020-08-02,TeamA-705923a2-378f-4f8e-8a29-464837b88cdc,9.0
2020-08-03,TeamA-705923a2-378f-4f8e-8a29-464837b88cdc,10.0
2020-08-04,TeamA-705923a2-378f-4f8e-8a29-464837b88cdc,9.0
2020-08-05,TeamA-705923a2-378f-4f8e-8a29-464837b88cdc,9.0
2020-08-06,TeamA-705923a2-378f-4f8e-8a29-464837b88cdc,9.0
2020-08-07,TeamA-705923a2-378f-4f8e-8a29-464837b88cdc,9.0
2020-08-08,TeamA-705923a2-378f-4f8e-8a29-464837b88cdc,8.0
2020-08-09,TeamA-705923a2-378f-4f8e-8a29-464837b88cdc,8.0
2020-08-10,TeamA-705923a2-378f-4f8e-8a29-464837b88cdc,9.0
2020-08-11,TeamA-705923a2-378f-4f8e-8a29-464837b88cdc,9.0
2020-08-12,TeamA-705923a2-378f-4f8e-8a29-464837b88cdc,8.0
2020-08-13,TeamA-705923a2-378f-4f8e-8a29-464837b88cdc,8.0
2020-08-14,TeamA-705923a2-378f-4f8e-8a29-464837b88cdc,9.0
2020-08-15,TeamA-705923a2-378f-4f8e-8a29-464837b88cdc,10.0
2020-08-17,TeamA-705923a2-378f-4f8e-8a29-464837b88cdc,8.0
2020-08-18,TeamA-705923a2-378f-4f8e-8a29-464837b88cdc,8.5
2020-08-19,TeamA-705923a2-378f-4f8e-8a29-464837b88cdc,8.0
2020-08-20,TeamA-705923a2-378f-4f8e-8a29-464837b88cdc,9.0
2020-08-21,TeamA-705923a2-378f-4f8e-8a29-464837b88cdc,9.0
2020-08-22,TeamA-705923a2-378f-4f8e-8a29-464837b88cdc,9.0
2020-08-24,TeamA-705923a2-378f-4f8e-8a29-464837b88cdc,9.0
2020-08-25,TeamA-705923a2-378f-4f8e-8a29-464837b88cdc,9.0
2020-08-26,TeamA-705923a2-378f-4f8e-8a29-464837b88cdc,9.0
2020-08-28,TeamA-705923a2-378f-4f8e-8a29-464837b88cdc,9.0
2020-08-29,TeamA-705923a2-378f-4f8e-8a29-464837b88cdc,9.0
2020-08-30,TeamA-705923a2-378f-4f8e-8a29-464837b88cdc,9.0
2020-09-01,TeamA-705923a2-378f-4f8e-8a29-464837b88cdc,9.0
2020-09-02,TeamA-705923a2-378f-4f8e-8a29-464837b88cdc,8.0
2020-09-03,TeamA-705923a2-378f-4f8e-8a29-464837b88cdc,8.0
2020-09-04,TeamA-705923a2-378f-4f8e-8a29-464837b88cdc,9.0
2020-09-05,TeamA-705923a2-378f-4f8e-8a29-464837b88cdc,7.0
2020-09-06,TeamA-705923a2-378f-4f8e-8a29-464837b88cdc,8.0
2020-09-07,TeamA-705923a2-378f-4f8e-8a29-464837b88cdc,8.0
2020-09-09,TeamA-705923a2-378f-4f8e-8a29-464837b88cdc,7.5
2020-09-10,TeamA-705923a2-378f-4f8e-8a29-464837b88cdc,8.0
2020-09-12,TeamA-705923a2-378f-4f8e-8a29-464837b88cdc,9.0
2020-09-13,TeamA-705923a2-378f-4f8e-8a29-464837b88cdc,8.0
2020-09-14,TeamA-705923a2-378f-4f8e-8a29-464837b88cdc,9.0
2020-09-15,TeamA-705923a2-378f-4f8e-8a29-464837b88cdc,6.5
2020-09-16,TeamA-705923a2-378f-4f8e-8a29-464837b88cdc,9.0
2020-09-17,TeamA-705923a2-378f-4f8e-8a29-464837b88cdc,9.0
2020-09-18,TeamA-705923a2-378f-4f8e-8a29-464837b88cdc,9.0
2020-09-19,TeamA-705923a2-378f-4f8e-8a29-464837b88cdc,9.0
2020-09-21,TeamA-705923a2-378f-4f8e-8a29-464837b88cdc,8.0
2020-09-22,TeamA-705923a2-378f-4f8e-8a29-464837b88cdc,8.5
2020-09-23,TeamA-705923a2-378f-4f8e-8a29-464837b88cdc,5.0
2020-09-24,TeamA-705923a2-378f-4f8e-8a29-464837b88cdc,9.0
2020-09-25,TeamA-705923a2-378f-4f8e-8a29-464837b88cdc,9.0
2020-09-26,TeamA-705923a2-378f-4f8e-8a29-464837b88cdc,7.0
2020-09-27,TeamA-705923a2-378f-4f8e-8a29-464837b88cdc,8.5
2020-09-29,TeamA-705923a2-378f-4f8e-8a29-464837b88cdc,10.0
2020-09-30,TeamA-705923a2-378f-4f8e-8a29-464837b88cdc,8.5
2020-10-02,TeamA-705923a2-378f-4f8e-8a29-464837b88cdc,8.5
2020-10-03,TeamA-705923a2-378f-4f8e-8a29-464837b88cdc,8.0
2020-10-04,TeamA-705923a2-378f-4f8e-8a29-464837b88cdc,8.0
2020-10-05,TeamA-705923a2-378f-4f8e-8a29-464837b88cdc,8.0
2020-10-06,TeamA-705923a2-378f-4f8e-8a29-464837b88cdc,8.0
2020-10-07,TeamA-705923a2-378f-4f8e-8a29-464837b88cdc,9.0
2020-10-08,TeamA-705923a2-378f-4f8e-8a29-464837b88cdc,7.0
2020-10-09,TeamA-705923a2-378f-4f8e-8a29-464837b88cdc,10.0
2020-10-10,TeamA-705923a2-378f-4f8e-8a29-464837b88cdc,8.0
2020-10-11,TeamA-705923a2-378f-4f8e-8a29-464837b88cdc,9.0
2020-10-12,TeamA-705923a2-378f-4f8e-8a29-464837b88cdc,7.0
2020-10-13,TeamA-705923a2-378f-4f8e-8a29-464837b88cdc,8.0
2020-10-14,TeamA-705923a2-378f-4f8e-8a29-464837b88cdc,8.0
2020-10-16,TeamA-705923a2-378f-4f8e-8a29-464837b88cdc,7.5
2020-10-17,TeamA-705923a2-378f-4f8e-8a29-464837b88cdc,9.0
2020-10-18,TeamA-705923a2-378f-4f8e-8a29-464837b88cdc,10.0
2020-10-19,TeamA-705923a2-378f-4f8e-8a29-464837b88cdc,7.0
2020-10-20,TeamA-705923a2-378f-4f8e-8a29-464837b88cdc,7.0
2020-10-21,TeamA-705923a2-378f-4f8e-8a29-464837b88cdc,9.0
2020-10-23,TeamA-705923a2-378f-4f8e-8a29-464837b88cdc,9.0
2020-10-24,TeamA-705923a2-378f-4f8e-8a29-464837b88cdc,9.0
2020-10-25,TeamA-705923a2-378f-4f8e-8a29-464837b88cdc,7.5
2020-10-26,TeamA-705923a2-378f-4f8e-8a29-464837b88cdc,9.0
2020-10-27,TeamA-705923a2-378f-4f8e-8a29-464837b88cdc,9.0
2020-10-28,TeamA-705923a2-378f-4f8e-8a29-464837b88cdc,6.0
2020-10-31,TeamA-705923a2-378f-4f8e-8a29-464837b88cdc,9.0
2020-11-01,TeamA-705923a2-378f-4f8e-8a29-464837b88cdc,9.0
2020-11-02,TeamA-705923a2-378f-4f8e-8a29-464837b88cdc,7.5
2020-11-03,TeamA-705923a2-378f-4f8e-8a29-464837b88cdc,8.5
2020-11-04,TeamA-705923a2-378f-4f8e-8a29-464837b88cdc,9.0
2020-11-05,TeamA-705923a2-378f-4f8e-8a29-464837b88cdc,8.0
2020-11-06,TeamA-705923a2-378f-4f8e-8a29-464837b88cdc,8.0
2020-11-07,TeamA-705923a2-378f-4f8e-8a29-464837b88cdc,8.0
2020-11-08,TeamA-705923a2-378f-4f8e-8a29-464837b88cdc,8.5
2020-11-09,TeamA-705923a2-378f-4f8e-8a29-464837b88cdc,9.0
2020-11-10,TeamA-705923a2-378f-4f8e-8a29-464837b88cdc,8.0
2020-11-11,TeamA-705923a2-378f-4f8e-8a29-464837b88cdc,7.0
2020-11-13,TeamA-705923a2-378f-4f8e-8a29-464837b88cdc,8.5
2020-11-14,TeamA-705923a2-378f-4f8e-8a29-464837b88cdc,9.0
2020-11-16,TeamA-705923a2-378f-4f8e-8a29-464837b88cdc,7.5
2020-11-17,TeamA-705923a2-378f-4f8e-8a29-464837b88cdc,7.0
2020-11-18,TeamA-705923a2-378f-4f8e-8a29-464837b88cdc,8.5
2020-11-20,TeamA-705923a2-378f-4f8e-8a29-464837b88cdc,8.5
2020-11-23,TeamA-705923a2-378f-4f8e-8a29-464837b88cdc,8.0
2020-11-24,TeamA-705923a2-378f-4f8e-8a29-464837b88cdc,9.0
2020-11-25,TeamA-705923a2-378f-4f8e-8a29-464837b88cdc,8.0
2020-11-26,TeamA-705923a2-378f-4f8e-8a29-464837b88cdc,9.0
2020-11-27,TeamA-705923a2-378f-4f8e-8a29-464837b88cdc,8.5
2020-11-29,TeamA-705923a2-378f-4f8e-8a29-464837b88cdc,9.0
2020-11-30,TeamA-705923a2-378f-4f8e-8a29-464837b88cdc,9.0
2020-12-01,TeamA-705923a2-378f-4f8e-8a29-464837b88cdc,9.0
2020-12-02,TeamA-705923a2-378f-4f8e-8a29-464837b88cdc,8.5
2020-12-03,TeamA-705923a2-378f-4f8e-8a29-464837b88cdc,8.0
2020-12-05,TeamA-705923a2-378f-4f8e-8a29-464837b88cdc,8.0
2020-12-06,TeamA-705923a2-378f-4f8e-8a29-464837b88cdc,9.0
2020-12-08,TeamA-705923a2-378f-4f8e-8a29-464837b88cdc,7.0
2020-12-09,TeamA-705923a2-378f-4f8e-8a29-464837b88cdc,8.5
2020-12-10,TeamA-705923a2-378f-4f8e-8a29-464837b88cdc,9.0
2020-12-11,TeamA-705923a2-378f-4f8e-8a29-464837b88cdc,7.0
2020-12-12,TeamA-705923a2-378f-4f8e-8a29-464837b88cdc,9.0
2020-12-13,TeamA-705923a2-378f-4f8e-8a29-464837b88cdc,10.0
2020-12-15,TeamA-705923a2-378f-4f8e-8a29-464837b88cdc,8.5
2020-12-16,TeamA-705923a2-378f-4f8e-8a29-464837b88cdc,9.0
2020-12-17,TeamA-705923a2-378f-4f8e-8a29-464837b88cdc,9.0
2020-12-20,TeamA-705923a2-378f-4f8e-8a29-464837b88cdc,9.0
2020-12-26,TeamA-705923a2-378f-4f8e-8a29-464837b88cdc,9.0
2020-12-28,TeamA-705923a2-378f-4f8e-8a29-464837b88cdc,10.0
2020-12-29,TeamA-705923a2-378f-4f8e-8a29-464837b88cdc,8.0
2020-12-30,TeamA-705923a2-378f-4f8e-8a29-464837b88cdc,9.0
2021-01-01,TeamA-705923a2-378f-4f8e-8a29-464837b88cdc,8.5
2021-01-02,TeamA-705923a2-378f-4f8e-8a29-464837b88cdc,7.5
2021-01-05,TeamA-705923a2-378f-4f8e-8a29-464837b88cdc,8.0
2021-01-06,TeamA-705923a2-378f-4f8e-8a29-464837b88cdc,10.0
2021-01-07,TeamA-705923a2-378f-4f8e-8a29-464837b88cdc,9.0
2021-01-09,TeamA-705923a2-378f-4f8e-8a29-464837b88cdc,8.5
2021-01-10,TeamA-705923a2-378f-4f8e-8a29-464837b88cdc,8.0
2021-01-11,TeamA-705923a2-378f-4f8e-8a29-464837b88cdc,8.5
2021-01-12,TeamA-705923a2-378f-4f8e-8a29-464837b88cdc,8.0
2021-01-13,TeamA-705923a2-378f-4f8e-8a29-464837b88cdc,9.0
2021-01-14,TeamA-705923a2-378f-4f8e-8a29-464837b88cdc,9.0
2021-01-15,TeamA-705923a2-378f-4f8e-8a29-464837b88cdc,9.0
2021-01-16,TeamA-705923a2-378f-4f8e-8a29-464837b88cdc,8.5
2021-01-17,TeamA-705923a2-378f-4f8e-8a29-464837b88cdc,8.5
2021-01-18,TeamA-705923a2-378f-4f8e-8a29-464837b88cdc,8.5
2021-01-19,TeamA-705923a2-378f-4f8e-8a29-464837b88cdc,7.5
2021-01-20,TeamA-705923a2-378f-4f8e-8a29-464837b88cdc,8.0
2021-01-21,TeamA-705923a2-378f-4f8e-8a29-464837b88cdc,9.0
2021-01-22,TeamA-705923a2-378f-4f8e-8a29-464837b88cdc,9.0
2021-01-23,TeamA-705923a2-378f-4f8e-8a29-464837b88cdc,9.0
2021-01-24,TeamA-705923a2-378f-4f8e-8a29-464837b88cdc,10.0
2021-01-25,TeamA-705923a2-378f-4f8e-8a29-464837b88cdc,8.0
2021-01-26,TeamA-705923a2-378f-4f8e-8a29-464837b88cdc,7.5
2021-01-27,TeamA-705923a2-378f-4f8e-8a29-464837b88cdc,8.0
2021-01-28,TeamA-705923a2-378f-4f8e-8a29-464837b88cdc,10.0
2021-01-29,TeamA-705923a2-378f-4f8e-8a29-464837b88cdc,8.0
2021-01-30,TeamA-705923a2-378f-4f8e-8a29-464837b88cdc,8.5
2021-01-31,TeamA-705923a2-378f-4f8e-8a29-464837b88cdc,8.0
2021-02-01,TeamA-705923a2-378f-4f8e-8a29-464837b88cdc,8.0
2021-02-02,TeamA-705923a2-378f-4f8e-8a29-464837b88cdc,8.0
2021-02-03,TeamA-705923a2-378f-4f8e-8a29-464837b88cdc,9.0
2021-02-04,TeamA-705923a2-378f-4f8e-8a29-464837b88cdc,9.0
2021-02-05,TeamA-705923a2-378f-4f8e-8a29-464837b88cdc,8.5
2021-02-06,TeamA-705923a2-378f-4f8e-8a29-464837b88cdc,8.5
2021-02-07,TeamA-705923a2-378f-4f8e-8a29-464837b88cdc,9.0
2021-02-08,TeamA-705923a2-378f-4f8e-8a29-464837b88cdc,8.0
2021-02-09,TeamA-705923a2-378f-4f8e-8a29-464837b88cdc,8.5
2021-02-10,TeamA-705923a2-378f-4f8e-8a29-464837b88cdc,9.0
2021-02-11,TeamA-705923a2-378f-4f8e-8a29-464837b88cdc,9.0
2021-02-12,TeamA-705923a2-378f-4f8e-8a29-464837b88cdc,9.0
2021-02-13,TeamA-705923a2-378f-4f8e-8a29-464837b88cdc,9.0
2021-02-14,TeamA-705923a2-378f-4f8e-8a29-464837b88cdc,9.0
2021-02-15,TeamA-705923a2-378f-4f8e-8a29-464837b88cdc,9.0
2021-02-16,TeamA-705923a2-378f-4f8e-8a29-464837b88cdc,8.0
2021-02-17,TeamA-705923a2-378f-4f8e-8a29-464837b88cdc,9.0
2021-02-18,TeamA-705923a2-378f-4f8e-8a29-464837b88cdc,8.0
2021-02-19,TeamA-705923a2-378f-4f8e-8a29-464837b88cdc,8.0
2021-02-20,TeamA-705923a2-378f-4f8e-8a29-464837b88cdc,8.0
2021-02-21,TeamA-705923a2-378f-4f8e-8a29-464837b88cdc,9.0
2021-02-23,TeamA-705923a2-378f-4f8e-8a29-464837b88cdc,7.5
2021-02-24,TeamA-705923a2-378f-4f8e-8a29-464837b88cdc,9.0
2021-02-25,TeamA-705923a2-378f-4f8e-8a29-464837b88cdc,10.0
2021-02-26,TeamA-705923a2-378f-4f8e-8a29-464837b88cdc,9.0
2021-02-27,TeamA-705923a2-378f-4f8e-8a29-464837b88cdc,7.5
2021-03-01,TeamA-705923a2-378f-4f8e-8a29-464837b88cdc,8.0
2021-03-02,TeamA-705923a2-378f-4f8e-8a29-464837b88cdc,8.0
2021-03-03,TeamA-705923a2-378f-4f8e-8a29-464837b88cdc,9.0
2021-03-05,TeamA-705923a2-378f-4f8e-8a29-464837b88cdc,10.0
2021-03-06,TeamA-705923a2-378f-4f8e-8a29-464837b88cdc,8.5
2021-03-07,TeamA-705923a2-378f-4f8e-8a29-464837b88cdc,10.0
2021-03-08,TeamA-705923a2-378f-4f8e-8a29-464837b88cdc,9.0
2021-03-09,TeamA-705923a2-378f-4f8e-8a29-464837b88cdc,8.0
2021-03-12,TeamA-705923a2-378f-4f8e-8a29-464837b88cdc,8.5
2021-03-13,TeamA-705923a2-378f-4f8e-8a29-464837b88cdc,8.0
2021-03-14,TeamA-705923a2-378f-4f8e-8a29-464837b88cdc,7.5
2021-03-15,TeamA-705923a2-378f-4f8e-8a29-464837b88cdc,9.0
2021-03-16,TeamA-705923a2-378f-4f8e-8a29-464837b88cdc,8.0
2021-03-17,TeamA-705923a2-378f-4f8e-8a29-464837b88cdc,10.0
2021-03-18,TeamA-705923a2-378f-4f8e-8a29-464837b88cdc,10.0
2021-03-19,TeamA-705923a2-378f-4f8e-8a29-464837b88cdc,10.0
2021-03-20,TeamA-705923a2-378f-4f8e-8a29-464837b88cdc,8.5
2021-03-22,TeamA-705923a2-378f-4f8e-8a29-464837b88cdc,8.5
2021-03-23,TeamA-705923a2-378f-4f8e-8a29-464837b88cdc,8.0
2021-03-24,TeamA-705923a2-378f-4f8e-8a29-464837b88cdc,9.0
2021-03-25,TeamA-705923a2-378f-4f8e-8a29-464837b88cdc,9.0
2021-03-27,TeamA-705923a2-378f-4f8e-8a29-464837b88cdc,9.0
2021-03-28,TeamA-705923a2-378f-4f8e-8a29-464837b88cdc,9.0
2021-03-30,TeamA-705923a2-378f-4f8e-8a29-464837b88cdc,8.0
2021-03-31,TeamA-705923a2-378f-4f8e-8a29-464837b88cdc,7.0
2021-04-16,TeamA-705923a2-378f-4f8e-8a29-464837b88cdc,8.5
2021-04-19,TeamA-705923a2-378f-4f8e-8a29-464837b88cdc,9.0
2021-04-20,TeamA-705923a2-378f-4f8e-8a29-464837b88cdc,9.0
2021-04-21,TeamA-705923a2-378f-4f8e-8a29-464837b88cdc,8.0
2021-04-25,TeamA-705923a2-378f-4f8e-8a29-464837b88cdc,9.0
2021-04-26,TeamA-705923a2-378f-4f8e-8a29-464837b88cdc,9.0
2021-04-27,TeamA-705923a2-378f-4f8e-8a29-464837b88cdc,9.0
2021-04-29,TeamA-705923a2-378f-4f8e-8a29-464837b88cdc,9.0
2021-05-02,TeamA-705923a2-378f-4f8e-8a29-464837b88cdc,9.0
2021-05-03,TeamA-705923a2-378f-4f8e-8a29-464837b88cdc,8.5
2021-05-04,TeamA-705923a2-378f-4f8e-8a29-464837b88cdc,8.0
2021-05-06,TeamA-705923a2-378f-4f8e-8a29-464837b88cdc,8.0
2021-05-10,TeamA-705923a2-378f-4f8e-8a29-464837b88cdc,10.0
2021-05-13,TeamA-705923a2-378f-4f8e-8a29-464837b88cdc,9.0
2021-05-14,TeamA-705923a2-378f-4f8e-8a29-464837b88cdc,10.0
2021-05-17,TeamA-705923a2-378f-4f8e-8a29-464837b88cdc,7.5
2021-05-18,TeamA-705923a2-378f-4f8e-8a29-464837b88cdc,7.5
2021-05-19,TeamA-705923a2-378f-4f8e-8a29-464837b88cdc,9.0
2021-05-21,TeamA-705923a2-378f-4f8e-8a29-464837b88cdc,9.0
2021-05-24,TeamA-705923a2-378f-4f8e-8a29-464837b88cdc,9.0
2021-05-26,TeamA-705923a2-378f-4f8e-8a29-464837b88cdc,8.5
2021-05-27,TeamA-705923a2-378f-4f8e-8a29-464837b88cdc,7.5
2021-05-28,TeamA-705923a2-378f-4f8e-8a29-464837b88cdc,8.0
2021-05-30,TeamA-705923a2-378f-4f8e-8a29-464837b88cdc,9.0
2021-05-31,TeamA-705923a2-378f-4f8e-8a29-464837b88cdc,9.0
2021-06-01,TeamA-705923a2-378f-4f8e-8a29-464837b88cdc,9.0
2021-06-03,TeamA-705923a2-378f-4f8e-8a29-464837b88cdc,9.0
2021-06-04,TeamA-705923a2-378f-4f8e-8a29-464837b88cdc,8.5
2021-06-18,TeamA-705923a2-378f-4f8e-8a29-464837b88cdc,8.5
2021-06-19,TeamA-705923a2-378f-4f8e-8a29-464837b88cdc,9.0
2021-06-21,TeamA-705923a2-378f-4f8e-8a29-464837b88cdc,8.5
2021-06-23,TeamA-705923a2-378f-4f8e-8a29-464837b88cdc,9.0
2021-06-24,TeamA-705923a2-378f-4f8e-8a29-464837b88cdc,9.0
2021-06-25,TeamA-705923a2-378f-4f8e-8a29-464837b88cdc,9.0
2021-06-27,TeamA-705923a2-378f-4f8e-8a29-464837b88cdc,9.0
2021-06-28,TeamA-705923a2-378f-4f8e-8a29-464837b88cdc,9.0
2021-06-29,TeamA-705923a2-378f-4f8e-8a29-464837b88cdc,10.0
2021-06-30,TeamA-705923a2-378f-4f8e-8a29-464837b88cdc,9.0
2021-07-01,TeamA-705923a2-378f-4f8e-8a29-464837b88cdc,8.0
2021-07-02,TeamA-705923a2-378f-4f8e-8a29-464837b88cdc,8.5
2021-07-04,TeamA-705923a2-378f-4f8e-8a29-464837b88cdc,8.5
2021-07-05,TeamA-705923a2-378f-4f8e-8a29-464837b88cdc,6.5
2021-07-07,TeamA-705923a2-378f-4f8e-8a29-464837b88cdc,7.5
2021-07-08,TeamA-705923a2-378f-4f8e-8a29-464837b88cdc,8.0
2021-07-09,TeamA-705923a2-378f-4f8e-8a29-464837b88cdc,9.0
2021-07-10,TeamA-705923a2-378f-4f8e-8a29-464837b88cdc,9.0
2021-07-13,TeamA-705923a2-378f-4f8e-8a29-464837b88cdc,8.0
2021-07-14,TeamA-705923a2-378f-4f8e-8a29-464837b88cdc,8.5
2021-07-15,TeamA-705923a2-378f-4f8e-8a29-464837b88cdc,6.0
2021-07-16,TeamA-705923a2-378f-4f8e-8a29-464837b88cdc,7.0
2021-07-28,TeamA-705923a2-378f-4f8e-8a29-464837b88cdc,7.5
2021-08-02,TeamA-705923a2-378f-4f8e-8a29-464837b88cdc,8.5
2021-08-03,TeamA-705923a2-378f-4f8e-8a29-464837b88cdc,8.5
2021-08-06,TeamA-705923a2-378f-4f8e-8a29-464837b88cdc,9.0
2021-08-08,TeamA-705923a2-378f-4f8e-8a29-464837b88cdc,8.5
2021-08-09,TeamA-705923a2-378f-4f8e-8a29-464837b88cdc,9.0
2021-08-10,TeamA-705923a2-378f-4f8e-8a29-464837b88cdc,8.0
2021-08-11,TeamA-705923a2-378f-4f8e-8a29-464837b88cdc,9.0
2021-08-12,TeamA-705923a2-378f-4f8e-8a29-464837b88cdc,9.0
2021-08-13,TeamA-705923a2-378f-4f8e-8a29-464837b88cdc,9.0
2021-08-16,TeamA-705923a2-378f-4f8e-8a29-464837b88cdc,8.5
2021-08-17,TeamA-705923a2-378f-4f8e-8a29-464837b88cdc,8.0
2021-08-18,TeamA-705923a2-378f-4f8e-8a29-464837b88cdc,7.5
2021-08-19,TeamA-705923a2-378f-4f8e-8a29-464837b88cdc,8.0
2021-08-20,TeamA-705923a2-378f-4f8e-8a29-464837b88cdc,7.5
2021-08-22,TeamA-705923a2-378f-4f8e-8a29-464837b88cdc,11.0
2021-08-23,TeamA-705923a2-378f-4f8e-8a29-464837b88cdc,8.0
2021-08-24,TeamA-705923a2-378f-4f8e-8a29-464837b88cdc,8.0
2021-08-25,TeamA-705923a2-378f-4f8e-8a29-464837b88cdc,9.0
2021-08-27,TeamA-705923a2-378f-4f8e-8a29-464837b88cdc,8.5
2021-08-28,TeamA-705923a2-378f-4f8e-8a29-464837b88cdc,8.5
2021-08-30,TeamA-705923a2-378f-4f8e-8a29-464837b88cdc,9.0
2021-08-31,TeamA-705923a2-378f-4f8e-8a29-464837b88cdc,8.0
2021-09-01,TeamA-705923a2-378f-4f8e-8a29-464837b88cdc,9.0
2021-09-02,TeamA-705923a2-378f-4f8e-8a29-464837b88cdc,8.0
2021-09-03,TeamA-705923a2-378f-4f8e-8a29-464837b88cdc,9.0
2021-09-04,TeamA-705923a2-378f-4f8e-8a29-464837b88cdc,9.0
2021-09-05,TeamA-705923a2-378f-4f8e-8a29-464837b88cdc,7.5
2021-09-06,TeamA-705923a2-378f-4f8e-8a29-464837b88cdc,8.0
2021-09-07,TeamA-705923a2-378f-4f8e-8a29-464837b88cdc,8.5
2021-09-08,TeamA-705923a2-378f-4f8e-8a29-464837b88cdc,8.5
2021-09-09,TeamA-705923a2-378f-4f8e-8a29-464837b88cdc,10.0
2021-09-10,TeamA-705923a2-378f-4f8e-8a29-464837b88cdc,7.5
2021-09-11,TeamA-705923a2-378f-4f8e-8a29-464837b88cdc,8.0
2021-09-13,TeamA-705923a2-378f-4f8e-8a29-464837b88cdc,7.5
2021-09-15,TeamA-705923a2-378f-4f8e-8a29-464837b88cdc,8.0
2021-09-16,TeamA-705923a2-378f-4f8e-8a29-464837b88cdc,9.0
2021-09-18,TeamA-705923a2-378f-4f8e-8a29-464837b88cdc,8.0
2021-09-19,TeamA-705923a2-378f-4f8e-8a29-464837b88cdc,8.0
2021-09-20,TeamA-705923a2-378f-4f8e-8a29-464837b88cdc,8.0
2021-09-21,TeamA-705923a2-378f-4f8e-8a29-464837b88cdc,9.0
2021-09-23,TeamA-705923a2-378f-4f8e-8a29-464837b88cdc,9.0
2021-09-24,TeamA-705923a2-378f-4f8e-8a29-464837b88cdc,9.0
2021-09-25,TeamA-705923a2-378f-4f8e-8a29-464837b88cdc,8.5
2021-09-27,TeamA-705923a2-378f-4f8e-8a29-464837b88cdc,9.0
2021-09-28,TeamA-705923a2-378f-4f8e-8a29-464837b88cdc,9.0
2021-09-29,TeamA-705923a2-378f-4f8e-8a29-464837b88cdc,5.5
2021-10-01,TeamA-705923a2-378f-4f8e-8a29-464837b88cdc,8.0
2021-10-04,TeamA-705923a2-378f-4f8e-8a29-464837b88cdc,8.5
2021-10-05,TeamA-705923a2-378f-4f8e-8a29-464837b88cdc,9.0
2021-10-06,TeamA-705923a2-378f-4f8e-8a29-464837b88cdc,9.0
2021-10-08,TeamA-705923a2-378f-4f8e-8a29-464837b88cdc,9.0
2021-10-09,TeamA-705923a2-378f-4f8e-8a29-464837b88cdc,8.0
2021-10-11,TeamA-705923a2-378f-4f8e-8a29-464837b88cdc,8.5
2021-10-12,TeamA-705923a2-378f-4f8e-8a29-464837b88cdc,8.5
2021-10-13,TeamA-705923a2-378f-4f8e-8a29-464837b88cdc,9.0
2021-10-15,TeamA-705923a2-378f-4f8e-8a29-464837b88cdc,8.5
2021-10-17,TeamA-705923a2-378f-4f8e-8a29-464837b88cdc,8.5
2021-10-18,TeamA-705923a2-378f-4f8e-8a29-464837b88cdc,4.5
2021-10-19,TeamA-705923a2-378f-4f8e-8a29-464837b88cdc,9.0
2021-10-20,TeamA-705923a2-378f-4f8e-8a29-464837b88cdc,8.5
2021-10-21,TeamA-705923a2-378f-4f8e-8a29-464837b88cdc,9.0
2021-10-23,TeamA-705923a2-378f-4f8e-8a29-464837b88cdc,9.0
2021-10-24,TeamA-705923a2-378f-4f8e-8a29-464837b88cdc,8.0
2021-10-25,TeamA-705923a2-378f-4f8e-8a29-464837b88cdc,9.0
2021-10-27,TeamA-705923a2-378f-4f8e-8a29-464837b88cdc,4.0
2020-03-20,TeamA-74afe68c-f348-414c-9754-6d6f9df12587,8.5
2020-03-21,TeamA-74afe68c-f348-414c-9754-6d6f9df12587,10.0
2020-03-22,TeamA-74afe68c-f348-414c-9754-6d6f9df12587,9.0
2020-03-23,TeamA-74afe68c-f348-414c-9754-6d6f9df12587,8.5
2020-03-24,TeamA-74afe68c-f348-414c-9754-6d6f9df12587,10.0
2020-03-25,TeamA-74afe68c-f348-414c-9754-6d6f9df12587,8.0
2020-03-26,TeamA-74afe68c-f348-414c-9754-6d6f9df12587,8.5
2020-03-27,TeamA-74afe68c-f348-414c-9754-6d6f9df12587,9.0
2020-03-28,TeamA-74afe68c-f348-414c-9754-6d6f9df12587,9.0
2020-03-29,TeamA-74afe68c-f348-414c-9754-6d6f9df12587,10.0
2020-03-30,TeamA-74afe68c-f348-414c-9754-6d6f9df12587,8.0
2020-03-31,TeamA-74afe68c-f348-414c-9754-6d6f9df12587,8.0
2020-04-01,TeamA-74afe68c-f348-414c-9754-6d6f9df12587,10.0
2020-04-02,TeamA-74afe68c-f348-414c-9754-6d6f9df12587,8.5
2020-04-03,TeamA-74afe68c-f348-414c-9754-6d6f9df12587,7.5
2020-04-04,TeamA-74afe68c-f348-414c-9754-6d6f9df12587,11.0
2020-04-05,TeamA-74afe68c-f348-414c-9754-6d6f9df12587,9.0
2020-04-06,TeamA-74afe68c-f348-414c-9754-6d6f9df12587,11.0
2020-04-07,TeamA-74afe68c-f348-414c-9754-6d6f9df12587,7.0
2020-04-08,TeamA-74afe68c-f348-414c-9754-6d6f9df12587,7.5
2020-04-09,TeamA-74afe68c-f348-414c-9754-6d6f9df12587,9.0
2020-04-10,TeamA-74afe68c-f348-414c-9754-6d6f9df12587,9.0
2020-04-11,TeamA-74afe68c-f348-414c-9754-6d6f9df12587,10.0
2020-04-12,TeamA-74afe68c-f348-414c-9754-6d6f9df12587,9.0
2020-04-13,TeamA-74afe68c-f348-414c-9754-6d6f9df12587,9.0
2020-04-14,TeamA-74afe68c-f348-414c-9754-6d6f9df12587,8.0
2020-04-15,TeamA-74afe68c-f348-414c-9754-6d6f9df12587,8.0
2020-04-16,TeamA-74afe68c-f348-414c-9754-6d6f9df12587,9.0
2020-04-17,TeamA-74afe68c-f348-414c-9754-6d6f9df12587,9.0
2020-04-18,TeamA-74afe68c-f348-414c-9754-6d6f9df12587,10.0
2020-04-19,TeamA-74afe68c-f348-414c-9754-6d6f9df12587,9.0
2020-04-20,TeamA-74afe68c-f348-414c-9754-6d6f9df12587,8.5
2020-04-21,TeamA-74afe68c-f348-414c-9754-6d6f9df12587,9.0
2020-04-22,TeamA-74afe68c-f348-414c-9754-6d6f9df12587,8.5
2020-04-23,TeamA-74afe68c-f348-414c-9754-6d6f9df12587,8.0
2020-04-24,TeamA-74afe68c-f348-414c-9754-6d6f9df12587,8.0
2020-04-25,TeamA-74afe68c-f348-414c-9754-6d6f9df12587,10.0
2020-04-26,TeamA-74afe68c-f348-414c-9754-6d6f9df12587,9.0
2020-04-27,TeamA-74afe68c-f348-414c-9754-6d6f9df12587,9.0
2020-04-28,TeamA-74afe68c-f348-414c-9754-6d6f9df12587,8.5
2020-04-29,TeamA-74afe68c-f348-414c-9754-6d6f9df12587,8.0
2020-04-30,TeamA-74afe68c-f348-414c-9754-6d6f9df12587,8.0
2020-05-01,TeamA-74afe68c-f348-414c-9754-6d6f9df12587,8.5
2020-05-02,TeamA-74afe68c-f348-414c-9754-6d6f9df12587,9.0
2020-05-03,TeamA-74afe68c-f348-414c-9754-6d6f9df12587,9.0
2020-05-04,TeamA-74afe68c-f348-414c-9754-6d6f9df12587,9.0
2020-05-05,TeamA-74afe68c-f348-414c-9754-6d6f9df12587,8.0
2020-05-06,TeamA-74afe68c-f348-414c-9754-6d6f9df12587,9.0
2020-05-07,TeamA-74afe68c-f348-414c-9754-6d6f9df12587,8.0
2020-05-08,TeamA-74afe68c-f348-414c-9754-6d6f9df12587,9.0
2020-05-09,TeamA-74afe68c-f348-414c-9754-6d6f9df12587,9.0
2020-05-10,TeamA-74afe68c-f348-414c-9754-6d6f9df12587,9.0
2020-05-11,TeamA-74afe68c-f348-414c-9754-6d6f9df12587,7.5
2020-05-12,TeamA-74afe68c-f348-414c-9754-6d6f9df12587,7.0
2020-05-13,TeamA-74afe68c-f348-414c-9754-6d6f9df12587,7.5
2020-05-14,TeamA-74afe68c-f348-414c-9754-6d6f9df12587,10.0
2020-05-15,TeamA-74afe68c-f348-414c-9754-6d6f9df12587,10.0
2020-05-16,TeamA-74afe68c-f348-414c-9754-6d6f9df12587,10.0
2020-05-17,TeamA-74afe68c-f348-414c-9754-6d6f9df12587,9.0
2020-05-18,TeamA-74afe68c-f348-414c-9754-6d6f9df12587,9.0
2020-05-19,TeamA-74afe68c-f348-414c-9754-6d6f9df12587,9.0
2020-05-20,TeamA-74afe68c-f348-414c-9754-6d6f9df12587,9.0
2020-05-21,TeamA-74afe68c-f348-414c-9754-6d6f9df12587,9.0
2020-05-22,TeamA-74afe68c-f348-414c-9754-6d6f9df12587,8.5
2020-05-23,TeamA-74afe68c-f348-414c-9754-6d6f9df12587,9.0
2020-05-24,TeamA-74afe68c-f348-414c-9754-6d6f9df12587,10.0
2020-05-25,TeamA-74afe68c-f348-414c-9754-6d6f9df12587,8.0
2020-05-26,TeamA-74afe68c-f348-414c-9754-6d6f9df12587,8.0
2020-05-27,TeamA-74afe68c-f348-414c-9754-6d6f9df12587,8.0
2020-05-28,TeamA-74afe68c-f348-414c-9754-6d6f9df12587,8.0
2020-05-29,TeamA-74afe68c-f348-414c-9754-6d6f9df12587,9.0
2020-05-30,TeamA-74afe68c-f348-414c-9754-6d6f9df12587,9.0
2020-05-31,TeamA-74afe68c-f348-414c-9754-6d6f9df12587,8.5
2020-06-01,TeamA-74afe68c-f348-414c-9754-6d6f9df12587,9.0
2020-06-02,TeamA-74afe68c-f348-414c-9754-6d6f9df12587,9.0
2020-06-03,TeamA-74afe68c-f348-414c-9754-6d6f9df12587,10.0
2020-06-04,TeamA-74afe68c-f348-414c-9754-6d6f9df12587,9.0
2020-06-05,TeamA-74afe68c-f348-414c-9754-6d6f9df12587,10.0
2020-06-06,TeamA-74afe68c-f348-414c-9754-6d6f9df12587,9.0
2020-06-07,TeamA-74afe68c-f348-414c-9754-6d6f9df12587,8.5
2020-06-08,TeamA-74afe68c-f348-414c-9754-6d6f9df12587,9.0
2020-06-09,TeamA-74afe68c-f348-414c-9754-6d6f9df12587,9.0
2020-06-10,TeamA-74afe68c-f348-414c-9754-6d6f9df12587,8.5
2020-06-11,TeamA-74afe68c-f348-414c-9754-6d6f9df12587,8.5
2020-06-12,TeamA-74afe68c-f348-414c-9754-6d6f9df12587,10.0
2020-06-13,TeamA-74afe68c-f348-414c-9754-6d6f9df12587,8.0
2020-06-14,TeamA-74afe68c-f348-414c-9754-6d6f9df12587,8.0
2020-06-15,TeamA-74afe68c-f348-414c-9754-6d6f9df12587,10.0
2020-06-16,TeamA-74afe68c-f348-414c-9754-6d6f9df12587,9.0
2020-06-17,TeamA-74afe68c-f348-414c-9754-6d6f9df12587,8.5
2020-06-18,TeamA-74afe68c-f348-414c-9754-6d6f9df12587,10.0
2020-06-19,TeamA-74afe68c-f348-414c-9754-6d6f9df12587,7.0
2020-06-20,TeamA-74afe68c-f348-414c-9754-6d6f9df12587,11.0
2020-06-21,TeamA-74afe68c-f348-414c-9754-6d6f9df12587,10.0
2020-06-22,TeamA-74afe68c-f348-414c-9754-6d6f9df12587,10.0
2020-06-23,TeamA-74afe68c-f348-414c-9754-6d6f9df12587,8.5
2020-06-24,TeamA-74afe68c-f348-414c-9754-6d6f9df12587,9.0
2020-06-25,TeamA-74afe68c-f348-414c-9754-6d6f9df12587,10.0
2020-06-26,TeamA-74afe68c-f348-414c-9754-6d6f9df12587,8.0
2020-06-27,TeamA-74afe68c-f348-414c-9754-6d6f9df12587,9.0
2020-06-28,TeamA-74afe68c-f348-414c-9754-6d6f9df12587,10.0
2020-06-29,TeamA-74afe68c-f348-414c-9754-6d6f9df12587,8.0
2020-06-30,TeamA-74afe68c-f348-414c-9754-6d6f9df12587,8.0
2020-07-01,TeamA-74afe68c-f348-414c-9754-6d6f9df12587,9.0
2020-07-02,TeamA-74afe68c-f348-414c-9754-6d6f9df12587,8.0
2020-07-03,TeamA-74afe68c-f348-414c-9754-6d6f9df12587,8.0
2020-07-04,TeamA-74afe68c-f348-414c-9754-6d6f9df12587,10.0
2020-07-05,TeamA-74afe68c-f348-414c-9754-6d6f9df12587,9.0
2020-07-06,TeamA-74afe68c-f348-414c-9754-6d6f9df12587,10.0
2020-07-07,TeamA-74afe68c-f348-414c-9754-6d6f9df12587,10.0
2020-07-08,TeamA-74afe68c-f348-414c-9754-6d6f9df12587,8.0
2020-07-09,TeamA-74afe68c-f348-414c-9754-6d6f9df12587,12.0
2020-07-10,TeamA-74afe68c-f348-414c-9754-6d6f9df12587,8.0
2020-07-11,TeamA-74afe68c-f348-414c-9754-6d6f9df12587,8.0
2020-07-12,TeamA-74afe68c-f348-414c-9754-6d6f9df12587,10.0
2020-07-13,TeamA-74afe68c-f348-414c-9754-6d6f9df12587,9.0
2020-07-14,TeamA-74afe68c-f348-414c-9754-6d6f9df12587,9.0
2020-07-15,TeamA-74afe68c-f348-414c-9754-6d6f9df12587,8.0
2020-07-16,TeamA-74afe68c-f348-414c-9754-6d6f9df12587,7.5
2020-07-17,TeamA-74afe68c-f348-414c-9754-6d6f9df12587,7.5
2020-07-18,TeamA-74afe68c-f348-414c-9754-6d6f9df12587,7.0
2020-07-19,TeamA-74afe68c-f348-414c-9754-6d6f9df12587,8.0
2020-07-20,TeamA-74afe68c-f348-414c-9754-6d6f9df12587,10.0
2020-07-21,TeamA-74afe68c-f348-414c-9754-6d6f9df12587,8.0
2020-07-22,TeamA-74afe68c-f348-414c-9754-6d6f9df12587,8.0
2020-07-23,TeamA-74afe68c-f348-414c-9754-6d6f9df12587,8.0
2020-07-24,TeamA-74afe68c-f348-414c-9754-6d6f9df12587,8.0
2020-07-25,TeamA-74afe68c-f348-414c-9754-6d6f9df12587,10.0
2020-07-26,TeamA-74afe68c-f348-414c-9754-6d6f9df12587,9.0
2020-07-27,TeamA-74afe68c-f348-414c-9754-6d6f9df12587,9.0
2020-07-28,TeamA-74afe68c-f348-414c-9754-6d6f9df12587,7.5
2020-07-29,TeamA-74afe68c-f348-414c-9754-6d6f9df12587,7.0
2020-07-30,TeamA-74afe68c-f348-414c-9754-6d6f9df12587,8.0
2020-07-31,TeamA-74afe68c-f348-414c-9754-6d6f9df12587,10.0
2020-08-01,TeamA-74afe68c-f348-414c-9754-6d6f9df12587,8.0
2020-08-02,TeamA-74afe68c-f348-414c-9754-6d6f9df12587,10.0
2020-08-03,TeamA-74afe68c-f348-414c-9754-6d6f9df12587,10.0
2020-08-04,TeamA-74afe68c-f348-414c-9754-6d6f9df12587,9.0
2020-08-05,TeamA-74afe68c-f348-414c-9754-6d6f9df12587,7.0
2020-08-06,TeamA-74afe68c-f348-414c-9754-6d6f9df12587,7.0
2020-08-07,TeamA-74afe68c-f348-414c-9754-6d6f9df12587,11.0
2020-08-08,TeamA-74afe68c-f348-414c-9754-6d6f9df12587,11.0
2020-08-09,TeamA-74afe68c-f348-414c-9754-6d6f9df12587,8.0
2020-08-10,TeamA-74afe68c-f348-414c-9754-6d6f9df12587,8.0
2020-08-11,TeamA-74afe68c-f348-414c-9754-6d6f9df12587,8.0
2020-08-12,TeamA-74afe68c-f348-414c-9754-6d6f9df12587,7.5
2020-08-13,TeamA-74afe68c-f348-414c-9754-6d6f9df12587,8.0
2020-08-14,TeamA-74afe68c-f348-414c-9754-6d6f9df12587,8.0
2020-08-15,TeamA-74afe68c-f348-414c-9754-6d6f9df12587,9.0
2020-08-16,TeamA-74afe68c-f348-414c-9754-6d6f9df12587,10.0
2020-08-17,TeamA-74afe68c-f348-414c-9754-6d6f9df12587,7.0
2020-08-18,TeamA-74afe68c-f348-414c-9754-6d6f9df12587,7.0
2020-08-19,TeamA-74afe68c-f348-414c-9754-6d6f9df12587,7.5
2020-08-20,TeamA-74afe68c-f348-414c-9754-6d6f9df12587,9.0
2020-08-21,TeamA-74afe68c-f348-414c-9754-6d6f9df12587,8.0
2020-08-22,TeamA-74afe68c-f348-414c-9754-6d6f9df12587,10.0
2020-08-23,TeamA-74afe68c-f348-414c-9754-6d6f9df12587,10.0
2020-08-24,TeamA-74afe68c-f348-414c-9754-6d6f9df12587,6.0
2020-08-25,TeamA-74afe68c-f348-414c-9754-6d6f9df12587,8.0
2020-08-26,TeamA-74afe68c-f348-414c-9754-6d6f9df12587,6.0
2020-08-27,TeamA-74afe68c-f348-414c-9754-6d6f9df12587,6.0
2020-08-28,TeamA-74afe68c-f348-414c-9754-6d6f9df12587,7.0
2020-08-29,TeamA-74afe68c-f348-414c-9754-6d6f9df12587,7.0
2020-08-30,TeamA-74afe68c-f348-414c-9754-6d6f9df12587,7.0
2020-08-31,TeamA-74afe68c-f348-414c-9754-6d6f9df12587,7.0
2020-09-01,TeamA-74afe68c-f348-414c-9754-6d6f9df12587,7.0
2020-09-02,TeamA-74afe68c-f348-414c-9754-6d6f9df12587,7.5
2020-09-03,TeamA-74afe68c-f348-414c-9754-6d6f9df12587,8.0
2020-09-04,TeamA-74afe68c-f348-414c-9754-6d6f9df12587,7.0
2020-09-05,TeamA-74afe68c-f348-414c-9754-6d6f9df12587,9.0
2020-09-06,TeamA-74afe68c-f348-414c-9754-6d6f9df12587,9.0
2020-09-07,TeamA-74afe68c-f348-414c-9754-6d6f9df12587,7.0
2020-09-08,TeamA-74afe68c-f348-414c-9754-6d6f9df12587,8.0
2020-09-09,TeamA-74afe68c-f348-414c-9754-6d6f9df12587,8.0
2020-09-10,TeamA-74afe68c-f348-414c-9754-6d6f9df12587,8.0
2020-09-11,TeamA-74afe68c-f348-414c-9754-6d6f9df12587,7.0
2020-09-12,TeamA-74afe68c-f348-414c-9754-6d6f9df12587,8.0
2020-09-13,TeamA-74afe68c-f348-414c-9754-6d6f9df12587,9.0
2020-09-14,TeamA-74afe68c-f348-414c-9754-6d6f9df12587,8.0
2020-09-15,TeamA-74afe68c-f348-414c-9754-6d6f9df12587,8.0
2020-09-16,TeamA-74afe68c-f348-414c-9754-6d6f9df12587,6.0
2020-09-17,TeamA-74afe68c-f348-414c-9754-6d6f9df12587,8.0
2020-09-18,TeamA-74afe68c-f348-414c-9754-6d6f9df12587,5.0
2020-09-19,TeamA-74afe68c-f348-414c-9754-6d6f9df12587,10.0
2020-09-20,TeamA-74afe68c-f348-414c-9754-6d6f9df12587,8.5
2020-09-21,TeamA-74afe68c-f348-414c-9754-6d6f9df12587,9.0
2020-09-22,TeamA-74afe68c-f348-414c-9754-6d6f9df12587,8.0
2020-09-23,TeamA-74afe68c-f348-414c-9754-6d6f9df12587,8.0
2020-09-24,TeamA-74afe68c-f348-414c-9754-6d6f9df12587,8.5
2020-09-25,TeamA-74afe68c-f348-414c-9754-6d6f9df12587,7.0
2020-09-26,TeamA-74afe68c-f348-414c-9754-6d6f9df12587,10.0
2020-09-27,TeamA-74afe68c-f348-414c-9754-6d6f9df12587,6.0
2020-09-28,TeamA-74afe68c-f348-414c-9754-6d6f9df12587,8.0
2020-09-29,TeamA-74afe68c-f348-414c-9754-6d6f9df12587,6.0
2020-09-30,TeamA-74afe68c-f348-414c-9754-6d6f9df12587,7.0
2020-10-01,TeamA-74afe68c-f348-414c-9754-6d6f9df12587,7.5
2020-10-02,TeamA-74afe68c-f348-414c-9754-6d6f9df12587,8.0
2020-10-03,TeamA-74afe68c-f348-414c-9754-6d6f9df12587,7.0
2020-10-04,TeamA-74afe68c-f348-414c-9754-6d6f9df12587,10.0
2020-10-05,TeamA-74afe68c-f348-414c-9754-6d6f9df12587,8.0
2020-10-06,TeamA-74afe68c-f348-414c-9754-6d6f9df12587,8.0
2020-10-07,TeamA-74afe68c-f348-414c-9754-6d6f9df12587,8.0
2020-10-08,TeamA-74afe68c-f348-414c-9754-6d6f9df12587,7.0
2020-10-09,TeamA-74afe68c-f348-414c-9754-6d6f9df12587,9.0
2020-10-10,TeamA-74afe68c-f348-414c-9754-6d6f9df12587,9.0
2020-10-11,TeamA-74afe68c-f348-414c-9754-6d6f9df12587,8.0
2020-10-12,TeamA-74afe68c-f348-414c-9754-6d6f9df12587,7.0
2020-10-13,TeamA-74afe68c-f348-414c-9754-6d6f9df12587,6.0
2020-10-14,TeamA-74afe68c-f348-414c-9754-6d6f9df12587,8.0
2020-10-15,TeamA-74afe68c-f348-414c-9754-6d6f9df12587,9.0
2020-10-16,TeamA-74afe68c-f348-414c-9754-6d6f9df12587,9.0
2020-10-17,TeamA-74afe68c-f348-414c-9754-6d6f9df12587,8.0
2020-10-18,TeamA-74afe68c-f348-414c-9754-6d6f9df12587,8.0
2020-10-19,TeamA-74afe68c-f348-414c-9754-6d6f9df12587,8.5
2020-10-20,TeamA-74afe68c-f348-414c-9754-6d6f9df12587,8.5
2020-10-21,TeamA-74afe68c-f348-414c-9754-6d6f9df12587,7.5
2020-10-22,TeamA-74afe68c-f348-414c-9754-6d6f9df12587,8.0
2020-10-23,TeamA-74afe68c-f348-414c-9754-6d6f9df12587,8.0
2020-10-24,TeamA-74afe68c-f348-414c-9754-6d6f9df12587,8.0
2020-10-25,TeamA-74afe68c-f348-414c-9754-6d6f9df12587,8.0
2020-10-26,TeamA-74afe68c-f348-414c-9754-6d6f9df12587,8.0
2020-10-27,TeamA-74afe68c-f348-414c-9754-6d6f9df12587,9.0
2020-10-28,TeamA-74afe68c-f348-414c-9754-6d6f9df12587,9.0
2020-10-29,TeamA-74afe68c-f348-414c-9754-6d6f9df12587,8.0
2020-10-30,TeamA-74afe68c-f348-414c-9754-6d6f9df12587,9.0
2020-10-31,TeamA-74afe68c-f348-414c-9754-6d6f9df12587,10.0
2020-11-01,TeamA-74afe68c-f348-414c-9754-6d6f9df12587,10.0
2020-11-02,TeamA-74afe68c-f348-414c-9754-6d6f9df12587,8.0
2020-11-03,TeamA-74afe68c-f348-414c-9754-6d6f9df12587,7.0
2020-11-04,TeamA-74afe68c-f348-414c-9754-6d6f9df12587,9.0
2020-11-05,TeamA-74afe68c-f348-414c-9754-6d6f9df12587,8.0
2020-11-06,TeamA-74afe68c-f348-414c-9754-6d6f9df12587,8.0
2020-11-07,TeamA-74afe68c-f348-414c-9754-6d6f9df12587,10.0
2020-11-08,TeamA-74afe68c-f348-414c-9754-6d6f9df12587,7.0
2020-11-09,TeamA-74afe68c-f348-414c-9754-6d6f9df12587,9.0
2020-11-10,TeamA-74afe68c-f348-414c-9754-6d6f9df12587,8.0
2020-11-11,TeamA-74afe68c-f348-414c-9754-6d6f9df12587,8.0
2020-11-12,TeamA-74afe68c-f348-414c-9754-6d6f9df12587,10.0
2020-11-13,TeamA-74afe68c-f348-414c-9754-6d6f9df12587,7.0
2020-11-14,TeamA-74afe68c-f348-414c-9754-6d6f9df12587,9.0
2020-11-15,TeamA-74afe68c-f348-414c-9754-6d6f9df12587,7.0
2020-11-16,TeamA-74afe68c-f348-414c-9754-6d6f9df12587,7.0
2020-11-17,TeamA-74afe68c-f348-414c-9754-6d6f9df12587,7.0
2020-11-18,TeamA-74afe68c-f348-414c-9754-6d6f9df12587,7.0
2020-11-19,TeamA-74afe68c-f348-414c-9754-6d6f9df12587,8.0
2020-11-20,TeamA-74afe68c-f348-414c-9754-6d6f9df12587,7.5
2020-11-21,TeamA-74afe68c-f348-414c-9754-6d6f9df12587,8.0
2020-11-22,TeamA-74afe68c-f348-414c-9754-6d6f9df12587,7.0
2020-11-23,TeamA-74afe68c-f348-414c-9754-6d6f9df12587,9.0
2020-11-24,TeamA-74afe68c-f348-414c-9754-6d6f9df12587,8.0
2020-11-25,TeamA-74afe68c-f348-414c-9754-6d6f9df12587,8.5
2020-11-26,TeamA-74afe68c-f348-414c-9754-6d6f9df12587,10.0
2020-11-27,TeamA-74afe68c-f348-414c-9754-6d6f9df12587,7.0
2020-11-28,TeamA-74afe68c-f348-414c-9754-6d6f9df12587,8.5
2020-11-29,TeamA-74afe68c-f348-414c-9754-6d6f9df12587,9.0
2020-11-30,TeamA-74afe68c-f348-414c-9754-6d6f9df12587,8.0
2020-12-01,TeamA-74afe68c-f348-414c-9754-6d6f9df12587,8.0
2020-12-02,TeamA-74afe68c-f348-414c-9754-6d6f9df12587,8.0
2020-12-03,TeamA-74afe68c-f348-414c-9754-6d6f9df12587,7.5
2020-12-04,TeamA-74afe68c-f348-414c-9754-6d6f9df12587,8.5
2020-12-05,TeamA-74afe68c-f348-414c-9754-6d6f9df12587,8.5
2020-12-06,TeamA-74afe68c-f348-414c-9754-6d6f9df12587,8.5
2020-12-07,TeamA-74afe68c-f348-414c-9754-6d6f9df12587,6.0
2020-12-08,TeamA-74afe68c-f348-414c-9754-6d6f9df12587,8.0
2020-12-09,TeamA-74afe68c-f348-414c-9754-6d6f9df12587,7.0
2020-12-10,TeamA-74afe68c-f348-414c-9754-6d6f9df12587,8.0
2020-12-11,TeamA-74afe68c-f348-414c-9754-6d6f9df12587,8.0
2020-12-12,TeamA-74afe68c-f348-414c-9754-6d6f9df12587,7.0
2020-12-13,TeamA-74afe68c-f348-414c-9754-6d6f9df12587,10.0
2020-12-14,TeamA-74afe68c-f348-414c-9754-6d6f9df12587,7.0
2020-12-15,TeamA-74afe68c-f348-414c-9754-6d6f9df12587,9.0
2020-12-16,TeamA-74afe68c-f348-414c-9754-6d6f9df12587,8.5
2020-12-17,TeamA-74afe68c-f348-414c-9754-6d6f9df12587,8.0
2020-12-18,TeamA-74afe68c-f348-414c-9754-6d6f9df12587,6.0
2020-12-19,TeamA-74afe68c-f348-414c-9754-6d6f9df12587,10.0
2020-12-20,TeamA-74afe68c-f348-414c-9754-6d6f9df12587,6.0
2020-12-21,TeamA-74afe68c-f348-414c-9754-6d6f9df12587,8.0
2020-12-22,TeamA-74afe68c-f348-414c-9754-6d6f9df12587,9.0
2020-12-23,TeamA-74afe68c-f348-414c-9754-6d6f9df12587,8.0
2020-12-24,TeamA-74afe68c-f348-414c-9754-6d6f9df12587,8.5
2020-12-25,TeamA-74afe68c-f348-414c-9754-6d6f9df12587,10.0
2020-12-26,TeamA-74afe68c-f348-414c-9754-6d6f9df12587,9.0
2020-12-27,TeamA-74afe68c-f348-414c-9754-6d6f9df12587,9.0
2020-12-28,TeamA-74afe68c-f348-414c-9754-6d6f9df12587,10.0
2020-12-29,TeamA-74afe68c-f348-414c-9754-6d6f9df12587,6.0
2020-12-30,TeamA-74afe68c-f348-414c-9754-6d6f9df12587,10.0
2020-12-31,TeamA-74afe68c-f348-414c-9754-6d6f9df12587,10.0
2021-01-01,TeamA-74afe68c-f348-414c-9754-6d6f9df12587,10.0
2021-01-02,TeamA-74afe68c-f348-414c-9754-6d6f9df12587,10.0
2021-01-03,TeamA-74afe68c-f348-414c-9754-6d6f9df12587,8.0
2021-01-04,TeamA-74afe68c-f348-414c-9754-6d6f9df12587,7.0
2021-01-05,TeamA-74afe68c-f348-414c-9754-6d6f9df12587,8.0
2021-01-06,TeamA-74afe68c-f348-414c-9754-6d6f9df12587,6.0
2021-01-07,TeamA-74afe68c-f348-414c-9754-6d6f9df12587,6.0
2021-01-08,TeamA-74afe68c-f348-414c-9754-6d6f9df12587,7.0
2021-01-09,TeamA-74afe68c-f348-414c-9754-6d6f9df12587,10.0
2021-01-10,TeamA-74afe68c-f348-414c-9754-6d6f9df12587,10.0
2021-01-11,TeamA-74afe68c-f348-414c-9754-6d6f9df12587,8.0
2021-01-12,TeamA-74afe68c-f348-414c-9754-6d6f9df12587,9.0
2021-01-13,TeamA-74afe68c-f348-414c-9754-6d6f9df12587,8.0
2021-01-14,TeamA-74afe68c-f348-414c-9754-6d6f9df12587,9.0
2021-01-15,TeamA-74afe68c-f348-414c-9754-6d6f9df12587,8.0
2021-01-16,TeamA-74afe68c-f348-414c-9754-6d6f9df12587,9.0
2021-01-17,TeamA-74afe68c-f348-414c-9754-6d6f9df12587,9.0
2021-01-18,TeamA-74afe68c-f348-414c-9754-6d6f9df12587,8.0
2021-01-19,TeamA-74afe68c-f348-414c-9754-6d6f9df12587,8.0
2021-01-20,TeamA-74afe68c-f348-414c-9754-6d6f9df12587,8.0
2021-01-21,TeamA-74afe68c-f348-414c-9754-6d6f9df12587,9.0
2021-01-22,TeamA-74afe68c-f348-414c-9754-6d6f9df12587,7.0
2021-01-23,TeamA-74afe68c-f348-414c-9754-6d6f9df12587,8.0
2021-01-24,TeamA-74afe68c-f348-414c-9754-6d6f9df12587,10.0
2021-01-25,TeamA-74afe68c-f348-414c-9754-6d6f9df12587,8.0
2021-01-26,TeamA-74afe68c-f348-414c-9754-6d6f9df12587,7.5
2021-01-27,TeamA-74afe68c-f348-414c-9754-6d6f9df12587,8.0
2021-01-28,TeamA-74afe68c-f348-414c-9754-6d6f9df12587,8.0
2021-01-29,TeamA-74afe68c-f348-414c-9754-6d6f9df12587,8.5
2021-01-30,TeamA-74afe68c-f348-414c-9754-6d6f9df12587,10.0
2021-01-31,TeamA-74afe68c-f348-414c-9754-6d6f9df12587,6.5
2021-02-01,TeamA-74afe68c-f348-414c-9754-6d6f9df12587,8.5
2021-02-02,TeamA-74afe68c-f348-414c-9754-6d6f9df12587,9.0
2021-02-03,TeamA-74afe68c-f348-414c-9754-6d6f9df12587,8.5
2021-02-04,TeamA-74afe68c-f348-414c-9754-6d6f9df12587,9.0
2021-02-05,TeamA-74afe68c-f348-414c-9754-6d6f9df12587,9.0
2021-02-06,TeamA-74afe68c-f348-414c-9754-6d6f9df12587,8.5
2021-02-07,TeamA-74afe68c-f348-414c-9754-6d6f9df12587,10.0
2021-02-08,TeamA-74afe68c-f348-414c-9754-6d6f9df12587,8.0
2021-02-09,TeamA-74afe68c-f348-414c-9754-6d6f9df12587,7.0
2021-02-10,TeamA-74afe68c-f348-414c-9754-6d6f9df12587,9.0
2021-02-11,TeamA-74afe68c-f348-414c-9754-6d6f9df12587,6.0
2021-02-12,TeamA-74afe68c-f348-414c-9754-6d6f9df12587,9.0
2021-02-13,TeamA-74afe68c-f348-414c-9754-6d6f9df12587,9.0
2021-02-14,TeamA-74afe68c-f348-414c-9754-6d6f9df12587,8.0
2021-02-15,TeamA-74afe68c-f348-414c-9754-6d6f9df12587,7.5
2021-02-16,TeamA-74afe68c-f348-414c-9754-6d6f9df12587,8.0
2021-02-17,TeamA-74afe68c-f348-414c-9754-6d6f9df12587,10.0
2021-02-18,TeamA-74afe68c-f348-414c-9754-6d6f9df12587,10.0
2021-02-19,TeamA-74afe68c-f348-414c-9754-6d6f9df12587,8.0
2021-02-20,TeamA-74afe68c-f348-414c-9754-6d6f9df12587,8.5
2021-02-21,TeamA-74afe68c-f348-414c-9754-6d6f9df12587,8.0
2021-02-22,TeamA-74afe68c-f348-414c-9754-6d6f9df12587,7.5
2021-02-23,TeamA-74afe68c-f348-414c-9754-6d6f9df12587,7.0
2021-02-24,TeamA-74afe68c-f348-414c-9754-6d6f9df12587,10.0
2021-02-25,TeamA-74afe68c-f348-414c-9754-6d6f9df12587,7.0
2021-02-26,TeamA-74afe68c-f348-414c-9754-6d6f9df12587,10.0
2021-02-27,TeamA-74afe68c-f348-414c-9754-6d6f9df12587,8.0
2021-02-28,TeamA-74afe68c-f348-414c-9754-6d6f9df12587,7.0
2021-03-01,TeamA-74afe68c-f348-414c-9754-6d6f9df12587,10.0
2021-03-02,TeamA-74afe68c-f348-414c-9754-6d6f9df12587,8.5
2021-03-03,TeamA-74afe68c-f348-414c-9754-6d6f9df12587,7.5
2021-03-04,TeamA-74afe68c-f348-414c-9754-6d6f9df12587,8.0
2021-03-05,TeamA-74afe68c-f348-414c-9754-6d6f9df12587,7.0
2021-03-06,TeamA-74afe68c-f348-414c-9754-6d6f9df12587,9.0
2021-03-07,TeamA-74afe68c-f348-414c-9754-6d6f9df12587,9.0
2021-03-08,TeamA-74afe68c-f348-414c-9754-6d6f9df12587,9.0
2021-03-09,TeamA-74afe68c-f348-414c-9754-6d6f9df12587,9.0
2021-03-10,TeamA-74afe68c-f348-414c-9754-6d6f9df12587,6.5
2021-03-11,TeamA-74afe68c-f348-414c-9754-6d6f9df12587,9.0
2021-03-12,TeamA-74afe68c-f348-414c-9754-6d6f9df12587,8.0
2021-03-13,TeamA-74afe68c-f348-414c-9754-6d6f9df12587,9.0
2021-03-14,TeamA-74afe68c-f348-414c-9754-6d6f9df12587,8.0
2021-03-15,TeamA-74afe68c-f348-414c-9754-6d6f9df12587,6.5
2021-03-16,TeamA-74afe68c-f348-414c-9754-6d6f9df12587,9.0
2021-03-17,TeamA-74afe68c-f348-414c-9754-6d6f9df12587,5.0
2021-03-18,TeamA-74afe68c-f348-414c-9754-6d6f9df12587,8.0
2021-03-19,TeamA-74afe68c-f348-414c-9754-6d6f9df12587,10.0
2021-03-20,TeamA-74afe68c-f348-414c-9754-6d6f9df12587,7.0
2021-03-21,TeamA-74afe68c-f348-414c-9754-6d6f9df12587,10.0
2021-03-22,TeamA-74afe68c-f348-414c-9754-6d6f9df12587,6.0
2021-03-23,TeamA-74afe68c-f348-414c-9754-6d6f9df12587,6.0
2021-03-24,TeamA-74afe68c-f348-414c-9754-6d6f9df12587,9.0
2021-03-25,TeamA-74afe68c-f348-414c-9754-6d6f9df12587,10.0
2021-03-26,TeamA-74afe68c-f348-414c-9754-6d6f9df12587,9.0
2021-03-27,TeamA-74afe68c-f348-414c-9754-6d6f9df12587,9.0
2021-03-28,TeamA-74afe68c-f348-414c-9754-6d6f9df12587,7.5
2021-03-29,TeamA-74afe68c-f348-414c-9754-6d6f9df12587,5.5
2021-03-30,TeamA-74afe68c-f348-414c-9754-6d6f9df12587,7.0
2021-03-31,TeamA-74afe68c-f348-414c-9754-6d6f9df12587,8.0
2021-04-02,TeamA-74afe68c-f348-414c-9754-6d6f9df12587,8.0
2021-04-03,TeamA-74afe68c-f348-414c-9754-6d6f9df12587,8.5
2021-04-04,TeamA-74afe68c-f348-414c-9754-6d6f9df12587,9.0
2021-04-05,TeamA-74afe68c-f348-414c-9754-6d6f9df12587,9.0
2021-04-06,TeamA-74afe68c-f348-414c-9754-6d6f9df12587,6.0
2021-04-07,TeamA-74afe68c-f348-414c-9754-6d6f9df12587,7.0
2021-04-08,TeamA-74afe68c-f348-414c-9754-6d6f9df12587,7.0
2021-04-09,TeamA-74afe68c-f348-414c-9754-6d6f9df12587,8.0
2021-04-10,TeamA-74afe68c-f348-414c-9754-6d6f9df12587,7.0
2021-04-11,TeamA-74afe68c-f348-414c-9754-6d6f9df12587,10.0
2021-04-12,TeamA-74afe68c-f348-414c-9754-6d6f9df12587,8.0
2021-04-13,TeamA-74afe68c-f348-414c-9754-6d6f9df12587,8.0
2021-04-14,TeamA-74afe68c-f348-414c-9754-6d6f9df12587,7.5
2021-04-15,TeamA-74afe68c-f348-414c-9754-6d6f9df12587,8.0
2021-04-16,TeamA-74afe68c-f348-414c-9754-6d6f9df12587,8.0
2021-04-17,TeamA-74afe68c-f348-414c-9754-6d6f9df12587,9.0
2021-04-18,TeamA-74afe68c-f348-414c-9754-6d6f9df12587,9.0
2021-04-19,TeamA-74afe68c-f348-414c-9754-6d6f9df12587,8.0
2021-04-20,TeamA-74afe68c-f348-414c-9754-6d6f9df12587,7.0
2021-04-21,TeamA-74afe68c-f348-414c-9754-6d6f9df12587,9.0
2021-04-22,TeamA-74afe68c-f348-414c-9754-6d6f9df12587,7.0
2021-04-23,TeamA-74afe68c-f348-414c-9754-6d6f9df12587,7.0
2021-04-24,TeamA-74afe68c-f348-414c-9754-6d6f9df12587,10.0
2021-04-25,TeamA-74afe68c-f348-414c-9754-6d6f9df12587,10.0
2021-04-26,TeamA-74afe68c-f348-414c-9754-6d6f9df12587,7.0
2021-04-27,TeamA-74afe68c-f348-414c-9754-6d6f9df12587,8.0
2021-04-28,TeamA-74afe68c-f348-414c-9754-6d6f9df12587,8.5
2021-04-29,TeamA-74afe68c-f348-414c-9754-6d6f9df12587,8.0
2021-04-30,TeamA-74afe68c-f348-414c-9754-6d6f9df12587,7.5
2021-05-01,TeamA-74afe68c-f348-414c-9754-6d6f9df12587,7.5
2021-05-02,TeamA-74afe68c-f348-414c-9754-6d6f9df12587,10.0
2021-05-03,TeamA-74afe68c-f348-414c-9754-6d6f9df12587,7.5
2021-05-04,TeamA-74afe68c-f348-414c-9754-6d6f9df12587,8.5
2021-05-05,TeamA-74afe68c-f348-414c-9754-6d6f9df12587,7.0
2021-05-06,TeamA-74afe68c-f348-414c-9754-6d6f9df12587,6.0
2021-05-07,TeamA-74afe68c-f348-414c-9754-6d6f9df12587,8.0
2021-05-08,TeamA-74afe68c-f348-414c-9754-6d6f9df12587,10.0
2021-05-09,TeamA-74afe68c-f348-414c-9754-6d6f9df12587,8.5
2021-05-10,TeamA-74afe68c-f348-414c-9754-6d6f9df12587,8.0
2021-05-11,TeamA-74afe68c-f348-414c-9754-6d6f9df12587,6.5
2021-05-12,TeamA-74afe68c-f348-414c-9754-6d6f9df12587,7.0
2021-05-13,TeamA-74afe68c-f348-414c-9754-6d6f9df12587,10.0
2021-05-14,TeamA-74afe68c-f348-414c-9754-6d6f9df12587,9.0
2021-05-15,TeamA-74afe68c-f348-414c-9754-6d6f9df12587,8.0
2021-05-16,TeamA-74afe68c-f348-414c-9754-6d6f9df12587,6.0
2021-05-17,TeamA-74afe68c-f348-414c-9754-6d6f9df12587,6.5
2021-05-18,TeamA-74afe68c-f348-414c-9754-6d6f9df12587,7.5
2021-05-19,TeamA-74afe68c-f348-414c-9754-6d6f9df12587,8.5
2021-05-20,TeamA-74afe68c-f348-414c-9754-6d6f9df12587,5.5
2021-05-21,TeamA-74afe68c-f348-414c-9754-6d6f9df12587,7.5
2021-05-23,TeamA-74afe68c-f348-414c-9754-6d6f9df12587,10.0
2021-05-25,TeamA-74afe68c-f348-414c-9754-6d6f9df12587,7.5
2021-05-26,TeamA-74afe68c-f348-414c-9754-6d6f9df12587,8.0
2021-05-27,TeamA-74afe68c-f348-414c-9754-6d6f9df12587,9.0
2021-05-28,TeamA-74afe68c-f348-414c-9754-6d6f9df12587,7.0
2021-05-29,TeamA-74afe68c-f348-414c-9754-6d6f9df12587,10.0
2021-05-30,TeamA-74afe68c-f348-414c-9754-6d6f9df12587,10.0
2021-05-31,TeamA-74afe68c-f348-414c-9754-6d6f9df12587,8.0
2021-06-01,TeamA-74afe68c-f348-414c-9754-6d6f9df12587,8.0
2021-06-02,TeamA-74afe68c-f348-414c-9754-6d6f9df12587,8.5
2021-06-03,TeamA-74afe68c-f348-414c-9754-6d6f9df12587,10.0
2021-06-04,TeamA-74afe68c-f348-414c-9754-6d6f9df12587,10.0
2021-06-05,TeamA-74afe68c-f348-414c-9754-6d6f9df12587,9.0
2021-06-06,TeamA-74afe68c-f348-414c-9754-6d6f9df12587,10.0
2021-06-07,TeamA-74afe68c-f348-414c-9754-6d6f9df12587,8.5
2021-06-08,TeamA-74afe68c-f348-414c-9754-6d6f9df12587,5.0
2021-06-09,TeamA-74afe68c-f348-414c-9754-6d6f9df12587,9.0
2021-06-10,TeamA-74afe68c-f348-414c-9754-6d6f9df12587,8.0
2021-06-11,TeamA-74afe68c-f348-414c-9754-6d6f9df12587,6.5
2021-06-12,TeamA-74afe68c-f348-414c-9754-6d6f9df12587,8.0
2021-06-13,TeamA-74afe68c-f348-414c-9754-6d6f9df12587,10.0
2021-06-14,TeamA-74afe68c-f348-414c-9754-6d6f9df12587,8.0
2021-06-15,TeamA-74afe68c-f348-414c-9754-6d6f9df12587,8.0
2021-06-16,TeamA-74afe68c-f348-414c-9754-6d6f9df12587,8.0
2021-06-17,TeamA-74afe68c-f348-414c-9754-6d6f9df12587,8.0
2021-06-18,TeamA-74afe68c-f348-414c-9754-6d6f9df12587,8.5
2021-06-19,TeamA-74afe68c-f348-414c-9754-6d6f9df12587,9.0
2021-06-20,TeamA-74afe68c-f348-414c-9754-6d6f9df12587,9.0
2021-06-21,TeamA-74afe68c-f348-414c-9754-6d6f9df12587,3.0
2021-06-22,TeamA-74afe68c-f348-414c-9754-6d6f9df12587,8.0
2021-06-23,TeamA-74afe68c-f348-414c-9754-6d6f9df12587,10.0
2021-06-24,TeamA-74afe68c-f348-414c-9754-6d6f9df12587,10.0
2021-06-25,TeamA-74afe68c-f348-414c-9754-6d6f9df12587,10.0
2021-06-26,TeamA-74afe68c-f348-414c-9754-6d6f9df12587,8.0
2021-06-27,TeamA-74afe68c-f348-414c-9754-6d6f9df12587,7.5
2021-06-29,TeamA-74afe68c-f348-414c-9754-6d6f9df12587,9.0
2021-06-30,TeamA-74afe68c-f348-414c-9754-6d6f9df12587,8.0
2021-07-01,TeamA-74afe68c-f348-414c-9754-6d6f9df12587,8.5
2021-07-02,TeamA-74afe68c-f348-414c-9754-6d6f9df12587,8.5
2021-07-03,TeamA-74afe68c-f348-414c-9754-6d6f9df12587,9.0
2021-07-04,TeamA-74afe68c-f348-414c-9754-6d6f9df12587,8.0
2021-07-05,TeamA-74afe68c-f348-414c-9754-6d6f9df12587,11.0
2021-07-06,TeamA-74afe68c-f348-414c-9754-6d6f9df12587,7.5
2021-07-07,TeamA-74afe68c-f348-414c-9754-6d6f9df12587,6.0
2021-07-08,TeamA-74afe68c-f348-414c-9754-6d6f9df12587,8.0
2021-07-09,TeamA-74afe68c-f348-414c-9754-6d6f9df12587,9.0
2021-07-10,TeamA-74afe68c-f348-414c-9754-6d6f9df12587,11.0
2021-07-11,TeamA-74afe68c-f348-414c-9754-6d6f9df12587,8.5
2021-07-12,TeamA-74afe68c-f348-414c-9754-6d6f9df12587,5.5
2021-07-13,TeamA-74afe68c-f348-414c-9754-6d6f9df12587,6.5
2021-07-14,TeamA-74afe68c-f348-414c-9754-6d6f9df12587,7.0
2021-07-15,TeamA-74afe68c-f348-414c-9754-6d6f9df12587,10.0
2021-07-16,TeamA-74afe68c-f348-414c-9754-6d6f9df12587,11.0
2021-07-17,TeamA-74afe68c-f348-414c-9754-6d6f9df12587,6.0
2021-07-18,TeamA-74afe68c-f348-414c-9754-6d6f9df12587,6.0
2021-07-19,TeamA-74afe68c-f348-414c-9754-6d6f9df12587,7.0
2021-07-20,TeamA-74afe68c-f348-414c-9754-6d6f9df12587,10.0
2021-07-21,TeamA-74afe68c-f348-414c-9754-6d6f9df12587,6.0
2021-07-22,TeamA-74afe68c-f348-414c-9754-6d6f9df12587,7.5
2021-07-23,TeamA-74afe68c-f348-414c-9754-6d6f9df12587,7.5
2021-07-24,TeamA-74afe68c-f348-414c-9754-6d6f9df12587,9.0
2021-07-25,TeamA-74afe68c-f348-414c-9754-6d6f9df12587,8.5
2021-07-26,TeamA-74afe68c-f348-414c-9754-6d6f9df12587,7.0
2021-07-27,TeamA-74afe68c-f348-414c-9754-6d6f9df12587,10.0
2021-07-28,TeamA-74afe68c-f348-414c-9754-6d6f9df12587,6.5
2021-07-29,TeamA-74afe68c-f348-414c-9754-6d6f9df12587,6.0
2021-07-30,TeamA-74afe68c-f348-414c-9754-6d6f9df12587,6.5
2021-07-31,TeamA-74afe68c-f348-414c-9754-6d6f9df12587,10.0
2021-08-01,TeamA-74afe68c-f348-414c-9754-6d6f9df12587,11.0
2021-08-02,TeamA-74afe68c-f348-414c-9754-6d6f9df12587,10.0
2021-08-03,TeamA-74afe68c-f348-414c-9754-6d6f9df12587,9.0
2021-08-04,TeamA-74afe68c-f348-414c-9754-6d6f9df12587,8.0
2021-08-05,TeamA-74afe68c-f348-414c-9754-6d6f9df12587,7.5
2021-08-06,TeamA-74afe68c-f348-414c-9754-6d6f9df12587,10.0
2021-08-08,TeamA-74afe68c-f348-414c-9754-6d6f9df12587,10.0
2021-08-09,TeamA-74afe68c-f348-414c-9754-6d6f9df12587,6.5
2021-08-10,TeamA-74afe68c-f348-414c-9754-6d6f9df12587,9.0
2021-08-11,TeamA-74afe68c-f348-414c-9754-6d6f9df12587,9.0
2021-08-12,TeamA-74afe68c-f348-414c-9754-6d6f9df12587,4.0
2021-08-13,TeamA-74afe68c-f348-414c-9754-6d6f9df12587,9.0
2021-08-14,TeamA-74afe68c-f348-414c-9754-6d6f9df12587,7.0
2021-08-15,TeamA-74afe68c-f348-414c-9754-6d6f9df12587,11.0
2021-08-16,TeamA-74afe68c-f348-414c-9754-6d6f9df12587,7.5
2021-08-17,TeamA-74afe68c-f348-414c-9754-6d6f9df12587,9.0
2021-08-18,TeamA-74afe68c-f348-414c-9754-6d6f9df12587,7.5
2021-08-19,TeamA-74afe68c-f348-414c-9754-6d6f9df12587,8.5
2021-08-20,TeamA-74afe68c-f348-414c-9754-6d6f9df12587,8.0
2021-08-21,TeamA-74afe68c-f348-414c-9754-6d6f9df12587,8.5
2021-08-22,TeamA-74afe68c-f348-414c-9754-6d6f9df12587,8.5
2021-08-23,TeamA-74afe68c-f348-414c-9754-6d6f9df12587,8.0
2021-08-24,TeamA-74afe68c-f348-414c-9754-6d6f9df12587,6.5
2021-08-25,TeamA-74afe68c-f348-414c-9754-6d6f9df12587,7.0
2021-08-26,TeamA-74afe68c-f348-414c-9754-6d6f9df12587,8.0
2021-08-27,TeamA-74afe68c-f348-414c-9754-6d6f9df12587,7.5
2021-08-29,TeamA-74afe68c-f348-414c-9754-6d6f9df12587,10.0
2021-08-30,TeamA-74afe68c-f348-414c-9754-6d6f9df12587,7.0
2021-08-31,TeamA-74afe68c-f348-414c-9754-6d6f9df12587,8.0
2021-09-01,TeamA-74afe68c-f348-414c-9754-6d6f9df12587,7.5
2021-09-02,TeamA-74afe68c-f348-414c-9754-6d6f9df12587,7.5
2021-09-03,TeamA-74afe68c-f348-414c-9754-6d6f9df12587,10.0
2021-09-04,TeamA-74afe68c-f348-414c-9754-6d6f9df12587,8.5
2021-09-05,TeamA-74afe68c-f348-414c-9754-6d6f9df12587,9.0
2021-09-06,TeamA-74afe68c-f348-414c-9754-6d6f9df12587,9.0
2021-09-07,TeamA-74afe68c-f348-414c-9754-6d6f9df12587,8.5
2021-09-08,TeamA-74afe68c-f348-414c-9754-6d6f9df12587,7.5
2021-09-10,TeamA-74afe68c-f348-414c-9754-6d6f9df12587,10.0
2021-09-11,TeamA-74afe68c-f348-414c-9754-6d6f9df12587,9.0
2021-09-14,TeamA-74afe68c-f348-414c-9754-6d6f9df12587,8.0
2021-09-15,TeamA-74afe68c-f348-414c-9754-6d6f9df12587,8.5
2021-09-16,TeamA-74afe68c-f348-414c-9754-6d6f9df12587,9.0
2021-09-17,TeamA-74afe68c-f348-414c-9754-6d6f9df12587,9.0
2021-09-18,TeamA-74afe68c-f348-414c-9754-6d6f9df12587,10.0
2021-09-19,TeamA-74afe68c-f348-414c-9754-6d6f9df12587,10.0
2021-09-20,TeamA-74afe68c-f348-414c-9754-6d6f9df12587,9.0
2021-09-21,TeamA-74afe68c-f348-414c-9754-6d6f9df12587,8.5
2021-09-22,TeamA-74afe68c-f348-414c-9754-6d6f9df12587,9.0
2021-09-23,TeamA-74afe68c-f348-414c-9754-6d6f9df12587,8.0
2021-09-24,TeamA-74afe68c-f348-414c-9754-6d6f9df12587,8.0
2021-09-25,TeamA-74afe68c-f348-414c-9754-6d6f9df12587,9.0
2021-09-26,TeamA-74afe68c-f348-414c-9754-6d6f9df12587,8.0
2021-09-27,TeamA-74afe68c-f348-414c-9754-6d6f9df12587,8.0
2021-09-28,TeamA-74afe68c-f348-414c-9754-6d6f9df12587,9.0
2021-09-29,TeamA-74afe68c-f348-414c-9754-6d6f9df12587,8.5
2021-09-30,TeamA-74afe68c-f348-414c-9754-6d6f9df12587,6.5
2021-10-01,TeamA-74afe68c-f348-414c-9754-6d6f9df12587,10.0
2021-10-02,TeamA-74afe68c-f348-414c-9754-6d6f9df12587,8.5
2021-10-03,TeamA-74afe68c-f348-414c-9754-6d6f9df12587,10.0
2021-10-04,TeamA-74afe68c-f348-414c-9754-6d6f9df12587,9.0
2021-10-05,TeamA-74afe68c-f348-414c-9754-6d6f9df12587,9.0
2021-10-07,TeamA-74afe68c-f348-414c-9754-6d6f9df12587,6.0
2021-10-08,TeamA-74afe68c-f348-414c-9754-6d6f9df12587,9.0
2021-10-09,TeamA-74afe68c-f348-414c-9754-6d6f9df12587,11.0
2021-10-10,TeamA-74afe68c-f348-414c-9754-6d6f9df12587,10.0
2021-10-11,TeamA-74afe68c-f348-414c-9754-6d6f9df12587,9.0
2021-10-12,TeamA-74afe68c-f348-414c-9754-6d6f9df12587,6.0
2021-10-13,TeamA-74afe68c-f348-414c-9754-6d6f9df12587,10.0
2021-10-14,TeamA-74afe68c-f348-414c-9754-6d6f9df12587,8.0
2021-10-15,TeamA-74afe68c-f348-414c-9754-6d6f9df12587,8.0
2021-10-16,TeamA-74afe68c-f348-414c-9754-6d6f9df12587,7.5
2021-10-17,TeamA-74afe68c-f348-414c-9754-6d6f9df12587,10.0
2021-10-19,TeamA-74afe68c-f348-414c-9754-6d6f9df12587,9.0
2021-10-20,TeamA-74afe68c-f348-414c-9754-6d6f9df12587,8.5
2021-10-21,TeamA-74afe68c-f348-414c-9754-6d6f9df12587,8.5
2021-10-22,TeamA-74afe68c-f348-414c-9754-6d6f9df12587,9.0
2021-10-23,TeamA-74afe68c-f348-414c-9754-6d6f9df12587,10.0
2021-10-24,TeamA-74afe68c-f348-414c-9754-6d6f9df12587,9.0
2021-10-25,TeamA-74afe68c-f348-414c-9754-6d6f9df12587,9.0
2021-10-26,TeamA-74afe68c-f348-414c-9754-6d6f9df12587,7.0
2021-10-27,TeamA-74afe68c-f348-414c-9754-6d6f9df12587,7.5
2021-10-28,TeamA-74afe68c-f348-414c-9754-6d6f9df12587,9.0
2021-10-29,TeamA-74afe68c-f348-414c-9754-6d6f9df12587,10.0
2021-10-30,TeamA-74afe68c-f348-414c-9754-6d6f9df12587,9.0
2021-10-31,TeamA-74afe68c-f348-414c-9754-6d6f9df12587,8.0
2021-11-01,TeamA-74afe68c-f348-414c-9754-6d6f9df12587,9.0
2021-11-02,TeamA-74afe68c-f348-414c-9754-6d6f9df12587,8.0
2021-11-03,TeamA-74afe68c-f348-414c-9754-6d6f9df12587,9.0
2021-11-04,TeamA-74afe68c-f348-414c-9754-6d6f9df12587,9.0
2021-11-05,TeamA-74afe68c-f348-414c-9754-6d6f9df12587,9.0
2021-11-06,TeamA-74afe68c-f348-414c-9754-6d6f9df12587,10.0
2021-11-07,TeamA-74afe68c-f348-414c-9754-6d6f9df12587,8.0
2021-11-08,TeamA-74afe68c-f348-414c-9754-6d6f9df12587,8.5
2021-11-09,TeamA-74afe68c-f348-414c-9754-6d6f9df12587,7.0
2021-11-10,TeamA-74afe68c-f348-414c-9754-6d6f9df12587,8.0
2021-11-11,TeamA-74afe68c-f348-414c-9754-6d6f9df12587,8.0
2021-11-12,TeamA-74afe68c-f348-414c-9754-6d6f9df12587,8.0
2021-11-13,TeamA-74afe68c-f348-414c-9754-6d6f9df12587,8.0
2021-11-15,TeamA-74afe68c-f348-414c-9754-6d6f9df12587,6.0
2021-11-16,TeamA-74afe68c-f348-414c-9754-6d6f9df12587,8.0
2021-11-17,TeamA-74afe68c-f348-414c-9754-6d6f9df12587,11.0
2021-11-18,TeamA-74afe68c-f348-414c-9754-6d6f9df12587,7.5
2021-11-19,TeamA-74afe68c-f348-414c-9754-6d6f9df12587,9.0
2021-11-20,TeamA-74afe68c-f348-414c-9754-6d6f9df12587,9.0
2021-11-21,TeamA-74afe68c-f348-414c-9754-6d6f9df12587,10.0
2021-11-22,TeamA-74afe68c-f348-414c-9754-6d6f9df12587,9.0
2021-11-23,TeamA-74afe68c-f348-414c-9754-6d6f9df12587,7.0
2021-11-24,TeamA-74afe68c-f348-414c-9754-6d6f9df12587,7.0
2021-11-25,TeamA-74afe68c-f348-414c-9754-6d6f9df12587,8.0
2021-11-26,TeamA-74afe68c-f348-414c-9754-6d6f9df12587,7.0
2021-11-27,TeamA-74afe68c-f348-414c-9754-6d6f9df12587,8.0
2021-11-28,TeamA-74afe68c-f348-414c-9754-6d6f9df12587,9.0
2021-11-29,TeamA-74afe68c-f348-414c-9754-6d6f9df12587,8.0
2021-11-30,TeamA-74afe68c-f348-414c-9754-6d6f9df12587,7.5
2021-12-01,TeamA-74afe68c-f348-414c-9754-6d6f9df12587,6.5
2021-12-02,TeamA-74afe68c-f348-414c-9754-6d6f9df12587,7.0
2021-12-03,TeamA-74afe68c-f348-414c-9754-6d6f9df12587,7.5
2021-12-04,TeamA-74afe68c-f348-414c-9754-6d6f9df12587,8.0
2021-12-05,TeamA-74afe68c-f348-414c-9754-6d6f9df12587,8.0
2021-12-06,TeamA-74afe68c-f348-414c-9754-6d6f9df12587,7.0
2021-12-07,TeamA-74afe68c-f348-414c-9754-6d6f9df12587,9.0
2021-12-08,TeamA-74afe68c-f348-414c-9754-6d6f9df12587,8.0
2021-12-09,TeamA-74afe68c-f348-414c-9754-6d6f9df12587,8.0
2021-12-10,TeamA-74afe68c-f348-414c-9754-6d6f9df12587,10.0
2021-12-11,TeamA-74afe68c-f348-414c-9754-6d6f9df12587,8.5
2021-12-12,TeamA-74afe68c-f348-414c-9754-6d6f9df12587,9.0
2021-12-13,TeamA-74afe68c-f348-414c-9754-6d6f9df12587,8.5
2021-12-14,TeamA-74afe68c-f348-414c-9754-6d6f9df12587,7.0
2021-12-15,TeamA-74afe68c-f348-414c-9754-6d6f9df12587,8.0
2021-12-16,TeamA-74afe68c-f348-414c-9754-6d6f9df12587,7.0
2021-12-17,TeamA-74afe68c-f348-414c-9754-6d6f9df12587,8.5
2021-12-18,TeamA-74afe68c-f348-414c-9754-6d6f9df12587,10.0
2021-12-19,TeamA-74afe68c-f348-414c-9754-6d6f9df12587,9.0
2021-12-20,TeamA-74afe68c-f348-414c-9754-6d6f9df12587,9.0
2021-12-21,TeamA-74afe68c-f348-414c-9754-6d6f9df12587,8.5
2021-12-22,TeamA-74afe68c-f348-414c-9754-6d6f9df12587,10.0
2021-12-23,TeamA-74afe68c-f348-414c-9754-6d6f9df12587,8.0
2021-12-24,TeamA-74afe68c-f348-414c-9754-6d6f9df12587,9.0
2021-12-25,TeamA-74afe68c-f348-414c-9754-6d6f9df12587,8.5
2021-12-26,TeamA-74afe68c-f348-414c-9754-6d6f9df12587,7.0
2021-12-27,TeamA-74afe68c-f348-414c-9754-6d6f9df12587,9.0
2021-12-28,TeamA-74afe68c-f348-414c-9754-6d6f9df12587,8.0
2021-12-29,TeamA-74afe68c-f348-414c-9754-6d6f9df12587,10.0
2021-12-30,TeamA-74afe68c-f348-414c-9754-6d6f9df12587,12.0
2020-09-20,TeamA-78f2ae2c-caf7-47eb-9e84-521f7820182e,9.0
2020-09-21,TeamA-78f2ae2c-caf7-47eb-9e84-521f7820182e,8.5
2020-09-22,TeamA-78f2ae2c-caf7-47eb-9e84-521f7820182e,7.5
2020-09-23,TeamA-78f2ae2c-caf7-47eb-9e84-521f7820182e,8.0
2020-09-24,TeamA-78f2ae2c-caf7-47eb-9e84-521f7820182e,8.5
2020-09-25,TeamA-78f2ae2c-caf7-47eb-9e84-521f7820182e,8.0
2020-09-26,TeamA-78f2ae2c-caf7-47eb-9e84-521f7820182e,8.0
2020-09-27,TeamA-78f2ae2c-caf7-47eb-9e84-521f7820182e,8.0
2020-09-28,TeamA-78f2ae2c-caf7-47eb-9e84-521f7820182e,8.5
2020-09-29,TeamA-78f2ae2c-caf7-47eb-9e84-521f7820182e,8.5
2020-09-30,TeamA-78f2ae2c-caf7-47eb-9e84-521f7820182e,8.5
2020-10-01,TeamA-78f2ae2c-caf7-47eb-9e84-521f7820182e,8.5
2020-10-02,TeamA-78f2ae2c-caf7-47eb-9e84-521f7820182e,10.0
2020-10-04,TeamA-78f2ae2c-caf7-47eb-9e84-521f7820182e,8.5
2020-10-05,TeamA-78f2ae2c-caf7-47eb-9e84-521f7820182e,7.5
2020-10-06,TeamA-78f2ae2c-caf7-47eb-9e84-521f7820182e,8.5
2020-10-07,TeamA-78f2ae2c-caf7-47eb-9e84-521f7820182e,8.5
2020-10-08,TeamA-78f2ae2c-caf7-47eb-9e84-521f7820182e,8.5
2020-10-09,TeamA-78f2ae2c-caf7-47eb-9e84-521f7820182e,8.0
2020-10-11,TeamA-78f2ae2c-caf7-47eb-9e84-521f7820182e,7.5
2020-10-12,TeamA-78f2ae2c-caf7-47eb-9e84-521f7820182e,8.0
2020-10-13,TeamA-78f2ae2c-caf7-47eb-9e84-521f7820182e,7.0
2020-10-14,TeamA-78f2ae2c-caf7-47eb-9e84-521f7820182e,7.5
2020-10-15,TeamA-78f2ae2c-caf7-47eb-9e84-521f7820182e,8.0
2020-10-16,TeamA-78f2ae2c-caf7-47eb-9e84-521f7820182e,8.5
2020-10-17,TeamA-78f2ae2c-caf7-47eb-9e84-521f7820182e,9.0
2020-10-19,TeamA-78f2ae2c-caf7-47eb-9e84-521f7820182e,9.0
2020-10-20,TeamA-78f2ae2c-caf7-47eb-9e84-521f7820182e,8.0
2020-10-21,TeamA-78f2ae2c-caf7-47eb-9e84-521f7820182e,8.0
2020-10-22,TeamA-78f2ae2c-caf7-47eb-9e84-521f7820182e,8.5
2020-10-23,TeamA-78f2ae2c-caf7-47eb-9e84-521f7820182e,8.5
2020-10-25,TeamA-78f2ae2c-caf7-47eb-9e84-521f7820182e,9.0
2020-10-26,TeamA-78f2ae2c-caf7-47eb-9e84-521f7820182e,8.0
2020-10-27,TeamA-78f2ae2c-caf7-47eb-9e84-521f7820182e,8.0
2020-10-28,TeamA-78f2ae2c-caf7-47eb-9e84-521f7820182e,8.5
2020-10-29,TeamA-78f2ae2c-caf7-47eb-9e84-521f7820182e,8.5
2020-10-30,TeamA-78f2ae2c-caf7-47eb-9e84-521f7820182e,8.5
2020-10-31,TeamA-78f2ae2c-caf7-47eb-9e84-521f7820182e,8.5
2020-11-01,TeamA-78f2ae2c-caf7-47eb-9e84-521f7820182e,8.5
2020-11-02,TeamA-78f2ae2c-caf7-47eb-9e84-521f7820182e,8.5
2020-11-03,TeamA-78f2ae2c-caf7-47eb-9e84-521f7820182e,8.5
2020-11-04,TeamA-78f2ae2c-caf7-47eb-9e84-521f7820182e,8.0
2020-11-05,TeamA-78f2ae2c-caf7-47eb-9e84-521f7820182e,7.5
2020-11-06,TeamA-78f2ae2c-caf7-47eb-9e84-521f7820182e,8.5
2020-11-08,TeamA-78f2ae2c-caf7-47eb-9e84-521f7820182e,9.0
2020-11-09,TeamA-78f2ae2c-caf7-47eb-9e84-521f7820182e,8.5
2020-11-10,TeamA-78f2ae2c-caf7-47eb-9e84-521f7820182e,8.5
2020-11-11,TeamA-78f2ae2c-caf7-47eb-9e84-521f7820182e,7.0
2020-11-13,TeamA-78f2ae2c-caf7-47eb-9e84-521f7820182e,9.0
2020-11-14,TeamA-78f2ae2c-caf7-47eb-9e84-521f7820182e,8.0
2020-11-15,TeamA-78f2ae2c-caf7-47eb-9e84-521f7820182e,7.5
2020-11-16,TeamA-78f2ae2c-caf7-47eb-9e84-521f7820182e,8.0
2020-11-17,TeamA-78f2ae2c-caf7-47eb-9e84-521f7820182e,8.0
2020-11-18,TeamA-78f2ae2c-caf7-47eb-9e84-521f7820182e,7.0
2020-11-19,TeamA-78f2ae2c-caf7-47eb-9e84-521f7820182e,8.0
2020-11-20,TeamA-78f2ae2c-caf7-47eb-9e84-521f7820182e,8.0
2020-11-21,TeamA-78f2ae2c-caf7-47eb-9e84-521f7820182e,8.0
2020-11-22,TeamA-78f2ae2c-caf7-47eb-9e84-521f7820182e,8.5
2020-11-23,TeamA-78f2ae2c-caf7-47eb-9e84-521f7820182e,7.5
2020-11-24,TeamA-78f2ae2c-caf7-47eb-9e84-521f7820182e,7.5
2020-11-25,TeamA-78f2ae2c-caf7-47eb-9e84-521f7820182e,7.5
2020-11-27,TeamA-78f2ae2c-caf7-47eb-9e84-521f7820182e,8.0
2020-11-28,TeamA-78f2ae2c-caf7-47eb-9e84-521f7820182e,7.5
2020-11-29,TeamA-78f2ae2c-caf7-47eb-9e84-521f7820182e,8.0
2020-12-01,TeamA-78f2ae2c-caf7-47eb-9e84-521f7820182e,8.0
2020-12-02,TeamA-78f2ae2c-caf7-47eb-9e84-521f7820182e,8.5
2020-12-03,TeamA-78f2ae2c-caf7-47eb-9e84-521f7820182e,7.5
2020-12-04,TeamA-78f2ae2c-caf7-47eb-9e84-521f7820182e,7.5
2020-12-05,TeamA-78f2ae2c-caf7-47eb-9e84-521f7820182e,7.5
2020-12-07,TeamA-78f2ae2c-caf7-47eb-9e84-521f7820182e,5.5
2020-12-10,TeamA-78f2ae2c-caf7-47eb-9e84-521f7820182e,8.5
2020-12-11,TeamA-78f2ae2c-caf7-47eb-9e84-521f7820182e,7.5
2020-12-12,TeamA-78f2ae2c-caf7-47eb-9e84-521f7820182e,9.0
2020-12-15,TeamA-78f2ae2c-caf7-47eb-9e84-521f7820182e,8.0
2020-12-20,TeamA-78f2ae2c-caf7-47eb-9e84-521f7820182e,10.0
2021-01-04,TeamA-78f2ae2c-caf7-47eb-9e84-521f7820182e,8.5
2021-01-05,TeamA-78f2ae2c-caf7-47eb-9e84-521f7820182e,8.5
2021-01-06,TeamA-78f2ae2c-caf7-47eb-9e84-521f7820182e,8.0
2021-01-08,TeamA-78f2ae2c-caf7-47eb-9e84-521f7820182e,8.5
2021-01-11,TeamA-78f2ae2c-caf7-47eb-9e84-521f7820182e,8.0
2021-01-13,TeamA-78f2ae2c-caf7-47eb-9e84-521f7820182e,8.0
2021-01-15,TeamA-78f2ae2c-caf7-47eb-9e84-521f7820182e,8.5
2021-01-16,TeamA-78f2ae2c-caf7-47eb-9e84-521f7820182e,8.5
2021-01-17,TeamA-78f2ae2c-caf7-47eb-9e84-521f7820182e,8.5
2021-01-18,TeamA-78f2ae2c-caf7-47eb-9e84-521f7820182e,8.5
2021-01-19,TeamA-78f2ae2c-caf7-47eb-9e84-521f7820182e,8.0
2021-01-20,TeamA-78f2ae2c-caf7-47eb-9e84-521f7820182e,8.5
2021-01-21,TeamA-78f2ae2c-caf7-47eb-9e84-521f7820182e,8.5
2021-01-22,TeamA-78f2ae2c-caf7-47eb-9e84-521f7820182e,8.5
2021-01-23,TeamA-78f2ae2c-caf7-47eb-9e84-521f7820182e,9.0
2021-01-24,TeamA-78f2ae2c-caf7-47eb-9e84-521f7820182e,8.0
2021-01-25,TeamA-78f2ae2c-caf7-47eb-9e84-521f7820182e,8.0
2021-01-26,TeamA-78f2ae2c-caf7-47eb-9e84-521f7820182e,8.0
2021-01-27,TeamA-78f2ae2c-caf7-47eb-9e84-521f7820182e,8.5
2021-01-28,TeamA-78f2ae2c-caf7-47eb-9e84-521f7820182e,9.0
2021-01-29,TeamA-78f2ae2c-caf7-47eb-9e84-521f7820182e,8.0
2021-01-30,TeamA-78f2ae2c-caf7-47eb-9e84-521f7820182e,8.5
2021-01-31,TeamA-78f2ae2c-caf7-47eb-9e84-521f7820182e,9.0
2021-02-01,TeamA-78f2ae2c-caf7-47eb-9e84-521f7820182e,8.5
2021-02-02,TeamA-78f2ae2c-caf7-47eb-9e84-521f7820182e,9.0
2021-02-03,TeamA-78f2ae2c-caf7-47eb-9e84-521f7820182e,9.0
2021-02-04,TeamA-78f2ae2c-caf7-47eb-9e84-521f7820182e,8.5
2021-02-05,TeamA-78f2ae2c-caf7-47eb-9e84-521f7820182e,9.0
2021-02-06,TeamA-78f2ae2c-caf7-47eb-9e84-521f7820182e,8.5
2021-02-07,TeamA-78f2ae2c-caf7-47eb-9e84-521f7820182e,9.0
2021-02-08,TeamA-78f2ae2c-caf7-47eb-9e84-521f7820182e,7.0
2021-02-09,TeamA-78f2ae2c-caf7-47eb-9e84-521f7820182e,8.5
2021-02-10,TeamA-78f2ae2c-caf7-47eb-9e84-521f7820182e,8.5
2021-02-11,TeamA-78f2ae2c-caf7-47eb-9e84-521f7820182e,8.5
2021-02-12,TeamA-78f2ae2c-caf7-47eb-9e84-521f7820182e,8.0
2021-02-13,TeamA-78f2ae2c-caf7-47eb-9e84-521f7820182e,8.5
2021-02-14,TeamA-78f2ae2c-caf7-47eb-9e84-521f7820182e,8.5
2021-02-15,TeamA-78f2ae2c-caf7-47eb-9e84-521f7820182e,9.0
2021-02-16,TeamA-78f2ae2c-caf7-47eb-9e84-521f7820182e,8.0
2021-02-17,TeamA-78f2ae2c-caf7-47eb-9e84-521f7820182e,9.0
2021-02-18,TeamA-78f2ae2c-caf7-47eb-9e84-521f7820182e,9.0
2021-02-19,TeamA-78f2ae2c-caf7-47eb-9e84-521f7820182e,9.0
2021-02-20,TeamA-78f2ae2c-caf7-47eb-9e84-521f7820182e,9.0
2021-02-21,TeamA-78f2ae2c-caf7-47eb-9e84-521f7820182e,8.0
2021-02-22,TeamA-78f2ae2c-caf7-47eb-9e84-521f7820182e,8.5
2021-02-23,TeamA-78f2ae2c-caf7-47eb-9e84-521f7820182e,7.5
2021-02-25,TeamA-78f2ae2c-caf7-47eb-9e84-521f7820182e,8.5
2021-02-26,TeamA-78f2ae2c-caf7-47eb-9e84-521f7820182e,9.0
2021-02-27,TeamA-78f2ae2c-caf7-47eb-9e84-521f7820182e,8.5
2021-02-28,TeamA-78f2ae2c-caf7-47eb-9e84-521f7820182e,8.5
2021-03-01,TeamA-78f2ae2c-caf7-47eb-9e84-521f7820182e,8.5
2021-03-02,TeamA-78f2ae2c-caf7-47eb-9e84-521f7820182e,8.0
2021-03-03,TeamA-78f2ae2c-caf7-47eb-9e84-521f7820182e,8.5
2021-03-04,TeamA-78f2ae2c-caf7-47eb-9e84-521f7820182e,9.0
2021-03-05,TeamA-78f2ae2c-caf7-47eb-9e84-521f7820182e,8.5
2021-03-06,TeamA-78f2ae2c-caf7-47eb-9e84-521f7820182e,9.0
2021-03-07,TeamA-78f2ae2c-caf7-47eb-9e84-521f7820182e,8.0
2021-03-10,TeamA-78f2ae2c-caf7-47eb-9e84-521f7820182e,8.5
2021-03-11,TeamA-78f2ae2c-caf7-47eb-9e84-521f7820182e,9.0
2021-03-12,TeamA-78f2ae2c-caf7-47eb-9e84-521f7820182e,8.5
2021-03-13,TeamA-78f2ae2c-caf7-47eb-9e84-521f7820182e,9.0
2021-03-16,TeamA-78f2ae2c-caf7-47eb-9e84-521f7820182e,8.0
2021-03-17,TeamA-78f2ae2c-caf7-47eb-9e84-521f7820182e,8.0
2021-03-18,TeamA-78f2ae2c-caf7-47eb-9e84-521f7820182e,8.5
2021-03-19,TeamA-78f2ae2c-caf7-47eb-9e84-521f7820182e,8.5
2021-03-22,TeamA-78f2ae2c-caf7-47eb-9e84-521f7820182e,8.5
2021-03-23,TeamA-78f2ae2c-caf7-47eb-9e84-521f7820182e,8.5
2021-03-25,TeamA-78f2ae2c-caf7-47eb-9e84-521f7820182e,9.0
2021-03-26,TeamA-78f2ae2c-caf7-47eb-9e84-521f7820182e,8.5
2021-03-27,TeamA-78f2ae2c-caf7-47eb-9e84-521f7820182e,8.0
2021-03-28,TeamA-78f2ae2c-caf7-47eb-9e84-521f7820182e,9.0
2021-03-29,TeamA-78f2ae2c-caf7-47eb-9e84-521f7820182e,9.0
2021-03-30,TeamA-78f2ae2c-caf7-47eb-9e84-521f7820182e,8.5
2021-03-31,TeamA-78f2ae2c-caf7-47eb-9e84-521f7820182e,8.0
2021-04-05,TeamA-78f2ae2c-caf7-47eb-9e84-521f7820182e,8.5
2021-04-06,TeamA-78f2ae2c-caf7-47eb-9e84-521f7820182e,8.5
2021-04-07,TeamA-78f2ae2c-caf7-47eb-9e84-521f7820182e,8.0
2021-04-09,TeamA-78f2ae2c-caf7-47eb-9e84-521f7820182e,8.5
2021-04-11,TeamA-78f2ae2c-caf7-47eb-9e84-521f7820182e,8.0
2021-04-12,TeamA-78f2ae2c-caf7-47eb-9e84-521f7820182e,8.5
2021-04-13,TeamA-78f2ae2c-caf7-47eb-9e84-521f7820182e,7.5
2021-04-14,TeamA-78f2ae2c-caf7-47eb-9e84-521f7820182e,8.0
2021-04-15,TeamA-78f2ae2c-caf7-47eb-9e84-521f7820182e,8.0
2021-04-17,TeamA-78f2ae2c-caf7-47eb-9e84-521f7820182e,8.5
2021-04-18,TeamA-78f2ae2c-caf7-47eb-9e84-521f7820182e,8.0
2021-04-19,TeamA-78f2ae2c-caf7-47eb-9e84-521f7820182e,8.0
2021-04-20,TeamA-78f2ae2c-caf7-47eb-9e84-521f7820182e,8.0
2021-04-21,TeamA-78f2ae2c-caf7-47eb-9e84-521f7820182e,8.0
2021-04-22,TeamA-78f2ae2c-caf7-47eb-9e84-521f7820182e,8.0
2021-04-23,TeamA-78f2ae2c-caf7-47eb-9e84-521f7820182e,8.5
2021-04-24,TeamA-78f2ae2c-caf7-47eb-9e84-521f7820182e,9.0
2021-04-25,TeamA-78f2ae2c-caf7-47eb-9e84-521f7820182e,8.0
2021-04-26,TeamA-78f2ae2c-caf7-47eb-9e84-521f7820182e,8.0
2021-04-27,TeamA-78f2ae2c-caf7-47eb-9e84-521f7820182e,7.5
2021-04-28,TeamA-78f2ae2c-caf7-47eb-9e84-521f7820182e,8.0
2021-04-29,TeamA-78f2ae2c-caf7-47eb-9e84-521f7820182e,8.5
2021-04-30,TeamA-78f2ae2c-caf7-47eb-9e84-521f7820182e,8.5
2021-05-02,TeamA-78f2ae2c-caf7-47eb-9e84-521f7820182e,9.0
2021-05-03,TeamA-78f2ae2c-caf7-47eb-9e84-521f7820182e,8.5
2021-05-04,TeamA-78f2ae2c-caf7-47eb-9e84-521f7820182e,8.0
2021-05-05,TeamA-78f2ae2c-caf7-47eb-9e84-521f7820182e,8.5
2021-05-06,TeamA-78f2ae2c-caf7-47eb-9e84-521f7820182e,8.5
2021-05-07,TeamA-78f2ae2c-caf7-47eb-9e84-521f7820182e,8.5
2021-05-08,TeamA-78f2ae2c-caf7-47eb-9e84-521f7820182e,8.5
2021-05-09,TeamA-78f2ae2c-caf7-47eb-9e84-521f7820182e,8.0
2021-05-10,TeamA-78f2ae2c-caf7-47eb-9e84-521f7820182e,8.0
2021-05-11,TeamA-78f2ae2c-caf7-47eb-9e84-521f7820182e,8.5
2021-05-12,TeamA-78f2ae2c-caf7-47eb-9e84-521f7820182e,8.5
2021-05-13,TeamA-78f2ae2c-caf7-47eb-9e84-521f7820182e,9.0
2021-05-14,TeamA-78f2ae2c-caf7-47eb-9e84-521f7820182e,9.0
2021-05-15,TeamA-78f2ae2c-caf7-47eb-9e84-521f7820182e,9.0
2021-05-16,TeamA-78f2ae2c-caf7-47eb-9e84-521f7820182e,8.5
2021-05-19,TeamA-78f2ae2c-caf7-47eb-9e84-521f7820182e,8.0
2021-05-20,TeamA-78f2ae2c-caf7-47eb-9e84-521f7820182e,9.0
2021-05-21,TeamA-78f2ae2c-caf7-47eb-9e84-521f7820182e,8.0
2021-05-22,TeamA-78f2ae2c-caf7-47eb-9e84-521f7820182e,9.0
2021-05-23,TeamA-78f2ae2c-caf7-47eb-9e84-521f7820182e,8.5
2021-05-24,TeamA-78f2ae2c-caf7-47eb-9e84-521f7820182e,8.0
2021-05-25,TeamA-78f2ae2c-caf7-47eb-9e84-521f7820182e,7.5
2021-05-26,TeamA-78f2ae2c-caf7-47eb-9e84-521f7820182e,8.0
2021-05-27,TeamA-78f2ae2c-caf7-47eb-9e84-521f7820182e,8.0
2021-05-29,TeamA-78f2ae2c-caf7-47eb-9e84-521f7820182e,8.5
2021-05-30,TeamA-78f2ae2c-caf7-47eb-9e84-521f7820182e,8.0
2021-05-31,TeamA-78f2ae2c-caf7-47eb-9e84-521f7820182e,8.5
2021-06-01,TeamA-78f2ae2c-caf7-47eb-9e84-521f7820182e,8.5
2021-06-02,TeamA-78f2ae2c-caf7-47eb-9e84-521f7820182e,8.5
2021-06-03,TeamA-78f2ae2c-caf7-47eb-9e84-521f7820182e,8.5
2021-06-04,TeamA-78f2ae2c-caf7-47eb-9e84-521f7820182e,8.5
2021-06-05,TeamA-78f2ae2c-caf7-47eb-9e84-521f7820182e,8.5
2021-06-06,TeamA-78f2ae2c-caf7-47eb-9e84-521f7820182e,8.5
2021-06-07,TeamA-78f2ae2c-caf7-47eb-9e84-521f7820182e,8.0
2021-06-08,TeamA-78f2ae2c-caf7-47eb-9e84-521f7820182e,8.0
2021-06-09,TeamA-78f2ae2c-caf7-47eb-9e84-521f7820182e,8.5
2021-06-10,TeamA-78f2ae2c-caf7-47eb-9e84-521f7820182e,8.0
2021-06-11,TeamA-78f2ae2c-caf7-47eb-9e84-521f7820182e,8.0
2021-06-12,TeamA-78f2ae2c-caf7-47eb-9e84-521f7820182e,8.5
2021-06-13,TeamA-78f2ae2c-caf7-47eb-9e84-521f7820182e,8.5
2021-06-14,TeamA-78f2ae2c-caf7-47eb-9e84-521f7820182e,8.5
2021-06-15,TeamA-78f2ae2c-caf7-47eb-9e84-521f7820182e,8.5
2021-06-16,TeamA-78f2ae2c-caf7-47eb-9e84-521f7820182e,8.5
2021-06-17,TeamA-78f2ae2c-caf7-47eb-9e84-521f7820182e,8.5
2021-06-18,TeamA-78f2ae2c-caf7-47eb-9e84-521f7820182e,8.0
2021-06-19,TeamA-78f2ae2c-caf7-47eb-9e84-521f7820182e,8.5
2021-06-21,TeamA-78f2ae2c-caf7-47eb-9e84-521f7820182e,9.0
2021-06-22,TeamA-78f2ae2c-caf7-47eb-9e84-521f7820182e,8.5
2021-06-23,TeamA-78f2ae2c-caf7-47eb-9e84-521f7820182e,9.0
2021-06-24,TeamA-78f2ae2c-caf7-47eb-9e84-521f7820182e,9.0
2021-06-25,TeamA-78f2ae2c-caf7-47eb-9e84-521f7820182e,8.5
2021-06-27,TeamA-78f2ae2c-caf7-47eb-9e84-521f7820182e,9.0
2021-06-29,TeamA-78f2ae2c-caf7-47eb-9e84-521f7820182e,10.0
2021-06-30,TeamA-78f2ae2c-caf7-47eb-9e84-521f7820182e,9.0
2021-07-01,TeamA-78f2ae2c-caf7-47eb-9e84-521f7820182e,9.0
2021-07-02,TeamA-78f2ae2c-caf7-47eb-9e84-521f7820182e,9.0
2021-07-03,TeamA-78f2ae2c-caf7-47eb-9e84-521f7820182e,9.0
2021-07-04,TeamA-78f2ae2c-caf7-47eb-9e84-521f7820182e,8.5
2021-07-06,TeamA-78f2ae2c-caf7-47eb-9e84-521f7820182e,8.5
2021-07-07,TeamA-78f2ae2c-caf7-47eb-9e84-521f7820182e,7.0
2021-07-08,TeamA-78f2ae2c-caf7-47eb-9e84-521f7820182e,8.0
2021-07-10,TeamA-78f2ae2c-caf7-47eb-9e84-521f7820182e,9.0
2021-07-11,TeamA-78f2ae2c-caf7-47eb-9e84-521f7820182e,9.0
2021-07-12,TeamA-78f2ae2c-caf7-47eb-9e84-521f7820182e,9.0
2021-07-13,TeamA-78f2ae2c-caf7-47eb-9e84-521f7820182e,8.5
2021-07-14,TeamA-78f2ae2c-caf7-47eb-9e84-521f7820182e,8.5
2021-07-15,TeamA-78f2ae2c-caf7-47eb-9e84-521f7820182e,8.5
2021-07-16,TeamA-78f2ae2c-caf7-47eb-9e84-521f7820182e,8.5
2021-07-17,TeamA-78f2ae2c-caf7-47eb-9e84-521f7820182e,9.0
2021-07-19,TeamA-78f2ae2c-caf7-47eb-9e84-521f7820182e,8.0
2021-07-21,TeamA-78f2ae2c-caf7-47eb-9e84-521f7820182e,8.5
2021-07-24,TeamA-78f2ae2c-caf7-47eb-9e84-521f7820182e,7.5
2021-07-25,TeamA-78f2ae2c-caf7-47eb-9e84-521f7820182e,8.5
2021-07-26,TeamA-78f2ae2c-caf7-47eb-9e84-521f7820182e,8.0
2021-07-28,TeamA-78f2ae2c-caf7-47eb-9e84-521f7820182e,8.0
2021-07-29,TeamA-78f2ae2c-caf7-47eb-9e84-521f7820182e,8.5
2021-07-30,TeamA-78f2ae2c-caf7-47eb-9e84-521f7820182e,8.5
2021-08-01,TeamA-78f2ae2c-caf7-47eb-9e84-521f7820182e,8.5
2021-08-03,TeamA-78f2ae2c-caf7-47eb-9e84-521f7820182e,8.5
2021-08-04,TeamA-78f2ae2c-caf7-47eb-9e84-521f7820182e,8.5
2021-08-06,TeamA-78f2ae2c-caf7-47eb-9e84-521f7820182e,7.5
2021-08-08,TeamA-78f2ae2c-caf7-47eb-9e84-521f7820182e,8.0
2021-08-09,TeamA-78f2ae2c-caf7-47eb-9e84-521f7820182e,8.5
2021-08-10,TeamA-78f2ae2c-caf7-47eb-9e84-521f7820182e,8.0
2021-08-11,TeamA-78f2ae2c-caf7-47eb-9e84-521f7820182e,8.5
2021-08-12,TeamA-78f2ae2c-caf7-47eb-9e84-521f7820182e,8.5
2021-08-13,TeamA-78f2ae2c-caf7-47eb-9e84-521f7820182e,8.5
2021-08-15,TeamA-78f2ae2c-caf7-47eb-9e84-521f7820182e,6.5
2021-08-16,TeamA-78f2ae2c-caf7-47eb-9e84-521f7820182e,8.5
2021-08-17,TeamA-78f2ae2c-caf7-47eb-9e84-521f7820182e,8.5
2021-08-19,TeamA-78f2ae2c-caf7-47eb-9e84-521f7820182e,8.5
2021-08-20,TeamA-78f2ae2c-caf7-47eb-9e84-521f7820182e,8.5
2021-08-21,TeamA-78f2ae2c-caf7-47eb-9e84-521f7820182e,8.5
2021-08-22,TeamA-78f2ae2c-caf7-47eb-9e84-521f7820182e,8.0
2021-08-23,TeamA-78f2ae2c-caf7-47eb-9e84-521f7820182e,8.0
2021-08-24,TeamA-78f2ae2c-caf7-47eb-9e84-521f7820182e,8.5
2021-08-25,TeamA-78f2ae2c-caf7-47eb-9e84-521f7820182e,8.5
2021-08-26,TeamA-78f2ae2c-caf7-47eb-9e84-521f7820182e,8.5
2021-08-29,TeamA-78f2ae2c-caf7-47eb-9e84-521f7820182e,8.5
2021-08-30,TeamA-78f2ae2c-caf7-47eb-9e84-521f7820182e,8.5
2021-08-31,TeamA-78f2ae2c-caf7-47eb-9e84-521f7820182e,7.5
2021-09-02,TeamA-78f2ae2c-caf7-47eb-9e84-521f7820182e,8.5
2021-09-03,TeamA-78f2ae2c-caf7-47eb-9e84-521f7820182e,8.5
2021-09-05,TeamA-78f2ae2c-caf7-47eb-9e84-521f7820182e,9.0
2021-09-06,TeamA-78f2ae2c-caf7-47eb-9e84-521f7820182e,8.0
2021-09-07,TeamA-78f2ae2c-caf7-47eb-9e84-521f7820182e,8.5
2021-09-08,TeamA-78f2ae2c-caf7-47eb-9e84-521f7820182e,8.5
2021-09-09,TeamA-78f2ae2c-caf7-47eb-9e84-521f7820182e,8.5
2021-09-10,TeamA-78f2ae2c-caf7-47eb-9e84-521f7820182e,8.5
2021-09-11,TeamA-78f2ae2c-caf7-47eb-9e84-521f7820182e,8.5
2021-09-13,TeamA-78f2ae2c-caf7-47eb-9e84-521f7820182e,6.0
2021-09-14,TeamA-78f2ae2c-caf7-47eb-9e84-521f7820182e,8.5
2021-09-15,TeamA-78f2ae2c-caf7-47eb-9e84-521f7820182e,8.5
2021-09-18,TeamA-78f2ae2c-caf7-47eb-9e84-521f7820182e,8.5
2021-09-20,TeamA-78f2ae2c-caf7-47eb-9e84-521f7820182e,8.5
2021-09-21,TeamA-78f2ae2c-caf7-47eb-9e84-521f7820182e,8.5
2021-09-22,TeamA-78f2ae2c-caf7-47eb-9e84-521f7820182e,10.0
2021-09-23,TeamA-78f2ae2c-caf7-47eb-9e84-521f7820182e,8.5
2021-09-24,TeamA-78f2ae2c-caf7-47eb-9e84-521f7820182e,8.0
2021-09-26,TeamA-78f2ae2c-caf7-47eb-9e84-521f7820182e,9.0
2021-09-28,TeamA-78f2ae2c-caf7-47eb-9e84-521f7820182e,8.0
2021-09-29,TeamA-78f2ae2c-caf7-47eb-9e84-521f7820182e,8.5
2021-09-30,TeamA-78f2ae2c-caf7-47eb-9e84-521f7820182e,8.5
2021-10-03,TeamA-78f2ae2c-caf7-47eb-9e84-521f7820182e,8.5
2021-10-04,TeamA-78f2ae2c-caf7-47eb-9e84-521f7820182e,7.0
2021-10-05,TeamA-78f2ae2c-caf7-47eb-9e84-521f7820182e,8.0
2021-10-06,TeamA-78f2ae2c-caf7-47eb-9e84-521f7820182e,9.0
2021-10-08,TeamA-78f2ae2c-caf7-47eb-9e84-521f7820182e,8.5
2021-10-11,TeamA-78f2ae2c-caf7-47eb-9e84-521f7820182e,9.0
2021-10-12,TeamA-78f2ae2c-caf7-47eb-9e84-521f7820182e,9.0
2021-10-14,TeamA-78f2ae2c-caf7-47eb-9e84-521f7820182e,9.0
2021-10-15,TeamA-78f2ae2c-caf7-47eb-9e84-521f7820182e,8.5
2021-10-17,TeamA-78f2ae2c-caf7-47eb-9e84-521f7820182e,9.0
2021-10-18,TeamA-78f2ae2c-caf7-47eb-9e84-521f7820182e,8.5
2021-10-19,TeamA-78f2ae2c-caf7-47eb-9e84-521f7820182e,8.5
2021-10-20,TeamA-78f2ae2c-caf7-47eb-9e84-521f7820182e,8.5
2021-10-21,TeamA-78f2ae2c-caf7-47eb-9e84-521f7820182e,8.5
2021-10-22,TeamA-78f2ae2c-caf7-47eb-9e84-521f7820182e,8.5
2021-10-23,TeamA-78f2ae2c-caf7-47eb-9e84-521f7820182e,8.5
2021-10-25,TeamA-78f2ae2c-caf7-47eb-9e84-521f7820182e,8.5
2021-10-26,TeamA-78f2ae2c-caf7-47eb-9e84-521f7820182e,8.5
2021-10-27,TeamA-78f2ae2c-caf7-47eb-9e84-521f7820182e,8.5
2021-10-28,TeamA-78f2ae2c-caf7-47eb-9e84-521f7820182e,8.5
2021-10-29,TeamA-78f2ae2c-caf7-47eb-9e84-521f7820182e,8.0
2021-10-30,TeamA-78f2ae2c-caf7-47eb-9e84-521f7820182e,8.5
2021-10-31,TeamA-78f2ae2c-caf7-47eb-9e84-521f7820182e,8.5
2021-11-01,TeamA-78f2ae2c-caf7-47eb-9e84-521f7820182e,8.5
2021-11-02,TeamA-78f2ae2c-caf7-47eb-9e84-521f7820182e,8.5
2021-11-03,TeamA-78f2ae2c-caf7-47eb-9e84-521f7820182e,8.5
2021-11-04,TeamA-78f2ae2c-caf7-47eb-9e84-521f7820182e,8.5
2021-11-05,TeamA-78f2ae2c-caf7-47eb-9e84-521f7820182e,8.5
2021-11-06,TeamA-78f2ae2c-caf7-47eb-9e84-521f7820182e,8.5
2021-11-08,TeamA-78f2ae2c-caf7-47eb-9e84-521f7820182e,8.5
2021-11-09,TeamA-78f2ae2c-caf7-47eb-9e84-521f7820182e,8.5
2021-11-11,TeamA-78f2ae2c-caf7-47eb-9e84-521f7820182e,8.5
2021-11-13,TeamA-78f2ae2c-caf7-47eb-9e84-521f7820182e,8.5
2021-11-15,TeamA-78f2ae2c-caf7-47eb-9e84-521f7820182e,8.5
2021-11-19,TeamA-78f2ae2c-caf7-47eb-9e84-521f7820182e,8.5
2021-12-07,TeamA-78f2ae2c-caf7-47eb-9e84-521f7820182e,7.0
2021-12-08,TeamA-78f2ae2c-caf7-47eb-9e84-521f7820182e,7.5
2021-12-09,TeamA-78f2ae2c-caf7-47eb-9e84-521f7820182e,8.0
2021-12-11,TeamA-78f2ae2c-caf7-47eb-9e84-521f7820182e,8.0
2021-12-15,TeamA-78f2ae2c-caf7-47eb-9e84-521f7820182e,8.0
2021-06-09,TeamA-7a0fe0d4-c3f7-4ba1-8210-2ee9354d331e,7.5
2021-06-10,TeamA-7a0fe0d4-c3f7-4ba1-8210-2ee9354d331e,7.0
2021-06-15,TeamA-7a0fe0d4-c3f7-4ba1-8210-2ee9354d331e,7.0
2021-06-16,TeamA-7a0fe0d4-c3f7-4ba1-8210-2ee9354d331e,8.0
2021-06-18,TeamA-7a0fe0d4-c3f7-4ba1-8210-2ee9354d331e,8.0
2021-06-21,TeamA-7a0fe0d4-c3f7-4ba1-8210-2ee9354d331e,7.5
2021-06-25,TeamA-7a0fe0d4-c3f7-4ba1-8210-2ee9354d331e,8.0
2021-06-28,TeamA-7a0fe0d4-c3f7-4ba1-8210-2ee9354d331e,8.0
2021-06-29,TeamA-7a0fe0d4-c3f7-4ba1-8210-2ee9354d331e,8.0
2021-06-30,TeamA-7a0fe0d4-c3f7-4ba1-8210-2ee9354d331e,8.0
2021-07-01,TeamA-7a0fe0d4-c3f7-4ba1-8210-2ee9354d331e,7.0
2021-07-02,TeamA-7a0fe0d4-c3f7-4ba1-8210-2ee9354d331e,8.0
2021-07-03,TeamA-7a0fe0d4-c3f7-4ba1-8210-2ee9354d331e,8.0
2021-07-04,TeamA-7a0fe0d4-c3f7-4ba1-8210-2ee9354d331e,7.5
2021-07-07,TeamA-7a0fe0d4-c3f7-4ba1-8210-2ee9354d331e,7.5
2021-07-08,TeamA-7a0fe0d4-c3f7-4ba1-8210-2ee9354d331e,7.5
2021-07-09,TeamA-7a0fe0d4-c3f7-4ba1-8210-2ee9354d331e,6.0
2021-07-13,TeamA-7a0fe0d4-c3f7-4ba1-8210-2ee9354d331e,7.0
2021-07-14,TeamA-7a0fe0d4-c3f7-4ba1-8210-2ee9354d331e,8.5
2021-07-15,TeamA-7a0fe0d4-c3f7-4ba1-8210-2ee9354d331e,8.0
2021-07-29,TeamA-7a0fe0d4-c3f7-4ba1-8210-2ee9354d331e,8.0
2021-08-02,TeamA-7a0fe0d4-c3f7-4ba1-8210-2ee9354d331e,8.0
2021-08-03,TeamA-7a0fe0d4-c3f7-4ba1-8210-2ee9354d331e,8.0
2021-08-04,TeamA-7a0fe0d4-c3f7-4ba1-8210-2ee9354d331e,5.5
2021-08-06,TeamA-7a0fe0d4-c3f7-4ba1-8210-2ee9354d331e,5.5
2021-08-10,TeamA-7a0fe0d4-c3f7-4ba1-8210-2ee9354d331e,7.5
2021-08-16,TeamA-7a0fe0d4-c3f7-4ba1-8210-2ee9354d331e,7.5
2021-08-18,TeamA-7a0fe0d4-c3f7-4ba1-8210-2ee9354d331e,8.0
2021-08-19,TeamA-7a0fe0d4-c3f7-4ba1-8210-2ee9354d331e,6.5
2021-08-20,TeamA-7a0fe0d4-c3f7-4ba1-8210-2ee9354d331e,8.0
2021-08-21,TeamA-7a0fe0d4-c3f7-4ba1-8210-2ee9354d331e,8.0
2021-08-22,TeamA-7a0fe0d4-c3f7-4ba1-8210-2ee9354d331e,7.5
2021-08-23,TeamA-7a0fe0d4-c3f7-4ba1-8210-2ee9354d331e,7.5
2021-08-24,TeamA-7a0fe0d4-c3f7-4ba1-8210-2ee9354d331e,7.5
2021-08-25,TeamA-7a0fe0d4-c3f7-4ba1-8210-2ee9354d331e,8.5
2021-08-26,TeamA-7a0fe0d4-c3f7-4ba1-8210-2ee9354d331e,9.0
2021-08-27,TeamA-7a0fe0d4-c3f7-4ba1-8210-2ee9354d331e,8.0
2021-08-28,TeamA-7a0fe0d4-c3f7-4ba1-8210-2ee9354d331e,8.0
2021-08-29,TeamA-7a0fe0d4-c3f7-4ba1-8210-2ee9354d331e,8.5
2021-08-30,TeamA-7a0fe0d4-c3f7-4ba1-8210-2ee9354d331e,8.0
2021-08-31,TeamA-7a0fe0d4-c3f7-4ba1-8210-2ee9354d331e,8.0
2021-09-01,TeamA-7a0fe0d4-c3f7-4ba1-8210-2ee9354d331e,5.5
2021-09-03,TeamA-7a0fe0d4-c3f7-4ba1-8210-2ee9354d331e,8.0
2021-09-04,TeamA-7a0fe0d4-c3f7-4ba1-8210-2ee9354d331e,8.0
2021-09-05,TeamA-7a0fe0d4-c3f7-4ba1-8210-2ee9354d331e,8.0
2021-09-06,TeamA-7a0fe0d4-c3f7-4ba1-8210-2ee9354d331e,7.0
2021-09-07,TeamA-7a0fe0d4-c3f7-4ba1-8210-2ee9354d331e,7.5
2021-09-08,TeamA-7a0fe0d4-c3f7-4ba1-8210-2ee9354d331e,8.0
2021-09-09,TeamA-7a0fe0d4-c3f7-4ba1-8210-2ee9354d331e,7.5
2021-09-10,TeamA-7a0fe0d4-c3f7-4ba1-8210-2ee9354d331e,8.0
2021-09-12,TeamA-7a0fe0d4-c3f7-4ba1-8210-2ee9354d331e,8.0
2021-09-21,TeamA-7a0fe0d4-c3f7-4ba1-8210-2ee9354d331e,7.0
2021-09-22,TeamA-7a0fe0d4-c3f7-4ba1-8210-2ee9354d331e,5.5
2021-09-23,TeamA-7a0fe0d4-c3f7-4ba1-8210-2ee9354d331e,8.0
2021-09-24,TeamA-7a0fe0d4-c3f7-4ba1-8210-2ee9354d331e,8.0
2021-09-25,TeamA-7a0fe0d4-c3f7-4ba1-8210-2ee9354d331e,7.0
2021-09-27,TeamA-7a0fe0d4-c3f7-4ba1-8210-2ee9354d331e,8.0
2021-09-28,TeamA-7a0fe0d4-c3f7-4ba1-8210-2ee9354d331e,7.0
2021-09-29,TeamA-7a0fe0d4-c3f7-4ba1-8210-2ee9354d331e,7.5
2021-10-01,TeamA-7a0fe0d4-c3f7-4ba1-8210-2ee9354d331e,8.0
2021-10-06,TeamA-7a0fe0d4-c3f7-4ba1-8210-2ee9354d331e,8.0
2021-10-07,TeamA-7a0fe0d4-c3f7-4ba1-8210-2ee9354d331e,8.0
2021-10-08,TeamA-7a0fe0d4-c3f7-4ba1-8210-2ee9354d331e,8.0
2021-10-09,TeamA-7a0fe0d4-c3f7-4ba1-8210-2ee9354d331e,8.0
2021-10-10,TeamA-7a0fe0d4-c3f7-4ba1-8210-2ee9354d331e,7.0
2021-10-11,TeamA-7a0fe0d4-c3f7-4ba1-8210-2ee9354d331e,5.5
2021-10-12,TeamA-7a0fe0d4-c3f7-4ba1-8210-2ee9354d331e,6.5
2021-10-13,TeamA-7a0fe0d4-c3f7-4ba1-8210-2ee9354d331e,8.0
2021-10-14,TeamA-7a0fe0d4-c3f7-4ba1-8210-2ee9354d331e,7.5
2021-10-15,TeamA-7a0fe0d4-c3f7-4ba1-8210-2ee9354d331e,8.0
2021-10-16,TeamA-7a0fe0d4-c3f7-4ba1-8210-2ee9354d331e,7.5
2021-10-17,TeamA-7a0fe0d4-c3f7-4ba1-8210-2ee9354d331e,7.0
2021-10-18,TeamA-7a0fe0d4-c3f7-4ba1-8210-2ee9354d331e,7.5
2021-10-19,TeamA-7a0fe0d4-c3f7-4ba1-8210-2ee9354d331e,7.0
2021-10-20,TeamA-7a0fe0d4-c3f7-4ba1-8210-2ee9354d331e,7.5
2021-10-21,TeamA-7a0fe0d4-c3f7-4ba1-8210-2ee9354d331e,8.0
2021-10-22,TeamA-7a0fe0d4-c3f7-4ba1-8210-2ee9354d331e,8.0
2021-10-23,TeamA-7a0fe0d4-c3f7-4ba1-8210-2ee9354d331e,6.0
2021-10-24,TeamA-7a0fe0d4-c3f7-4ba1-8210-2ee9354d331e,8.0
2021-10-25,TeamA-7a0fe0d4-c3f7-4ba1-8210-2ee9354d331e,8.0
2021-10-26,TeamA-7a0fe0d4-c3f7-4ba1-8210-2ee9354d331e,8.0
2021-10-27,TeamA-7a0fe0d4-c3f7-4ba1-8210-2ee9354d331e,6.5
2021-10-28,TeamA-7a0fe0d4-c3f7-4ba1-8210-2ee9354d331e,6.5
2021-10-29,TeamA-7a0fe0d4-c3f7-4ba1-8210-2ee9354d331e,6.0
2021-10-30,TeamA-7a0fe0d4-c3f7-4ba1-8210-2ee9354d331e,6.0
2021-11-01,TeamA-7a0fe0d4-c3f7-4ba1-8210-2ee9354d331e,9.0
2021-11-02,TeamA-7a0fe0d4-c3f7-4ba1-8210-2ee9354d331e,8.0
2021-11-04,TeamA-7a0fe0d4-c3f7-4ba1-8210-2ee9354d331e,7.5
2021-11-05,TeamA-7a0fe0d4-c3f7-4ba1-8210-2ee9354d331e,8.0
2021-11-06,TeamA-7a0fe0d4-c3f7-4ba1-8210-2ee9354d331e,7.0
2021-11-07,TeamA-7a0fe0d4-c3f7-4ba1-8210-2ee9354d331e,8.0
2021-11-08,TeamA-7a0fe0d4-c3f7-4ba1-8210-2ee9354d331e,8.0
2021-11-09,TeamA-7a0fe0d4-c3f7-4ba1-8210-2ee9354d331e,8.0
2021-11-10,TeamA-7a0fe0d4-c3f7-4ba1-8210-2ee9354d331e,8.0
2021-11-11,TeamA-7a0fe0d4-c3f7-4ba1-8210-2ee9354d331e,8.0
2021-11-12,TeamA-7a0fe0d4-c3f7-4ba1-8210-2ee9354d331e,8.0
2021-11-13,TeamA-7a0fe0d4-c3f7-4ba1-8210-2ee9354d331e,8.0
2021-11-15,TeamA-7a0fe0d4-c3f7-4ba1-8210-2ee9354d331e,8.0
2021-11-16,TeamA-7a0fe0d4-c3f7-4ba1-8210-2ee9354d331e,7.5
2021-11-17,TeamA-7a0fe0d4-c3f7-4ba1-8210-2ee9354d331e,3.0
2021-11-18,TeamA-7a0fe0d4-c3f7-4ba1-8210-2ee9354d331e,9.0
2021-11-19,TeamA-7a0fe0d4-c3f7-4ba1-8210-2ee9354d331e,6.5
2021-11-20,TeamA-7a0fe0d4-c3f7-4ba1-8210-2ee9354d331e,7.5
2021-11-21,TeamA-7a0fe0d4-c3f7-4ba1-8210-2ee9354d331e,7.5
2021-11-22,TeamA-7a0fe0d4-c3f7-4ba1-8210-2ee9354d331e,10.0
2021-11-23,TeamA-7a0fe0d4-c3f7-4ba1-8210-2ee9354d331e,8.0
2021-11-24,TeamA-7a0fe0d4-c3f7-4ba1-8210-2ee9354d331e,6.5
2021-11-25,TeamA-7a0fe0d4-c3f7-4ba1-8210-2ee9354d331e,6.5
2021-11-26,TeamA-7a0fe0d4-c3f7-4ba1-8210-2ee9354d331e,7.5
2021-11-28,TeamA-7a0fe0d4-c3f7-4ba1-8210-2ee9354d331e,7.5
2021-11-29,TeamA-7a0fe0d4-c3f7-4ba1-8210-2ee9354d331e,8.0
2021-11-30,TeamA-7a0fe0d4-c3f7-4ba1-8210-2ee9354d331e,7.0
2021-12-01,TeamA-7a0fe0d4-c3f7-4ba1-8210-2ee9354d331e,8.5
2021-12-02,TeamA-7a0fe0d4-c3f7-4ba1-8210-2ee9354d331e,6.0
2021-12-03,TeamA-7a0fe0d4-c3f7-4ba1-8210-2ee9354d331e,8.0
2021-12-04,TeamA-7a0fe0d4-c3f7-4ba1-8210-2ee9354d331e,6.0
2021-12-05,TeamA-7a0fe0d4-c3f7-4ba1-8210-2ee9354d331e,5.5
2021-12-06,TeamA-7a0fe0d4-c3f7-4ba1-8210-2ee9354d331e,9.0
2021-12-08,TeamA-7a0fe0d4-c3f7-4ba1-8210-2ee9354d331e,8.5
2021-12-09,TeamA-7a0fe0d4-c3f7-4ba1-8210-2ee9354d331e,8.0
2021-12-10,TeamA-7a0fe0d4-c3f7-4ba1-8210-2ee9354d331e,8.0
2021-12-11,TeamA-7a0fe0d4-c3f7-4ba1-8210-2ee9354d331e,8.0
2021-12-14,TeamA-7a0fe0d4-c3f7-4ba1-8210-2ee9354d331e,6.5
2021-12-15,TeamA-7a0fe0d4-c3f7-4ba1-8210-2ee9354d331e,7.0
2021-12-16,TeamA-7a0fe0d4-c3f7-4ba1-8210-2ee9354d331e,8.0
2021-12-17,TeamA-7a0fe0d4-c3f7-4ba1-8210-2ee9354d331e,8.0
2021-12-18,TeamA-7a0fe0d4-c3f7-4ba1-8210-2ee9354d331e,6.5
2021-12-19,TeamA-7a0fe0d4-c3f7-4ba1-8210-2ee9354d331e,7.5
2021-12-20,TeamA-7a0fe0d4-c3f7-4ba1-8210-2ee9354d331e,7.0
2021-12-21,TeamA-7a0fe0d4-c3f7-4ba1-8210-2ee9354d331e,8.0
2021-12-22,TeamA-7a0fe0d4-c3f7-4ba1-8210-2ee9354d331e,8.0
2021-12-23,TeamA-7a0fe0d4-c3f7-4ba1-8210-2ee9354d331e,8.5
2021-12-24,TeamA-7a0fe0d4-c3f7-4ba1-8210-2ee9354d331e,8.0
2021-12-25,TeamA-7a0fe0d4-c3f7-4ba1-8210-2ee9354d331e,8.0
2021-12-26,TeamA-7a0fe0d4-c3f7-4ba1-8210-2ee9354d331e,8.0
2021-12-27,TeamA-7a0fe0d4-c3f7-4ba1-8210-2ee9354d331e,8.0
2021-12-28,TeamA-7a0fe0d4-c3f7-4ba1-8210-2ee9354d331e,7.5
2021-12-29,TeamA-7a0fe0d4-c3f7-4ba1-8210-2ee9354d331e,6.5
2021-12-30,TeamA-7a0fe0d4-c3f7-4ba1-8210-2ee9354d331e,8.0
2021-12-31,TeamA-7a0fe0d4-c3f7-4ba1-8210-2ee9354d331e,8.0
2020-07-29,TeamA-82a0cc6a-a398-4c89-b5fb-34bc4b53dbea,8.0
2020-07-30,TeamA-82a0cc6a-a398-4c89-b5fb-34bc4b53dbea,8.0
2020-07-31,TeamA-82a0cc6a-a398-4c89-b5fb-34bc4b53dbea,8.5
2020-08-01,TeamA-82a0cc6a-a398-4c89-b5fb-34bc4b53dbea,8.5
2020-08-02,TeamA-82a0cc6a-a398-4c89-b5fb-34bc4b53dbea,8.0
2020-08-03,TeamA-82a0cc6a-a398-4c89-b5fb-34bc4b53dbea,9.0
2020-08-04,TeamA-82a0cc6a-a398-4c89-b5fb-34bc4b53dbea,5.0
2020-08-05,TeamA-82a0cc6a-a398-4c89-b5fb-34bc4b53dbea,8.0
2020-08-06,TeamA-82a0cc6a-a398-4c89-b5fb-34bc4b53dbea,8.0
2020-08-07,TeamA-82a0cc6a-a398-4c89-b5fb-34bc4b53dbea,6.0
2020-08-08,TeamA-82a0cc6a-a398-4c89-b5fb-34bc4b53dbea,9.0
2020-08-09,TeamA-82a0cc6a-a398-4c89-b5fb-34bc4b53dbea,7.0
2020-08-10,TeamA-82a0cc6a-a398-4c89-b5fb-34bc4b53dbea,7.0
2020-08-11,TeamA-82a0cc6a-a398-4c89-b5fb-34bc4b53dbea,7.5
2020-08-12,TeamA-82a0cc6a-a398-4c89-b5fb-34bc4b53dbea,7.0
2020-08-13,TeamA-82a0cc6a-a398-4c89-b5fb-34bc4b53dbea,7.5
2020-08-14,TeamA-82a0cc6a-a398-4c89-b5fb-34bc4b53dbea,6.0
2020-08-16,TeamA-82a0cc6a-a398-4c89-b5fb-34bc4b53dbea,8.5
2020-08-17,TeamA-82a0cc6a-a398-4c89-b5fb-34bc4b53dbea,4.5
2020-08-18,TeamA-82a0cc6a-a398-4c89-b5fb-34bc4b53dbea,7.5
2020-08-20,TeamA-82a0cc6a-a398-4c89-b5fb-34bc4b53dbea,9.0
2020-08-21,TeamA-82a0cc6a-a398-4c89-b5fb-34bc4b53dbea,8.0
2020-08-22,TeamA-82a0cc6a-a398-4c89-b5fb-34bc4b53dbea,10.0
2020-08-23,TeamA-82a0cc6a-a398-4c89-b5fb-34bc4b53dbea,10.0
2020-08-24,TeamA-82a0cc6a-a398-4c89-b5fb-34bc4b53dbea,7.0
2020-08-25,TeamA-82a0cc6a-a398-4c89-b5fb-34bc4b53dbea,6.0
2020-08-26,TeamA-82a0cc6a-a398-4c89-b5fb-34bc4b53dbea,7.0
2020-08-27,TeamA-82a0cc6a-a398-4c89-b5fb-34bc4b53dbea,9.0
2020-08-28,TeamA-82a0cc6a-a398-4c89-b5fb-34bc4b53dbea,9.0
2020-08-29,TeamA-82a0cc6a-a398-4c89-b5fb-34bc4b53dbea,8.0
2020-08-30,TeamA-82a0cc6a-a398-4c89-b5fb-34bc4b53dbea,8.0
2020-08-31,TeamA-82a0cc6a-a398-4c89-b5fb-34bc4b53dbea,10.0
2020-09-01,TeamA-82a0cc6a-a398-4c89-b5fb-34bc4b53dbea,10.0
2020-09-03,TeamA-82a0cc6a-a398-4c89-b5fb-34bc4b53dbea,10.0
2020-09-04,TeamA-82a0cc6a-a398-4c89-b5fb-34bc4b53dbea,9.0
2020-09-05,TeamA-82a0cc6a-a398-4c89-b5fb-34bc4b53dbea,6.5
2020-09-07,TeamA-82a0cc6a-a398-4c89-b5fb-34bc4b53dbea,8.0
2020-09-08,TeamA-82a0cc6a-a398-4c89-b5fb-34bc4b53dbea,6.0
2020-09-09,TeamA-82a0cc6a-a398-4c89-b5fb-34bc4b53dbea,6.0
2020-09-10,TeamA-82a0cc6a-a398-4c89-b5fb-34bc4b53dbea,9.0
2020-09-11,TeamA-82a0cc6a-a398-4c89-b5fb-34bc4b53dbea,8.0
2020-09-12,TeamA-82a0cc6a-a398-4c89-b5fb-34bc4b53dbea,8.0
2020-09-13,TeamA-82a0cc6a-a398-4c89-b5fb-34bc4b53dbea,8.0
2020-09-14,TeamA-82a0cc6a-a398-4c89-b5fb-34bc4b53dbea,8.0
2020-09-16,TeamA-82a0cc6a-a398-4c89-b5fb-34bc4b53dbea,8.0
2020-09-18,TeamA-82a0cc6a-a398-4c89-b5fb-34bc4b53dbea,8.5
2020-09-19,TeamA-82a0cc6a-a398-4c89-b5fb-34bc4b53dbea,8.5
2020-09-20,TeamA-82a0cc6a-a398-4c89-b5fb-34bc4b53dbea,9.0
2020-09-21,TeamA-82a0cc6a-a398-4c89-b5fb-34bc4b53dbea,9.0
2020-09-22,TeamA-82a0cc6a-a398-4c89-b5fb-34bc4b53dbea,9.0
2020-09-24,TeamA-82a0cc6a-a398-4c89-b5fb-34bc4b53dbea,7.0
2020-09-25,TeamA-82a0cc6a-a398-4c89-b5fb-34bc4b53dbea,11.0
2020-09-26,TeamA-82a0cc6a-a398-4c89-b5fb-34bc4b53dbea,7.0
2020-09-27,TeamA-82a0cc6a-a398-4c89-b5fb-34bc4b53dbea,6.0
2020-09-28,TeamA-82a0cc6a-a398-4c89-b5fb-34bc4b53dbea,9.0
2020-09-29,TeamA-82a0cc6a-a398-4c89-b5fb-34bc4b53dbea,5.5
2020-09-30,TeamA-82a0cc6a-a398-4c89-b5fb-34bc4b53dbea,8.0
2020-10-01,TeamA-82a0cc6a-a398-4c89-b5fb-34bc4b53dbea,7.5
2020-10-02,TeamA-82a0cc6a-a398-4c89-b5fb-34bc4b53dbea,7.5
2020-10-03,TeamA-82a0cc6a-a398-4c89-b5fb-34bc4b53dbea,7.5
2020-10-04,TeamA-82a0cc6a-a398-4c89-b5fb-34bc4b53dbea,11.0
2020-10-05,TeamA-82a0cc6a-a398-4c89-b5fb-34bc4b53dbea,6.0
2020-10-06,TeamA-82a0cc6a-a398-4c89-b5fb-34bc4b53dbea,7.5
2020-10-07,TeamA-82a0cc6a-a398-4c89-b5fb-34bc4b53dbea,8.0
2020-10-08,TeamA-82a0cc6a-a398-4c89-b5fb-34bc4b53dbea,9.0
2020-10-09,TeamA-82a0cc6a-a398-4c89-b5fb-34bc4b53dbea,8.0
2020-10-10,TeamA-82a0cc6a-a398-4c89-b5fb-34bc4b53dbea,7.5
2020-10-12,TeamA-82a0cc6a-a398-4c89-b5fb-34bc4b53dbea,7.5
2020-10-13,TeamA-82a0cc6a-a398-4c89-b5fb-34bc4b53dbea,8.0
2020-10-14,TeamA-82a0cc6a-a398-4c89-b5fb-34bc4b53dbea,8.5
2020-10-15,TeamA-82a0cc6a-a398-4c89-b5fb-34bc4b53dbea,9.0
2020-10-16,TeamA-82a0cc6a-a398-4c89-b5fb-34bc4b53dbea,8.5
2020-10-17,TeamA-82a0cc6a-a398-4c89-b5fb-34bc4b53dbea,9.0
2020-10-18,TeamA-82a0cc6a-a398-4c89-b5fb-34bc4b53dbea,10.0
2020-10-19,TeamA-82a0cc6a-a398-4c89-b5fb-34bc4b53dbea,10.0
2020-10-20,TeamA-82a0cc6a-a398-4c89-b5fb-34bc4b53dbea,5.5
2020-10-21,TeamA-82a0cc6a-a398-4c89-b5fb-34bc4b53dbea,10.0
2020-10-22,TeamA-82a0cc6a-a398-4c89-b5fb-34bc4b53dbea,10.0
2020-10-23,TeamA-82a0cc6a-a398-4c89-b5fb-34bc4b53dbea,10.0
2020-10-24,TeamA-82a0cc6a-a398-4c89-b5fb-34bc4b53dbea,8.5
2020-10-25,TeamA-82a0cc6a-a398-4c89-b5fb-34bc4b53dbea,8.0
2020-10-26,TeamA-82a0cc6a-a398-4c89-b5fb-34bc4b53dbea,9.0
2020-10-27,TeamA-82a0cc6a-a398-4c89-b5fb-34bc4b53dbea,9.0
2020-10-28,TeamA-82a0cc6a-a398-4c89-b5fb-34bc4b53dbea,7.0
2020-10-29,TeamA-82a0cc6a-a398-4c89-b5fb-34bc4b53dbea,8.5
2020-10-30,TeamA-82a0cc6a-a398-4c89-b5fb-34bc4b53dbea,7.0
2020-10-31,TeamA-82a0cc6a-a398-4c89-b5fb-34bc4b53dbea,9.0
2020-11-01,TeamA-82a0cc6a-a398-4c89-b5fb-34bc4b53dbea,8.5
2020-11-02,TeamA-82a0cc6a-a398-4c89-b5fb-34bc4b53dbea,6.5
2020-11-04,TeamA-82a0cc6a-a398-4c89-b5fb-34bc4b53dbea,7.0
2020-11-05,TeamA-82a0cc6a-a398-4c89-b5fb-34bc4b53dbea,8.0
2020-11-06,TeamA-82a0cc6a-a398-4c89-b5fb-34bc4b53dbea,7.5
2020-11-07,TeamA-82a0cc6a-a398-4c89-b5fb-34bc4b53dbea,8.0
2020-11-08,TeamA-82a0cc6a-a398-4c89-b5fb-34bc4b53dbea,8.5
2020-11-10,TeamA-82a0cc6a-a398-4c89-b5fb-34bc4b53dbea,8.0
2020-11-11,TeamA-82a0cc6a-a398-4c89-b5fb-34bc4b53dbea,5.5
2020-11-12,TeamA-82a0cc6a-a398-4c89-b5fb-34bc4b53dbea,8.0
2020-11-13,TeamA-82a0cc6a-a398-4c89-b5fb-34bc4b53dbea,7.0
2020-11-14,TeamA-82a0cc6a-a398-4c89-b5fb-34bc4b53dbea,7.5
2020-11-15,TeamA-82a0cc6a-a398-4c89-b5fb-34bc4b53dbea,7.0
2020-11-17,TeamA-82a0cc6a-a398-4c89-b5fb-34bc4b53dbea,6.5
2020-11-18,TeamA-82a0cc6a-a398-4c89-b5fb-34bc4b53dbea,7.0
2020-11-19,TeamA-82a0cc6a-a398-4c89-b5fb-34bc4b53dbea,7.5
2020-11-20,TeamA-82a0cc6a-a398-4c89-b5fb-34bc4b53dbea,8.0
2020-11-22,TeamA-82a0cc6a-a398-4c89-b5fb-34bc4b53dbea,7.0
2020-11-23,TeamA-82a0cc6a-a398-4c89-b5fb-34bc4b53dbea,10.0
2020-11-24,TeamA-82a0cc6a-a398-4c89-b5fb-34bc4b53dbea,7.0
2020-11-25,TeamA-82a0cc6a-a398-4c89-b5fb-34bc4b53dbea,8.0
2020-11-26,TeamA-82a0cc6a-a398-4c89-b5fb-34bc4b53dbea,9.0
2020-11-27,TeamA-82a0cc6a-a398-4c89-b5fb-34bc4b53dbea,11.0
2020-11-28,TeamA-82a0cc6a-a398-4c89-b5fb-34bc4b53dbea,8.0
2020-11-29,TeamA-82a0cc6a-a398-4c89-b5fb-34bc4b53dbea,9.0
2020-11-30,TeamA-82a0cc6a-a398-4c89-b5fb-34bc4b53dbea,6.5
2020-12-01,TeamA-82a0cc6a-a398-4c89-b5fb-34bc4b53dbea,7.0
2020-12-02,TeamA-82a0cc6a-a398-4c89-b5fb-34bc4b53dbea,8.5
2020-12-03,TeamA-82a0cc6a-a398-4c89-b5fb-34bc4b53dbea,10.0
2020-12-04,TeamA-82a0cc6a-a398-4c89-b5fb-34bc4b53dbea,10.0
2020-12-05,TeamA-82a0cc6a-a398-4c89-b5fb-34bc4b53dbea,7.0
2020-12-06,TeamA-82a0cc6a-a398-4c89-b5fb-34bc4b53dbea,10.0
2020-12-08,TeamA-82a0cc6a-a398-4c89-b5fb-34bc4b53dbea,8.0
2020-12-14,TeamA-82a0cc6a-a398-4c89-b5fb-34bc4b53dbea,8.0
2020-12-15,TeamA-82a0cc6a-a398-4c89-b5fb-34bc4b53dbea,7.5
2020-12-16,TeamA-82a0cc6a-a398-4c89-b5fb-34bc4b53dbea,8.0
2020-12-18,TeamA-82a0cc6a-a398-4c89-b5fb-34bc4b53dbea,6.5
2020-12-19,TeamA-82a0cc6a-a398-4c89-b5fb-34bc4b53dbea,7.0
2020-12-20,TeamA-82a0cc6a-a398-4c89-b5fb-34bc4b53dbea,5.5
2020-12-21,TeamA-82a0cc6a-a398-4c89-b5fb-34bc4b53dbea,7.0
2020-12-22,TeamA-82a0cc6a-a398-4c89-b5fb-34bc4b53dbea,5.5
2020-12-23,TeamA-82a0cc6a-a398-4c89-b5fb-34bc4b53dbea,6.0
2020-12-26,TeamA-82a0cc6a-a398-4c89-b5fb-34bc4b53dbea,7.0
2020-12-28,TeamA-82a0cc6a-a398-4c89-b5fb-34bc4b53dbea,7.0
2020-12-29,TeamA-82a0cc6a-a398-4c89-b5fb-34bc4b53dbea,8.0
2020-12-30,TeamA-82a0cc6a-a398-4c89-b5fb-34bc4b53dbea,8.0
2021-01-04,TeamA-82a0cc6a-a398-4c89-b5fb-34bc4b53dbea,8.0
2021-01-05,TeamA-82a0cc6a-a398-4c89-b5fb-34bc4b53dbea,8.0
2021-01-06,TeamA-82a0cc6a-a398-4c89-b5fb-34bc4b53dbea,8.0
2021-01-08,TeamA-82a0cc6a-a398-4c89-b5fb-34bc4b53dbea,8.0
2021-01-09,TeamA-82a0cc6a-a398-4c89-b5fb-34bc4b53dbea,7.0
2021-01-10,TeamA-82a0cc6a-a398-4c89-b5fb-34bc4b53dbea,8.0
2021-01-11,TeamA-82a0cc6a-a398-4c89-b5fb-34bc4b53dbea,7.5
2021-01-12,TeamA-82a0cc6a-a398-4c89-b5fb-34bc4b53dbea,7.5
2021-01-13,TeamA-82a0cc6a-a398-4c89-b5fb-34bc4b53dbea,8.5
2021-01-14,TeamA-82a0cc6a-a398-4c89-b5fb-34bc4b53dbea,8.0
2021-01-15,TeamA-82a0cc6a-a398-4c89-b5fb-34bc4b53dbea,8.0
2021-01-16,TeamA-82a0cc6a-a398-4c89-b5fb-34bc4b53dbea,8.5
2021-01-17,TeamA-82a0cc6a-a398-4c89-b5fb-34bc4b53dbea,9.0
2021-01-18,TeamA-82a0cc6a-a398-4c89-b5fb-34bc4b53dbea,6.0
2021-01-19,TeamA-82a0cc6a-a398-4c89-b5fb-34bc4b53dbea,8.0
2021-01-20,TeamA-82a0cc6a-a398-4c89-b5fb-34bc4b53dbea,8.0
2021-01-21,TeamA-82a0cc6a-a398-4c89-b5fb-34bc4b53dbea,7.0
2021-01-22,TeamA-82a0cc6a-a398-4c89-b5fb-34bc4b53dbea,10.0
2021-01-23,TeamA-82a0cc6a-a398-4c89-b5fb-34bc4b53dbea,7.0
2021-01-24,TeamA-82a0cc6a-a398-4c89-b5fb-34bc4b53dbea,8.0
2021-01-25,TeamA-82a0cc6a-a398-4c89-b5fb-34bc4b53dbea,7.0
2021-01-26,TeamA-82a0cc6a-a398-4c89-b5fb-34bc4b53dbea,9.0
2021-01-27,TeamA-82a0cc6a-a398-4c89-b5fb-34bc4b53dbea,9.0
2021-01-28,TeamA-82a0cc6a-a398-4c89-b5fb-34bc4b53dbea,8.0
2021-01-29,TeamA-82a0cc6a-a398-4c89-b5fb-34bc4b53dbea,9.0
2021-01-30,TeamA-82a0cc6a-a398-4c89-b5fb-34bc4b53dbea,8.5
2021-01-31,TeamA-82a0cc6a-a398-4c89-b5fb-34bc4b53dbea,9.0
2021-02-01,TeamA-82a0cc6a-a398-4c89-b5fb-34bc4b53dbea,6.5
2021-02-02,TeamA-82a0cc6a-a398-4c89-b5fb-34bc4b53dbea,8.5
2021-02-03,TeamA-82a0cc6a-a398-4c89-b5fb-34bc4b53dbea,8.5
2021-02-04,TeamA-82a0cc6a-a398-4c89-b5fb-34bc4b53dbea,9.0
2021-02-05,TeamA-82a0cc6a-a398-4c89-b5fb-34bc4b53dbea,9.0
2021-02-06,TeamA-82a0cc6a-a398-4c89-b5fb-34bc4b53dbea,8.0
2021-02-07,TeamA-82a0cc6a-a398-4c89-b5fb-34bc4b53dbea,8.5
2021-02-09,TeamA-82a0cc6a-a398-4c89-b5fb-34bc4b53dbea,7.0
2021-02-10,TeamA-82a0cc6a-a398-4c89-b5fb-34bc4b53dbea,9.0
2021-02-11,TeamA-82a0cc6a-a398-4c89-b5fb-34bc4b53dbea,9.0
2021-02-12,TeamA-82a0cc6a-a398-4c89-b5fb-34bc4b53dbea,8.0
2021-02-13,TeamA-82a0cc6a-a398-4c89-b5fb-34bc4b53dbea,8.5
2021-02-14,TeamA-82a0cc6a-a398-4c89-b5fb-34bc4b53dbea,8.5
2021-02-15,TeamA-82a0cc6a-a398-4c89-b5fb-34bc4b53dbea,7.5
2021-02-16,TeamA-82a0cc6a-a398-4c89-b5fb-34bc4b53dbea,7.5
2021-02-17,TeamA-82a0cc6a-a398-4c89-b5fb-34bc4b53dbea,9.0
2021-02-18,TeamA-82a0cc6a-a398-4c89-b5fb-34bc4b53dbea,9.0
2021-02-19,TeamA-82a0cc6a-a398-4c89-b5fb-34bc4b53dbea,9.0
2021-02-20,TeamA-82a0cc6a-a398-4c89-b5fb-34bc4b53dbea,8.0
2021-02-21,TeamA-82a0cc6a-a398-4c89-b5fb-34bc4b53dbea,10.0
2021-02-22,TeamA-82a0cc6a-a398-4c89-b5fb-34bc4b53dbea,9.0
2021-02-23,TeamA-82a0cc6a-a398-4c89-b5fb-34bc4b53dbea,7.0
2021-02-24,TeamA-82a0cc6a-a398-4c89-b5fb-34bc4b53dbea,9.0
2021-02-25,TeamA-82a0cc6a-a398-4c89-b5fb-34bc4b53dbea,8.0
2021-02-26,TeamA-82a0cc6a-a398-4c89-b5fb-34bc4b53dbea,8.5
2021-02-28,TeamA-82a0cc6a-a398-4c89-b5fb-34bc4b53dbea,10.0
2021-03-01,TeamA-82a0cc6a-a398-4c89-b5fb-34bc4b53dbea,7.5
2021-03-02,TeamA-82a0cc6a-a398-4c89-b5fb-34bc4b53dbea,7.5
2021-03-03,TeamA-82a0cc6a-a398-4c89-b5fb-34bc4b53dbea,8.0
2021-03-04,TeamA-82a0cc6a-a398-4c89-b5fb-34bc4b53dbea,8.0
2021-03-05,TeamA-82a0cc6a-a398-4c89-b5fb-34bc4b53dbea,8.5
2021-03-07,TeamA-82a0cc6a-a398-4c89-b5fb-34bc4b53dbea,7.0
2021-03-08,TeamA-82a0cc6a-a398-4c89-b5fb-34bc4b53dbea,7.5
2021-03-09,TeamA-82a0cc6a-a398-4c89-b5fb-34bc4b53dbea,7.5
2021-03-11,TeamA-82a0cc6a-a398-4c89-b5fb-34bc4b53dbea,7.5
2021-03-12,TeamA-82a0cc6a-a398-4c89-b5fb-34bc4b53dbea,7.5
2021-03-13,TeamA-82a0cc6a-a398-4c89-b5fb-34bc4b53dbea,8.5
2021-03-14,TeamA-82a0cc6a-a398-4c89-b5fb-34bc4b53dbea,8.5
2021-03-15,TeamA-82a0cc6a-a398-4c89-b5fb-34bc4b53dbea,8.0
2021-03-16,TeamA-82a0cc6a-a398-4c89-b5fb-34bc4b53dbea,7.5
2021-03-18,TeamA-82a0cc6a-a398-4c89-b5fb-34bc4b53dbea,9.0
2021-03-19,TeamA-82a0cc6a-a398-4c89-b5fb-34bc4b53dbea,9.0
2021-03-20,TeamA-82a0cc6a-a398-4c89-b5fb-34bc4b53dbea,9.0
2021-03-21,TeamA-82a0cc6a-a398-4c89-b5fb-34bc4b53dbea,9.0
2021-03-22,TeamA-82a0cc6a-a398-4c89-b5fb-34bc4b53dbea,9.0
2021-03-23,TeamA-82a0cc6a-a398-4c89-b5fb-34bc4b53dbea,7.0
2021-03-24,TeamA-82a0cc6a-a398-4c89-b5fb-34bc4b53dbea,9.0
2021-03-25,TeamA-82a0cc6a-a398-4c89-b5fb-34bc4b53dbea,8.5
2021-03-26,TeamA-82a0cc6a-a398-4c89-b5fb-34bc4b53dbea,8.0
2021-03-27,TeamA-82a0cc6a-a398-4c89-b5fb-34bc4b53dbea,7.5
2021-03-28,TeamA-82a0cc6a-a398-4c89-b5fb-34bc4b53dbea,7.5
2021-03-29,TeamA-82a0cc6a-a398-4c89-b5fb-34bc4b53dbea,8.5
2021-03-30,TeamA-82a0cc6a-a398-4c89-b5fb-34bc4b53dbea,7.5
2021-03-31,TeamA-82a0cc6a-a398-4c89-b5fb-34bc4b53dbea,7.5
2021-04-04,TeamA-82a0cc6a-a398-4c89-b5fb-34bc4b53dbea,8.0
2021-04-05,TeamA-82a0cc6a-a398-4c89-b5fb-34bc4b53dbea,8.5
2021-04-06,TeamA-82a0cc6a-a398-4c89-b5fb-34bc4b53dbea,7.5
2021-04-07,TeamA-82a0cc6a-a398-4c89-b5fb-34bc4b53dbea,7.0
2021-04-08,TeamA-82a0cc6a-a398-4c89-b5fb-34bc4b53dbea,8.5
2021-04-09,TeamA-82a0cc6a-a398-4c89-b5fb-34bc4b53dbea,8.5
2021-04-10,TeamA-82a0cc6a-a398-4c89-b5fb-34bc4b53dbea,8.0
2021-04-11,TeamA-82a0cc6a-a398-4c89-b5fb-34bc4b53dbea,8.5
2021-04-12,TeamA-82a0cc6a-a398-4c89-b5fb-34bc4b53dbea,8.0
2021-04-13,TeamA-82a0cc6a-a398-4c89-b5fb-34bc4b53dbea,8.5
2021-04-14,TeamA-82a0cc6a-a398-4c89-b5fb-34bc4b53dbea,7.0
2021-04-15,TeamA-82a0cc6a-a398-4c89-b5fb-34bc4b53dbea,9.0
2021-04-18,TeamA-82a0cc6a-a398-4c89-b5fb-34bc4b53dbea,10.0
2021-04-19,TeamA-82a0cc6a-a398-4c89-b5fb-34bc4b53dbea,8.5
2021-04-20,TeamA-82a0cc6a-a398-4c89-b5fb-34bc4b53dbea,7.5
2021-04-21,TeamA-82a0cc6a-a398-4c89-b5fb-34bc4b53dbea,7.5
2021-04-22,TeamA-82a0cc6a-a398-4c89-b5fb-34bc4b53dbea,8.0
2021-04-23,TeamA-82a0cc6a-a398-4c89-b5fb-34bc4b53dbea,8.5
2021-04-24,TeamA-82a0cc6a-a398-4c89-b5fb-34bc4b53dbea,9.0
2021-04-25,TeamA-82a0cc6a-a398-4c89-b5fb-34bc4b53dbea,9.0
2021-04-26,TeamA-82a0cc6a-a398-4c89-b5fb-34bc4b53dbea,9.0
2021-04-27,TeamA-82a0cc6a-a398-4c89-b5fb-34bc4b53dbea,7.5
2021-04-29,TeamA-82a0cc6a-a398-4c89-b5fb-34bc4b53dbea,9.0
2021-05-01,TeamA-82a0cc6a-a398-4c89-b5fb-34bc4b53dbea,7.5
2021-05-03,TeamA-82a0cc6a-a398-4c89-b5fb-34bc4b53dbea,9.0
2021-05-05,TeamA-82a0cc6a-a398-4c89-b5fb-34bc4b53dbea,8.0
2021-05-07,TeamA-82a0cc6a-a398-4c89-b5fb-34bc4b53dbea,9.0
2021-05-09,TeamA-82a0cc6a-a398-4c89-b5fb-34bc4b53dbea,9.0
2021-05-10,TeamA-82a0cc6a-a398-4c89-b5fb-34bc4b53dbea,9.0
2021-05-11,TeamA-82a0cc6a-a398-4c89-b5fb-34bc4b53dbea,8.5
2021-05-12,TeamA-82a0cc6a-a398-4c89-b5fb-34bc4b53dbea,8.5
2021-05-13,TeamA-82a0cc6a-a398-4c89-b5fb-34bc4b53dbea,7.5
2021-05-14,TeamA-82a0cc6a-a398-4c89-b5fb-34bc4b53dbea,7.5
2021-05-16,TeamA-82a0cc6a-a398-4c89-b5fb-34bc4b53dbea,8.0
2021-05-17,TeamA-82a0cc6a-a398-4c89-b5fb-34bc4b53dbea,7.0
2021-05-18,TeamA-82a0cc6a-a398-4c89-b5fb-34bc4b53dbea,8.0
2021-05-21,TeamA-82a0cc6a-a398-4c89-b5fb-34bc4b53dbea,8.5
2021-05-22,TeamA-82a0cc6a-a398-4c89-b5fb-34bc4b53dbea,5.5
2021-05-24,TeamA-82a0cc6a-a398-4c89-b5fb-34bc4b53dbea,8.5
2021-05-25,TeamA-82a0cc6a-a398-4c89-b5fb-34bc4b53dbea,8.0
2021-05-26,TeamA-82a0cc6a-a398-4c89-b5fb-34bc4b53dbea,8.0
2021-05-28,TeamA-82a0cc6a-a398-4c89-b5fb-34bc4b53dbea,8.5
2021-05-30,TeamA-82a0cc6a-a398-4c89-b5fb-34bc4b53dbea,8.0
2021-05-31,TeamA-82a0cc6a-a398-4c89-b5fb-34bc4b53dbea,7.0
2021-06-01,TeamA-82a0cc6a-a398-4c89-b5fb-34bc4b53dbea,8.5
2021-06-02,TeamA-82a0cc6a-a398-4c89-b5fb-34bc4b53dbea,8.5
2021-06-03,TeamA-82a0cc6a-a398-4c89-b5fb-34bc4b53dbea,7.5
2021-06-05,TeamA-82a0cc6a-a398-4c89-b5fb-34bc4b53dbea,7.0
2021-06-07,TeamA-82a0cc6a-a398-4c89-b5fb-34bc4b53dbea,7.0
2021-06-08,TeamA-82a0cc6a-a398-4c89-b5fb-34bc4b53dbea,7.0
2021-06-09,TeamA-82a0cc6a-a398-4c89-b5fb-34bc4b53dbea,9.0
2021-06-12,TeamA-82a0cc6a-a398-4c89-b5fb-34bc4b53dbea,6.5
2021-06-15,TeamA-82a0cc6a-a398-4c89-b5fb-34bc4b53dbea,8.5
2021-06-17,TeamA-82a0cc6a-a398-4c89-b5fb-34bc4b53dbea,8.0
2021-06-18,TeamA-82a0cc6a-a398-4c89-b5fb-34bc4b53dbea,8.5
2021-06-19,TeamA-82a0cc6a-a398-4c89-b5fb-34bc4b53dbea,8.0
2021-06-21,TeamA-82a0cc6a-a398-4c89-b5fb-34bc4b53dbea,8.5
2021-06-22,TeamA-82a0cc6a-a398-4c89-b5fb-34bc4b53dbea,8.5
2021-06-23,TeamA-82a0cc6a-a398-4c89-b5fb-34bc4b53dbea,8.5
2021-06-24,TeamA-82a0cc6a-a398-4c89-b5fb-34bc4b53dbea,8.5
2021-06-25,TeamA-82a0cc6a-a398-4c89-b5fb-34bc4b53dbea,9.0
2021-06-26,TeamA-82a0cc6a-a398-4c89-b5fb-34bc4b53dbea,8.5
2021-06-27,TeamA-82a0cc6a-a398-4c89-b5fb-34bc4b53dbea,8.0
2021-06-28,TeamA-82a0cc6a-a398-4c89-b5fb-34bc4b53dbea,7.5
2021-06-29,TeamA-82a0cc6a-a398-4c89-b5fb-34bc4b53dbea,10.0
2021-06-30,TeamA-82a0cc6a-a398-4c89-b5fb-34bc4b53dbea,10.0
2021-07-01,TeamA-82a0cc6a-a398-4c89-b5fb-34bc4b53dbea,8.5
2021-07-02,TeamA-82a0cc6a-a398-4c89-b5fb-34bc4b53dbea,7.5
2021-07-03,TeamA-82a0cc6a-a398-4c89-b5fb-34bc4b53dbea,7.5
2021-07-04,TeamA-82a0cc6a-a398-4c89-b5fb-34bc4b53dbea,11.0
2021-07-05,TeamA-82a0cc6a-a398-4c89-b5fb-34bc4b53dbea,7.0
2021-07-06,TeamA-82a0cc6a-a398-4c89-b5fb-34bc4b53dbea,8.0
2021-07-07,TeamA-82a0cc6a-a398-4c89-b5fb-34bc4b53dbea,8.5
2021-07-08,TeamA-82a0cc6a-a398-4c89-b5fb-34bc4b53dbea,8.5
2021-07-10,TeamA-82a0cc6a-a398-4c89-b5fb-34bc4b53dbea,8.0
2021-07-11,TeamA-82a0cc6a-a398-4c89-b5fb-34bc4b53dbea,12.0
2021-07-12,TeamA-82a0cc6a-a398-4c89-b5fb-34bc4b53dbea,7.5
2021-07-13,TeamA-82a0cc6a-a398-4c89-b5fb-34bc4b53dbea,7.5
2021-07-14,TeamA-82a0cc6a-a398-4c89-b5fb-34bc4b53dbea,8.5
2021-07-15,TeamA-82a0cc6a-a398-4c89-b5fb-34bc4b53dbea,7.5
2021-07-16,TeamA-82a0cc6a-a398-4c89-b5fb-34bc4b53dbea,9.0
2021-08-01,TeamA-82a0cc6a-a398-4c89-b5fb-34bc4b53dbea,7.0
2021-08-02,TeamA-82a0cc6a-a398-4c89-b5fb-34bc4b53dbea,7.0
2021-08-03,TeamA-82a0cc6a-a398-4c89-b5fb-34bc4b53dbea,7.0
2021-08-04,TeamA-82a0cc6a-a398-4c89-b5fb-34bc4b53dbea,8.0
2021-08-05,TeamA-82a0cc6a-a398-4c89-b5fb-34bc4b53dbea,7.0
2021-08-06,TeamA-82a0cc6a-a398-4c89-b5fb-34bc4b53dbea,9.0
2021-08-07,TeamA-82a0cc6a-a398-4c89-b5fb-34bc4b53dbea,7.0
2021-08-08,TeamA-82a0cc6a-a398-4c89-b5fb-34bc4b53dbea,8.0
2021-08-09,TeamA-82a0cc6a-a398-4c89-b5fb-34bc4b53dbea,7.0
2021-08-10,TeamA-82a0cc6a-a398-4c89-b5fb-34bc4b53dbea,8.0
2021-08-11,TeamA-82a0cc6a-a398-4c89-b5fb-34bc4b53dbea,7.5
2021-08-12,TeamA-82a0cc6a-a398-4c89-b5fb-34bc4b53dbea,8.5
2021-08-13,TeamA-82a0cc6a-a398-4c89-b5fb-34bc4b53dbea,9.0
2021-08-14,TeamA-82a0cc6a-a398-4c89-b5fb-34bc4b53dbea,10.0
2021-08-15,TeamA-82a0cc6a-a398-4c89-b5fb-34bc4b53dbea,8.5
2021-08-16,TeamA-82a0cc6a-a398-4c89-b5fb-34bc4b53dbea,8.0
2021-08-17,TeamA-82a0cc6a-a398-4c89-b5fb-34bc4b53dbea,8.5
2021-08-18,TeamA-82a0cc6a-a398-4c89-b5fb-34bc4b53dbea,12.0
2021-08-19,TeamA-82a0cc6a-a398-4c89-b5fb-34bc4b53dbea,8.0
2021-08-20,TeamA-82a0cc6a-a398-4c89-b5fb-34bc4b53dbea,8.0
2021-08-21,TeamA-82a0cc6a-a398-4c89-b5fb-34bc4b53dbea,8.0
2021-08-22,TeamA-82a0cc6a-a398-4c89-b5fb-34bc4b53dbea,8.5
2021-08-23,TeamA-82a0cc6a-a398-4c89-b5fb-34bc4b53dbea,8.5
2021-08-24,TeamA-82a0cc6a-a398-4c89-b5fb-34bc4b53dbea,7.5
2021-08-25,TeamA-82a0cc6a-a398-4c89-b5fb-34bc4b53dbea,8.0
2021-08-26,TeamA-82a0cc6a-a398-4c89-b5fb-34bc4b53dbea,8.0
2021-08-27,TeamA-82a0cc6a-a398-4c89-b5fb-34bc4b53dbea,7.0
2021-08-28,TeamA-82a0cc6a-a398-4c89-b5fb-34bc4b53dbea,8.0
2021-08-29,TeamA-82a0cc6a-a398-4c89-b5fb-34bc4b53dbea,8.0
2021-08-30,TeamA-82a0cc6a-a398-4c89-b5fb-34bc4b53dbea,9.0
2021-08-31,TeamA-82a0cc6a-a398-4c89-b5fb-34bc4b53dbea,8.0
2021-09-01,TeamA-82a0cc6a-a398-4c89-b5fb-34bc4b53dbea,11.0
2021-09-02,TeamA-82a0cc6a-a398-4c89-b5fb-34bc4b53dbea,7.5
2021-09-03,TeamA-82a0cc6a-a398-4c89-b5fb-34bc4b53dbea,8.0
2021-09-04,TeamA-82a0cc6a-a398-4c89-b5fb-34bc4b53dbea,7.5
2021-09-05,TeamA-82a0cc6a-a398-4c89-b5fb-34bc4b53dbea,7.5
2021-09-06,TeamA-82a0cc6a-a398-4c89-b5fb-34bc4b53dbea,10.0
2021-09-07,TeamA-82a0cc6a-a398-4c89-b5fb-34bc4b53dbea,8.0
2021-09-08,TeamA-82a0cc6a-a398-4c89-b5fb-34bc4b53dbea,8.0
2021-09-09,TeamA-82a0cc6a-a398-4c89-b5fb-34bc4b53dbea,9.0
2021-09-10,TeamA-82a0cc6a-a398-4c89-b5fb-34bc4b53dbea,7.5
2021-09-11,TeamA-82a0cc6a-a398-4c89-b5fb-34bc4b53dbea,7.5
2021-09-12,TeamA-82a0cc6a-a398-4c89-b5fb-34bc4b53dbea,8.5
2021-09-13,TeamA-82a0cc6a-a398-4c89-b5fb-34bc4b53dbea,8.0
2021-09-14,TeamA-82a0cc6a-a398-4c89-b5fb-34bc4b53dbea,8.0
2021-09-15,TeamA-82a0cc6a-a398-4c89-b5fb-34bc4b53dbea,8.0
2021-09-16,TeamA-82a0cc6a-a398-4c89-b5fb-34bc4b53dbea,8.0
2021-09-18,TeamA-82a0cc6a-a398-4c89-b5fb-34bc4b53dbea,9.0
2021-09-19,TeamA-82a0cc6a-a398-4c89-b5fb-34bc4b53dbea,7.5
2021-09-20,TeamA-82a0cc6a-a398-4c89-b5fb-34bc4b53dbea,7.5
2021-09-21,TeamA-82a0cc6a-a398-4c89-b5fb-34bc4b53dbea,7.5
2021-09-22,TeamA-82a0cc6a-a398-4c89-b5fb-34bc4b53dbea,8.0
2021-09-23,TeamA-82a0cc6a-a398-4c89-b5fb-34bc4b53dbea,8.0
2021-09-24,TeamA-82a0cc6a-a398-4c89-b5fb-34bc4b53dbea,9.0
2021-09-25,TeamA-82a0cc6a-a398-4c89-b5fb-34bc4b53dbea,7.5
2021-09-26,TeamA-82a0cc6a-a398-4c89-b5fb-34bc4b53dbea,8.0
2021-09-27,TeamA-82a0cc6a-a398-4c89-b5fb-34bc4b53dbea,9.0
2021-09-28,TeamA-82a0cc6a-a398-4c89-b5fb-34bc4b53dbea,8.5
2021-09-29,TeamA-82a0cc6a-a398-4c89-b5fb-34bc4b53dbea,9.0
2021-09-30,TeamA-82a0cc6a-a398-4c89-b5fb-34bc4b53dbea,8.0
2021-10-01,TeamA-82a0cc6a-a398-4c89-b5fb-34bc4b53dbea,7.0
2021-10-03,TeamA-82a0cc6a-a398-4c89-b5fb-34bc4b53dbea,7.0
2021-10-04,TeamA-82a0cc6a-a398-4c89-b5fb-34bc4b53dbea,7.5
2021-10-05,TeamA-82a0cc6a-a398-4c89-b5fb-34bc4b53dbea,9.0
2021-10-07,TeamA-82a0cc6a-a398-4c89-b5fb-34bc4b53dbea,10.0
2021-10-08,TeamA-82a0cc6a-a398-4c89-b5fb-34bc4b53dbea,7.5
2021-10-09,TeamA-82a0cc6a-a398-4c89-b5fb-34bc4b53dbea,8.0
2021-10-10,TeamA-82a0cc6a-a398-4c89-b5fb-34bc4b53dbea,8.0
2021-10-11,TeamA-82a0cc6a-a398-4c89-b5fb-34bc4b53dbea,11.0
2021-10-12,TeamA-82a0cc6a-a398-4c89-b5fb-34bc4b53dbea,7.0
2021-10-13,TeamA-82a0cc6a-a398-4c89-b5fb-34bc4b53dbea,11.0
2021-11-25,TeamA-82a0cc6a-a398-4c89-b5fb-34bc4b53dbea,5.0
2021-12-02,TeamA-82a0cc6a-a398-4c89-b5fb-34bc4b53dbea,7.0
2021-12-04,TeamA-82a0cc6a-a398-4c89-b5fb-34bc4b53dbea,6.0
2021-12-06,TeamA-82a0cc6a-a398-4c89-b5fb-34bc4b53dbea,8.0
2021-12-07,TeamA-82a0cc6a-a398-4c89-b5fb-34bc4b53dbea,6.5
2021-12-10,TeamA-82a0cc6a-a398-4c89-b5fb-34bc4b53dbea,8.0
2021-12-11,TeamA-82a0cc6a-a398-4c89-b5fb-34bc4b53dbea,6.0
2021-12-14,TeamA-82a0cc6a-a398-4c89-b5fb-34bc4b53dbea,7.0
2021-12-15,TeamA-82a0cc6a-a398-4c89-b5fb-34bc4b53dbea,8.0
2021-12-16,TeamA-82a0cc6a-a398-4c89-b5fb-34bc4b53dbea,7.0
2021-12-17,TeamA-82a0cc6a-a398-4c89-b5fb-34bc4b53dbea,7.0
2021-12-18,TeamA-82a0cc6a-a398-4c89-b5fb-34bc4b53dbea,8.5
2021-12-19,TeamA-82a0cc6a-a398-4c89-b5fb-34bc4b53dbea,7.5
2021-12-20,TeamA-82a0cc6a-a398-4c89-b5fb-34bc4b53dbea,5.0
2021-12-22,TeamA-82a0cc6a-a398-4c89-b5fb-34bc4b53dbea,4.0
2021-12-25,TeamA-82a0cc6a-a398-4c89-b5fb-34bc4b53dbea,5.0
2021-12-26,TeamA-82a0cc6a-a398-4c89-b5fb-34bc4b53dbea,6.0
2021-12-27,TeamA-82a0cc6a-a398-4c89-b5fb-34bc4b53dbea,7.0
2021-12-28,TeamA-82a0cc6a-a398-4c89-b5fb-34bc4b53dbea,8.0
2021-12-29,TeamA-82a0cc6a-a398-4c89-b5fb-34bc4b53dbea,4.0
2021-12-30,TeamA-82a0cc6a-a398-4c89-b5fb-34bc4b53dbea,9.0
2021-12-31,TeamA-82a0cc6a-a398-4c89-b5fb-34bc4b53dbea,2.0
2021-02-02,TeamA-967090b2-87d4-476b-adba-56cfaf65ba87,7.5
2021-02-04,TeamA-967090b2-87d4-476b-adba-56cfaf65ba87,9.0
2021-02-05,TeamA-967090b2-87d4-476b-adba-56cfaf65ba87,8.0
2021-02-09,TeamA-967090b2-87d4-476b-adba-56cfaf65ba87,7.5
2021-02-10,TeamA-967090b2-87d4-476b-adba-56cfaf65ba87,8.5
2021-02-12,TeamA-967090b2-87d4-476b-adba-56cfaf65ba87,8.5
2021-02-13,TeamA-967090b2-87d4-476b-adba-56cfaf65ba87,8.5
2021-03-01,TeamA-967090b2-87d4-476b-adba-56cfaf65ba87,8.5
2021-03-02,TeamA-967090b2-87d4-476b-adba-56cfaf65ba87,8.0
2021-03-09,TeamA-967090b2-87d4-476b-adba-56cfaf65ba87,8.0
2021-03-10,TeamA-967090b2-87d4-476b-adba-56cfaf65ba87,8.5
2021-03-11,TeamA-967090b2-87d4-476b-adba-56cfaf65ba87,9.0
2021-03-12,TeamA-967090b2-87d4-476b-adba-56cfaf65ba87,9.0
2021-04-07,TeamA-967090b2-87d4-476b-adba-56cfaf65ba87,9.0
2021-04-08,TeamA-967090b2-87d4-476b-adba-56cfaf65ba87,9.0
2021-04-09,TeamA-967090b2-87d4-476b-adba-56cfaf65ba87,9.0
2021-04-13,TeamA-967090b2-87d4-476b-adba-56cfaf65ba87,8.0
2021-04-17,TeamA-967090b2-87d4-476b-adba-56cfaf65ba87,9.0
2021-04-19,TeamA-967090b2-87d4-476b-adba-56cfaf65ba87,8.5
2021-04-20,TeamA-967090b2-87d4-476b-adba-56cfaf65ba87,8.0
2021-04-21,TeamA-967090b2-87d4-476b-adba-56cfaf65ba87,8.5
2021-04-23,TeamA-967090b2-87d4-476b-adba-56cfaf65ba87,8.5
2021-05-19,TeamA-967090b2-87d4-476b-adba-56cfaf65ba87,8.5
2021-05-20,TeamA-967090b2-87d4-476b-adba-56cfaf65ba87,9.0
2021-05-21,TeamA-967090b2-87d4-476b-adba-56cfaf65ba87,8.5
2021-05-22,TeamA-967090b2-87d4-476b-adba-56cfaf65ba87,9.0
2021-05-23,TeamA-967090b2-87d4-476b-adba-56cfaf65ba87,8.5
2021-05-24,TeamA-967090b2-87d4-476b-adba-56cfaf65ba87,8.5
2021-05-25,TeamA-967090b2-87d4-476b-adba-56cfaf65ba87,8.0
2021-05-26,TeamA-967090b2-87d4-476b-adba-56cfaf65ba87,8.5
2021-05-27,TeamA-967090b2-87d4-476b-adba-56cfaf65ba87,9.0
2021-05-28,TeamA-967090b2-87d4-476b-adba-56cfaf65ba87,9.0
2021-05-29,TeamA-967090b2-87d4-476b-adba-56cfaf65ba87,9.0
2021-05-30,TeamA-967090b2-87d4-476b-adba-56cfaf65ba87,9.0
2021-05-31,TeamA-967090b2-87d4-476b-adba-56cfaf65ba87,9.0
2021-06-02,TeamA-967090b2-87d4-476b-adba-56cfaf65ba87,9.0
2021-06-03,TeamA-967090b2-87d4-476b-adba-56cfaf65ba87,9.0
2021-06-05,TeamA-967090b2-87d4-476b-adba-56cfaf65ba87,9.0
2021-06-06,TeamA-967090b2-87d4-476b-adba-56cfaf65ba87,8.0
2021-06-07,TeamA-967090b2-87d4-476b-adba-56cfaf65ba87,8.5
2021-06-08,TeamA-967090b2-87d4-476b-adba-56cfaf65ba87,8.0
2021-06-10,TeamA-967090b2-87d4-476b-adba-56cfaf65ba87,9.0
2021-06-13,TeamA-967090b2-87d4-476b-adba-56cfaf65ba87,9.0
2021-06-14,TeamA-967090b2-87d4-476b-adba-56cfaf65ba87,8.5
2021-06-15,TeamA-967090b2-87d4-476b-adba-56cfaf65ba87,9.0
2021-06-16,TeamA-967090b2-87d4-476b-adba-56cfaf65ba87,9.0
2021-06-17,TeamA-967090b2-87d4-476b-adba-56cfaf65ba87,9.0
2021-06-18,TeamA-967090b2-87d4-476b-adba-56cfaf65ba87,9.0
2021-06-19,TeamA-967090b2-87d4-476b-adba-56cfaf65ba87,9.0
2021-06-20,TeamA-967090b2-87d4-476b-adba-56cfaf65ba87,9.0
2021-06-21,TeamA-967090b2-87d4-476b-adba-56cfaf65ba87,9.0
2021-06-22,TeamA-967090b2-87d4-476b-adba-56cfaf65ba87,9.0
2021-06-23,TeamA-967090b2-87d4-476b-adba-56cfaf65ba87,9.0
2021-06-24,TeamA-967090b2-87d4-476b-adba-56cfaf65ba87,9.0
2021-06-25,TeamA-967090b2-87d4-476b-adba-56cfaf65ba87,9.0
2021-06-26,TeamA-967090b2-87d4-476b-adba-56cfaf65ba87,9.0
2021-06-27,TeamA-967090b2-87d4-476b-adba-56cfaf65ba87,9.0
2021-06-28,TeamA-967090b2-87d4-476b-adba-56cfaf65ba87,9.0
2021-06-29,TeamA-967090b2-87d4-476b-adba-56cfaf65ba87,9.0
2021-06-30,TeamA-967090b2-87d4-476b-adba-56cfaf65ba87,9.0
2021-07-01,TeamA-967090b2-87d4-476b-adba-56cfaf65ba87,9.0
2021-07-02,TeamA-967090b2-87d4-476b-adba-56cfaf65ba87,8.0
2021-07-03,TeamA-967090b2-87d4-476b-adba-56cfaf65ba87,9.0
2021-07-04,TeamA-967090b2-87d4-476b-adba-56cfaf65ba87,9.0
2021-07-05,TeamA-967090b2-87d4-476b-adba-56cfaf65ba87,9.0
2021-07-06,TeamA-967090b2-87d4-476b-adba-56cfaf65ba87,9.0
2021-07-07,TeamA-967090b2-87d4-476b-adba-56cfaf65ba87,8.5
2021-07-08,TeamA-967090b2-87d4-476b-adba-56cfaf65ba87,8.5
2021-07-09,TeamA-967090b2-87d4-476b-adba-56cfaf65ba87,9.0
2021-07-10,TeamA-967090b2-87d4-476b-adba-56cfaf65ba87,9.0
2021-07-11,TeamA-967090b2-87d4-476b-adba-56cfaf65ba87,9.0
2021-07-12,TeamA-967090b2-87d4-476b-adba-56cfaf65ba87,8.0
2021-07-13,TeamA-967090b2-87d4-476b-adba-56cfaf65ba87,8.5
2021-07-14,TeamA-967090b2-87d4-476b-adba-56cfaf65ba87,9.0
2021-07-15,TeamA-967090b2-87d4-476b-adba-56cfaf65ba87,8.5
2021-07-16,TeamA-967090b2-87d4-476b-adba-56cfaf65ba87,9.0
2021-07-17,TeamA-967090b2-87d4-476b-adba-56cfaf65ba87,9.0
2021-07-18,TeamA-967090b2-87d4-476b-adba-56cfaf65ba87,9.0
2021-07-19,TeamA-967090b2-87d4-476b-adba-56cfaf65ba87,9.0
2021-07-20,TeamA-967090b2-87d4-476b-adba-56cfaf65ba87,9.0
2021-07-21,TeamA-967090b2-87d4-476b-adba-56cfaf65ba87,10.0
2021-07-22,TeamA-967090b2-87d4-476b-adba-56cfaf65ba87,9.0
2021-07-23,TeamA-967090b2-87d4-476b-adba-56cfaf65ba87,9.0
2021-07-24,TeamA-967090b2-87d4-476b-adba-56cfaf65ba87,9.0
2021-07-25,TeamA-967090b2-87d4-476b-adba-56cfaf65ba87,9.0
2021-07-26,TeamA-967090b2-87d4-476b-adba-56cfaf65ba87,9.0
2021-07-27,TeamA-967090b2-87d4-476b-adba-56cfaf65ba87,9.0
2021-07-28,TeamA-967090b2-87d4-476b-adba-56cfaf65ba87,8.0
2021-07-29,TeamA-967090b2-87d4-476b-adba-56cfaf65ba87,8.5
2021-07-30,TeamA-967090b2-87d4-476b-adba-56cfaf65ba87,9.0
2021-08-01,TeamA-967090b2-87d4-476b-adba-56cfaf65ba87,10.0
2021-08-02,TeamA-967090b2-87d4-476b-adba-56cfaf65ba87,9.0
2021-08-03,TeamA-967090b2-87d4-476b-adba-56cfaf65ba87,8.0
2021-08-04,TeamA-967090b2-87d4-476b-adba-56cfaf65ba87,8.5
2021-08-05,TeamA-967090b2-87d4-476b-adba-56cfaf65ba87,10.0
2021-08-06,TeamA-967090b2-87d4-476b-adba-56cfaf65ba87,9.0
2021-08-07,TeamA-967090b2-87d4-476b-adba-56cfaf65ba87,9.0
2021-08-08,TeamA-967090b2-87d4-476b-adba-56cfaf65ba87,9.0
2021-08-09,TeamA-967090b2-87d4-476b-adba-56cfaf65ba87,9.0
2021-08-10,TeamA-967090b2-87d4-476b-adba-56cfaf65ba87,9.0
2021-08-11,TeamA-967090b2-87d4-476b-adba-56cfaf65ba87,9.0
2021-08-12,TeamA-967090b2-87d4-476b-adba-56cfaf65ba87,9.0
2021-08-13,TeamA-967090b2-87d4-476b-adba-56cfaf65ba87,9.0
2021-08-14,TeamA-967090b2-87d4-476b-adba-56cfaf65ba87,9.0
2021-08-15,TeamA-967090b2-87d4-476b-adba-56cfaf65ba87,7.0
2021-08-16,TeamA-967090b2-87d4-476b-adba-56cfaf65ba87,8.0
2021-08-17,TeamA-967090b2-87d4-476b-adba-56cfaf65ba87,9.0
2021-08-18,TeamA-967090b2-87d4-476b-adba-56cfaf65ba87,8.0
2021-08-19,TeamA-967090b2-87d4-476b-adba-56cfaf65ba87,8.5
2021-08-20,TeamA-967090b2-87d4-476b-adba-56cfaf65ba87,9.0
2021-08-21,TeamA-967090b2-87d4-476b-adba-56cfaf65ba87,9.0
2021-08-22,TeamA-967090b2-87d4-476b-adba-56cfaf65ba87,9.0
2021-08-23,TeamA-967090b2-87d4-476b-adba-56cfaf65ba87,9.0
2021-08-24,TeamA-967090b2-87d4-476b-adba-56cfaf65ba87,9.0
2021-08-25,TeamA-967090b2-87d4-476b-adba-56cfaf65ba87,9.0
2021-08-26,TeamA-967090b2-87d4-476b-adba-56cfaf65ba87,9.0
2021-08-27,TeamA-967090b2-87d4-476b-adba-56cfaf65ba87,8.0
2021-08-28,TeamA-967090b2-87d4-476b-adba-56cfaf65ba87,9.0
2021-08-29,TeamA-967090b2-87d4-476b-adba-56cfaf65ba87,9.0
2021-08-30,TeamA-967090b2-87d4-476b-adba-56cfaf65ba87,9.0
2021-08-31,TeamA-967090b2-87d4-476b-adba-56cfaf65ba87,9.0
2021-09-01,TeamA-967090b2-87d4-476b-adba-56cfaf65ba87,9.0
2021-09-02,TeamA-967090b2-87d4-476b-adba-56cfaf65ba87,9.0
2021-09-03,TeamA-967090b2-87d4-476b-adba-56cfaf65ba87,7.5
2021-09-04,TeamA-967090b2-87d4-476b-adba-56cfaf65ba87,9.0
2021-09-05,TeamA-967090b2-87d4-476b-adba-56cfaf65ba87,9.0
2021-09-06,TeamA-967090b2-87d4-476b-adba-56cfaf65ba87,8.5
2021-09-07,TeamA-967090b2-87d4-476b-adba-56cfaf65ba87,9.0
2021-09-08,TeamA-967090b2-87d4-476b-adba-56cfaf65ba87,8.5
2021-09-09,TeamA-967090b2-87d4-476b-adba-56cfaf65ba87,9.0
2021-09-10,TeamA-967090b2-87d4-476b-adba-56cfaf65ba87,9.0
2021-09-11,TeamA-967090b2-87d4-476b-adba-56cfaf65ba87,8.5
2021-09-12,TeamA-967090b2-87d4-476b-adba-56cfaf65ba87,9.0
2021-09-13,TeamA-967090b2-87d4-476b-adba-56cfaf65ba87,7.0
2021-09-14,TeamA-967090b2-87d4-476b-adba-56cfaf65ba87,4.0
2021-09-15,TeamA-967090b2-87d4-476b-adba-56cfaf65ba87,10.0
2021-09-16,TeamA-967090b2-87d4-476b-adba-56cfaf65ba87,9.0
2021-09-17,TeamA-967090b2-87d4-476b-adba-56cfaf65ba87,9.0
2021-09-18,TeamA-967090b2-87d4-476b-adba-56cfaf65ba87,9.0
2021-09-19,TeamA-967090b2-87d4-476b-adba-56cfaf65ba87,8.5
2021-09-20,TeamA-967090b2-87d4-476b-adba-56cfaf65ba87,8.5
2021-09-21,TeamA-967090b2-87d4-476b-adba-56cfaf65ba87,7.0
2021-09-22,TeamA-967090b2-87d4-476b-adba-56cfaf65ba87,5.5
2021-09-23,TeamA-967090b2-87d4-476b-adba-56cfaf65ba87,9.0
2021-09-24,TeamA-967090b2-87d4-476b-adba-56cfaf65ba87,9.0
2021-09-25,TeamA-967090b2-87d4-476b-adba-56cfaf65ba87,9.0
2021-09-26,TeamA-967090b2-87d4-476b-adba-56cfaf65ba87,8.5
2021-09-27,TeamA-967090b2-87d4-476b-adba-56cfaf65ba87,9.0
2021-09-28,TeamA-967090b2-87d4-476b-adba-56cfaf65ba87,9.0
2021-09-29,TeamA-967090b2-87d4-476b-adba-56cfaf65ba87,9.0
2021-09-30,TeamA-967090b2-87d4-476b-adba-56cfaf65ba87,9.0
2021-10-01,TeamA-967090b2-87d4-476b-adba-56cfaf65ba87,8.0
2021-10-02,TeamA-967090b2-87d4-476b-adba-56cfaf65ba87,9.0
2021-10-03,TeamA-967090b2-87d4-476b-adba-56cfaf65ba87,9.0
2021-10-04,TeamA-967090b2-87d4-476b-adba-56cfaf65ba87,9.0
2021-10-05,TeamA-967090b2-87d4-476b-adba-56cfaf65ba87,9.0
2021-10-06,TeamA-967090b2-87d4-476b-adba-56cfaf65ba87,9.0
2021-10-07,TeamA-967090b2-87d4-476b-adba-56cfaf65ba87,9.0
2021-10-08,TeamA-967090b2-87d4-476b-adba-56cfaf65ba87,9.0
2021-10-09,TeamA-967090b2-87d4-476b-adba-56cfaf65ba87,9.0
2021-10-10,TeamA-967090b2-87d4-476b-adba-56cfaf65ba87,9.0
2021-10-11,TeamA-967090b2-87d4-476b-adba-56cfaf65ba87,9.0
2021-10-12,TeamA-967090b2-87d4-476b-adba-56cfaf65ba87,8.0
2021-10-13,TeamA-967090b2-87d4-476b-adba-56cfaf65ba87,9.0
2021-10-14,TeamA-967090b2-87d4-476b-adba-56cfaf65ba87,9.0
2021-10-15,TeamA-967090b2-87d4-476b-adba-56cfaf65ba87,9.0
2021-10-16,TeamA-967090b2-87d4-476b-adba-56cfaf65ba87,9.0
2021-10-17,TeamA-967090b2-87d4-476b-adba-56cfaf65ba87,9.0
2021-10-18,TeamA-967090b2-87d4-476b-adba-56cfaf65ba87,9.0
2021-10-19,TeamA-967090b2-87d4-476b-adba-56cfaf65ba87,9.0
2021-10-20,TeamA-967090b2-87d4-476b-adba-56cfaf65ba87,9.0
2021-10-21,TeamA-967090b2-87d4-476b-adba-56cfaf65ba87,9.0
2021-10-22,TeamA-967090b2-87d4-476b-adba-56cfaf65ba87,9.0
2021-10-23,TeamA-967090b2-87d4-476b-adba-56cfaf65ba87,9.0
2021-10-24,TeamA-967090b2-87d4-476b-adba-56cfaf65ba87,9.0
2021-10-25,TeamA-967090b2-87d4-476b-adba-56cfaf65ba87,9.0
2021-10-26,TeamA-967090b2-87d4-476b-adba-56cfaf65ba87,9.0
2021-10-27,TeamA-967090b2-87d4-476b-adba-56cfaf65ba87,7.0
2021-10-28,TeamA-967090b2-87d4-476b-adba-56cfaf65ba87,9.0
2021-10-29,TeamA-967090b2-87d4-476b-adba-56cfaf65ba87,9.0
2021-10-30,TeamA-967090b2-87d4-476b-adba-56cfaf65ba87,9.0
2021-10-31,TeamA-967090b2-87d4-476b-adba-56cfaf65ba87,9.0
2021-11-01,TeamA-967090b2-87d4-476b-adba-56cfaf65ba87,9.0
2021-11-02,TeamA-967090b2-87d4-476b-adba-56cfaf65ba87,9.0
2021-11-03,TeamA-967090b2-87d4-476b-adba-56cfaf65ba87,9.0
2021-11-04,TeamA-967090b2-87d4-476b-adba-56cfaf65ba87,9.0
2021-11-05,TeamA-967090b2-87d4-476b-adba-56cfaf65ba87,9.0
2021-11-06,TeamA-967090b2-87d4-476b-adba-56cfaf65ba87,9.0
2021-11-07,TeamA-967090b2-87d4-476b-adba-56cfaf65ba87,8.5
2021-11-08,TeamA-967090b2-87d4-476b-adba-56cfaf65ba87,9.0
2021-11-09,TeamA-967090b2-87d4-476b-adba-56cfaf65ba87,9.0
2021-11-10,TeamA-967090b2-87d4-476b-adba-56cfaf65ba87,9.0
2021-11-11,TeamA-967090b2-87d4-476b-adba-56cfaf65ba87,9.0
2021-11-12,TeamA-967090b2-87d4-476b-adba-56cfaf65ba87,7.0
2021-11-13,TeamA-967090b2-87d4-476b-adba-56cfaf65ba87,9.0
2021-11-14,TeamA-967090b2-87d4-476b-adba-56cfaf65ba87,8.5
2021-11-15,TeamA-967090b2-87d4-476b-adba-56cfaf65ba87,8.5
2021-11-16,TeamA-967090b2-87d4-476b-adba-56cfaf65ba87,9.0
2021-11-17,TeamA-967090b2-87d4-476b-adba-56cfaf65ba87,8.5
2021-11-18,TeamA-967090b2-87d4-476b-adba-56cfaf65ba87,9.0
2021-11-19,TeamA-967090b2-87d4-476b-adba-56cfaf65ba87,7.0
2021-11-20,TeamA-967090b2-87d4-476b-adba-56cfaf65ba87,9.0
2021-11-21,TeamA-967090b2-87d4-476b-adba-56cfaf65ba87,8.0
2021-11-22,TeamA-967090b2-87d4-476b-adba-56cfaf65ba87,9.0
2021-11-23,TeamA-967090b2-87d4-476b-adba-56cfaf65ba87,9.0
2021-11-24,TeamA-967090b2-87d4-476b-adba-56cfaf65ba87,9.0
2021-11-25,TeamA-967090b2-87d4-476b-adba-56cfaf65ba87,8.5
2021-11-26,TeamA-967090b2-87d4-476b-adba-56cfaf65ba87,9.0
2021-11-27,TeamA-967090b2-87d4-476b-adba-56cfaf65ba87,9.0
2021-11-28,TeamA-967090b2-87d4-476b-adba-56cfaf65ba87,5.0
2021-11-29,TeamA-967090b2-87d4-476b-adba-56cfaf65ba87,8.5
2021-11-30,TeamA-967090b2-87d4-476b-adba-56cfaf65ba87,8.5
2021-12-01,TeamA-967090b2-87d4-476b-adba-56cfaf65ba87,8.5
2021-12-02,TeamA-967090b2-87d4-476b-adba-56cfaf65ba87,8.0
2021-12-03,TeamA-967090b2-87d4-476b-adba-56cfaf65ba87,8.0
2021-12-04,TeamA-967090b2-87d4-476b-adba-56cfaf65ba87,8.0
2021-12-05,TeamA-967090b2-87d4-476b-adba-56cfaf65ba87,9.0
2021-12-06,TeamA-967090b2-87d4-476b-adba-56cfaf65ba87,9.0
2021-12-07,TeamA-967090b2-87d4-476b-adba-56cfaf65ba87,8.5
2021-12-08,TeamA-967090b2-87d4-476b-adba-56cfaf65ba87,8.5
2021-12-09,TeamA-967090b2-87d4-476b-adba-56cfaf65ba87,9.0
2021-12-10,TeamA-967090b2-87d4-476b-adba-56cfaf65ba87,7.5
2021-12-11,TeamA-967090b2-87d4-476b-adba-56cfaf65ba87,9.0
2021-12-12,TeamA-967090b2-87d4-476b-adba-56cfaf65ba87,8.5
2021-12-13,TeamA-967090b2-87d4-476b-adba-56cfaf65ba87,6.5
2021-12-14,TeamA-967090b2-87d4-476b-adba-56cfaf65ba87,8.0
2021-12-15,TeamA-967090b2-87d4-476b-adba-56cfaf65ba87,9.0
2021-12-16,TeamA-967090b2-87d4-476b-adba-56cfaf65ba87,8.0
2021-12-17,TeamA-967090b2-87d4-476b-adba-56cfaf65ba87,8.0
2021-12-18,TeamA-967090b2-87d4-476b-adba-56cfaf65ba87,9.0
2021-12-19,TeamA-967090b2-87d4-476b-adba-56cfaf65ba87,9.0
2021-12-20,TeamA-967090b2-87d4-476b-adba-56cfaf65ba87,8.0
2021-12-21,TeamA-967090b2-87d4-476b-adba-56cfaf65ba87,9.0
2021-12-22,TeamA-967090b2-87d4-476b-adba-56cfaf65ba87,8.5
2021-12-23,TeamA-967090b2-87d4-476b-adba-56cfaf65ba87,9.0
2021-12-24,TeamA-967090b2-87d4-476b-adba-56cfaf65ba87,9.0
2021-12-25,TeamA-967090b2-87d4-476b-adba-56cfaf65ba87,8.0
2021-12-26,TeamA-967090b2-87d4-476b-adba-56cfaf65ba87,9.0
2021-12-27,TeamA-967090b2-87d4-476b-adba-56cfaf65ba87,9.0
2021-12-28,TeamA-967090b2-87d4-476b-adba-56cfaf65ba87,8.0
2021-12-29,TeamA-967090b2-87d4-476b-adba-56cfaf65ba87,8.5
2021-12-30,TeamA-967090b2-87d4-476b-adba-56cfaf65ba87,8.5
2021-12-31,TeamA-967090b2-87d4-476b-adba-56cfaf65ba87,8.0
2020-03-21,TeamA-af719df9-3e6c-4ad4-9e8e-0c0c45f4f76a,10.0
2020-03-22,TeamA-af719df9-3e6c-4ad4-9e8e-0c0c45f4f76a,9.0
2020-03-24,TeamA-af719df9-3e6c-4ad4-9e8e-0c0c45f4f76a,8.5
2020-03-25,TeamA-af719df9-3e6c-4ad4-9e8e-0c0c45f4f76a,8.0
2020-03-27,TeamA-af719df9-3e6c-4ad4-9e8e-0c0c45f4f76a,8.5
2020-03-28,TeamA-af719df9-3e6c-4ad4-9e8e-0c0c45f4f76a,7.0
2020-03-29,TeamA-af719df9-3e6c-4ad4-9e8e-0c0c45f4f76a,8.5
2020-03-31,TeamA-af719df9-3e6c-4ad4-9e8e-0c0c45f4f76a,7.0
2020-04-02,TeamA-af719df9-3e6c-4ad4-9e8e-0c0c45f4f76a,6.0
2020-04-04,TeamA-af719df9-3e6c-4ad4-9e8e-0c0c45f4f76a,9.0
2020-04-05,TeamA-af719df9-3e6c-4ad4-9e8e-0c0c45f4f76a,8.5
2020-04-06,TeamA-af719df9-3e6c-4ad4-9e8e-0c0c45f4f76a,7.0
2020-04-07,TeamA-af719df9-3e6c-4ad4-9e8e-0c0c45f4f76a,7.5
2020-04-08,TeamA-af719df9-3e6c-4ad4-9e8e-0c0c45f4f76a,9.0
2020-04-13,TeamA-af719df9-3e6c-4ad4-9e8e-0c0c45f4f76a,8.5
2020-04-14,TeamA-af719df9-3e6c-4ad4-9e8e-0c0c45f4f76a,9.0
2020-04-15,TeamA-af719df9-3e6c-4ad4-9e8e-0c0c45f4f76a,6.0
2020-04-17,TeamA-af719df9-3e6c-4ad4-9e8e-0c0c45f4f76a,7.0
2020-04-18,TeamA-af719df9-3e6c-4ad4-9e8e-0c0c45f4f76a,8.0
2020-04-19,TeamA-af719df9-3e6c-4ad4-9e8e-0c0c45f4f76a,6.5
2020-04-20,TeamA-af719df9-3e6c-4ad4-9e8e-0c0c45f4f76a,7.0
2020-04-21,TeamA-af719df9-3e6c-4ad4-9e8e-0c0c45f4f76a,7.5
2020-04-22,TeamA-af719df9-3e6c-4ad4-9e8e-0c0c45f4f76a,8.0
2020-04-23,TeamA-af719df9-3e6c-4ad4-9e8e-0c0c45f4f76a,8.0
2020-04-24,TeamA-af719df9-3e6c-4ad4-9e8e-0c0c45f4f76a,9.0
2020-04-26,TeamA-af719df9-3e6c-4ad4-9e8e-0c0c45f4f76a,8.5
2020-04-28,TeamA-af719df9-3e6c-4ad4-9e8e-0c0c45f4f76a,6.5
2020-04-30,TeamA-af719df9-3e6c-4ad4-9e8e-0c0c45f4f76a,6.5
2020-05-01,TeamA-af719df9-3e6c-4ad4-9e8e-0c0c45f4f76a,8.0
2020-05-02,TeamA-af719df9-3e6c-4ad4-9e8e-0c0c45f4f76a,9.0
2020-05-04,TeamA-af719df9-3e6c-4ad4-9e8e-0c0c45f4f76a,7.0
2020-05-06,TeamA-af719df9-3e6c-4ad4-9e8e-0c0c45f4f76a,6.5
2020-05-08,TeamA-af719df9-3e6c-4ad4-9e8e-0c0c45f4f76a,8.5
2020-05-09,TeamA-af719df9-3e6c-4ad4-9e8e-0c0c45f4f76a,7.5
2020-05-10,TeamA-af719df9-3e6c-4ad4-9e8e-0c0c45f4f76a,9.0
2020-05-11,TeamA-af719df9-3e6c-4ad4-9e8e-0c0c45f4f76a,8.5
2020-05-12,TeamA-af719df9-3e6c-4ad4-9e8e-0c0c45f4f76a,7.5
2020-05-13,TeamA-af719df9-3e6c-4ad4-9e8e-0c0c45f4f76a,8.0
2020-05-14,TeamA-af719df9-3e6c-4ad4-9e8e-0c0c45f4f76a,6.5
2020-05-15,TeamA-af719df9-3e6c-4ad4-9e8e-0c0c45f4f76a,7.0
2020-05-16,TeamA-af719df9-3e6c-4ad4-9e8e-0c0c45f4f76a,9.0
2020-05-17,TeamA-af719df9-3e6c-4ad4-9e8e-0c0c45f4f76a,6.5
2020-05-18,TeamA-af719df9-3e6c-4ad4-9e8e-0c0c45f4f76a,9.0
2020-05-19,TeamA-af719df9-3e6c-4ad4-9e8e-0c0c45f4f76a,8.5
2020-05-20,TeamA-af719df9-3e6c-4ad4-9e8e-0c0c45f4f76a,7.0
2020-05-21,TeamA-af719df9-3e6c-4ad4-9e8e-0c0c45f4f76a,8.5
2020-05-22,TeamA-af719df9-3e6c-4ad4-9e8e-0c0c45f4f76a,8.5
2020-05-23,TeamA-af719df9-3e6c-4ad4-9e8e-0c0c45f4f76a,9.0
2020-05-24,TeamA-af719df9-3e6c-4ad4-9e8e-0c0c45f4f76a,8.5
2020-05-25,TeamA-af719df9-3e6c-4ad4-9e8e-0c0c45f4f76a,9.0
2020-05-26,TeamA-af719df9-3e6c-4ad4-9e8e-0c0c45f4f76a,8.5
2020-05-27,TeamA-af719df9-3e6c-4ad4-9e8e-0c0c45f4f76a,8.0
2020-05-28,TeamA-af719df9-3e6c-4ad4-9e8e-0c0c45f4f76a,7.0
2020-05-29,TeamA-af719df9-3e6c-4ad4-9e8e-0c0c45f4f76a,10.0
2020-05-30,TeamA-af719df9-3e6c-4ad4-9e8e-0c0c45f4f76a,10.0
2020-05-31,TeamA-af719df9-3e6c-4ad4-9e8e-0c0c45f4f76a,10.0
2020-06-01,TeamA-af719df9-3e6c-4ad4-9e8e-0c0c45f4f76a,8.5
2020-06-02,TeamA-af719df9-3e6c-4ad4-9e8e-0c0c45f4f76a,9.0
2020-06-03,TeamA-af719df9-3e6c-4ad4-9e8e-0c0c45f4f76a,9.0
2020-06-04,TeamA-af719df9-3e6c-4ad4-9e8e-0c0c45f4f76a,9.0
2020-06-05,TeamA-af719df9-3e6c-4ad4-9e8e-0c0c45f4f76a,7.5
2020-06-06,TeamA-af719df9-3e6c-4ad4-9e8e-0c0c45f4f76a,8.5
2020-06-07,TeamA-af719df9-3e6c-4ad4-9e8e-0c0c45f4f76a,10.0
2020-06-08,TeamA-af719df9-3e6c-4ad4-9e8e-0c0c45f4f76a,8.0
2020-06-09,TeamA-af719df9-3e6c-4ad4-9e8e-0c0c45f4f76a,8.0
2020-06-10,TeamA-af719df9-3e6c-4ad4-9e8e-0c0c45f4f76a,7.5
2020-06-11,TeamA-af719df9-3e6c-4ad4-9e8e-0c0c45f4f76a,8.0
2020-06-12,TeamA-af719df9-3e6c-4ad4-9e8e-0c0c45f4f76a,8.5
2020-06-13,TeamA-af719df9-3e6c-4ad4-9e8e-0c0c45f4f76a,8.0
2020-06-14,TeamA-af719df9-3e6c-4ad4-9e8e-0c0c45f4f76a,9.0
2020-06-15,TeamA-af719df9-3e6c-4ad4-9e8e-0c0c45f4f76a,9.0
2020-06-16,TeamA-af719df9-3e6c-4ad4-9e8e-0c0c45f4f76a,7.5
2020-06-17,TeamA-af719df9-3e6c-4ad4-9e8e-0c0c45f4f76a,7.0
2020-06-18,TeamA-af719df9-3e6c-4ad4-9e8e-0c0c45f4f76a,7.5
2020-06-19,TeamA-af719df9-3e6c-4ad4-9e8e-0c0c45f4f76a,8.0
2020-06-20,TeamA-af719df9-3e6c-4ad4-9e8e-0c0c45f4f76a,8.0
2020-06-21,TeamA-af719df9-3e6c-4ad4-9e8e-0c0c45f4f76a,6.5
2020-06-22,TeamA-af719df9-3e6c-4ad4-9e8e-0c0c45f4f76a,6.0
2020-06-23,TeamA-af719df9-3e6c-4ad4-9e8e-0c0c45f4f76a,8.0
2020-06-24,TeamA-af719df9-3e6c-4ad4-9e8e-0c0c45f4f76a,6.5
2020-06-25,TeamA-af719df9-3e6c-4ad4-9e8e-0c0c45f4f76a,8.5
2020-06-26,TeamA-af719df9-3e6c-4ad4-9e8e-0c0c45f4f76a,8.5
2020-06-27,TeamA-af719df9-3e6c-4ad4-9e8e-0c0c45f4f76a,7.5
2020-06-28,TeamA-af719df9-3e6c-4ad4-9e8e-0c0c45f4f76a,9.0
2020-06-29,TeamA-af719df9-3e6c-4ad4-9e8e-0c0c45f4f76a,7.0
2020-06-30,TeamA-af719df9-3e6c-4ad4-9e8e-0c0c45f4f76a,8.0
2020-07-01,TeamA-af719df9-3e6c-4ad4-9e8e-0c0c45f4f76a,7.0
2020-07-02,TeamA-af719df9-3e6c-4ad4-9e8e-0c0c45f4f76a,7.0
2020-07-04,TeamA-af719df9-3e6c-4ad4-9e8e-0c0c45f4f76a,7.5
2020-07-05,TeamA-af719df9-3e6c-4ad4-9e8e-0c0c45f4f76a,8.0
2020-07-06,TeamA-af719df9-3e6c-4ad4-9e8e-0c0c45f4f76a,6.5
2020-07-07,TeamA-af719df9-3e6c-4ad4-9e8e-0c0c45f4f76a,8.0
2020-07-09,TeamA-af719df9-3e6c-4ad4-9e8e-0c0c45f4f76a,8.0
2020-07-10,TeamA-af719df9-3e6c-4ad4-9e8e-0c0c45f4f76a,5.0
2020-07-11,TeamA-af719df9-3e6c-4ad4-9e8e-0c0c45f4f76a,9.0
2020-07-12,TeamA-af719df9-3e6c-4ad4-9e8e-0c0c45f4f76a,9.0
2020-07-14,TeamA-af719df9-3e6c-4ad4-9e8e-0c0c45f4f76a,8.0
2020-07-16,TeamA-af719df9-3e6c-4ad4-9e8e-0c0c45f4f76a,7.0
2020-07-18,TeamA-af719df9-3e6c-4ad4-9e8e-0c0c45f4f76a,9.0
2020-07-19,TeamA-af719df9-3e6c-4ad4-9e8e-0c0c45f4f76a,9.0
2020-07-20,TeamA-af719df9-3e6c-4ad4-9e8e-0c0c45f4f76a,8.5
2020-07-21,TeamA-af719df9-3e6c-4ad4-9e8e-0c0c45f4f76a,7.0
2020-07-22,TeamA-af719df9-3e6c-4ad4-9e8e-0c0c45f4f76a,7.0
2020-07-24,TeamA-af719df9-3e6c-4ad4-9e8e-0c0c45f4f76a,8.0
2020-07-25,TeamA-af719df9-3e6c-4ad4-9e8e-0c0c45f4f76a,8.0
2020-07-26,TeamA-af719df9-3e6c-4ad4-9e8e-0c0c45f4f76a,8.0
2020-07-27,TeamA-af719df9-3e6c-4ad4-9e8e-0c0c45f4f76a,7.5
2020-07-28,TeamA-af719df9-3e6c-4ad4-9e8e-0c0c45f4f76a,8.0
2020-07-29,TeamA-af719df9-3e6c-4ad4-9e8e-0c0c45f4f76a,7.0
2020-07-30,TeamA-af719df9-3e6c-4ad4-9e8e-0c0c45f4f76a,7.5
2020-07-31,TeamA-af719df9-3e6c-4ad4-9e8e-0c0c45f4f76a,8.0
2020-08-01,TeamA-af719df9-3e6c-4ad4-9e8e-0c0c45f4f76a,10.0
2020-08-02,TeamA-af719df9-3e6c-4ad4-9e8e-0c0c45f4f76a,8.5
2020-08-03,TeamA-af719df9-3e6c-4ad4-9e8e-0c0c45f4f76a,9.0
2020-08-04,TeamA-af719df9-3e6c-4ad4-9e8e-0c0c45f4f76a,9.0
2020-08-05,TeamA-af719df9-3e6c-4ad4-9e8e-0c0c45f4f76a,8.0
2020-08-06,TeamA-af719df9-3e6c-4ad4-9e8e-0c0c45f4f76a,7.5
2020-08-07,TeamA-af719df9-3e6c-4ad4-9e8e-0c0c45f4f76a,9.0
2020-08-08,TeamA-af719df9-3e6c-4ad4-9e8e-0c0c45f4f76a,7.5
2020-08-09,TeamA-af719df9-3e6c-4ad4-9e8e-0c0c45f4f76a,7.5
2020-08-10,TeamA-af719df9-3e6c-4ad4-9e8e-0c0c45f4f76a,7.0
2020-08-11,TeamA-af719df9-3e6c-4ad4-9e8e-0c0c45f4f76a,8.0
2020-08-12,TeamA-af719df9-3e6c-4ad4-9e8e-0c0c45f4f76a,8.0
2020-08-13,TeamA-af719df9-3e6c-4ad4-9e8e-0c0c45f4f76a,7.0
2020-08-14,TeamA-af719df9-3e6c-4ad4-9e8e-0c0c45f4f76a,8.0
2020-08-15,TeamA-af719df9-3e6c-4ad4-9e8e-0c0c45f4f76a,8.0
2020-08-16,TeamA-af719df9-3e6c-4ad4-9e8e-0c0c45f4f76a,8.0
2020-08-17,TeamA-af719df9-3e6c-4ad4-9e8e-0c0c45f4f76a,7.0
2020-08-18,TeamA-af719df9-3e6c-4ad4-9e8e-0c0c45f4f76a,6.5
2020-08-19,TeamA-af719df9-3e6c-4ad4-9e8e-0c0c45f4f76a,6.5
2020-08-20,TeamA-af719df9-3e6c-4ad4-9e8e-0c0c45f4f76a,7.5
2020-08-21,TeamA-af719df9-3e6c-4ad4-9e8e-0c0c45f4f76a,8.0
2020-08-22,TeamA-af719df9-3e6c-4ad4-9e8e-0c0c45f4f76a,9.0
2020-08-23,TeamA-af719df9-3e6c-4ad4-9e8e-0c0c45f4f76a,8.0
2020-08-24,TeamA-af719df9-3e6c-4ad4-9e8e-0c0c45f4f76a,8.0
2020-08-25,TeamA-af719df9-3e6c-4ad4-9e8e-0c0c45f4f76a,7.0
2020-08-26,TeamA-af719df9-3e6c-4ad4-9e8e-0c0c45f4f76a,8.5
2020-08-28,TeamA-af719df9-3e6c-4ad4-9e8e-0c0c45f4f76a,7.5
2020-08-29,TeamA-af719df9-3e6c-4ad4-9e8e-0c0c45f4f76a,8.5
2020-09-01,TeamA-af719df9-3e6c-4ad4-9e8e-0c0c45f4f76a,7.5
2020-09-02,TeamA-af719df9-3e6c-4ad4-9e8e-0c0c45f4f76a,8.0
2020-09-03,TeamA-af719df9-3e6c-4ad4-9e8e-0c0c45f4f76a,7.5
2020-09-04,TeamA-af719df9-3e6c-4ad4-9e8e-0c0c45f4f76a,8.0
2020-09-05,TeamA-af719df9-3e6c-4ad4-9e8e-0c0c45f4f76a,6.5
2020-09-06,TeamA-af719df9-3e6c-4ad4-9e8e-0c0c45f4f76a,9.0
2020-09-07,TeamA-af719df9-3e6c-4ad4-9e8e-0c0c45f4f76a,8.0
2020-09-08,TeamA-af719df9-3e6c-4ad4-9e8e-0c0c45f4f76a,7.0
2020-09-09,TeamA-af719df9-3e6c-4ad4-9e8e-0c0c45f4f76a,8.5
2020-09-10,TeamA-af719df9-3e6c-4ad4-9e8e-0c0c45f4f76a,8.5
2020-09-11,TeamA-af719df9-3e6c-4ad4-9e8e-0c0c45f4f76a,8.5
2020-09-12,TeamA-af719df9-3e6c-4ad4-9e8e-0c0c45f4f76a,9.0
2020-09-14,TeamA-af719df9-3e6c-4ad4-9e8e-0c0c45f4f76a,9.0
2020-09-15,TeamA-af719df9-3e6c-4ad4-9e8e-0c0c45f4f76a,8.0
2020-09-16,TeamA-af719df9-3e6c-4ad4-9e8e-0c0c45f4f76a,8.0
2020-09-17,TeamA-af719df9-3e6c-4ad4-9e8e-0c0c45f4f76a,9.0
2020-09-18,TeamA-af719df9-3e6c-4ad4-9e8e-0c0c45f4f76a,7.0
2020-09-21,TeamA-af719df9-3e6c-4ad4-9e8e-0c0c45f4f76a,9.0
2020-09-22,TeamA-af719df9-3e6c-4ad4-9e8e-0c0c45f4f76a,6.5
2020-09-25,TeamA-af719df9-3e6c-4ad4-9e8e-0c0c45f4f76a,9.0
2020-09-26,TeamA-af719df9-3e6c-4ad4-9e8e-0c0c45f4f76a,9.0
2020-09-27,TeamA-af719df9-3e6c-4ad4-9e8e-0c0c45f4f76a,8.0
2020-09-28,TeamA-af719df9-3e6c-4ad4-9e8e-0c0c45f4f76a,6.5
2020-09-29,TeamA-af719df9-3e6c-4ad4-9e8e-0c0c45f4f76a,7.0
2020-09-30,TeamA-af719df9-3e6c-4ad4-9e8e-0c0c45f4f76a,6.5
2020-10-01,TeamA-af719df9-3e6c-4ad4-9e8e-0c0c45f4f76a,9.0
2020-10-02,TeamA-af719df9-3e6c-4ad4-9e8e-0c0c45f4f76a,8.5
2020-10-03,TeamA-af719df9-3e6c-4ad4-9e8e-0c0c45f4f76a,9.0
2020-10-04,TeamA-af719df9-3e6c-4ad4-9e8e-0c0c45f4f76a,9.0
2020-10-05,TeamA-af719df9-3e6c-4ad4-9e8e-0c0c45f4f76a,7.5
2020-10-06,TeamA-af719df9-3e6c-4ad4-9e8e-0c0c45f4f76a,7.0
2020-10-08,TeamA-af719df9-3e6c-4ad4-9e8e-0c0c45f4f76a,9.0
2020-10-10,TeamA-af719df9-3e6c-4ad4-9e8e-0c0c45f4f76a,9.0
2020-10-11,TeamA-af719df9-3e6c-4ad4-9e8e-0c0c45f4f76a,9.0
2020-10-12,TeamA-af719df9-3e6c-4ad4-9e8e-0c0c45f4f76a,7.0
2020-10-13,TeamA-af719df9-3e6c-4ad4-9e8e-0c0c45f4f76a,7.0
2020-10-15,TeamA-af719df9-3e6c-4ad4-9e8e-0c0c45f4f76a,7.5
2020-10-17,TeamA-af719df9-3e6c-4ad4-9e8e-0c0c45f4f76a,9.0
2020-10-19,TeamA-af719df9-3e6c-4ad4-9e8e-0c0c45f4f76a,8.0
2020-10-20,TeamA-af719df9-3e6c-4ad4-9e8e-0c0c45f4f76a,6.5
2020-10-22,TeamA-af719df9-3e6c-4ad4-9e8e-0c0c45f4f76a,7.0
2020-10-23,TeamA-af719df9-3e6c-4ad4-9e8e-0c0c45f4f76a,8.0
2020-10-25,TeamA-af719df9-3e6c-4ad4-9e8e-0c0c45f4f76a,9.0
2020-10-26,TeamA-af719df9-3e6c-4ad4-9e8e-0c0c45f4f76a,8.0
2020-10-27,TeamA-af719df9-3e6c-4ad4-9e8e-0c0c45f4f76a,7.0
2020-10-28,TeamA-af719df9-3e6c-4ad4-9e8e-0c0c45f4f76a,7.0
2020-11-01,TeamA-af719df9-3e6c-4ad4-9e8e-0c0c45f4f76a,9.0
2020-11-02,TeamA-af719df9-3e6c-4ad4-9e8e-0c0c45f4f76a,8.0
2020-11-03,TeamA-af719df9-3e6c-4ad4-9e8e-0c0c45f4f76a,7.5
2020-11-04,TeamA-af719df9-3e6c-4ad4-9e8e-0c0c45f4f76a,7.0
2020-11-06,TeamA-af719df9-3e6c-4ad4-9e8e-0c0c45f4f76a,9.0
2020-11-08,TeamA-af719df9-3e6c-4ad4-9e8e-0c0c45f4f76a,8.0
2020-11-09,TeamA-af719df9-3e6c-4ad4-9e8e-0c0c45f4f76a,6.0
2020-11-10,TeamA-af719df9-3e6c-4ad4-9e8e-0c0c45f4f76a,8.0
2020-11-13,TeamA-af719df9-3e6c-4ad4-9e8e-0c0c45f4f76a,8.0
2020-11-16,TeamA-af719df9-3e6c-4ad4-9e8e-0c0c45f4f76a,8.0
2020-11-17,TeamA-af719df9-3e6c-4ad4-9e8e-0c0c45f4f76a,6.0
2020-11-20,TeamA-af719df9-3e6c-4ad4-9e8e-0c0c45f4f76a,8.0
2020-11-22,TeamA-af719df9-3e6c-4ad4-9e8e-0c0c45f4f76a,9.0
2020-11-23,TeamA-af719df9-3e6c-4ad4-9e8e-0c0c45f4f76a,9.0
2020-11-24,TeamA-af719df9-3e6c-4ad4-9e8e-0c0c45f4f76a,8.0
2020-11-29,TeamA-af719df9-3e6c-4ad4-9e8e-0c0c45f4f76a,9.0
2020-12-03,TeamA-af719df9-3e6c-4ad4-9e8e-0c0c45f4f76a,6.0
2020-12-07,TeamA-af719df9-3e6c-4ad4-9e8e-0c0c45f4f76a,4.0
2020-12-10,TeamA-af719df9-3e6c-4ad4-9e8e-0c0c45f4f76a,7.0
2020-12-14,TeamA-af719df9-3e6c-4ad4-9e8e-0c0c45f4f76a,7.0
2020-12-17,TeamA-af719df9-3e6c-4ad4-9e8e-0c0c45f4f76a,7.0
2020-12-21,TeamA-af719df9-3e6c-4ad4-9e8e-0c0c45f4f76a,7.0
2020-12-22,TeamA-af719df9-3e6c-4ad4-9e8e-0c0c45f4f76a,9.0
2020-12-28,TeamA-af719df9-3e6c-4ad4-9e8e-0c0c45f4f76a,7.0
2020-12-29,TeamA-af719df9-3e6c-4ad4-9e8e-0c0c45f4f76a,7.0
2021-01-03,TeamA-af719df9-3e6c-4ad4-9e8e-0c0c45f4f76a,9.0
2021-01-04,TeamA-af719df9-3e6c-4ad4-9e8e-0c0c45f4f76a,7.0
2021-01-08,TeamA-af719df9-3e6c-4ad4-9e8e-0c0c45f4f76a,7.0
2021-01-09,TeamA-af719df9-3e6c-4ad4-9e8e-0c0c45f4f76a,9.0
2021-01-10,TeamA-af719df9-3e6c-4ad4-9e8e-0c0c45f4f76a,9.0
2021-01-11,TeamA-af719df9-3e6c-4ad4-9e8e-0c0c45f4f76a,7.0
2021-01-12,TeamA-af719df9-3e6c-4ad4-9e8e-0c0c45f4f76a,7.0
2021-01-13,TeamA-af719df9-3e6c-4ad4-9e8e-0c0c45f4f76a,8.0
2021-01-14,TeamA-af719df9-3e6c-4ad4-9e8e-0c0c45f4f76a,6.0
2021-01-15,TeamA-af719df9-3e6c-4ad4-9e8e-0c0c45f4f76a,6.0
2021-01-16,TeamA-af719df9-3e6c-4ad4-9e8e-0c0c45f4f76a,9.0
2021-01-17,TeamA-af719df9-3e6c-4ad4-9e8e-0c0c45f4f76a,9.0
2021-01-18,TeamA-af719df9-3e6c-4ad4-9e8e-0c0c45f4f76a,8.0
2021-01-19,TeamA-af719df9-3e6c-4ad4-9e8e-0c0c45f4f76a,7.5
2021-01-20,TeamA-af719df9-3e6c-4ad4-9e8e-0c0c45f4f76a,7.5
2021-01-21,TeamA-af719df9-3e6c-4ad4-9e8e-0c0c45f4f76a,7.5
2021-01-22,TeamA-af719df9-3e6c-4ad4-9e8e-0c0c45f4f76a,9.0
2021-01-23,TeamA-af719df9-3e6c-4ad4-9e8e-0c0c45f4f76a,9.0
2021-01-24,TeamA-af719df9-3e6c-4ad4-9e8e-0c0c45f4f76a,9.0
2021-01-25,TeamA-af719df9-3e6c-4ad4-9e8e-0c0c45f4f76a,9.0
2021-01-26,TeamA-af719df9-3e6c-4ad4-9e8e-0c0c45f4f76a,7.0
2021-01-27,TeamA-af719df9-3e6c-4ad4-9e8e-0c0c45f4f76a,8.0
2021-01-28,TeamA-af719df9-3e6c-4ad4-9e8e-0c0c45f4f76a,8.0
2021-01-29,TeamA-af719df9-3e6c-4ad4-9e8e-0c0c45f4f76a,8.0
2021-01-30,TeamA-af719df9-3e6c-4ad4-9e8e-0c0c45f4f76a,9.0
2021-01-31,TeamA-af719df9-3e6c-4ad4-9e8e-0c0c45f4f76a,9.0
2021-02-01,TeamA-af719df9-3e6c-4ad4-9e8e-0c0c45f4f76a,7.5
2021-02-02,TeamA-af719df9-3e6c-4ad4-9e8e-0c0c45f4f76a,7.5
2021-02-03,TeamA-af719df9-3e6c-4ad4-9e8e-0c0c45f4f76a,8.0
2021-02-04,TeamA-af719df9-3e6c-4ad4-9e8e-0c0c45f4f76a,8.0
2021-02-06,TeamA-af719df9-3e6c-4ad4-9e8e-0c0c45f4f76a,8.0
2021-02-08,TeamA-af719df9-3e6c-4ad4-9e8e-0c0c45f4f76a,8.0
2021-02-09,TeamA-af719df9-3e6c-4ad4-9e8e-0c0c45f4f76a,7.0
2021-02-10,TeamA-af719df9-3e6c-4ad4-9e8e-0c0c45f4f76a,8.5
2021-02-11,TeamA-af719df9-3e6c-4ad4-9e8e-0c0c45f4f76a,9.0
2021-02-12,TeamA-af719df9-3e6c-4ad4-9e8e-0c0c45f4f76a,8.5
2021-02-13,TeamA-af719df9-3e6c-4ad4-9e8e-0c0c45f4f76a,9.0
2021-02-14,TeamA-af719df9-3e6c-4ad4-9e8e-0c0c45f4f76a,9.0
2021-02-15,TeamA-af719df9-3e6c-4ad4-9e8e-0c0c45f4f76a,7.0
2021-02-16,TeamA-af719df9-3e6c-4ad4-9e8e-0c0c45f4f76a,7.0
2021-02-17,TeamA-af719df9-3e6c-4ad4-9e8e-0c0c45f4f76a,8.5
2021-02-18,TeamA-af719df9-3e6c-4ad4-9e8e-0c0c45f4f76a,9.0
2021-02-19,TeamA-af719df9-3e6c-4ad4-9e8e-0c0c45f4f76a,9.0
2021-02-21,TeamA-af719df9-3e6c-4ad4-9e8e-0c0c45f4f76a,9.0
2021-02-22,TeamA-af719df9-3e6c-4ad4-9e8e-0c0c45f4f76a,9.0
2021-02-23,TeamA-af719df9-3e6c-4ad4-9e8e-0c0c45f4f76a,6.5
2021-02-24,TeamA-af719df9-3e6c-4ad4-9e8e-0c0c45f4f76a,6.5
2021-02-25,TeamA-af719df9-3e6c-4ad4-9e8e-0c0c45f4f76a,7.0
2021-02-26,TeamA-af719df9-3e6c-4ad4-9e8e-0c0c45f4f76a,9.0
2021-02-28,TeamA-af719df9-3e6c-4ad4-9e8e-0c0c45f4f76a,8.0
2021-03-01,TeamA-af719df9-3e6c-4ad4-9e8e-0c0c45f4f76a,8.0
2021-03-02,TeamA-af719df9-3e6c-4ad4-9e8e-0c0c45f4f76a,7.5
2021-03-03,TeamA-af719df9-3e6c-4ad4-9e8e-0c0c45f4f76a,8.0
2021-03-04,TeamA-af719df9-3e6c-4ad4-9e8e-0c0c45f4f76a,8.5
2021-03-05,TeamA-af719df9-3e6c-4ad4-9e8e-0c0c45f4f76a,8.0
2021-03-06,TeamA-af719df9-3e6c-4ad4-9e8e-0c0c45f4f76a,8.0
2021-03-07,TeamA-af719df9-3e6c-4ad4-9e8e-0c0c45f4f76a,9.0
2021-03-08,TeamA-af719df9-3e6c-4ad4-9e8e-0c0c45f4f76a,8.5
2021-03-09,TeamA-af719df9-3e6c-4ad4-9e8e-0c0c45f4f76a,7.0
2021-03-10,TeamA-af719df9-3e6c-4ad4-9e8e-0c0c45f4f76a,7.5
2021-03-11,TeamA-af719df9-3e6c-4ad4-9e8e-0c0c45f4f76a,7.5
2021-03-12,TeamA-af719df9-3e6c-4ad4-9e8e-0c0c45f4f76a,8.0
2021-03-13,TeamA-af719df9-3e6c-4ad4-9e8e-0c0c45f4f76a,9.0
2021-03-14,TeamA-af719df9-3e6c-4ad4-9e8e-0c0c45f4f76a,9.0
2021-03-15,TeamA-af719df9-3e6c-4ad4-9e8e-0c0c45f4f76a,9.0
2021-03-16,TeamA-af719df9-3e6c-4ad4-9e8e-0c0c45f4f76a,8.0
2021-03-17,TeamA-af719df9-3e6c-4ad4-9e8e-0c0c45f4f76a,8.0
2021-03-18,TeamA-af719df9-3e6c-4ad4-9e8e-0c0c45f4f76a,8.5
2021-03-19,TeamA-af719df9-3e6c-4ad4-9e8e-0c0c45f4f76a,9.0
2021-03-20,TeamA-af719df9-3e6c-4ad4-9e8e-0c0c45f4f76a,9.0
2021-03-21,TeamA-af719df9-3e6c-4ad4-9e8e-0c0c45f4f76a,8.0
2021-03-22,TeamA-af719df9-3e6c-4ad4-9e8e-0c0c45f4f76a,8.0
2021-03-23,TeamA-af719df9-3e6c-4ad4-9e8e-0c0c45f4f76a,7.0
2021-03-24,TeamA-af719df9-3e6c-4ad4-9e8e-0c0c45f4f76a,8.0
2021-03-25,TeamA-af719df9-3e6c-4ad4-9e8e-0c0c45f4f76a,8.0
2021-03-26,TeamA-af719df9-3e6c-4ad4-9e8e-0c0c45f4f76a,8.0
2021-03-27,TeamA-af719df9-3e6c-4ad4-9e8e-0c0c45f4f76a,8.0
2021-03-29,TeamA-af719df9-3e6c-4ad4-9e8e-0c0c45f4f76a,8.0
2021-03-31,TeamA-af719df9-3e6c-4ad4-9e8e-0c0c45f4f76a,7.5
2021-04-03,TeamA-af719df9-3e6c-4ad4-9e8e-0c0c45f4f76a,8.0
2021-04-04,TeamA-af719df9-3e6c-4ad4-9e8e-0c0c45f4f76a,7.5
2021-04-06,TeamA-af719df9-3e6c-4ad4-9e8e-0c0c45f4f76a,8.0
2021-04-07,TeamA-af719df9-3e6c-4ad4-9e8e-0c0c45f4f76a,8.0
2021-04-09,TeamA-af719df9-3e6c-4ad4-9e8e-0c0c45f4f76a,8.0
2021-04-10,TeamA-af719df9-3e6c-4ad4-9e8e-0c0c45f4f76a,7.5
2021-04-11,TeamA-af719df9-3e6c-4ad4-9e8e-0c0c45f4f76a,7.5
2021-04-13,TeamA-af719df9-3e6c-4ad4-9e8e-0c0c45f4f76a,8.5
2021-04-15,TeamA-af719df9-3e6c-4ad4-9e8e-0c0c45f4f76a,8.0
2021-04-16,TeamA-af719df9-3e6c-4ad4-9e8e-0c0c45f4f76a,8.0
2021-04-17,TeamA-af719df9-3e6c-4ad4-9e8e-0c0c45f4f76a,7.0
2021-04-18,TeamA-af719df9-3e6c-4ad4-9e8e-0c0c45f4f76a,8.5
2021-04-19,TeamA-af719df9-3e6c-4ad4-9e8e-0c0c45f4f76a,8.0
2021-04-21,TeamA-af719df9-3e6c-4ad4-9e8e-0c0c45f4f76a,7.0
2021-04-22,TeamA-af719df9-3e6c-4ad4-9e8e-0c0c45f4f76a,7.5
2021-04-23,TeamA-af719df9-3e6c-4ad4-9e8e-0c0c45f4f76a,8.0
2021-04-24,TeamA-af719df9-3e6c-4ad4-9e8e-0c0c45f4f76a,9.0
2021-04-25,TeamA-af719df9-3e6c-4ad4-9e8e-0c0c45f4f76a,8.0
2021-04-26,TeamA-af719df9-3e6c-4ad4-9e8e-0c0c45f4f76a,7.0
2021-04-27,TeamA-af719df9-3e6c-4ad4-9e8e-0c0c45f4f76a,7.0
2021-04-28,TeamA-af719df9-3e6c-4ad4-9e8e-0c0c45f4f76a,8.0
2021-04-29,TeamA-af719df9-3e6c-4ad4-9e8e-0c0c45f4f76a,8.0
2021-04-30,TeamA-af719df9-3e6c-4ad4-9e8e-0c0c45f4f76a,7.0
2021-05-01,TeamA-af719df9-3e6c-4ad4-9e8e-0c0c45f4f76a,7.0
2021-05-02,TeamA-af719df9-3e6c-4ad4-9e8e-0c0c45f4f76a,9.0
2021-05-03,TeamA-af719df9-3e6c-4ad4-9e8e-0c0c45f4f76a,8.0
2021-05-04,TeamA-af719df9-3e6c-4ad4-9e8e-0c0c45f4f76a,7.0
2021-05-05,TeamA-af719df9-3e6c-4ad4-9e8e-0c0c45f4f76a,7.0
2021-05-06,TeamA-af719df9-3e6c-4ad4-9e8e-0c0c45f4f76a,7.5
2021-05-07,TeamA-af719df9-3e6c-4ad4-9e8e-0c0c45f4f76a,8.0
2021-05-08,TeamA-af719df9-3e6c-4ad4-9e8e-0c0c45f4f76a,9.0
2021-05-09,TeamA-af719df9-3e6c-4ad4-9e8e-0c0c45f4f76a,9.0
2021-05-11,TeamA-af719df9-3e6c-4ad4-9e8e-0c0c45f4f76a,6.0
2021-05-12,TeamA-af719df9-3e6c-4ad4-9e8e-0c0c45f4f76a,8.0
2021-05-13,TeamA-af719df9-3e6c-4ad4-9e8e-0c0c45f4f76a,9.0
2021-05-15,TeamA-af719df9-3e6c-4ad4-9e8e-0c0c45f4f76a,7.0
2021-05-16,TeamA-af719df9-3e6c-4ad4-9e8e-0c0c45f4f76a,9.0
2021-05-17,TeamA-af719df9-3e6c-4ad4-9e8e-0c0c45f4f76a,7.5
2021-05-18,TeamA-af719df9-3e6c-4ad4-9e8e-0c0c45f4f76a,7.0
2021-05-19,TeamA-af719df9-3e6c-4ad4-9e8e-0c0c45f4f76a,7.0
2021-05-20,TeamA-af719df9-3e6c-4ad4-9e8e-0c0c45f4f76a,8.5
2021-05-21,TeamA-af719df9-3e6c-4ad4-9e8e-0c0c45f4f76a,9.0
2021-05-23,TeamA-af719df9-3e6c-4ad4-9e8e-0c0c45f4f76a,9.0
2021-05-24,TeamA-af719df9-3e6c-4ad4-9e8e-0c0c45f4f76a,8.0
2021-05-25,TeamA-af719df9-3e6c-4ad4-9e8e-0c0c45f4f76a,7.5
2021-05-26,TeamA-af719df9-3e6c-4ad4-9e8e-0c0c45f4f76a,7.5
2021-05-27,TeamA-af719df9-3e6c-4ad4-9e8e-0c0c45f4f76a,8.0
2021-05-28,TeamA-af719df9-3e6c-4ad4-9e8e-0c0c45f4f76a,9.0
2021-05-30,TeamA-af719df9-3e6c-4ad4-9e8e-0c0c45f4f76a,7.0
2021-05-31,TeamA-af719df9-3e6c-4ad4-9e8e-0c0c45f4f76a,8.0
2021-06-02,TeamA-af719df9-3e6c-4ad4-9e8e-0c0c45f4f76a,7.5
2021-06-03,TeamA-af719df9-3e6c-4ad4-9e8e-0c0c45f4f76a,9.0
2021-06-04,TeamA-af719df9-3e6c-4ad4-9e8e-0c0c45f4f76a,9.0
2021-06-06,TeamA-af719df9-3e6c-4ad4-9e8e-0c0c45f4f76a,7.0
2021-06-07,TeamA-af719df9-3e6c-4ad4-9e8e-0c0c45f4f76a,5.0
2021-06-10,TeamA-af719df9-3e6c-4ad4-9e8e-0c0c45f4f76a,8.5
2021-06-11,TeamA-af719df9-3e6c-4ad4-9e8e-0c0c45f4f76a,8.0
2021-06-13,TeamA-af719df9-3e6c-4ad4-9e8e-0c0c45f4f76a,8.0
2021-06-15,TeamA-af719df9-3e6c-4ad4-9e8e-0c0c45f4f76a,8.0
2021-06-16,TeamA-af719df9-3e6c-4ad4-9e8e-0c0c45f4f76a,5.0
2021-06-17,TeamA-af719df9-3e6c-4ad4-9e8e-0c0c45f4f76a,8.0
2021-06-18,TeamA-af719df9-3e6c-4ad4-9e8e-0c0c45f4f76a,8.0
2021-06-19,TeamA-af719df9-3e6c-4ad4-9e8e-0c0c45f4f76a,9.0
2021-06-21,TeamA-af719df9-3e6c-4ad4-9e8e-0c0c45f4f76a,9.0
2021-06-22,TeamA-af719df9-3e6c-4ad4-9e8e-0c0c45f4f76a,8.0
2021-06-23,TeamA-af719df9-3e6c-4ad4-9e8e-0c0c45f4f76a,7.0
2021-06-24,TeamA-af719df9-3e6c-4ad4-9e8e-0c0c45f4f76a,8.0
2021-06-25,TeamA-af719df9-3e6c-4ad4-9e8e-0c0c45f4f76a,8.0
2021-06-26,TeamA-af719df9-3e6c-4ad4-9e8e-0c0c45f4f76a,8.0
2021-06-27,TeamA-af719df9-3e6c-4ad4-9e8e-0c0c45f4f76a,9.0
2021-06-28,TeamA-af719df9-3e6c-4ad4-9e8e-0c0c45f4f76a,8.0
2021-06-29,TeamA-af719df9-3e6c-4ad4-9e8e-0c0c45f4f76a,9.0
2021-06-30,TeamA-af719df9-3e6c-4ad4-9e8e-0c0c45f4f76a,8.0
2021-07-01,TeamA-af719df9-3e6c-4ad4-9e8e-0c0c45f4f76a,7.5
2021-07-02,TeamA-af719df9-3e6c-4ad4-9e8e-0c0c45f4f76a,8.0
2021-07-03,TeamA-af719df9-3e6c-4ad4-9e8e-0c0c45f4f76a,9.0
2021-07-04,TeamA-af719df9-3e6c-4ad4-9e8e-0c0c45f4f76a,8.0
2021-07-05,TeamA-af719df9-3e6c-4ad4-9e8e-0c0c45f4f76a,6.0
2021-07-06,TeamA-af719df9-3e6c-4ad4-9e8e-0c0c45f4f76a,7.0
2021-07-07,TeamA-af719df9-3e6c-4ad4-9e8e-0c0c45f4f76a,8.0
2021-07-08,TeamA-af719df9-3e6c-4ad4-9e8e-0c0c45f4f76a,7.0
2021-07-09,TeamA-af719df9-3e6c-4ad4-9e8e-0c0c45f4f76a,8.0
2021-07-10,TeamA-af719df9-3e6c-4ad4-9e8e-0c0c45f4f76a,8.0
2021-07-11,TeamA-af719df9-3e6c-4ad4-9e8e-0c0c45f4f76a,9.0
2021-07-12,TeamA-af719df9-3e6c-4ad4-9e8e-0c0c45f4f76a,7.5
2021-07-13,TeamA-af719df9-3e6c-4ad4-9e8e-0c0c45f4f76a,7.0
2021-07-14,TeamA-af719df9-3e6c-4ad4-9e8e-0c0c45f4f76a,7.5
2021-07-15,TeamA-af719df9-3e6c-4ad4-9e8e-0c0c45f4f76a,8.0
2021-07-16,TeamA-af719df9-3e6c-4ad4-9e8e-0c0c45f4f76a,9.0
2021-07-17,TeamA-af719df9-3e6c-4ad4-9e8e-0c0c45f4f76a,8.0
2021-07-18,TeamA-af719df9-3e6c-4ad4-9e8e-0c0c45f4f76a,6.0
2021-07-19,TeamA-af719df9-3e6c-4ad4-9e8e-0c0c45f4f76a,10.0
2021-07-20,TeamA-af719df9-3e6c-4ad4-9e8e-0c0c45f4f76a,9.0
2021-07-21,TeamA-af719df9-3e6c-4ad4-9e8e-0c0c45f4f76a,8.0
2021-07-22,TeamA-af719df9-3e6c-4ad4-9e8e-0c0c45f4f76a,8.0
2021-07-23,TeamA-af719df9-3e6c-4ad4-9e8e-0c0c45f4f76a,8.0
2021-07-24,TeamA-af719df9-3e6c-4ad4-9e8e-0c0c45f4f76a,8.0
2021-07-25,TeamA-af719df9-3e6c-4ad4-9e8e-0c0c45f4f76a,8.0
2021-07-26,TeamA-af719df9-3e6c-4ad4-9e8e-0c0c45f4f76a,7.5
2021-07-27,TeamA-af719df9-3e6c-4ad4-9e8e-0c0c45f4f76a,8.0
2021-07-28,TeamA-af719df9-3e6c-4ad4-9e8e-0c0c45f4f76a,6.0
2021-07-29,TeamA-af719df9-3e6c-4ad4-9e8e-0c0c45f4f76a,9.0
2021-07-31,TeamA-af719df9-3e6c-4ad4-9e8e-0c0c45f4f76a,1.0
2021-08-01,TeamA-af719df9-3e6c-4ad4-9e8e-0c0c45f4f76a,9.0
2021-08-02,TeamA-af719df9-3e6c-4ad4-9e8e-0c0c45f4f76a,8.5
2021-08-03,TeamA-af719df9-3e6c-4ad4-9e8e-0c0c45f4f76a,7.5
2021-08-04,TeamA-af719df9-3e6c-4ad4-9e8e-0c0c45f4f76a,7.0
2021-08-05,TeamA-af719df9-3e6c-4ad4-9e8e-0c0c45f4f76a,8.0
2021-08-06,TeamA-af719df9-3e6c-4ad4-9e8e-0c0c45f4f76a,7.0
2021-08-07,TeamA-af719df9-3e6c-4ad4-9e8e-0c0c45f4f76a,7.0
2021-08-08,TeamA-af719df9-3e6c-4ad4-9e8e-0c0c45f4f76a,6.0
2021-08-09,TeamA-af719df9-3e6c-4ad4-9e8e-0c0c45f4f76a,8.5
2021-08-10,TeamA-af719df9-3e6c-4ad4-9e8e-0c0c45f4f76a,7.0
2021-08-11,TeamA-af719df9-3e6c-4ad4-9e8e-0c0c45f4f76a,7.0
2021-08-12,TeamA-af719df9-3e6c-4ad4-9e8e-0c0c45f4f76a,8.5
2021-08-13,TeamA-af719df9-3e6c-4ad4-9e8e-0c0c45f4f76a,8.0
2021-08-14,TeamA-af719df9-3e6c-4ad4-9e8e-0c0c45f4f76a,8.5
2021-08-15,TeamA-af719df9-3e6c-4ad4-9e8e-0c0c45f4f76a,6.5
2021-08-16,TeamA-af719df9-3e6c-4ad4-9e8e-0c0c45f4f76a,7.0
2021-08-18,TeamA-af719df9-3e6c-4ad4-9e8e-0c0c45f4f76a,7.5
2021-08-19,TeamA-af719df9-3e6c-4ad4-9e8e-0c0c45f4f76a,7.5
2021-08-20,TeamA-af719df9-3e6c-4ad4-9e8e-0c0c45f4f76a,7.0
2021-08-22,TeamA-af719df9-3e6c-4ad4-9e8e-0c0c45f4f76a,8.5
2021-08-23,TeamA-af719df9-3e6c-4ad4-9e8e-0c0c45f4f76a,7.5
2021-08-24,TeamA-af719df9-3e6c-4ad4-9e8e-0c0c45f4f76a,5.0
2021-08-25,TeamA-af719df9-3e6c-4ad4-9e8e-0c0c45f4f76a,8.0
2021-08-26,TeamA-af719df9-3e6c-4ad4-9e8e-0c0c45f4f76a,8.0
2021-08-27,TeamA-af719df9-3e6c-4ad4-9e8e-0c0c45f4f76a,8.5
2021-08-28,TeamA-af719df9-3e6c-4ad4-9e8e-0c0c45f4f76a,8.0
2021-08-29,TeamA-af719df9-3e6c-4ad4-9e8e-0c0c45f4f76a,8.0
2021-08-30,TeamA-af719df9-3e6c-4ad4-9e8e-0c0c45f4f76a,8.0
2021-08-31,TeamA-af719df9-3e6c-4ad4-9e8e-0c0c45f4f76a,7.0
2021-09-01,TeamA-af719df9-3e6c-4ad4-9e8e-0c0c45f4f76a,7.5
2021-09-02,TeamA-af719df9-3e6c-4ad4-9e8e-0c0c45f4f76a,7.5
2021-09-03,TeamA-af719df9-3e6c-4ad4-9e8e-0c0c45f4f76a,8.0
2021-09-04,TeamA-af719df9-3e6c-4ad4-9e8e-0c0c45f4f76a,8.0
2021-09-05,TeamA-af719df9-3e6c-4ad4-9e8e-0c0c45f4f76a,9.0
2021-09-06,TeamA-af719df9-3e6c-4ad4-9e8e-0c0c45f4f76a,7.0
2021-09-07,TeamA-af719df9-3e6c-4ad4-9e8e-0c0c45f4f76a,7.5
2021-09-08,TeamA-af719df9-3e6c-4ad4-9e8e-0c0c45f4f76a,7.5
2021-09-09,TeamA-af719df9-3e6c-4ad4-9e8e-0c0c45f4f76a,9.0
2021-09-10,TeamA-af719df9-3e6c-4ad4-9e8e-0c0c45f4f76a,7.0
2021-09-11,TeamA-af719df9-3e6c-4ad4-9e8e-0c0c45f4f76a,9.0
2021-09-12,TeamA-af719df9-3e6c-4ad4-9e8e-0c0c45f4f76a,8.0
2021-09-13,TeamA-af719df9-3e6c-4ad4-9e8e-0c0c45f4f76a,7.0
2021-09-14,TeamA-af719df9-3e6c-4ad4-9e8e-0c0c45f4f76a,8.0
2021-09-15,TeamA-af719df9-3e6c-4ad4-9e8e-0c0c45f4f76a,8.5
2021-09-16,TeamA-af719df9-3e6c-4ad4-9e8e-0c0c45f4f76a,8.0
2021-09-17,TeamA-af719df9-3e6c-4ad4-9e8e-0c0c45f4f76a,8.0
2021-09-18,TeamA-af719df9-3e6c-4ad4-9e8e-0c0c45f4f76a,8.0
2021-09-19,TeamA-af719df9-3e6c-4ad4-9e8e-0c0c45f4f76a,7.0
2021-09-20,TeamA-af719df9-3e6c-4ad4-9e8e-0c0c45f4f76a,7.0
2021-09-21,TeamA-af719df9-3e6c-4ad4-9e8e-0c0c45f4f76a,8.5
2021-09-22,TeamA-af719df9-3e6c-4ad4-9e8e-0c0c45f4f76a,5.5
2021-09-23,TeamA-af719df9-3e6c-4ad4-9e8e-0c0c45f4f76a,9.0
2021-09-24,TeamA-af719df9-3e6c-4ad4-9e8e-0c0c45f4f76a,9.0
2021-09-25,TeamA-af719df9-3e6c-4ad4-9e8e-0c0c45f4f76a,8.0
2021-09-26,TeamA-af719df9-3e6c-4ad4-9e8e-0c0c45f4f76a,8.0
2021-09-27,TeamA-af719df9-3e6c-4ad4-9e8e-0c0c45f4f76a,8.0
2021-09-29,TeamA-af719df9-3e6c-4ad4-9e8e-0c0c45f4f76a,9.0
2021-09-30,TeamA-af719df9-3e6c-4ad4-9e8e-0c0c45f4f76a,9.0
2021-10-01,TeamA-af719df9-3e6c-4ad4-9e8e-0c0c45f4f76a,9.0
2021-10-02,TeamA-af719df9-3e6c-4ad4-9e8e-0c0c45f4f76a,8.5
2021-10-03,TeamA-af719df9-3e6c-4ad4-9e8e-0c0c45f4f76a,8.0
2021-10-04,TeamA-af719df9-3e6c-4ad4-9e8e-0c0c45f4f76a,7.5
2021-10-06,TeamA-af719df9-3e6c-4ad4-9e8e-0c0c45f4f76a,8.5
2021-10-07,TeamA-af719df9-3e6c-4ad4-9e8e-0c0c45f4f76a,8.0
2021-10-08,TeamA-af719df9-3e6c-4ad4-9e8e-0c0c45f4f76a,8.5
2021-10-09,TeamA-af719df9-3e6c-4ad4-9e8e-0c0c45f4f76a,8.5
2021-10-10,TeamA-af719df9-3e6c-4ad4-9e8e-0c0c45f4f76a,9.0
2021-10-11,TeamA-af719df9-3e6c-4ad4-9e8e-0c0c45f4f76a,7.5
2021-10-12,TeamA-af719df9-3e6c-4ad4-9e8e-0c0c45f4f76a,8.0
2021-10-13,TeamA-af719df9-3e6c-4ad4-9e8e-0c0c45f4f76a,8.5
2021-10-14,TeamA-af719df9-3e6c-4ad4-9e8e-0c0c45f4f76a,8.0
2021-10-15,TeamA-af719df9-3e6c-4ad4-9e8e-0c0c45f4f76a,8.5
2021-10-16,TeamA-af719df9-3e6c-4ad4-9e8e-0c0c45f4f76a,8.0
2021-10-17,TeamA-af719df9-3e6c-4ad4-9e8e-0c0c45f4f76a,7.5
2021-10-18,TeamA-af719df9-3e6c-4ad4-9e8e-0c0c45f4f76a,8.0
2021-10-19,TeamA-af719df9-3e6c-4ad4-9e8e-0c0c45f4f76a,8.0
2021-10-20,TeamA-af719df9-3e6c-4ad4-9e8e-0c0c45f4f76a,7.5
2021-10-21,TeamA-af719df9-3e6c-4ad4-9e8e-0c0c45f4f76a,8.0
2021-10-22,TeamA-af719df9-3e6c-4ad4-9e8e-0c0c45f4f76a,7.5
2021-10-23,TeamA-af719df9-3e6c-4ad4-9e8e-0c0c45f4f76a,7.0
2021-10-24,TeamA-af719df9-3e6c-4ad4-9e8e-0c0c45f4f76a,7.5
2021-10-25,TeamA-af719df9-3e6c-4ad4-9e8e-0c0c45f4f76a,8.0
2021-10-26,TeamA-af719df9-3e6c-4ad4-9e8e-0c0c45f4f76a,7.0
2021-10-27,TeamA-af719df9-3e6c-4ad4-9e8e-0c0c45f4f76a,6.5
2021-10-28,TeamA-af719df9-3e6c-4ad4-9e8e-0c0c45f4f76a,8.5
2021-10-29,TeamA-af719df9-3e6c-4ad4-9e8e-0c0c45f4f76a,9.0
2021-10-31,TeamA-af719df9-3e6c-4ad4-9e8e-0c0c45f4f76a,7.5
2021-11-01,TeamA-af719df9-3e6c-4ad4-9e8e-0c0c45f4f76a,9.0
2021-11-02,TeamA-af719df9-3e6c-4ad4-9e8e-0c0c45f4f76a,8.0
2021-11-04,TeamA-af719df9-3e6c-4ad4-9e8e-0c0c45f4f76a,9.0
2021-11-05,TeamA-af719df9-3e6c-4ad4-9e8e-0c0c45f4f76a,8.5
2021-11-06,TeamA-af719df9-3e6c-4ad4-9e8e-0c0c45f4f76a,8.0
2021-11-07,TeamA-af719df9-3e6c-4ad4-9e8e-0c0c45f4f76a,7.0
2021-11-08,TeamA-af719df9-3e6c-4ad4-9e8e-0c0c45f4f76a,7.0
2021-11-09,TeamA-af719df9-3e6c-4ad4-9e8e-0c0c45f4f76a,7.5
2021-11-10,TeamA-af719df9-3e6c-4ad4-9e8e-0c0c45f4f76a,7.5
2021-11-11,TeamA-af719df9-3e6c-4ad4-9e8e-0c0c45f4f76a,8.0
2021-11-12,TeamA-af719df9-3e6c-4ad4-9e8e-0c0c45f4f76a,6.5
2021-11-14,TeamA-af719df9-3e6c-4ad4-9e8e-0c0c45f4f76a,6.0
2021-11-15,TeamA-af719df9-3e6c-4ad4-9e8e-0c0c45f4f76a,8.0
2021-11-16,TeamA-af719df9-3e6c-4ad4-9e8e-0c0c45f4f76a,7.0
2021-11-17,TeamA-af719df9-3e6c-4ad4-9e8e-0c0c45f4f76a,4.0
2021-11-18,TeamA-af719df9-3e6c-4ad4-9e8e-0c0c45f4f76a,9.0
2021-11-19,TeamA-af719df9-3e6c-4ad4-9e8e-0c0c45f4f76a,9.0
2021-11-20,TeamA-af719df9-3e6c-4ad4-9e8e-0c0c45f4f76a,9.0
2021-11-21,TeamA-af719df9-3e6c-4ad4-9e8e-0c0c45f4f76a,8.0
2021-11-22,TeamA-af719df9-3e6c-4ad4-9e8e-0c0c45f4f76a,8.5
2021-11-23,TeamA-af719df9-3e6c-4ad4-9e8e-0c0c45f4f76a,8.0
2021-11-24,TeamA-af719df9-3e6c-4ad4-9e8e-0c0c45f4f76a,8.5
2021-11-25,TeamA-af719df9-3e6c-4ad4-9e8e-0c0c45f4f76a,5.0
2021-11-27,TeamA-af719df9-3e6c-4ad4-9e8e-0c0c45f4f76a,7.5
2021-11-28,TeamA-af719df9-3e6c-4ad4-9e8e-0c0c45f4f76a,8.0
2021-11-29,TeamA-af719df9-3e6c-4ad4-9e8e-0c0c45f4f76a,8.0
2021-11-30,TeamA-af719df9-3e6c-4ad4-9e8e-0c0c45f4f76a,8.5
2021-12-02,TeamA-af719df9-3e6c-4ad4-9e8e-0c0c45f4f76a,7.0
2021-12-03,TeamA-af719df9-3e6c-4ad4-9e8e-0c0c45f4f76a,5.0
2021-12-07,TeamA-af719df9-3e6c-4ad4-9e8e-0c0c45f4f76a,7.0
2021-12-08,TeamA-af719df9-3e6c-4ad4-9e8e-0c0c45f4f76a,7.0
2021-12-09,TeamA-af719df9-3e6c-4ad4-9e8e-0c0c45f4f76a,6.5
2021-12-11,TeamA-af719df9-3e6c-4ad4-9e8e-0c0c45f4f76a,7.0
2021-12-12,TeamA-af719df9-3e6c-4ad4-9e8e-0c0c45f4f76a,8.0
2021-12-14,TeamA-af719df9-3e6c-4ad4-9e8e-0c0c45f4f76a,7.0
2021-12-15,TeamA-af719df9-3e6c-4ad4-9e8e-0c0c45f4f76a,6.5
2021-12-16,TeamA-af719df9-3e6c-4ad4-9e8e-0c0c45f4f76a,6.5
2021-12-17,TeamA-af719df9-3e6c-4ad4-9e8e-0c0c45f4f76a,9.0
2021-12-18,TeamA-af719df9-3e6c-4ad4-9e8e-0c0c45f4f76a,8.0
2021-12-19,TeamA-af719df9-3e6c-4ad4-9e8e-0c0c45f4f76a,9.0
2021-12-21,TeamA-af719df9-3e6c-4ad4-9e8e-0c0c45f4f76a,7.5
2021-12-23,TeamA-af719df9-3e6c-4ad4-9e8e-0c0c45f4f76a,7.0
2021-12-26,TeamA-af719df9-3e6c-4ad4-9e8e-0c0c45f4f76a,8.0
2021-12-27,TeamA-af719df9-3e6c-4ad4-9e8e-0c0c45f4f76a,8.0
2021-12-28,TeamA-af719df9-3e6c-4ad4-9e8e-0c0c45f4f76a,8.0
2021-12-29,TeamA-af719df9-3e6c-4ad4-9e8e-0c0c45f4f76a,9.0
2021-12-31,TeamA-af719df9-3e6c-4ad4-9e8e-0c0c45f4f76a,7.0
2020-03-20,TeamA-affd6f1d-b364-4700-98bf-8f20896e5ac4,7.0
2020-03-21,TeamA-affd6f1d-b364-4700-98bf-8f20896e5ac4,9.0
2020-03-22,TeamA-affd6f1d-b364-4700-98bf-8f20896e5ac4,9.0
2020-03-24,TeamA-affd6f1d-b364-4700-98bf-8f20896e5ac4,8.0
2020-03-25,TeamA-affd6f1d-b364-4700-98bf-8f20896e5ac4,8.0
2020-03-26,TeamA-affd6f1d-b364-4700-98bf-8f20896e5ac4,9.0
2020-03-28,TeamA-affd6f1d-b364-4700-98bf-8f20896e5ac4,8.5
2020-03-29,TeamA-affd6f1d-b364-4700-98bf-8f20896e5ac4,9.0
2020-03-31,TeamA-affd6f1d-b364-4700-98bf-8f20896e5ac4,7.5
2020-04-01,TeamA-affd6f1d-b364-4700-98bf-8f20896e5ac4,6.0
2020-07-30,TeamA-affd6f1d-b364-4700-98bf-8f20896e5ac4,10.0
2020-08-01,TeamA-affd6f1d-b364-4700-98bf-8f20896e5ac4,9.0
2020-08-02,TeamA-affd6f1d-b364-4700-98bf-8f20896e5ac4,9.0
2020-08-03,TeamA-affd6f1d-b364-4700-98bf-8f20896e5ac4,7.0
2020-08-04,TeamA-affd6f1d-b364-4700-98bf-8f20896e5ac4,7.0
2020-08-07,TeamA-affd6f1d-b364-4700-98bf-8f20896e5ac4,7.0
2020-08-08,TeamA-affd6f1d-b364-4700-98bf-8f20896e5ac4,9.0
2020-08-10,TeamA-affd6f1d-b364-4700-98bf-8f20896e5ac4,8.0
2020-09-03,TeamA-affd6f1d-b364-4700-98bf-8f20896e5ac4,6.0
2020-09-04,TeamA-affd6f1d-b364-4700-98bf-8f20896e5ac4,7.0
2020-09-05,TeamA-affd6f1d-b364-4700-98bf-8f20896e5ac4,6.0
2020-09-07,TeamA-affd6f1d-b364-4700-98bf-8f20896e5ac4,7.0
2020-09-08,TeamA-affd6f1d-b364-4700-98bf-8f20896e5ac4,4.5
2020-09-09,TeamA-affd6f1d-b364-4700-98bf-8f20896e5ac4,6.0
2020-09-10,TeamA-affd6f1d-b364-4700-98bf-8f20896e5ac4,6.5
2020-09-11,TeamA-affd6f1d-b364-4700-98bf-8f20896e5ac4,7.5
2020-09-12,TeamA-affd6f1d-b364-4700-98bf-8f20896e5ac4,7.0
2020-09-13,TeamA-affd6f1d-b364-4700-98bf-8f20896e5ac4,7.0
2020-09-14,TeamA-affd6f1d-b364-4700-98bf-8f20896e5ac4,8.0
2020-09-17,TeamA-affd6f1d-b364-4700-98bf-8f20896e5ac4,6.0
2020-09-18,TeamA-affd6f1d-b364-4700-98bf-8f20896e5ac4,7.0
2020-09-19,TeamA-affd6f1d-b364-4700-98bf-8f20896e5ac4,7.0
2020-09-20,TeamA-affd6f1d-b364-4700-98bf-8f20896e5ac4,6.0
2020-09-21,TeamA-affd6f1d-b364-4700-98bf-8f20896e5ac4,7.0
2020-09-24,TeamA-affd6f1d-b364-4700-98bf-8f20896e5ac4,7.0
2020-09-28,TeamA-affd6f1d-b364-4700-98bf-8f20896e5ac4,7.0
2020-09-30,TeamA-affd6f1d-b364-4700-98bf-8f20896e5ac4,7.5
2020-10-01,TeamA-affd6f1d-b364-4700-98bf-8f20896e5ac4,7.0
2020-10-04,TeamA-affd6f1d-b364-4700-98bf-8f20896e5ac4,6.0
2020-10-05,TeamA-affd6f1d-b364-4700-98bf-8f20896e5ac4,7.0
2020-10-06,TeamA-affd6f1d-b364-4700-98bf-8f20896e5ac4,6.5
2020-10-07,TeamA-affd6f1d-b364-4700-98bf-8f20896e5ac4,7.0
2020-10-11,TeamA-affd6f1d-b364-4700-98bf-8f20896e5ac4,7.5
2020-10-12,TeamA-affd6f1d-b364-4700-98bf-8f20896e5ac4,8.0
2020-10-14,TeamA-affd6f1d-b364-4700-98bf-8f20896e5ac4,6.0
2020-10-15,TeamA-affd6f1d-b364-4700-98bf-8f20896e5ac4,7.5
2020-10-16,TeamA-affd6f1d-b364-4700-98bf-8f20896e5ac4,8.0
2020-10-17,TeamA-affd6f1d-b364-4700-98bf-8f20896e5ac4,7.5
2020-10-18,TeamA-affd6f1d-b364-4700-98bf-8f20896e5ac4,7.0
2020-10-19,TeamA-affd6f1d-b364-4700-98bf-8f20896e5ac4,7.5
2020-10-22,TeamA-affd6f1d-b364-4700-98bf-8f20896e5ac4,7.5
2020-10-23,TeamA-affd6f1d-b364-4700-98bf-8f20896e5ac4,7.5
2020-10-25,TeamA-affd6f1d-b364-4700-98bf-8f20896e5ac4,8.5
2020-10-26,TeamA-affd6f1d-b364-4700-98bf-8f20896e5ac4,7.5
2020-10-27,TeamA-affd6f1d-b364-4700-98bf-8f20896e5ac4,6.0
2020-10-29,TeamA-affd6f1d-b364-4700-98bf-8f20896e5ac4,7.0
2020-10-30,TeamA-affd6f1d-b364-4700-98bf-8f20896e5ac4,8.5
2020-10-31,TeamA-affd6f1d-b364-4700-98bf-8f20896e5ac4,6.0
2020-11-01,TeamA-affd6f1d-b364-4700-98bf-8f20896e5ac4,8.5
2020-11-02,TeamA-affd6f1d-b364-4700-98bf-8f20896e5ac4,8.0
2020-11-03,TeamA-affd6f1d-b364-4700-98bf-8f20896e5ac4,7.0
2020-11-04,TeamA-affd6f1d-b364-4700-98bf-8f20896e5ac4,8.0
2020-11-05,TeamA-affd6f1d-b364-4700-98bf-8f20896e5ac4,8.0
2020-11-07,TeamA-affd6f1d-b364-4700-98bf-8f20896e5ac4,7.5
2020-11-08,TeamA-affd6f1d-b364-4700-98bf-8f20896e5ac4,8.0
2020-11-09,TeamA-affd6f1d-b364-4700-98bf-8f20896e5ac4,8.0
2020-11-11,TeamA-affd6f1d-b364-4700-98bf-8f20896e5ac4,8.0
2020-11-12,TeamA-affd6f1d-b364-4700-98bf-8f20896e5ac4,7.0
2020-11-13,TeamA-affd6f1d-b364-4700-98bf-8f20896e5ac4,6.0
2020-11-15,TeamA-affd6f1d-b364-4700-98bf-8f20896e5ac4,7.5
2020-11-17,TeamA-affd6f1d-b364-4700-98bf-8f20896e5ac4,6.5
2020-11-18,TeamA-affd6f1d-b364-4700-98bf-8f20896e5ac4,5.0
2020-11-19,TeamA-affd6f1d-b364-4700-98bf-8f20896e5ac4,8.5
2020-11-20,TeamA-affd6f1d-b364-4700-98bf-8f20896e5ac4,8.0
2020-11-21,TeamA-affd6f1d-b364-4700-98bf-8f20896e5ac4,8.0
2020-11-23,TeamA-affd6f1d-b364-4700-98bf-8f20896e5ac4,7.5
2020-11-24,TeamA-affd6f1d-b364-4700-98bf-8f20896e5ac4,7.0
2020-11-25,TeamA-affd6f1d-b364-4700-98bf-8f20896e5ac4,7.0
2020-11-26,TeamA-affd6f1d-b364-4700-98bf-8f20896e5ac4,7.0
2020-11-27,TeamA-affd6f1d-b364-4700-98bf-8f20896e5ac4,8.0
2020-11-29,TeamA-affd6f1d-b364-4700-98bf-8f20896e5ac4,8.5
2020-11-30,TeamA-affd6f1d-b364-4700-98bf-8f20896e5ac4,8.0
2020-12-02,TeamA-affd6f1d-b364-4700-98bf-8f20896e5ac4,7.0
2020-12-03,TeamA-affd6f1d-b364-4700-98bf-8f20896e5ac4,8.5
2020-12-04,TeamA-affd6f1d-b364-4700-98bf-8f20896e5ac4,7.5
2020-12-05,TeamA-affd6f1d-b364-4700-98bf-8f20896e5ac4,6.5
2020-12-09,TeamA-affd6f1d-b364-4700-98bf-8f20896e5ac4,7.0
2020-12-13,TeamA-affd6f1d-b364-4700-98bf-8f20896e5ac4,8.0
2020-12-14,TeamA-affd6f1d-b364-4700-98bf-8f20896e5ac4,8.0
2020-12-15,TeamA-affd6f1d-b364-4700-98bf-8f20896e5ac4,6.5
2020-12-16,TeamA-affd6f1d-b364-4700-98bf-8f20896e5ac4,6.0
2020-12-19,TeamA-affd6f1d-b364-4700-98bf-8f20896e5ac4,8.0
2020-12-20,TeamA-affd6f1d-b364-4700-98bf-8f20896e5ac4,6.5
2020-12-22,TeamA-affd6f1d-b364-4700-98bf-8f20896e5ac4,7.0
2020-12-26,TeamA-affd6f1d-b364-4700-98bf-8f20896e5ac4,7.0
2021-01-03,TeamA-affd6f1d-b364-4700-98bf-8f20896e5ac4,8.0
2021-01-10,TeamA-affd6f1d-b364-4700-98bf-8f20896e5ac4,8.0
2021-01-11,TeamA-affd6f1d-b364-4700-98bf-8f20896e5ac4,6.5
2021-01-12,TeamA-affd6f1d-b364-4700-98bf-8f20896e5ac4,6.0
2021-01-13,TeamA-affd6f1d-b364-4700-98bf-8f20896e5ac4,6.0
2021-01-14,TeamA-affd6f1d-b364-4700-98bf-8f20896e5ac4,5.5
2021-01-15,TeamA-affd6f1d-b364-4700-98bf-8f20896e5ac4,7.5
2021-01-16,TeamA-affd6f1d-b364-4700-98bf-8f20896e5ac4,8.0
2021-01-17,TeamA-affd6f1d-b364-4700-98bf-8f20896e5ac4,6.0
2021-01-18,TeamA-affd6f1d-b364-4700-98bf-8f20896e5ac4,6.0
2021-01-19,TeamA-affd6f1d-b364-4700-98bf-8f20896e5ac4,6.0
2021-01-20,TeamA-affd6f1d-b364-4700-98bf-8f20896e5ac4,6.0
2021-01-21,TeamA-affd6f1d-b364-4700-98bf-8f20896e5ac4,8.0
2021-01-22,TeamA-affd6f1d-b364-4700-98bf-8f20896e5ac4,8.0
2021-01-23,TeamA-affd6f1d-b364-4700-98bf-8f20896e5ac4,9.0
2021-01-24,TeamA-affd6f1d-b364-4700-98bf-8f20896e5ac4,9.0
2021-01-25,TeamA-affd6f1d-b364-4700-98bf-8f20896e5ac4,8.0
2021-01-26,TeamA-affd6f1d-b364-4700-98bf-8f20896e5ac4,7.5
2021-01-27,TeamA-affd6f1d-b364-4700-98bf-8f20896e5ac4,6.0
2021-01-28,TeamA-affd6f1d-b364-4700-98bf-8f20896e5ac4,8.5
2021-01-29,TeamA-affd6f1d-b364-4700-98bf-8f20896e5ac4,6.5
2021-01-30,TeamA-affd6f1d-b364-4700-98bf-8f20896e5ac4,8.0
2021-01-31,TeamA-affd6f1d-b364-4700-98bf-8f20896e5ac4,8.0
2021-02-01,TeamA-affd6f1d-b364-4700-98bf-8f20896e5ac4,6.5
2021-02-02,TeamA-affd6f1d-b364-4700-98bf-8f20896e5ac4,7.5
2021-02-03,TeamA-affd6f1d-b364-4700-98bf-8f20896e5ac4,7.5
2021-02-04,TeamA-affd6f1d-b364-4700-98bf-8f20896e5ac4,7.5
2021-02-05,TeamA-affd6f1d-b364-4700-98bf-8f20896e5ac4,8.0
2021-02-06,TeamA-affd6f1d-b364-4700-98bf-8f20896e5ac4,7.0
2021-02-07,TeamA-affd6f1d-b364-4700-98bf-8f20896e5ac4,7.5
2021-02-08,TeamA-affd6f1d-b364-4700-98bf-8f20896e5ac4,7.0
2021-02-09,TeamA-affd6f1d-b364-4700-98bf-8f20896e5ac4,7.5
2021-02-10,TeamA-affd6f1d-b364-4700-98bf-8f20896e5ac4,7.5
2021-02-12,TeamA-affd6f1d-b364-4700-98bf-8f20896e5ac4,6.5
2021-02-13,TeamA-affd6f1d-b364-4700-98bf-8f20896e5ac4,9.0
2021-02-14,TeamA-affd6f1d-b364-4700-98bf-8f20896e5ac4,6.5
2021-02-15,TeamA-affd6f1d-b364-4700-98bf-8f20896e5ac4,7.0
2021-02-16,TeamA-affd6f1d-b364-4700-98bf-8f20896e5ac4,6.0
2021-02-17,TeamA-affd6f1d-b364-4700-98bf-8f20896e5ac4,7.0
2021-02-18,TeamA-affd6f1d-b364-4700-98bf-8f20896e5ac4,6.5
2021-02-19,TeamA-affd6f1d-b364-4700-98bf-8f20896e5ac4,6.5
2021-02-20,TeamA-affd6f1d-b364-4700-98bf-8f20896e5ac4,8.0
2021-02-22,TeamA-affd6f1d-b364-4700-98bf-8f20896e5ac4,9.0
2021-02-23,TeamA-affd6f1d-b364-4700-98bf-8f20896e5ac4,6.0
2021-02-24,TeamA-affd6f1d-b364-4700-98bf-8f20896e5ac4,6.5
2021-02-25,TeamA-affd6f1d-b364-4700-98bf-8f20896e5ac4,7.5
2021-02-27,TeamA-affd6f1d-b364-4700-98bf-8f20896e5ac4,7.5
2021-02-28,TeamA-affd6f1d-b364-4700-98bf-8f20896e5ac4,7.0
2021-03-01,TeamA-affd6f1d-b364-4700-98bf-8f20896e5ac4,7.0
2021-03-02,TeamA-affd6f1d-b364-4700-98bf-8f20896e5ac4,8.0
2021-03-03,TeamA-affd6f1d-b364-4700-98bf-8f20896e5ac4,9.0
2021-03-05,TeamA-affd6f1d-b364-4700-98bf-8f20896e5ac4,8.0
2021-03-06,TeamA-affd6f1d-b364-4700-98bf-8f20896e5ac4,7.0
2021-03-07,TeamA-affd6f1d-b364-4700-98bf-8f20896e5ac4,7.0
2021-03-08,TeamA-affd6f1d-b364-4700-98bf-8f20896e5ac4,7.5
2021-03-10,TeamA-affd6f1d-b364-4700-98bf-8f20896e5ac4,7.5
2021-03-11,TeamA-affd6f1d-b364-4700-98bf-8f20896e5ac4,8.5
2021-03-13,TeamA-affd6f1d-b364-4700-98bf-8f20896e5ac4,7.5
2021-03-14,TeamA-affd6f1d-b364-4700-98bf-8f20896e5ac4,8.0
2021-03-15,TeamA-affd6f1d-b364-4700-98bf-8f20896e5ac4,7.5
2021-03-17,TeamA-affd6f1d-b364-4700-98bf-8f20896e5ac4,8.0
2021-03-18,TeamA-affd6f1d-b364-4700-98bf-8f20896e5ac4,6.5
2021-03-19,TeamA-affd6f1d-b364-4700-98bf-8f20896e5ac4,8.0
2021-03-21,TeamA-affd6f1d-b364-4700-98bf-8f20896e5ac4,6.5
2021-03-22,TeamA-affd6f1d-b364-4700-98bf-8f20896e5ac4,8.0
2021-03-24,TeamA-affd6f1d-b364-4700-98bf-8f20896e5ac4,7.0
2021-03-25,TeamA-affd6f1d-b364-4700-98bf-8f20896e5ac4,7.5
2021-03-26,TeamA-affd6f1d-b364-4700-98bf-8f20896e5ac4,7.5
2021-03-27,TeamA-affd6f1d-b364-4700-98bf-8f20896e5ac4,8.0
2021-03-28,TeamA-affd6f1d-b364-4700-98bf-8f20896e5ac4,6.5
2021-03-29,TeamA-affd6f1d-b364-4700-98bf-8f20896e5ac4,7.0
2021-04-01,TeamA-affd6f1d-b364-4700-98bf-8f20896e5ac4,8.0
2021-04-02,TeamA-affd6f1d-b364-4700-98bf-8f20896e5ac4,8.0
2021-04-04,TeamA-affd6f1d-b364-4700-98bf-8f20896e5ac4,9.0
2021-04-05,TeamA-affd6f1d-b364-4700-98bf-8f20896e5ac4,7.0
2021-04-06,TeamA-affd6f1d-b364-4700-98bf-8f20896e5ac4,6.0
2021-04-07,TeamA-affd6f1d-b364-4700-98bf-8f20896e5ac4,7.5
2021-04-08,TeamA-affd6f1d-b364-4700-98bf-8f20896e5ac4,7.0
2021-04-09,TeamA-affd6f1d-b364-4700-98bf-8f20896e5ac4,7.0
2021-04-10,TeamA-affd6f1d-b364-4700-98bf-8f20896e5ac4,7.0
2021-04-11,TeamA-affd6f1d-b364-4700-98bf-8f20896e5ac4,7.0
2021-04-12,TeamA-affd6f1d-b364-4700-98bf-8f20896e5ac4,7.5
2021-04-13,TeamA-affd6f1d-b364-4700-98bf-8f20896e5ac4,7.0
2021-04-14,TeamA-affd6f1d-b364-4700-98bf-8f20896e5ac4,7.5
2021-04-15,TeamA-affd6f1d-b364-4700-98bf-8f20896e5ac4,7.0
2021-04-16,TeamA-affd6f1d-b364-4700-98bf-8f20896e5ac4,7.0
2021-04-17,TeamA-affd6f1d-b364-4700-98bf-8f20896e5ac4,8.0
2021-04-18,TeamA-affd6f1d-b364-4700-98bf-8f20896e5ac4,7.0
2021-04-19,TeamA-affd6f1d-b364-4700-98bf-8f20896e5ac4,7.0
2021-04-21,TeamA-affd6f1d-b364-4700-98bf-8f20896e5ac4,8.0
2021-04-22,TeamA-affd6f1d-b364-4700-98bf-8f20896e5ac4,7.5
2021-04-25,TeamA-affd6f1d-b364-4700-98bf-8f20896e5ac4,9.0
2021-04-26,TeamA-affd6f1d-b364-4700-98bf-8f20896e5ac4,7.0
2021-04-27,TeamA-affd6f1d-b364-4700-98bf-8f20896e5ac4,8.5
2021-04-28,TeamA-affd6f1d-b364-4700-98bf-8f20896e5ac4,7.0
2021-04-29,TeamA-affd6f1d-b364-4700-98bf-8f20896e5ac4,7.0
2021-04-30,TeamA-affd6f1d-b364-4700-98bf-8f20896e5ac4,7.5
2021-05-02,TeamA-affd6f1d-b364-4700-98bf-8f20896e5ac4,8.0
2021-05-03,TeamA-affd6f1d-b364-4700-98bf-8f20896e5ac4,8.0
2021-05-04,TeamA-affd6f1d-b364-4700-98bf-8f20896e5ac4,7.5
2021-05-05,TeamA-affd6f1d-b364-4700-98bf-8f20896e5ac4,7.0
2021-05-08,TeamA-affd6f1d-b364-4700-98bf-8f20896e5ac4,10.0
2021-05-09,TeamA-affd6f1d-b364-4700-98bf-8f20896e5ac4,8.0
2021-05-10,TeamA-affd6f1d-b364-4700-98bf-8f20896e5ac4,8.0
2021-05-11,TeamA-affd6f1d-b364-4700-98bf-8f20896e5ac4,7.5
2021-05-13,TeamA-affd6f1d-b364-4700-98bf-8f20896e5ac4,8.0
2021-05-14,TeamA-affd6f1d-b364-4700-98bf-8f20896e5ac4,8.5
2021-05-15,TeamA-affd6f1d-b364-4700-98bf-8f20896e5ac4,7.5
2021-05-17,TeamA-affd6f1d-b364-4700-98bf-8f20896e5ac4,7.0
2021-05-18,TeamA-affd6f1d-b364-4700-98bf-8f20896e5ac4,8.0
2021-05-19,TeamA-affd6f1d-b364-4700-98bf-8f20896e5ac4,8.0
2021-05-20,TeamA-affd6f1d-b364-4700-98bf-8f20896e5ac4,8.0
2021-05-21,TeamA-affd6f1d-b364-4700-98bf-8f20896e5ac4,8.0
2021-05-22,TeamA-affd6f1d-b364-4700-98bf-8f20896e5ac4,8.5
2021-05-23,TeamA-affd6f1d-b364-4700-98bf-8f20896e5ac4,7.5
2021-05-24,TeamA-affd6f1d-b364-4700-98bf-8f20896e5ac4,8.0
2021-05-25,TeamA-affd6f1d-b364-4700-98bf-8f20896e5ac4,7.5
2021-05-26,TeamA-affd6f1d-b364-4700-98bf-8f20896e5ac4,7.5
2021-05-27,TeamA-affd6f1d-b364-4700-98bf-8f20896e5ac4,6.0
2021-05-28,TeamA-affd6f1d-b364-4700-98bf-8f20896e5ac4,8.0
2021-05-29,TeamA-affd6f1d-b364-4700-98bf-8f20896e5ac4,10.0
2021-05-30,TeamA-affd6f1d-b364-4700-98bf-8f20896e5ac4,9.0
2021-05-31,TeamA-affd6f1d-b364-4700-98bf-8f20896e5ac4,10.0
2021-06-01,TeamA-affd6f1d-b364-4700-98bf-8f20896e5ac4,9.0
2021-06-02,TeamA-affd6f1d-b364-4700-98bf-8f20896e5ac4,7.5
2021-06-03,TeamA-affd6f1d-b364-4700-98bf-8f20896e5ac4,7.0
2021-06-04,TeamA-affd6f1d-b364-4700-98bf-8f20896e5ac4,8.5
2021-06-05,TeamA-affd6f1d-b364-4700-98bf-8f20896e5ac4,9.0
2021-06-06,TeamA-affd6f1d-b364-4700-98bf-8f20896e5ac4,8.0
2021-06-07,TeamA-affd6f1d-b364-4700-98bf-8f20896e5ac4,7.5
2021-06-08,TeamA-affd6f1d-b364-4700-98bf-8f20896e5ac4,8.0
2021-06-09,TeamA-affd6f1d-b364-4700-98bf-8f20896e5ac4,7.5
2021-06-10,TeamA-affd6f1d-b364-4700-98bf-8f20896e5ac4,7.5
2021-06-11,TeamA-affd6f1d-b364-4700-98bf-8f20896e5ac4,8.0
2021-06-13,TeamA-affd6f1d-b364-4700-98bf-8f20896e5ac4,7.5
2021-06-14,TeamA-affd6f1d-b364-4700-98bf-8f20896e5ac4,7.5
2021-06-15,TeamA-affd6f1d-b364-4700-98bf-8f20896e5ac4,8.0
2021-06-16,TeamA-affd6f1d-b364-4700-98bf-8f20896e5ac4,8.5
2021-06-17,TeamA-affd6f1d-b364-4700-98bf-8f20896e5ac4,6.5
2021-06-18,TeamA-affd6f1d-b364-4700-98bf-8f20896e5ac4,7.5
2021-06-19,TeamA-affd6f1d-b364-4700-98bf-8f20896e5ac4,8.5
2021-06-20,TeamA-affd6f1d-b364-4700-98bf-8f20896e5ac4,7.0
2021-06-21,TeamA-affd6f1d-b364-4700-98bf-8f20896e5ac4,7.0
2021-06-22,TeamA-affd6f1d-b364-4700-98bf-8f20896e5ac4,8.0
2021-06-23,TeamA-affd6f1d-b364-4700-98bf-8f20896e5ac4,9.0
2021-06-24,TeamA-affd6f1d-b364-4700-98bf-8f20896e5ac4,8.0
2021-06-25,TeamA-affd6f1d-b364-4700-98bf-8f20896e5ac4,7.0
2021-06-26,TeamA-affd6f1d-b364-4700-98bf-8f20896e5ac4,8.5
2021-06-27,TeamA-affd6f1d-b364-4700-98bf-8f20896e5ac4,7.5
2021-06-29,TeamA-affd6f1d-b364-4700-98bf-8f20896e5ac4,8.0
2021-06-30,TeamA-affd6f1d-b364-4700-98bf-8f20896e5ac4,8.5
2021-07-01,TeamA-affd6f1d-b364-4700-98bf-8f20896e5ac4,7.0
2021-07-02,TeamA-affd6f1d-b364-4700-98bf-8f20896e5ac4,8.0
2021-07-03,TeamA-affd6f1d-b364-4700-98bf-8f20896e5ac4,10.0
2021-07-05,TeamA-affd6f1d-b364-4700-98bf-8f20896e5ac4,9.0
2021-07-06,TeamA-affd6f1d-b364-4700-98bf-8f20896e5ac4,9.0
2021-07-07,TeamA-affd6f1d-b364-4700-98bf-8f20896e5ac4,8.0
2021-07-08,TeamA-affd6f1d-b364-4700-98bf-8f20896e5ac4,7.5
2021-07-09,TeamA-affd6f1d-b364-4700-98bf-8f20896e5ac4,8.0
2021-07-10,TeamA-affd6f1d-b364-4700-98bf-8f20896e5ac4,9.0
2021-07-11,TeamA-affd6f1d-b364-4700-98bf-8f20896e5ac4,6.5
2021-07-12,TeamA-affd6f1d-b364-4700-98bf-8f20896e5ac4,10.0
2021-07-13,TeamA-affd6f1d-b364-4700-98bf-8f20896e5ac4,7.5
2021-07-14,TeamA-affd6f1d-b364-4700-98bf-8f20896e5ac4,9.0
2021-07-16,TeamA-affd6f1d-b364-4700-98bf-8f20896e5ac4,11.0
2021-07-17,TeamA-affd6f1d-b364-4700-98bf-8f20896e5ac4,8.5
2021-07-18,TeamA-affd6f1d-b364-4700-98bf-8f20896e5ac4,6.0
2021-07-19,TeamA-affd6f1d-b364-4700-98bf-8f20896e5ac4,10.0
2021-07-21,TeamA-affd6f1d-b364-4700-98bf-8f20896e5ac4,9.0
2021-07-23,TeamA-affd6f1d-b364-4700-98bf-8f20896e5ac4,5.0
2021-07-24,TeamA-affd6f1d-b364-4700-98bf-8f20896e5ac4,8.0
2021-07-25,TeamA-affd6f1d-b364-4700-98bf-8f20896e5ac4,10.0
2021-07-26,TeamA-affd6f1d-b364-4700-98bf-8f20896e5ac4,6.0
2021-07-27,TeamA-affd6f1d-b364-4700-98bf-8f20896e5ac4,11.0
2021-07-28,TeamA-affd6f1d-b364-4700-98bf-8f20896e5ac4,9.0
2021-07-29,TeamA-affd6f1d-b364-4700-98bf-8f20896e5ac4,8.5
2021-07-31,TeamA-affd6f1d-b364-4700-98bf-8f20896e5ac4,2.0
2021-08-01,TeamA-affd6f1d-b364-4700-98bf-8f20896e5ac4,9.0
2021-08-02,TeamA-affd6f1d-b364-4700-98bf-8f20896e5ac4,8.5
2021-08-03,TeamA-affd6f1d-b364-4700-98bf-8f20896e5ac4,8.5
2021-08-04,TeamA-affd6f1d-b364-4700-98bf-8f20896e5ac4,7.5
2021-08-06,TeamA-affd6f1d-b364-4700-98bf-8f20896e5ac4,10.0
2021-08-07,TeamA-affd6f1d-b364-4700-98bf-8f20896e5ac4,8.5
2021-08-08,TeamA-affd6f1d-b364-4700-98bf-8f20896e5ac4,6.5
2021-08-09,TeamA-affd6f1d-b364-4700-98bf-8f20896e5ac4,8.5
2021-08-10,TeamA-affd6f1d-b364-4700-98bf-8f20896e5ac4,6.5
2021-08-11,TeamA-affd6f1d-b364-4700-98bf-8f20896e5ac4,6.0
2021-08-12,TeamA-affd6f1d-b364-4700-98bf-8f20896e5ac4,8.0
2021-08-13,TeamA-affd6f1d-b364-4700-98bf-8f20896e5ac4,9.0
2021-08-14,TeamA-affd6f1d-b364-4700-98bf-8f20896e5ac4,9.0
2021-08-15,TeamA-affd6f1d-b364-4700-98bf-8f20896e5ac4,5.5
2021-08-16,TeamA-affd6f1d-b364-4700-98bf-8f20896e5ac4,8.0
2021-08-17,TeamA-affd6f1d-b364-4700-98bf-8f20896e5ac4,7.0
2021-08-18,TeamA-affd6f1d-b364-4700-98bf-8f20896e5ac4,8.5
2021-08-19,TeamA-affd6f1d-b364-4700-98bf-8f20896e5ac4,8.0
2021-08-20,TeamA-affd6f1d-b364-4700-98bf-8f20896e5ac4,8.5
2021-08-21,TeamA-affd6f1d-b364-4700-98bf-8f20896e5ac4,8.5
2021-08-22,TeamA-affd6f1d-b364-4700-98bf-8f20896e5ac4,8.0
2021-08-23,TeamA-affd6f1d-b364-4700-98bf-8f20896e5ac4,7.5
2021-08-24,TeamA-affd6f1d-b364-4700-98bf-8f20896e5ac4,7.0
2021-08-25,TeamA-affd6f1d-b364-4700-98bf-8f20896e5ac4,7.5
2021-08-26,TeamA-affd6f1d-b364-4700-98bf-8f20896e5ac4,6.5
2021-08-27,TeamA-affd6f1d-b364-4700-98bf-8f20896e5ac4,8.0
2021-08-28,TeamA-affd6f1d-b364-4700-98bf-8f20896e5ac4,11.0
2021-08-29,TeamA-affd6f1d-b364-4700-98bf-8f20896e5ac4,8.0
2021-08-30,TeamA-affd6f1d-b364-4700-98bf-8f20896e5ac4,7.0
2021-09-01,TeamA-affd6f1d-b364-4700-98bf-8f20896e5ac4,7.5
2021-09-02,TeamA-affd6f1d-b364-4700-98bf-8f20896e5ac4,8.0
2021-09-03,TeamA-affd6f1d-b364-4700-98bf-8f20896e5ac4,9.0
2021-09-04,TeamA-affd6f1d-b364-4700-98bf-8f20896e5ac4,9.0
2021-09-05,TeamA-affd6f1d-b364-4700-98bf-8f20896e5ac4,8.0
2021-09-06,TeamA-affd6f1d-b364-4700-98bf-8f20896e5ac4,8.0
2021-09-07,TeamA-affd6f1d-b364-4700-98bf-8f20896e5ac4,8.0
2021-09-08,TeamA-affd6f1d-b364-4700-98bf-8f20896e5ac4,8.0
2021-09-09,TeamA-affd6f1d-b364-4700-98bf-8f20896e5ac4,8.0
2021-09-10,TeamA-affd6f1d-b364-4700-98bf-8f20896e5ac4,8.5
2021-09-11,TeamA-affd6f1d-b364-4700-98bf-8f20896e5ac4,8.0
2021-09-12,TeamA-affd6f1d-b364-4700-98bf-8f20896e5ac4,9.0
2021-09-13,TeamA-affd6f1d-b364-4700-98bf-8f20896e5ac4,6.0
2021-09-14,TeamA-affd6f1d-b364-4700-98bf-8f20896e5ac4,8.5
2021-09-15,TeamA-affd6f1d-b364-4700-98bf-8f20896e5ac4,7.5
2021-09-16,TeamA-affd6f1d-b364-4700-98bf-8f20896e5ac4,8.0
2021-09-17,TeamA-affd6f1d-b364-4700-98bf-8f20896e5ac4,7.5
2021-09-18,TeamA-affd6f1d-b364-4700-98bf-8f20896e5ac4,7.0
2021-09-19,TeamA-affd6f1d-b364-4700-98bf-8f20896e5ac4,9.0
2021-09-20,TeamA-affd6f1d-b364-4700-98bf-8f20896e5ac4,8.0
2021-09-21,TeamA-affd6f1d-b364-4700-98bf-8f20896e5ac4,8.0
2021-09-22,TeamA-affd6f1d-b364-4700-98bf-8f20896e5ac4,8.0
2021-09-23,TeamA-affd6f1d-b364-4700-98bf-8f20896e5ac4,8.0
2021-09-24,TeamA-affd6f1d-b364-4700-98bf-8f20896e5ac4,9.0
2021-09-25,TeamA-affd6f1d-b364-4700-98bf-8f20896e5ac4,9.0
2021-09-26,TeamA-affd6f1d-b364-4700-98bf-8f20896e5ac4,9.0
2021-09-28,TeamA-affd6f1d-b364-4700-98bf-8f20896e5ac4,6.5
2021-09-29,TeamA-affd6f1d-b364-4700-98bf-8f20896e5ac4,7.0
2021-09-30,TeamA-affd6f1d-b364-4700-98bf-8f20896e5ac4,7.0
2021-10-01,TeamA-affd6f1d-b364-4700-98bf-8f20896e5ac4,6.5
2021-10-02,TeamA-affd6f1d-b364-4700-98bf-8f20896e5ac4,8.0
2021-10-04,TeamA-affd6f1d-b364-4700-98bf-8f20896e5ac4,8.0
2021-10-05,TeamA-affd6f1d-b364-4700-98bf-8f20896e5ac4,8.5
2021-10-06,TeamA-affd6f1d-b364-4700-98bf-8f20896e5ac4,8.0
2021-10-07,TeamA-affd6f1d-b364-4700-98bf-8f20896e5ac4,8.5
2021-10-08,TeamA-affd6f1d-b364-4700-98bf-8f20896e5ac4,6.5
2021-10-09,TeamA-affd6f1d-b364-4700-98bf-8f20896e5ac4,9.0
2021-10-10,TeamA-affd6f1d-b364-4700-98bf-8f20896e5ac4,7.5
2021-10-12,TeamA-affd6f1d-b364-4700-98bf-8f20896e5ac4,7.5
2021-10-13,TeamA-affd6f1d-b364-4700-98bf-8f20896e5ac4,8.0
2021-10-15,TeamA-affd6f1d-b364-4700-98bf-8f20896e5ac4,10.0
2021-10-16,TeamA-affd6f1d-b364-4700-98bf-8f20896e5ac4,10.0
2021-10-17,TeamA-affd6f1d-b364-4700-98bf-8f20896e5ac4,7.5
2021-10-18,TeamA-affd6f1d-b364-4700-98bf-8f20896e5ac4,6.0
2021-10-19,TeamA-affd6f1d-b364-4700-98bf-8f20896e5ac4,9.0
2021-10-20,TeamA-affd6f1d-b364-4700-98bf-8f20896e5ac4,9.0
2021-10-21,TeamA-affd6f1d-b364-4700-98bf-8f20896e5ac4,8.5
2021-10-22,TeamA-affd6f1d-b364-4700-98bf-8f20896e5ac4,8.0
2021-10-23,TeamA-affd6f1d-b364-4700-98bf-8f20896e5ac4,9.0
2021-10-24,TeamA-affd6f1d-b364-4700-98bf-8f20896e5ac4,9.0
2021-10-25,TeamA-affd6f1d-b364-4700-98bf-8f20896e5ac4,8.5
2021-10-26,TeamA-affd6f1d-b364-4700-98bf-8f20896e5ac4,7.5
2021-10-27,TeamA-affd6f1d-b364-4700-98bf-8f20896e5ac4,7.5
2021-10-29,TeamA-affd6f1d-b364-4700-98bf-8f20896e5ac4,7.5
2021-10-31,TeamA-affd6f1d-b364-4700-98bf-8f20896e5ac4,9.0
2021-11-02,TeamA-affd6f1d-b364-4700-98bf-8f20896e5ac4,8.0
2021-11-03,TeamA-affd6f1d-b364-4700-98bf-8f20896e5ac4,7.5
2021-11-04,TeamA-affd6f1d-b364-4700-98bf-8f20896e5ac4,8.0
2021-11-08,TeamA-affd6f1d-b364-4700-98bf-8f20896e5ac4,9.0
2021-11-10,TeamA-affd6f1d-b364-4700-98bf-8f20896e5ac4,8.0
2021-11-16,TeamA-affd6f1d-b364-4700-98bf-8f20896e5ac4,8.0
2021-12-01,TeamA-affd6f1d-b364-4700-98bf-8f20896e5ac4,8.5
2021-12-06,TeamA-affd6f1d-b364-4700-98bf-8f20896e5ac4,7.5
2021-12-10,TeamA-affd6f1d-b364-4700-98bf-8f20896e5ac4,7.0
2021-12-14,TeamA-affd6f1d-b364-4700-98bf-8f20896e5ac4,7.5
2021-12-20,TeamA-affd6f1d-b364-4700-98bf-8f20896e5ac4,7.0
2021-12-25,TeamA-affd6f1d-b364-4700-98bf-8f20896e5ac4,7.5
2020-03-20,TeamA-b58af410-da77-479e-b93c-e03617b9f36d,9.0
2020-03-21,TeamA-b58af410-da77-479e-b93c-e03617b9f36d,10.0
2020-03-22,TeamA-b58af410-da77-479e-b93c-e03617b9f36d,10.0
2020-03-23,TeamA-b58af410-da77-479e-b93c-e03617b9f36d,9.0
2020-03-24,TeamA-b58af410-da77-479e-b93c-e03617b9f36d,9.0
2020-03-25,TeamA-b58af410-da77-479e-b93c-e03617b9f36d,9.0
2020-03-26,TeamA-b58af410-da77-479e-b93c-e03617b9f36d,9.0
2020-03-27,TeamA-b58af410-da77-479e-b93c-e03617b9f36d,8.5
2020-03-28,TeamA-b58af410-da77-479e-b93c-e03617b9f36d,8.5
2020-03-29,TeamA-b58af410-da77-479e-b93c-e03617b9f36d,10.0
2020-03-30,TeamA-b58af410-da77-479e-b93c-e03617b9f36d,8.5
2020-03-31,TeamA-b58af410-da77-479e-b93c-e03617b9f36d,9.0
2020-04-01,TeamA-b58af410-da77-479e-b93c-e03617b9f36d,8.5
2020-04-02,TeamA-b58af410-da77-479e-b93c-e03617b9f36d,7.0
2020-04-03,TeamA-b58af410-da77-479e-b93c-e03617b9f36d,9.0
2020-04-04,TeamA-b58af410-da77-479e-b93c-e03617b9f36d,9.0
2020-04-05,TeamA-b58af410-da77-479e-b93c-e03617b9f36d,9.0
2020-04-06,TeamA-b58af410-da77-479e-b93c-e03617b9f36d,9.0
2020-04-07,TeamA-b58af410-da77-479e-b93c-e03617b9f36d,9.0
2020-04-08,TeamA-b58af410-da77-479e-b93c-e03617b9f36d,9.0
2020-04-09,TeamA-b58af410-da77-479e-b93c-e03617b9f36d,9.0
2020-04-10,TeamA-b58af410-da77-479e-b93c-e03617b9f36d,9.0
2020-04-11,TeamA-b58af410-da77-479e-b93c-e03617b9f36d,9.0
2020-04-12,TeamA-b58af410-da77-479e-b93c-e03617b9f36d,9.0
2020-04-13,TeamA-b58af410-da77-479e-b93c-e03617b9f36d,8.0
2020-04-14,TeamA-b58af410-da77-479e-b93c-e03617b9f36d,8.0
2020-04-15,TeamA-b58af410-da77-479e-b93c-e03617b9f36d,9.0
2020-04-16,TeamA-b58af410-da77-479e-b93c-e03617b9f36d,6.0
2020-04-17,TeamA-b58af410-da77-479e-b93c-e03617b9f36d,10.0
2020-04-18,TeamA-b58af410-da77-479e-b93c-e03617b9f36d,9.0
2020-04-19,TeamA-b58af410-da77-479e-b93c-e03617b9f36d,9.0
2020-04-20,TeamA-b58af410-da77-479e-b93c-e03617b9f36d,9.0
2020-04-21,TeamA-b58af410-da77-479e-b93c-e03617b9f36d,9.0
2020-04-22,TeamA-b58af410-da77-479e-b93c-e03617b9f36d,8.0
2020-04-24,TeamA-b58af410-da77-479e-b93c-e03617b9f36d,8.0
2020-04-25,TeamA-b58af410-da77-479e-b93c-e03617b9f36d,9.0
2020-04-27,TeamA-b58af410-da77-479e-b93c-e03617b9f36d,8.5
2020-04-28,TeamA-b58af410-da77-479e-b93c-e03617b9f36d,8.5
2020-04-29,TeamA-b58af410-da77-479e-b93c-e03617b9f36d,6.0
2020-04-30,TeamA-b58af410-da77-479e-b93c-e03617b9f36d,6.5
2020-05-01,TeamA-b58af410-da77-479e-b93c-e03617b9f36d,11.0
2020-05-02,TeamA-b58af410-da77-479e-b93c-e03617b9f36d,8.5
2020-05-03,TeamA-b58af410-da77-479e-b93c-e03617b9f36d,9.0
2020-05-04,TeamA-b58af410-da77-479e-b93c-e03617b9f36d,9.0
2020-05-05,TeamA-b58af410-da77-479e-b93c-e03617b9f36d,8.5
2020-05-06,TeamA-b58af410-da77-479e-b93c-e03617b9f36d,9.0
2020-05-07,TeamA-b58af410-da77-479e-b93c-e03617b9f36d,9.0
2020-05-08,TeamA-b58af410-da77-479e-b93c-e03617b9f36d,8.0
2020-05-09,TeamA-b58af410-da77-479e-b93c-e03617b9f36d,9.0
2020-05-10,TeamA-b58af410-da77-479e-b93c-e03617b9f36d,9.0
2020-05-11,TeamA-b58af410-da77-479e-b93c-e03617b9f36d,9.0
2020-05-12,TeamA-b58af410-da77-479e-b93c-e03617b9f36d,8.0
2020-05-13,TeamA-b58af410-da77-479e-b93c-e03617b9f36d,8.0
2020-05-14,TeamA-b58af410-da77-479e-b93c-e03617b9f36d,9.0
2020-05-15,TeamA-b58af410-da77-479e-b93c-e03617b9f36d,9.0
2020-05-16,TeamA-b58af410-da77-479e-b93c-e03617b9f36d,8.5
2020-05-17,TeamA-b58af410-da77-479e-b93c-e03617b9f36d,8.0
2020-05-18,TeamA-b58af410-da77-479e-b93c-e03617b9f36d,7.0
2020-05-19,TeamA-b58af410-da77-479e-b93c-e03617b9f36d,9.0
2020-05-20,TeamA-b58af410-da77-479e-b93c-e03617b9f36d,8.0
2020-05-21,TeamA-b58af410-da77-479e-b93c-e03617b9f36d,9.0
2020-05-22,TeamA-b58af410-da77-479e-b93c-e03617b9f36d,8.0
2020-05-23,TeamA-b58af410-da77-479e-b93c-e03617b9f36d,7.0
2020-05-24,TeamA-b58af410-da77-479e-b93c-e03617b9f36d,7.0
2020-05-25,TeamA-b58af410-da77-479e-b93c-e03617b9f36d,8.0
2020-05-26,TeamA-b58af410-da77-479e-b93c-e03617b9f36d,8.0
2020-05-27,TeamA-b58af410-da77-479e-b93c-e03617b9f36d,8.0
2020-05-28,TeamA-b58af410-da77-479e-b93c-e03617b9f36d,9.0
2020-05-30,TeamA-b58af410-da77-479e-b93c-e03617b9f36d,9.0
2020-05-31,TeamA-b58af410-da77-479e-b93c-e03617b9f36d,9.0
2020-06-01,TeamA-b58af410-da77-479e-b93c-e03617b9f36d,9.0
2020-06-02,TeamA-b58af410-da77-479e-b93c-e03617b9f36d,9.0
2020-06-03,TeamA-b58af410-da77-479e-b93c-e03617b9f36d,9.0
2020-06-04,TeamA-b58af410-da77-479e-b93c-e03617b9f36d,9.0
2020-06-05,TeamA-b58af410-da77-479e-b93c-e03617b9f36d,9.0
2020-06-06,TeamA-b58af410-da77-479e-b93c-e03617b9f36d,8.5
2020-06-07,TeamA-b58af410-da77-479e-b93c-e03617b9f36d,9.0
2020-06-08,TeamA-b58af410-da77-479e-b93c-e03617b9f36d,9.0
2020-06-09,TeamA-b58af410-da77-479e-b93c-e03617b9f36d,8.0
2020-06-10,TeamA-b58af410-da77-479e-b93c-e03617b9f36d,4.0
2020-06-11,TeamA-b58af410-da77-479e-b93c-e03617b9f36d,8.5
2020-06-12,TeamA-b58af410-da77-479e-b93c-e03617b9f36d,9.0
2020-06-13,TeamA-b58af410-da77-479e-b93c-e03617b9f36d,8.0
2020-06-14,TeamA-b58af410-da77-479e-b93c-e03617b9f36d,9.0
2020-06-15,TeamA-b58af410-da77-479e-b93c-e03617b9f36d,8.5
2020-06-16,TeamA-b58af410-da77-479e-b93c-e03617b9f36d,8.5
2020-06-17,TeamA-b58af410-da77-479e-b93c-e03617b9f36d,8.0
2020-06-18,TeamA-b58af410-da77-479e-b93c-e03617b9f36d,8.5
2020-06-19,TeamA-b58af410-da77-479e-b93c-e03617b9f36d,8.5
2020-06-20,TeamA-b58af410-da77-479e-b93c-e03617b9f36d,9.0
2020-06-21,TeamA-b58af410-da77-479e-b93c-e03617b9f36d,10.0
2020-06-22,TeamA-b58af410-da77-479e-b93c-e03617b9f36d,11.0
2020-06-23,TeamA-b58af410-da77-479e-b93c-e03617b9f36d,8.0
2020-06-24,TeamA-b58af410-da77-479e-b93c-e03617b9f36d,8.0
2020-06-25,TeamA-b58af410-da77-479e-b93c-e03617b9f36d,8.5
2020-06-26,TeamA-b58af410-da77-479e-b93c-e03617b9f36d,8.0
2020-06-27,TeamA-b58af410-da77-479e-b93c-e03617b9f36d,9.0
2020-06-28,TeamA-b58af410-da77-479e-b93c-e03617b9f36d,8.5
2020-06-29,TeamA-b58af410-da77-479e-b93c-e03617b9f36d,8.0
2020-06-30,TeamA-b58af410-da77-479e-b93c-e03617b9f36d,8.0
2020-07-01,TeamA-b58af410-da77-479e-b93c-e03617b9f36d,8.0
2020-07-02,TeamA-b58af410-da77-479e-b93c-e03617b9f36d,9.0
2020-07-04,TeamA-b58af410-da77-479e-b93c-e03617b9f36d,9.0
2020-07-05,TeamA-b58af410-da77-479e-b93c-e03617b9f36d,8.5
2020-07-06,TeamA-b58af410-da77-479e-b93c-e03617b9f36d,10.0
2020-07-07,TeamA-b58af410-da77-479e-b93c-e03617b9f36d,8.5
2020-07-08,TeamA-b58af410-da77-479e-b93c-e03617b9f36d,8.0
2020-07-09,TeamA-b58af410-da77-479e-b93c-e03617b9f36d,9.0
2020-07-10,TeamA-b58af410-da77-479e-b93c-e03617b9f36d,9.0
2020-07-11,TeamA-b58af410-da77-479e-b93c-e03617b9f36d,9.0
2020-07-12,TeamA-b58af410-da77-479e-b93c-e03617b9f36d,9.0
2020-07-13,TeamA-b58af410-da77-479e-b93c-e03617b9f36d,9.0
2020-07-14,TeamA-b58af410-da77-479e-b93c-e03617b9f36d,6.0
2020-07-15,TeamA-b58af410-da77-479e-b93c-e03617b9f36d,8.0
2020-07-16,TeamA-b58af410-da77-479e-b93c-e03617b9f36d,8.0
2020-07-17,TeamA-b58af410-da77-479e-b93c-e03617b9f36d,10.0
2020-07-18,TeamA-b58af410-da77-479e-b93c-e03617b9f36d,9.0
2020-07-19,TeamA-b58af410-da77-479e-b93c-e03617b9f36d,9.0
2020-07-20,TeamA-b58af410-da77-479e-b93c-e03617b9f36d,9.0
2020-07-21,TeamA-b58af410-da77-479e-b93c-e03617b9f36d,7.0
2020-07-22,TeamA-b58af410-da77-479e-b93c-e03617b9f36d,8.0
2020-07-23,TeamA-b58af410-da77-479e-b93c-e03617b9f36d,9.0
2020-07-24,TeamA-b58af410-da77-479e-b93c-e03617b9f36d,9.0
2020-07-25,TeamA-b58af410-da77-479e-b93c-e03617b9f36d,9.0
2020-07-26,TeamA-b58af410-da77-479e-b93c-e03617b9f36d,8.0
2020-07-27,TeamA-b58af410-da77-479e-b93c-e03617b9f36d,9.0
2020-07-28,TeamA-b58af410-da77-479e-b93c-e03617b9f36d,7.0
2020-07-29,TeamA-b58af410-da77-479e-b93c-e03617b9f36d,8.0
2020-07-30,TeamA-b58af410-da77-479e-b93c-e03617b9f36d,7.0
2020-07-31,TeamA-b58af410-da77-479e-b93c-e03617b9f36d,9.0
2020-08-02,TeamA-b58af410-da77-479e-b93c-e03617b9f36d,8.5
2020-08-03,TeamA-b58af410-da77-479e-b93c-e03617b9f36d,10.0
2020-08-04,TeamA-b58af410-da77-479e-b93c-e03617b9f36d,8.0
2020-08-05,TeamA-b58af410-da77-479e-b93c-e03617b9f36d,8.0
2020-08-06,TeamA-b58af410-da77-479e-b93c-e03617b9f36d,8.0
2020-08-07,TeamA-b58af410-da77-479e-b93c-e03617b9f36d,9.0
2020-08-08,TeamA-b58af410-da77-479e-b93c-e03617b9f36d,8.5
2020-08-09,TeamA-b58af410-da77-479e-b93c-e03617b9f36d,7.0
2020-08-10,TeamA-b58af410-da77-479e-b93c-e03617b9f36d,10.0
2020-08-11,TeamA-b58af410-da77-479e-b93c-e03617b9f36d,8.0
2020-08-12,TeamA-b58af410-da77-479e-b93c-e03617b9f36d,8.0
2020-08-13,TeamA-b58af410-da77-479e-b93c-e03617b9f36d,8.0
2020-08-14,TeamA-b58af410-da77-479e-b93c-e03617b9f36d,8.0
2020-08-15,TeamA-b58af410-da77-479e-b93c-e03617b9f36d,9.0
2020-08-17,TeamA-b58af410-da77-479e-b93c-e03617b9f36d,9.0
2020-08-19,TeamA-b58af410-da77-479e-b93c-e03617b9f36d,8.0
2020-08-20,TeamA-b58af410-da77-479e-b93c-e03617b9f36d,10.0
2020-08-22,TeamA-b58af410-da77-479e-b93c-e03617b9f36d,8.5
2020-08-23,TeamA-b58af410-da77-479e-b93c-e03617b9f36d,9.0
2020-08-24,TeamA-b58af410-da77-479e-b93c-e03617b9f36d,9.0
2020-08-25,TeamA-b58af410-da77-479e-b93c-e03617b9f36d,7.5
2020-08-26,TeamA-b58af410-da77-479e-b93c-e03617b9f36d,9.0
2020-08-27,TeamA-b58af410-da77-479e-b93c-e03617b9f36d,8.0
2020-08-28,TeamA-b58af410-da77-479e-b93c-e03617b9f36d,9.0
2020-08-29,TeamA-b58af410-da77-479e-b93c-e03617b9f36d,9.0
2020-08-30,TeamA-b58af410-da77-479e-b93c-e03617b9f36d,9.0
2020-08-31,TeamA-b58af410-da77-479e-b93c-e03617b9f36d,9.0
2020-09-01,TeamA-b58af410-da77-479e-b93c-e03617b9f36d,9.0
2020-09-03,TeamA-b58af410-da77-479e-b93c-e03617b9f36d,10.0
2020-09-04,TeamA-b58af410-da77-479e-b93c-e03617b9f36d,8.5
2020-09-05,TeamA-b58af410-da77-479e-b93c-e03617b9f36d,7.5
2020-09-06,TeamA-b58af410-da77-479e-b93c-e03617b9f36d,9.0
2020-09-07,TeamA-b58af410-da77-479e-b93c-e03617b9f36d,9.0
2020-09-08,TeamA-b58af410-da77-479e-b93c-e03617b9f36d,7.5
2020-09-09,TeamA-b58af410-da77-479e-b93c-e03617b9f36d,8.5
2020-09-11,TeamA-b58af410-da77-479e-b93c-e03617b9f36d,9.0
2020-09-12,TeamA-b58af410-da77-479e-b93c-e03617b9f36d,9.0
2020-09-13,TeamA-b58af410-da77-479e-b93c-e03617b9f36d,6.0
2020-09-14,TeamA-b58af410-da77-479e-b93c-e03617b9f36d,10.0
2020-09-15,TeamA-b58af410-da77-479e-b93c-e03617b9f36d,6.5
2020-09-16,TeamA-b58af410-da77-479e-b93c-e03617b9f36d,7.5
2020-09-17,TeamA-b58af410-da77-479e-b93c-e03617b9f36d,9.0
2020-09-18,TeamA-b58af410-da77-479e-b93c-e03617b9f36d,8.0
2020-09-19,TeamA-b58af410-da77-479e-b93c-e03617b9f36d,8.0
2020-09-20,TeamA-b58af410-da77-479e-b93c-e03617b9f36d,8.5
2020-09-21,TeamA-b58af410-da77-479e-b93c-e03617b9f36d,8.0
2020-09-22,TeamA-b58af410-da77-479e-b93c-e03617b9f36d,7.5
2020-09-23,TeamA-b58af410-da77-479e-b93c-e03617b9f36d,9.0
2020-09-24,TeamA-b58af410-da77-479e-b93c-e03617b9f36d,9.0
2020-09-25,TeamA-b58af410-da77-479e-b93c-e03617b9f36d,9.0
2020-09-26,TeamA-b58af410-da77-479e-b93c-e03617b9f36d,7.5
2020-09-28,TeamA-b58af410-da77-479e-b93c-e03617b9f36d,9.0
2020-09-29,TeamA-b58af410-da77-479e-b93c-e03617b9f36d,7.5
2020-09-30,TeamA-b58af410-da77-479e-b93c-e03617b9f36d,8.5
2020-10-02,TeamA-b58af410-da77-479e-b93c-e03617b9f36d,9.0
2020-10-03,TeamA-b58af410-da77-479e-b93c-e03617b9f36d,9.0
2020-10-04,TeamA-b58af410-da77-479e-b93c-e03617b9f36d,10.0
2020-10-05,TeamA-b58af410-da77-479e-b93c-e03617b9f36d,9.0
2020-10-06,TeamA-b58af410-da77-479e-b93c-e03617b9f36d,7.5
2020-10-07,TeamA-b58af410-da77-479e-b93c-e03617b9f36d,9.0
2020-10-08,TeamA-b58af410-da77-479e-b93c-e03617b9f36d,9.0
2020-10-09,TeamA-b58af410-da77-479e-b93c-e03617b9f36d,8.0
2020-10-10,TeamA-b58af410-da77-479e-b93c-e03617b9f36d,9.0
2020-10-11,TeamA-b58af410-da77-479e-b93c-e03617b9f36d,8.5
2020-10-12,TeamA-b58af410-da77-479e-b93c-e03617b9f36d,9.0
2020-10-13,TeamA-b58af410-da77-479e-b93c-e03617b9f36d,7.0
2020-10-14,TeamA-b58af410-da77-479e-b93c-e03617b9f36d,8.5
2020-10-15,TeamA-b58af410-da77-479e-b93c-e03617b9f36d,9.0
2020-10-16,TeamA-b58af410-da77-479e-b93c-e03617b9f36d,9.0
2020-10-17,TeamA-b58af410-da77-479e-b93c-e03617b9f36d,9.0
2020-10-18,TeamA-b58af410-da77-479e-b93c-e03617b9f36d,9.0
2020-10-19,TeamA-b58af410-da77-479e-b93c-e03617b9f36d,9.0
2020-10-20,TeamA-b58af410-da77-479e-b93c-e03617b9f36d,5.5
2020-10-21,TeamA-b58af410-da77-479e-b93c-e03617b9f36d,8.0
2020-10-23,TeamA-b58af410-da77-479e-b93c-e03617b9f36d,9.0
2020-10-24,TeamA-b58af410-da77-479e-b93c-e03617b9f36d,8.5
2020-10-25,TeamA-b58af410-da77-479e-b93c-e03617b9f36d,8.0
2020-10-26,TeamA-b58af410-da77-479e-b93c-e03617b9f36d,8.5
2020-10-27,TeamA-b58af410-da77-479e-b93c-e03617b9f36d,7.5
2020-10-28,TeamA-b58af410-da77-479e-b93c-e03617b9f36d,8.0
2020-10-29,TeamA-b58af410-da77-479e-b93c-e03617b9f36d,9.0
2020-10-30,TeamA-b58af410-da77-479e-b93c-e03617b9f36d,9.0
2020-10-31,TeamA-b58af410-da77-479e-b93c-e03617b9f36d,8.5
2020-11-01,TeamA-b58af410-da77-479e-b93c-e03617b9f36d,8.5
2020-11-02,TeamA-b58af410-da77-479e-b93c-e03617b9f36d,8.0
2020-11-03,TeamA-b58af410-da77-479e-b93c-e03617b9f36d,7.0
2020-11-06,TeamA-b58af410-da77-479e-b93c-e03617b9f36d,9.0
2020-11-07,TeamA-b58af410-da77-479e-b93c-e03617b9f36d,8.0
2020-11-08,TeamA-b58af410-da77-479e-b93c-e03617b9f36d,9.0
2020-11-09,TeamA-b58af410-da77-479e-b93c-e03617b9f36d,9.0
2020-11-10,TeamA-b58af410-da77-479e-b93c-e03617b9f36d,8.0
2020-11-13,TeamA-b58af410-da77-479e-b93c-e03617b9f36d,9.0
2020-11-14,TeamA-b58af410-da77-479e-b93c-e03617b9f36d,8.0
2020-11-16,TeamA-b58af410-da77-479e-b93c-e03617b9f36d,8.0
2020-11-17,TeamA-b58af410-da77-479e-b93c-e03617b9f36d,8.5
2020-11-18,TeamA-b58af410-da77-479e-b93c-e03617b9f36d,8.0
2020-11-19,TeamA-b58af410-da77-479e-b93c-e03617b9f36d,9.0
2020-11-20,TeamA-b58af410-da77-479e-b93c-e03617b9f36d,9.0
2020-11-21,TeamA-b58af410-da77-479e-b93c-e03617b9f36d,9.0
2020-11-22,TeamA-b58af410-da77-479e-b93c-e03617b9f36d,10.0
2020-11-23,TeamA-b58af410-da77-479e-b93c-e03617b9f36d,7.5
2020-11-24,TeamA-b58af410-da77-479e-b93c-e03617b9f36d,8.0
2020-11-25,TeamA-b58af410-da77-479e-b93c-e03617b9f36d,9.0
2020-11-26,TeamA-b58af410-da77-479e-b93c-e03617b9f36d,9.0
2020-11-27,TeamA-b58af410-da77-479e-b93c-e03617b9f36d,9.0
2020-11-28,TeamA-b58af410-da77-479e-b93c-e03617b9f36d,8.0
2020-11-29,TeamA-b58af410-da77-479e-b93c-e03617b9f36d,10.0
2020-11-30,TeamA-b58af410-da77-479e-b93c-e03617b9f36d,7.0
2020-12-01,TeamA-b58af410-da77-479e-b93c-e03617b9f36d,7.0
2020-12-02,TeamA-b58af410-da77-479e-b93c-e03617b9f36d,8.0
2020-12-03,TeamA-b58af410-da77-479e-b93c-e03617b9f36d,10.0
2020-12-04,TeamA-b58af410-da77-479e-b93c-e03617b9f36d,10.0
2020-12-05,TeamA-b58af410-da77-479e-b93c-e03617b9f36d,7.0
2020-12-06,TeamA-b58af410-da77-479e-b93c-e03617b9f36d,8.0
2020-12-07,TeamA-b58af410-da77-479e-b93c-e03617b9f36d,7.0
2020-12-08,TeamA-b58af410-da77-479e-b93c-e03617b9f36d,10.0
2020-12-09,TeamA-b58af410-da77-479e-b93c-e03617b9f36d,8.0
2020-12-10,TeamA-b58af410-da77-479e-b93c-e03617b9f36d,8.5
2020-12-11,TeamA-b58af410-da77-479e-b93c-e03617b9f36d,8.5
2020-12-12,TeamA-b58af410-da77-479e-b93c-e03617b9f36d,8.5
2020-12-13,TeamA-b58af410-da77-479e-b93c-e03617b9f36d,9.0
2020-12-14,TeamA-b58af410-da77-479e-b93c-e03617b9f36d,8.5
2020-12-16,TeamA-b58af410-da77-479e-b93c-e03617b9f36d,7.5
2020-12-17,TeamA-b58af410-da77-479e-b93c-e03617b9f36d,9.0
2020-12-18,TeamA-b58af410-da77-479e-b93c-e03617b9f36d,7.5
2020-12-19,TeamA-b58af410-da77-479e-b93c-e03617b9f36d,7.0
2020-12-20,TeamA-b58af410-da77-479e-b93c-e03617b9f36d,8.0
2020-12-21,TeamA-b58af410-da77-479e-b93c-e03617b9f36d,7.0
2020-12-22,TeamA-b58af410-da77-479e-b93c-e03617b9f36d,8.0
2020-12-23,TeamA-b58af410-da77-479e-b93c-e03617b9f36d,8.0
2020-12-24,TeamA-b58af410-da77-479e-b93c-e03617b9f36d,8.0
2020-12-25,TeamA-b58af410-da77-479e-b93c-e03617b9f36d,8.0
2020-12-26,TeamA-b58af410-da77-479e-b93c-e03617b9f36d,9.0
2020-12-27,TeamA-b58af410-da77-479e-b93c-e03617b9f36d,7.0
2020-12-28,TeamA-b58af410-da77-479e-b93c-e03617b9f36d,10.0
2020-12-29,TeamA-b58af410-da77-479e-b93c-e03617b9f36d,8.0
2020-12-30,TeamA-b58af410-da77-479e-b93c-e03617b9f36d,9.0
2020-12-31,TeamA-b58af410-da77-479e-b93c-e03617b9f36d,7.0
2021-01-01,TeamA-b58af410-da77-479e-b93c-e03617b9f36d,5.5
2021-01-02,TeamA-b58af410-da77-479e-b93c-e03617b9f36d,10.0
2021-01-03,TeamA-b58af410-da77-479e-b93c-e03617b9f36d,8.0
2021-01-04,TeamA-b58af410-da77-479e-b93c-e03617b9f36d,9.0
2021-01-05,TeamA-b58af410-da77-479e-b93c-e03617b9f36d,9.0
2021-01-06,TeamA-b58af410-da77-479e-b93c-e03617b9f36d,9.0
2021-01-07,TeamA-b58af410-da77-479e-b93c-e03617b9f36d,8.0
2021-01-08,TeamA-b58af410-da77-479e-b93c-e03617b9f36d,7.0
2021-01-09,TeamA-b58af410-da77-479e-b93c-e03617b9f36d,9.0
2021-01-10,TeamA-b58af410-da77-479e-b93c-e03617b9f36d,9.0
2021-01-11,TeamA-b58af410-da77-479e-b93c-e03617b9f36d,7.0
2021-01-12,TeamA-b58af410-da77-479e-b93c-e03617b9f36d,7.0
2021-01-13,TeamA-b58af410-da77-479e-b93c-e03617b9f36d,8.0
2021-01-14,TeamA-b58af410-da77-479e-b93c-e03617b9f36d,9.0
2021-01-15,TeamA-b58af410-da77-479e-b93c-e03617b9f36d,9.0
2021-01-16,TeamA-b58af410-da77-479e-b93c-e03617b9f36d,9.0
2021-01-17,TeamA-b58af410-da77-479e-b93c-e03617b9f36d,9.0
2021-01-18,TeamA-b58af410-da77-479e-b93c-e03617b9f36d,8.0
2021-01-19,TeamA-b58af410-da77-479e-b93c-e03617b9f36d,7.5
2021-01-20,TeamA-b58af410-da77-479e-b93c-e03617b9f36d,6.5
2021-01-21,TeamA-b58af410-da77-479e-b93c-e03617b9f36d,9.0
2021-01-23,TeamA-b58af410-da77-479e-b93c-e03617b9f36d,8.5
2021-01-24,TeamA-b58af410-da77-479e-b93c-e03617b9f36d,7.0
2021-01-25,TeamA-b58af410-da77-479e-b93c-e03617b9f36d,8.0
2021-01-27,TeamA-b58af410-da77-479e-b93c-e03617b9f36d,8.0
2021-01-28,TeamA-b58af410-da77-479e-b93c-e03617b9f36d,9.0
2021-01-29,TeamA-b58af410-da77-479e-b93c-e03617b9f36d,9.0
2021-01-30,TeamA-b58af410-da77-479e-b93c-e03617b9f36d,10.0
2021-01-31,TeamA-b58af410-da77-479e-b93c-e03617b9f36d,9.0
2021-02-01,TeamA-b58af410-da77-479e-b93c-e03617b9f36d,9.0
2021-02-02,TeamA-b58af410-da77-479e-b93c-e03617b9f36d,8.0
2021-02-03,TeamA-b58af410-da77-479e-b93c-e03617b9f36d,8.0
2021-02-04,TeamA-b58af410-da77-479e-b93c-e03617b9f36d,9.0
2021-02-05,TeamA-b58af410-da77-479e-b93c-e03617b9f36d,9.0
2021-02-06,TeamA-b58af410-da77-479e-b93c-e03617b9f36d,8.0
2021-02-07,TeamA-b58af410-da77-479e-b93c-e03617b9f36d,9.0
2021-02-08,TeamA-b58af410-da77-479e-b93c-e03617b9f36d,9.0
2021-02-09,TeamA-b58af410-da77-479e-b93c-e03617b9f36d,8.5
2021-02-10,TeamA-b58af410-da77-479e-b93c-e03617b9f36d,9.0
2021-02-11,TeamA-b58af410-da77-479e-b93c-e03617b9f36d,10.0
2021-02-13,TeamA-b58af410-da77-479e-b93c-e03617b9f36d,9.0
2021-02-14,TeamA-b58af410-da77-479e-b93c-e03617b9f36d,7.0
2021-02-15,TeamA-b58af410-da77-479e-b93c-e03617b9f36d,8.5
2021-02-16,TeamA-b58af410-da77-479e-b93c-e03617b9f36d,7.5
2021-02-17,TeamA-b58af410-da77-479e-b93c-e03617b9f36d,8.5
2021-02-18,TeamA-b58af410-da77-479e-b93c-e03617b9f36d,9.0
2021-02-19,TeamA-b58af410-da77-479e-b93c-e03617b9f36d,9.0
2021-02-20,TeamA-b58af410-da77-479e-b93c-e03617b9f36d,9.0
2021-02-21,TeamA-b58af410-da77-479e-b93c-e03617b9f36d,8.5
2021-02-22,TeamA-b58af410-da77-479e-b93c-e03617b9f36d,9.0
2021-02-23,TeamA-b58af410-da77-479e-b93c-e03617b9f36d,7.0
2021-02-24,TeamA-b58af410-da77-479e-b93c-e03617b9f36d,8.5
2021-02-25,TeamA-b58af410-da77-479e-b93c-e03617b9f36d,9.0
2021-02-26,TeamA-b58af410-da77-479e-b93c-e03617b9f36d,9.0
2021-02-27,TeamA-b58af410-da77-479e-b93c-e03617b9f36d,8.0
2021-02-28,TeamA-b58af410-da77-479e-b93c-e03617b9f36d,8.0
2021-03-01,TeamA-b58af410-da77-479e-b93c-e03617b9f36d,10.0
2021-03-02,TeamA-b58af410-da77-479e-b93c-e03617b9f36d,7.5
2021-03-03,TeamA-b58af410-da77-479e-b93c-e03617b9f36d,8.0
2021-03-04,TeamA-b58af410-da77-479e-b93c-e03617b9f36d,10.0
2021-03-05,TeamA-b58af410-da77-479e-b93c-e03617b9f36d,9.0
2021-03-06,TeamA-b58af410-da77-479e-b93c-e03617b9f36d,8.5
2021-03-07,TeamA-b58af410-da77-479e-b93c-e03617b9f36d,10.0
2021-03-08,TeamA-b58af410-da77-479e-b93c-e03617b9f36d,9.0
2021-03-09,TeamA-b58af410-da77-479e-b93c-e03617b9f36d,8.0
2021-03-10,TeamA-b58af410-da77-479e-b93c-e03617b9f36d,8.0
2021-03-11,TeamA-b58af410-da77-479e-b93c-e03617b9f36d,9.0
2021-03-12,TeamA-b58af410-da77-479e-b93c-e03617b9f36d,9.0
2021-03-14,TeamA-b58af410-da77-479e-b93c-e03617b9f36d,10.0
2021-03-15,TeamA-b58af410-da77-479e-b93c-e03617b9f36d,9.0
2021-03-16,TeamA-b58af410-da77-479e-b93c-e03617b9f36d,8.0
2021-03-17,TeamA-b58af410-da77-479e-b93c-e03617b9f36d,9.0
2021-03-18,TeamA-b58af410-da77-479e-b93c-e03617b9f36d,9.0
2021-03-19,TeamA-b58af410-da77-479e-b93c-e03617b9f36d,10.0
2021-03-20,TeamA-b58af410-da77-479e-b93c-e03617b9f36d,10.0
2021-03-21,TeamA-b58af410-da77-479e-b93c-e03617b9f36d,9.0
2021-03-22,TeamA-b58af410-da77-479e-b93c-e03617b9f36d,8.5
2021-03-23,TeamA-b58af410-da77-479e-b93c-e03617b9f36d,7.5
2021-03-24,TeamA-b58af410-da77-479e-b93c-e03617b9f36d,8.5
2021-03-25,TeamA-b58af410-da77-479e-b93c-e03617b9f36d,9.0
2021-03-26,TeamA-b58af410-da77-479e-b93c-e03617b9f36d,8.0
2021-03-27,TeamA-b58af410-da77-479e-b93c-e03617b9f36d,9.0
2021-03-28,TeamA-b58af410-da77-479e-b93c-e03617b9f36d,9.0
2021-03-29,TeamA-b58af410-da77-479e-b93c-e03617b9f36d,9.0
2021-03-30,TeamA-b58af410-da77-479e-b93c-e03617b9f36d,6.5
2021-03-31,TeamA-b58af410-da77-479e-b93c-e03617b9f36d,10.0
2021-04-01,TeamA-b58af410-da77-479e-b93c-e03617b9f36d,9.0
2021-04-02,TeamA-b58af410-da77-479e-b93c-e03617b9f36d,9.0
2021-04-05,TeamA-b58af410-da77-479e-b93c-e03617b9f36d,9.0
2021-04-06,TeamA-b58af410-da77-479e-b93c-e03617b9f36d,7.5
2021-04-07,TeamA-b58af410-da77-479e-b93c-e03617b9f36d,8.5
2021-04-08,TeamA-b58af410-da77-479e-b93c-e03617b9f36d,10.0
2021-04-09,TeamA-b58af410-da77-479e-b93c-e03617b9f36d,9.0
2021-04-10,TeamA-b58af410-da77-479e-b93c-e03617b9f36d,8.5
2021-04-11,TeamA-b58af410-da77-479e-b93c-e03617b9f36d,9.0
2021-04-12,TeamA-b58af410-da77-479e-b93c-e03617b9f36d,9.0
2021-04-13,TeamA-b58af410-da77-479e-b93c-e03617b9f36d,7.5
2021-04-14,TeamA-b58af410-da77-479e-b93c-e03617b9f36d,9.0
2021-04-15,TeamA-b58af410-da77-479e-b93c-e03617b9f36d,9.0
2021-04-16,TeamA-b58af410-da77-479e-b93c-e03617b9f36d,8.5
2021-04-17,TeamA-b58af410-da77-479e-b93c-e03617b9f36d,9.0
2021-04-18,TeamA-b58af410-da77-479e-b93c-e03617b9f36d,9.0
2021-04-19,TeamA-b58af410-da77-479e-b93c-e03617b9f36d,9.0
2021-04-20,TeamA-b58af410-da77-479e-b93c-e03617b9f36d,7.5
2021-04-21,TeamA-b58af410-da77-479e-b93c-e03617b9f36d,9.0
2021-04-22,TeamA-b58af410-da77-479e-b93c-e03617b9f36d,9.0
2021-04-23,TeamA-b58af410-da77-479e-b93c-e03617b9f36d,9.0
2021-04-24,TeamA-b58af410-da77-479e-b93c-e03617b9f36d,9.0
2021-04-25,TeamA-b58af410-da77-479e-b93c-e03617b9f36d,9.0
2021-04-26,TeamA-b58af410-da77-479e-b93c-e03617b9f36d,9.0
2021-04-27,TeamA-b58af410-da77-479e-b93c-e03617b9f36d,7.5
2021-04-28,TeamA-b58af410-da77-479e-b93c-e03617b9f36d,8.5
2021-04-29,TeamA-b58af410-da77-479e-b93c-e03617b9f36d,9.0
2021-04-30,TeamA-b58af410-da77-479e-b93c-e03617b9f36d,9.0
2021-05-01,TeamA-b58af410-da77-479e-b93c-e03617b9f36d,7.5
2021-05-02,TeamA-b58af410-da77-479e-b93c-e03617b9f36d,9.0
2021-05-03,TeamA-b58af410-da77-479e-b93c-e03617b9f36d,9.0
2021-05-04,TeamA-b58af410-da77-479e-b93c-e03617b9f36d,7.0
2021-05-05,TeamA-b58af410-da77-479e-b93c-e03617b9f36d,7.0
2021-05-06,TeamA-b58af410-da77-479e-b93c-e03617b9f36d,10.0
2021-05-07,TeamA-b58af410-da77-479e-b93c-e03617b9f36d,9.0
2021-05-08,TeamA-b58af410-da77-479e-b93c-e03617b9f36d,9.0
2021-05-09,TeamA-b58af410-da77-479e-b93c-e03617b9f36d,9.0
2021-05-10,TeamA-b58af410-da77-479e-b93c-e03617b9f36d,9.0
2021-05-11,TeamA-b58af410-da77-479e-b93c-e03617b9f36d,7.0
2021-05-12,TeamA-b58af410-da77-479e-b93c-e03617b9f36d,8.0
2021-05-13,TeamA-b58af410-da77-479e-b93c-e03617b9f36d,9.0
2021-05-14,TeamA-b58af410-da77-479e-b93c-e03617b9f36d,9.0
2021-05-15,TeamA-b58af410-da77-479e-b93c-e03617b9f36d,7.0
2021-05-16,TeamA-b58af410-da77-479e-b93c-e03617b9f36d,10.0
2021-05-17,TeamA-b58af410-da77-479e-b93c-e03617b9f36d,6.5
2021-05-18,TeamA-b58af410-da77-479e-b93c-e03617b9f36d,7.0
2021-05-19,TeamA-b58af410-da77-479e-b93c-e03617b9f36d,7.5
2021-05-20,TeamA-b58af410-da77-479e-b93c-e03617b9f36d,9.0
2021-05-21,TeamA-b58af410-da77-479e-b93c-e03617b9f36d,9.0
2021-05-22,TeamA-b58af410-da77-479e-b93c-e03617b9f36d,9.0
2021-05-23,TeamA-b58af410-da77-479e-b93c-e03617b9f36d,10.0
2021-05-24,TeamA-b58af410-da77-479e-b93c-e03617b9f36d,7.5
2021-05-25,TeamA-b58af410-da77-479e-b93c-e03617b9f36d,8.0
2021-05-26,TeamA-b58af410-da77-479e-b93c-e03617b9f36d,9.0
2021-05-27,TeamA-b58af410-da77-479e-b93c-e03617b9f36d,8.5
2021-05-28,TeamA-b58af410-da77-479e-b93c-e03617b9f36d,9.0
2021-05-29,TeamA-b58af410-da77-479e-b93c-e03617b9f36d,9.0
2021-05-30,TeamA-b58af410-da77-479e-b93c-e03617b9f36d,9.0
2021-05-31,TeamA-b58af410-da77-479e-b93c-e03617b9f36d,8.0
2021-06-01,TeamA-b58af410-da77-479e-b93c-e03617b9f36d,7.5
2021-06-02,TeamA-b58af410-da77-479e-b93c-e03617b9f36d,9.0
2021-06-03,TeamA-b58af410-da77-479e-b93c-e03617b9f36d,9.0
2021-06-04,TeamA-b58af410-da77-479e-b93c-e03617b9f36d,9.0
2021-06-05,TeamA-b58af410-da77-479e-b93c-e03617b9f36d,9.0
2021-06-06,TeamA-b58af410-da77-479e-b93c-e03617b9f36d,9.0
2021-06-07,TeamA-b58af410-da77-479e-b93c-e03617b9f36d,9.0
2021-06-08,TeamA-b58af410-da77-479e-b93c-e03617b9f36d,8.0
2021-06-09,TeamA-b58af410-da77-479e-b93c-e03617b9f36d,8.5
2021-06-10,TeamA-b58af410-da77-479e-b93c-e03617b9f36d,10.0
2021-06-11,TeamA-b58af410-da77-479e-b93c-e03617b9f36d,10.0
2021-06-13,TeamA-b58af410-da77-479e-b93c-e03617b9f36d,10.0
2021-06-14,TeamA-b58af410-da77-479e-b93c-e03617b9f36d,8.5
2021-06-16,TeamA-b58af410-da77-479e-b93c-e03617b9f36d,9.0
2021-06-17,TeamA-b58af410-da77-479e-b93c-e03617b9f36d,9.0
2021-06-18,TeamA-b58af410-da77-479e-b93c-e03617b9f36d,9.0
2021-06-19,TeamA-b58af410-da77-479e-b93c-e03617b9f36d,9.0
2021-06-20,TeamA-b58af410-da77-479e-b93c-e03617b9f36d,9.0
2021-06-21,TeamA-b58af410-da77-479e-b93c-e03617b9f36d,9.0
2021-06-22,TeamA-b58af410-da77-479e-b93c-e03617b9f36d,9.0
2021-06-23,TeamA-b58af410-da77-479e-b93c-e03617b9f36d,9.0
2021-06-24,TeamA-b58af410-da77-479e-b93c-e03617b9f36d,9.0
2021-06-25,TeamA-b58af410-da77-479e-b93c-e03617b9f36d,9.0
2021-06-26,TeamA-b58af410-da77-479e-b93c-e03617b9f36d,8.5
2021-06-27,TeamA-b58af410-da77-479e-b93c-e03617b9f36d,8.5
2021-06-28,TeamA-b58af410-da77-479e-b93c-e03617b9f36d,9.0
2021-06-29,TeamA-b58af410-da77-479e-b93c-e03617b9f36d,9.0
2021-06-30,TeamA-b58af410-da77-479e-b93c-e03617b9f36d,9.0
2021-07-01,TeamA-b58af410-da77-479e-b93c-e03617b9f36d,8.5
2021-07-02,TeamA-b58af410-da77-479e-b93c-e03617b9f36d,8.5
2021-07-03,TeamA-b58af410-da77-479e-b93c-e03617b9f36d,8.5
2021-07-04,TeamA-b58af410-da77-479e-b93c-e03617b9f36d,8.0
2021-07-05,TeamA-b58af410-da77-479e-b93c-e03617b9f36d,7.5
2021-07-06,TeamA-b58af410-da77-479e-b93c-e03617b9f36d,8.5
2021-07-07,TeamA-b58af410-da77-479e-b93c-e03617b9f36d,8.0
2021-07-08,TeamA-b58af410-da77-479e-b93c-e03617b9f36d,8.5
2021-07-09,TeamA-b58af410-da77-479e-b93c-e03617b9f36d,8.5
2021-07-10,TeamA-b58af410-da77-479e-b93c-e03617b9f36d,8.5
2021-07-11,TeamA-b58af410-da77-479e-b93c-e03617b9f36d,9.0
2021-07-12,TeamA-b58af410-da77-479e-b93c-e03617b9f36d,7.5
2021-07-13,TeamA-b58af410-da77-479e-b93c-e03617b9f36d,7.5
2021-07-14,TeamA-b58af410-da77-479e-b93c-e03617b9f36d,7.0
2021-07-15,TeamA-b58af410-da77-479e-b93c-e03617b9f36d,10.0
2021-07-16,TeamA-b58af410-da77-479e-b93c-e03617b9f36d,9.0
2021-07-17,TeamA-b58af410-da77-479e-b93c-e03617b9f36d,9.0
2021-07-18,TeamA-b58af410-da77-479e-b93c-e03617b9f36d,7.0
2021-07-19,TeamA-b58af410-da77-479e-b93c-e03617b9f36d,9.0
2021-07-20,TeamA-b58af410-da77-479e-b93c-e03617b9f36d,9.0
2021-07-21,TeamA-b58af410-da77-479e-b93c-e03617b9f36d,9.0
2021-07-22,TeamA-b58af410-da77-479e-b93c-e03617b9f36d,9.0
2021-07-23,TeamA-b58af410-da77-479e-b93c-e03617b9f36d,9.0
2021-07-24,TeamA-b58af410-da77-479e-b93c-e03617b9f36d,9.0
2021-07-25,TeamA-b58af410-da77-479e-b93c-e03617b9f36d,7.0
2021-07-26,TeamA-b58af410-da77-479e-b93c-e03617b9f36d,9.0
2021-07-27,TeamA-b58af410-da77-479e-b93c-e03617b9f36d,11.0
2021-07-28,TeamA-b58af410-da77-479e-b93c-e03617b9f36d,6.0
2021-07-29,TeamA-b58af410-da77-479e-b93c-e03617b9f36d,8.0
2021-07-30,TeamA-b58af410-da77-479e-b93c-e03617b9f36d,9.0
2021-07-31,TeamA-b58af410-da77-479e-b93c-e03617b9f36d,2.0
2021-08-01,TeamA-b58af410-da77-479e-b93c-e03617b9f36d,9.0
2021-08-02,TeamA-b58af410-da77-479e-b93c-e03617b9f36d,9.0
2021-08-03,TeamA-b58af410-da77-479e-b93c-e03617b9f36d,8.0
2021-08-04,TeamA-b58af410-da77-479e-b93c-e03617b9f36d,8.5
2021-08-05,TeamA-b58af410-da77-479e-b93c-e03617b9f36d,9.0
2021-08-06,TeamA-b58af410-da77-479e-b93c-e03617b9f36d,9.0
2021-08-07,TeamA-b58af410-da77-479e-b93c-e03617b9f36d,7.0
2021-08-08,TeamA-b58af410-da77-479e-b93c-e03617b9f36d,9.0
2021-08-09,TeamA-b58af410-da77-479e-b93c-e03617b9f36d,9.0
2021-08-10,TeamA-b58af410-da77-479e-b93c-e03617b9f36d,9.0
2021-08-11,TeamA-b58af410-da77-479e-b93c-e03617b9f36d,10.0
2021-08-13,TeamA-b58af410-da77-479e-b93c-e03617b9f36d,9.0
2021-08-14,TeamA-b58af410-da77-479e-b93c-e03617b9f36d,8.5
2021-08-15,TeamA-b58af410-da77-479e-b93c-e03617b9f36d,7.5
2021-08-16,TeamA-b58af410-da77-479e-b93c-e03617b9f36d,8.0
2021-08-17,TeamA-b58af410-da77-479e-b93c-e03617b9f36d,9.0
2021-08-18,TeamA-b58af410-da77-479e-b93c-e03617b9f36d,7.5
2021-08-19,TeamA-b58af410-da77-479e-b93c-e03617b9f36d,9.0
2021-08-20,TeamA-b58af410-da77-479e-b93c-e03617b9f36d,10.0
2021-08-21,TeamA-b58af410-da77-479e-b93c-e03617b9f36d,9.0
2021-08-22,TeamA-b58af410-da77-479e-b93c-e03617b9f36d,9.0
2021-08-23,TeamA-b58af410-da77-479e-b93c-e03617b9f36d,8.5
2021-08-24,TeamA-b58af410-da77-479e-b93c-e03617b9f36d,8.5
2021-08-25,TeamA-b58af410-da77-479e-b93c-e03617b9f36d,10.0
2021-08-26,TeamA-b58af410-da77-479e-b93c-e03617b9f36d,10.0
2021-08-27,TeamA-b58af410-da77-479e-b93c-e03617b9f36d,9.0
2021-08-28,TeamA-b58af410-da77-479e-b93c-e03617b9f36d,9.0
2021-08-29,TeamA-b58af410-da77-479e-b93c-e03617b9f36d,8.0
2021-08-30,TeamA-b58af410-da77-479e-b93c-e03617b9f36d,9.0
2021-08-31,TeamA-b58af410-da77-479e-b93c-e03617b9f36d,8.0
2021-09-01,TeamA-b58af410-da77-479e-b93c-e03617b9f36d,7.5
2021-09-02,TeamA-b58af410-da77-479e-b93c-e03617b9f36d,9.0
2021-09-03,TeamA-b58af410-da77-479e-b93c-e03617b9f36d,9.0
2021-09-04,TeamA-b58af410-da77-479e-b93c-e03617b9f36d,7.5
2021-09-05,TeamA-b58af410-da77-479e-b93c-e03617b9f36d,8.5
2021-09-06,TeamA-b58af410-da77-479e-b93c-e03617b9f36d,9.0
2021-09-07,TeamA-b58af410-da77-479e-b93c-e03617b9f36d,7.5
2021-09-08,TeamA-b58af410-da77-479e-b93c-e03617b9f36d,8.0
2021-09-09,TeamA-b58af410-da77-479e-b93c-e03617b9f36d,9.0
2021-09-10,TeamA-b58af410-da77-479e-b93c-e03617b9f36d,10.0
2021-09-11,TeamA-b58af410-da77-479e-b93c-e03617b9f36d,8.5
2021-09-12,TeamA-b58af410-da77-479e-b93c-e03617b9f36d,8.5
2021-09-13,TeamA-b58af410-da77-479e-b93c-e03617b9f36d,9.0
2021-09-14,TeamA-b58af410-da77-479e-b93c-e03617b9f36d,3.0
2021-09-15,TeamA-b58af410-da77-479e-b93c-e03617b9f36d,9.0
2021-09-16,TeamA-b58af410-da77-479e-b93c-e03617b9f36d,8.5
2021-09-17,TeamA-b58af410-da77-479e-b93c-e03617b9f36d,8.5
2021-09-18,TeamA-b58af410-da77-479e-b93c-e03617b9f36d,8.5
2021-09-19,TeamA-b58af410-da77-479e-b93c-e03617b9f36d,9.0
2021-09-20,TeamA-b58af410-da77-479e-b93c-e03617b9f36d,10.0
2021-09-21,TeamA-b58af410-da77-479e-b93c-e03617b9f36d,8.5
2021-09-22,TeamA-b58af410-da77-479e-b93c-e03617b9f36d,8.5
2021-09-23,TeamA-b58af410-da77-479e-b93c-e03617b9f36d,10.0
2021-09-24,TeamA-b58af410-da77-479e-b93c-e03617b9f36d,9.0
2021-09-25,TeamA-b58af410-da77-479e-b93c-e03617b9f36d,8.5
2021-09-26,TeamA-b58af410-da77-479e-b93c-e03617b9f36d,9.0
2021-09-27,TeamA-b58af410-da77-479e-b93c-e03617b9f36d,9.0
2021-09-28,TeamA-b58af410-da77-479e-b93c-e03617b9f36d,7.0
2021-09-29,TeamA-b58af410-da77-479e-b93c-e03617b9f36d,8.0
2021-10-01,TeamA-b58af410-da77-479e-b93c-e03617b9f36d,9.0
2021-10-02,TeamA-b58af410-da77-479e-b93c-e03617b9f36d,9.0
2021-10-03,TeamA-b58af410-da77-479e-b93c-e03617b9f36d,9.0
2021-10-04,TeamA-b58af410-da77-479e-b93c-e03617b9f36d,8.0
2021-10-05,TeamA-b58af410-da77-479e-b93c-e03617b9f36d,11.0
2021-10-06,TeamA-b58af410-da77-479e-b93c-e03617b9f36d,7.5
2021-10-07,TeamA-b58af410-da77-479e-b93c-e03617b9f36d,9.0
2021-10-08,TeamA-b58af410-da77-479e-b93c-e03617b9f36d,9.0
2021-10-09,TeamA-b58af410-da77-479e-b93c-e03617b9f36d,8.0
2021-10-10,TeamA-b58af410-da77-479e-b93c-e03617b9f36d,9.0
2021-10-11,TeamA-b58af410-da77-479e-b93c-e03617b9f36d,9.0
2021-10-12,TeamA-b58af410-da77-479e-b93c-e03617b9f36d,8.0
2021-10-13,TeamA-b58af410-da77-479e-b93c-e03617b9f36d,9.0
2021-10-14,TeamA-b58af410-da77-479e-b93c-e03617b9f36d,9.0
2021-10-15,TeamA-b58af410-da77-479e-b93c-e03617b9f36d,8.0
2021-10-16,TeamA-b58af410-da77-479e-b93c-e03617b9f36d,9.0
2021-10-17,TeamA-b58af410-da77-479e-b93c-e03617b9f36d,8.0
2021-10-18,TeamA-b58af410-da77-479e-b93c-e03617b9f36d,9.0
2021-10-19,TeamA-b58af410-da77-479e-b93c-e03617b9f36d,8.0
2021-10-20,TeamA-b58af410-da77-479e-b93c-e03617b9f36d,8.0
2021-10-21,TeamA-b58af410-da77-479e-b93c-e03617b9f36d,9.0
2021-10-22,TeamA-b58af410-da77-479e-b93c-e03617b9f36d,9.0
2021-10-23,TeamA-b58af410-da77-479e-b93c-e03617b9f36d,9.0
2021-10-24,TeamA-b58af410-da77-479e-b93c-e03617b9f36d,6.5
2021-10-25,TeamA-b58af410-da77-479e-b93c-e03617b9f36d,9.0
2021-10-26,TeamA-b58af410-da77-479e-b93c-e03617b9f36d,9.0
2021-10-27,TeamA-b58af410-da77-479e-b93c-e03617b9f36d,9.0
2021-10-28,TeamA-b58af410-da77-479e-b93c-e03617b9f36d,10.0
2021-10-29,TeamA-b58af410-da77-479e-b93c-e03617b9f36d,9.0
2021-10-30,TeamA-b58af410-da77-479e-b93c-e03617b9f36d,9.0
2021-10-31,TeamA-b58af410-da77-479e-b93c-e03617b9f36d,9.0
2021-11-02,TeamA-b58af410-da77-479e-b93c-e03617b9f36d,9.0
2021-11-03,TeamA-b58af410-da77-479e-b93c-e03617b9f36d,8.5
2021-11-04,TeamA-b58af410-da77-479e-b93c-e03617b9f36d,7.5
2021-11-05,TeamA-b58af410-da77-479e-b93c-e03617b9f36d,10.0
2021-11-06,TeamA-b58af410-da77-479e-b93c-e03617b9f36d,10.0
2021-11-07,TeamA-b58af410-da77-479e-b93c-e03617b9f36d,7.5
2021-11-09,TeamA-b58af410-da77-479e-b93c-e03617b9f36d,7.5
2021-11-10,TeamA-b58af410-da77-479e-b93c-e03617b9f36d,8.5
2021-11-11,TeamA-b58af410-da77-479e-b93c-e03617b9f36d,10.0
2021-11-12,TeamA-b58af410-da77-479e-b93c-e03617b9f36d,9.0
2021-11-14,TeamA-b58af410-da77-479e-b93c-e03617b9f36d,6.0
2021-11-15,TeamA-b58af410-da77-479e-b93c-e03617b9f36d,11.0
2021-11-16,TeamA-b58af410-da77-479e-b93c-e03617b9f36d,6.0
2021-11-17,TeamA-b58af410-da77-479e-b93c-e03617b9f36d,7.0
2021-11-18,TeamA-b58af410-da77-479e-b93c-e03617b9f36d,10.0
2021-11-19,TeamA-b58af410-da77-479e-b93c-e03617b9f36d,7.5
2021-11-20,TeamA-b58af410-da77-479e-b93c-e03617b9f36d,9.0
2021-11-21,TeamA-b58af410-da77-479e-b93c-e03617b9f36d,10.0
2021-11-22,TeamA-b58af410-da77-479e-b93c-e03617b9f36d,8.0
2021-11-23,TeamA-b58af410-da77-479e-b93c-e03617b9f36d,8.5
2021-11-24,TeamA-b58af410-da77-479e-b93c-e03617b9f36d,9.0
2021-11-25,TeamA-b58af410-da77-479e-b93c-e03617b9f36d,7.5
2021-11-26,TeamA-b58af410-da77-479e-b93c-e03617b9f36d,8.5
2021-11-27,TeamA-b58af410-da77-479e-b93c-e03617b9f36d,9.0
2021-11-28,TeamA-b58af410-da77-479e-b93c-e03617b9f36d,7.5
2021-11-29,TeamA-b58af410-da77-479e-b93c-e03617b9f36d,7.0
2021-11-30,TeamA-b58af410-da77-479e-b93c-e03617b9f36d,9.0
2021-12-02,TeamA-b58af410-da77-479e-b93c-e03617b9f36d,6.0
2021-12-03,TeamA-b58af410-da77-479e-b93c-e03617b9f36d,7.0
2021-12-04,TeamA-b58af410-da77-479e-b93c-e03617b9f36d,7.0
2021-12-05,TeamA-b58af410-da77-479e-b93c-e03617b9f36d,7.5
2021-12-06,TeamA-b58af410-da77-479e-b93c-e03617b9f36d,8.0
2021-12-07,TeamA-b58af410-da77-479e-b93c-e03617b9f36d,4.0
2021-12-09,TeamA-b58af410-da77-479e-b93c-e03617b9f36d,8.0
2021-12-10,TeamA-b58af410-da77-479e-b93c-e03617b9f36d,9.0
2021-12-11,TeamA-b58af410-da77-479e-b93c-e03617b9f36d,9.0
2021-12-12,TeamA-b58af410-da77-479e-b93c-e03617b9f36d,9.0
2021-12-13,TeamA-b58af410-da77-479e-b93c-e03617b9f36d,9.0
2021-12-14,TeamA-b58af410-da77-479e-b93c-e03617b9f36d,8.0
2021-12-16,TeamA-b58af410-da77-479e-b93c-e03617b9f36d,8.0
2021-12-17,TeamA-b58af410-da77-479e-b93c-e03617b9f36d,6.0
2021-12-18,TeamA-b58af410-da77-479e-b93c-e03617b9f36d,6.5
2021-12-19,TeamA-b58af410-da77-479e-b93c-e03617b9f36d,10.0
2021-12-20,TeamA-b58af410-da77-479e-b93c-e03617b9f36d,9.0
2021-12-21,TeamA-b58af410-da77-479e-b93c-e03617b9f36d,8.5
2021-12-22,TeamA-b58af410-da77-479e-b93c-e03617b9f36d,9.0
2021-12-23,TeamA-b58af410-da77-479e-b93c-e03617b9f36d,8.5
2021-12-24,TeamA-b58af410-da77-479e-b93c-e03617b9f36d,7.5
2021-12-25,TeamA-b58af410-da77-479e-b93c-e03617b9f36d,8.0
2021-12-27,TeamA-b58af410-da77-479e-b93c-e03617b9f36d,8.0
2021-12-28,TeamA-b58af410-da77-479e-b93c-e03617b9f36d,9.0
2021-12-29,TeamA-b58af410-da77-479e-b93c-e03617b9f36d,8.5
2021-12-30,TeamA-b58af410-da77-479e-b93c-e03617b9f36d,8.0
2021-12-31,TeamA-b58af410-da77-479e-b93c-e03617b9f36d,7.5
2020-03-20,TeamA-bcc03f81-2733-45d3-abf1-f7a709c63e68,8.5
2020-03-21,TeamA-bcc03f81-2733-45d3-abf1-f7a709c63e68,8.0
2020-03-22,TeamA-bcc03f81-2733-45d3-abf1-f7a709c63e68,8.5
2020-03-24,TeamA-bcc03f81-2733-45d3-abf1-f7a709c63e68,9.0
2020-03-26,TeamA-bcc03f81-2733-45d3-abf1-f7a709c63e68,8.5
2020-03-29,TeamA-bcc03f81-2733-45d3-abf1-f7a709c63e68,8.5
2020-04-01,TeamA-bcc03f81-2733-45d3-abf1-f7a709c63e68,8.0
2020-04-02,TeamA-bcc03f81-2733-45d3-abf1-f7a709c63e68,9.0
2020-04-03,TeamA-bcc03f81-2733-45d3-abf1-f7a709c63e68,8.5
2020-04-07,TeamA-bcc03f81-2733-45d3-abf1-f7a709c63e68,9.0
2020-04-10,TeamA-bcc03f81-2733-45d3-abf1-f7a709c63e68,8.5
2020-04-14,TeamA-bcc03f81-2733-45d3-abf1-f7a709c63e68,8.5
2020-04-15,TeamA-bcc03f81-2733-45d3-abf1-f7a709c63e68,8.5
2020-04-18,TeamA-bcc03f81-2733-45d3-abf1-f7a709c63e68,8.5
2020-05-04,TeamA-bcc03f81-2733-45d3-abf1-f7a709c63e68,8.0
2020-05-05,TeamA-bcc03f81-2733-45d3-abf1-f7a709c63e68,8.0
2020-05-08,TeamA-bcc03f81-2733-45d3-abf1-f7a709c63e68,7.0
2020-05-10,TeamA-bcc03f81-2733-45d3-abf1-f7a709c63e68,8.5
2020-05-11,TeamA-bcc03f81-2733-45d3-abf1-f7a709c63e68,8.5
2020-05-12,TeamA-bcc03f81-2733-45d3-abf1-f7a709c63e68,8.5
2020-05-13,TeamA-bcc03f81-2733-45d3-abf1-f7a709c63e68,9.0
2020-05-15,TeamA-bcc03f81-2733-45d3-abf1-f7a709c63e68,8.5
2020-05-18,TeamA-bcc03f81-2733-45d3-abf1-f7a709c63e68,8.5
2020-05-21,TeamA-bcc03f81-2733-45d3-abf1-f7a709c63e68,8.5
2020-05-22,TeamA-bcc03f81-2733-45d3-abf1-f7a709c63e68,8.5
2020-05-23,TeamA-bcc03f81-2733-45d3-abf1-f7a709c63e68,8.0
2020-05-25,TeamA-bcc03f81-2733-45d3-abf1-f7a709c63e68,7.5
2020-05-26,TeamA-bcc03f81-2733-45d3-abf1-f7a709c63e68,8.5
2020-05-27,TeamA-bcc03f81-2733-45d3-abf1-f7a709c63e68,8.0
2020-05-28,TeamA-bcc03f81-2733-45d3-abf1-f7a709c63e68,8.5
2020-05-29,TeamA-bcc03f81-2733-45d3-abf1-f7a709c63e68,7.5
2020-05-31,TeamA-bcc03f81-2733-45d3-abf1-f7a709c63e68,8.0
2020-06-02,TeamA-bcc03f81-2733-45d3-abf1-f7a709c63e68,9.0
2020-06-03,TeamA-bcc03f81-2733-45d3-abf1-f7a709c63e68,7.5
2020-06-04,TeamA-bcc03f81-2733-45d3-abf1-f7a709c63e68,8.0
2020-06-06,TeamA-bcc03f81-2733-45d3-abf1-f7a709c63e68,8.5
2020-06-07,TeamA-bcc03f81-2733-45d3-abf1-f7a709c63e68,8.0
2020-06-08,TeamA-bcc03f81-2733-45d3-abf1-f7a709c63e68,8.5
2020-06-11,TeamA-bcc03f81-2733-45d3-abf1-f7a709c63e68,8.5
2020-06-12,TeamA-bcc03f81-2733-45d3-abf1-f7a709c63e68,7.5
2020-06-13,TeamA-bcc03f81-2733-45d3-abf1-f7a709c63e68,7.5
2020-06-14,TeamA-bcc03f81-2733-45d3-abf1-f7a709c63e68,7.5
2020-06-15,TeamA-bcc03f81-2733-45d3-abf1-f7a709c63e68,8.0
2020-06-19,TeamA-bcc03f81-2733-45d3-abf1-f7a709c63e68,7.5
2020-06-20,TeamA-bcc03f81-2733-45d3-abf1-f7a709c63e68,8.5
2020-06-22,TeamA-bcc03f81-2733-45d3-abf1-f7a709c63e68,8.5
2020-06-24,TeamA-bcc03f81-2733-45d3-abf1-f7a709c63e68,8.0
2020-06-25,TeamA-bcc03f81-2733-45d3-abf1-f7a709c63e68,8.0
2020-06-26,TeamA-bcc03f81-2733-45d3-abf1-f7a709c63e68,8.0
2020-06-27,TeamA-bcc03f81-2733-45d3-abf1-f7a709c63e68,8.5
2020-06-28,TeamA-bcc03f81-2733-45d3-abf1-f7a709c63e68,8.5
2020-07-03,TeamA-bcc03f81-2733-45d3-abf1-f7a709c63e68,8.5
2020-07-04,TeamA-bcc03f81-2733-45d3-abf1-f7a709c63e68,8.0
2020-07-06,TeamA-bcc03f81-2733-45d3-abf1-f7a709c63e68,8.5
2020-07-07,TeamA-bcc03f81-2733-45d3-abf1-f7a709c63e68,8.5
2020-07-08,TeamA-bcc03f81-2733-45d3-abf1-f7a709c63e68,8.0
2020-07-11,TeamA-bcc03f81-2733-45d3-abf1-f7a709c63e68,8.5
2020-07-14,TeamA-bcc03f81-2733-45d3-abf1-f7a709c63e68,8.5
2020-07-15,TeamA-bcc03f81-2733-45d3-abf1-f7a709c63e68,7.5
2020-07-21,TeamA-bcc03f81-2733-45d3-abf1-f7a709c63e68,7.5
2020-07-22,TeamA-bcc03f81-2733-45d3-abf1-f7a709c63e68,7.5
2020-07-24,TeamA-bcc03f81-2733-45d3-abf1-f7a709c63e68,7.5
2020-07-25,TeamA-bcc03f81-2733-45d3-abf1-f7a709c63e68,8.0
2020-07-27,TeamA-bcc03f81-2733-45d3-abf1-f7a709c63e68,8.0
2020-07-29,TeamA-bcc03f81-2733-45d3-abf1-f7a709c63e68,8.0
2020-07-30,TeamA-bcc03f81-2733-45d3-abf1-f7a709c63e68,8.0
2020-07-31,TeamA-bcc03f81-2733-45d3-abf1-f7a709c63e68,8.0
2020-08-01,TeamA-bcc03f81-2733-45d3-abf1-f7a709c63e68,7.5
2020-08-03,TeamA-bcc03f81-2733-45d3-abf1-f7a709c63e68,8.5
2020-08-04,TeamA-bcc03f81-2733-45d3-abf1-f7a709c63e68,8.5
2020-08-05,TeamA-bcc03f81-2733-45d3-abf1-f7a709c63e68,8.5
2020-08-06,TeamA-bcc03f81-2733-45d3-abf1-f7a709c63e68,8.5
2020-08-07,TeamA-bcc03f81-2733-45d3-abf1-f7a709c63e68,8.5
2020-08-08,TeamA-bcc03f81-2733-45d3-abf1-f7a709c63e68,8.5
2020-08-09,TeamA-bcc03f81-2733-45d3-abf1-f7a709c63e68,9.0
2020-08-10,TeamA-bcc03f81-2733-45d3-abf1-f7a709c63e68,7.5
2020-08-11,TeamA-bcc03f81-2733-45d3-abf1-f7a709c63e68,8.0
2020-08-12,TeamA-bcc03f81-2733-45d3-abf1-f7a709c63e68,8.0
2020-08-13,TeamA-bcc03f81-2733-45d3-abf1-f7a709c63e68,8.0
2020-08-14,TeamA-bcc03f81-2733-45d3-abf1-f7a709c63e68,8.0
2020-08-15,TeamA-bcc03f81-2733-45d3-abf1-f7a709c63e68,8.5
2020-08-16,TeamA-bcc03f81-2733-45d3-abf1-f7a709c63e68,8.5
2020-08-17,TeamA-bcc03f81-2733-45d3-abf1-f7a709c63e68,8.0
2020-08-18,TeamA-bcc03f81-2733-45d3-abf1-f7a709c63e68,7.5
2020-08-19,TeamA-bcc03f81-2733-45d3-abf1-f7a709c63e68,8.0
2020-08-20,TeamA-bcc03f81-2733-45d3-abf1-f7a709c63e68,7.5
2020-08-22,TeamA-bcc03f81-2733-45d3-abf1-f7a709c63e68,8.5
2020-08-23,TeamA-bcc03f81-2733-45d3-abf1-f7a709c63e68,8.0
2020-08-24,TeamA-bcc03f81-2733-45d3-abf1-f7a709c63e68,8.5
2020-08-25,TeamA-bcc03f81-2733-45d3-abf1-f7a709c63e68,8.0
2020-08-26,TeamA-bcc03f81-2733-45d3-abf1-f7a709c63e68,8.5
2020-08-27,TeamA-bcc03f81-2733-45d3-abf1-f7a709c63e68,8.0
2020-08-28,TeamA-bcc03f81-2733-45d3-abf1-f7a709c63e68,7.0
2020-08-29,TeamA-bcc03f81-2733-45d3-abf1-f7a709c63e68,8.5
2020-08-30,TeamA-bcc03f81-2733-45d3-abf1-f7a709c63e68,8.0
2020-08-31,TeamA-bcc03f81-2733-45d3-abf1-f7a709c63e68,8.0
2020-09-01,TeamA-bcc03f81-2733-45d3-abf1-f7a709c63e68,8.0
2020-09-02,TeamA-bcc03f81-2733-45d3-abf1-f7a709c63e68,8.0
2020-09-03,TeamA-bcc03f81-2733-45d3-abf1-f7a709c63e68,8.0
2020-09-04,TeamA-bcc03f81-2733-45d3-abf1-f7a709c63e68,8.0
2020-09-05,TeamA-bcc03f81-2733-45d3-abf1-f7a709c63e68,7.5
2020-09-06,TeamA-bcc03f81-2733-45d3-abf1-f7a709c63e68,8.5
2020-09-07,TeamA-bcc03f81-2733-45d3-abf1-f7a709c63e68,8.0
2020-09-08,TeamA-bcc03f81-2733-45d3-abf1-f7a709c63e68,7.5
2020-09-09,TeamA-bcc03f81-2733-45d3-abf1-f7a709c63e68,7.5
2020-09-10,TeamA-bcc03f81-2733-45d3-abf1-f7a709c63e68,8.0
2020-09-11,TeamA-bcc03f81-2733-45d3-abf1-f7a709c63e68,8.5
2020-09-12,TeamA-bcc03f81-2733-45d3-abf1-f7a709c63e68,8.0
2020-09-13,TeamA-bcc03f81-2733-45d3-abf1-f7a709c63e68,8.0
2020-09-14,TeamA-bcc03f81-2733-45d3-abf1-f7a709c63e68,7.0
2020-09-15,TeamA-bcc03f81-2733-45d3-abf1-f7a709c63e68,8.0
2020-09-16,TeamA-bcc03f81-2733-45d3-abf1-f7a709c63e68,8.0
2020-09-17,TeamA-bcc03f81-2733-45d3-abf1-f7a709c63e68,8.0
2020-09-20,TeamA-bcc03f81-2733-45d3-abf1-f7a709c63e68,8.0
2020-09-21,TeamA-bcc03f81-2733-45d3-abf1-f7a709c63e68,8.0
2020-09-22,TeamA-bcc03f81-2733-45d3-abf1-f7a709c63e68,7.5
2020-09-23,TeamA-bcc03f81-2733-45d3-abf1-f7a709c63e68,8.0
2020-09-24,TeamA-bcc03f81-2733-45d3-abf1-f7a709c63e68,8.0
2020-09-25,TeamA-bcc03f81-2733-45d3-abf1-f7a709c63e68,8.0
2020-09-26,TeamA-bcc03f81-2733-45d3-abf1-f7a709c63e68,7.5
2020-09-27,TeamA-bcc03f81-2733-45d3-abf1-f7a709c63e68,8.0
2020-09-28,TeamA-bcc03f81-2733-45d3-abf1-f7a709c63e68,8.5
2020-09-29,TeamA-bcc03f81-2733-45d3-abf1-f7a709c63e68,8.0
2020-09-30,TeamA-bcc03f81-2733-45d3-abf1-f7a709c63e68,8.0
2020-10-01,TeamA-bcc03f81-2733-45d3-abf1-f7a709c63e68,8.0
2020-10-02,TeamA-bcc03f81-2733-45d3-abf1-f7a709c63e68,8.0
2020-10-03,TeamA-bcc03f81-2733-45d3-abf1-f7a709c63e68,8.0
2020-10-04,TeamA-bcc03f81-2733-45d3-abf1-f7a709c63e68,8.0
2020-10-05,TeamA-bcc03f81-2733-45d3-abf1-f7a709c63e68,8.5
2020-10-06,TeamA-bcc03f81-2733-45d3-abf1-f7a709c63e68,7.5
2020-10-07,TeamA-bcc03f81-2733-45d3-abf1-f7a709c63e68,8.5
2020-10-08,TeamA-bcc03f81-2733-45d3-abf1-f7a709c63e68,8.0
2020-10-09,TeamA-bcc03f81-2733-45d3-abf1-f7a709c63e68,8.0
2020-10-10,TeamA-bcc03f81-2733-45d3-abf1-f7a709c63e68,8.0
2020-10-12,TeamA-bcc03f81-2733-45d3-abf1-f7a709c63e68,7.5
2020-10-13,TeamA-bcc03f81-2733-45d3-abf1-f7a709c63e68,7.5
2020-10-14,TeamA-bcc03f81-2733-45d3-abf1-f7a709c63e68,8.0
2020-10-15,TeamA-bcc03f81-2733-45d3-abf1-f7a709c63e68,8.0
2020-10-19,TeamA-bcc03f81-2733-45d3-abf1-f7a709c63e68,8.0
2020-10-20,TeamA-bcc03f81-2733-45d3-abf1-f7a709c63e68,7.5
2020-10-22,TeamA-bcc03f81-2733-45d3-abf1-f7a709c63e68,7.5
2020-10-23,TeamA-bcc03f81-2733-45d3-abf1-f7a709c63e68,8.0
2020-10-25,TeamA-bcc03f81-2733-45d3-abf1-f7a709c63e68,8.0
2020-10-27,TeamA-bcc03f81-2733-45d3-abf1-f7a709c63e68,6.5
2020-10-31,TeamA-bcc03f81-2733-45d3-abf1-f7a709c63e68,8.0
2020-11-03,TeamA-bcc03f81-2733-45d3-abf1-f7a709c63e68,7.5
2020-11-04,TeamA-bcc03f81-2733-45d3-abf1-f7a709c63e68,7.0
2020-11-06,TeamA-bcc03f81-2733-45d3-abf1-f7a709c63e68,8.5
2020-11-09,TeamA-bcc03f81-2733-45d3-abf1-f7a709c63e68,8.0
2020-11-11,TeamA-bcc03f81-2733-45d3-abf1-f7a709c63e68,7.5
2020-11-16,TeamA-bcc03f81-2733-45d3-abf1-f7a709c63e68,8.0
2020-11-18,TeamA-bcc03f81-2733-45d3-abf1-f7a709c63e68,6.0
2020-11-19,TeamA-bcc03f81-2733-45d3-abf1-f7a709c63e68,7.0
2020-11-20,TeamA-bcc03f81-2733-45d3-abf1-f7a709c63e68,7.5
2020-11-23,TeamA-bcc03f81-2733-45d3-abf1-f7a709c63e68,8.0
2020-11-24,TeamA-bcc03f81-2733-45d3-abf1-f7a709c63e68,7.5
2020-11-25,TeamA-bcc03f81-2733-45d3-abf1-f7a709c63e68,8.0
2020-11-27,TeamA-bcc03f81-2733-45d3-abf1-f7a709c63e68,8.0
2020-11-28,TeamA-bcc03f81-2733-45d3-abf1-f7a709c63e68,8.0
2020-11-29,TeamA-bcc03f81-2733-45d3-abf1-f7a709c63e68,8.0
2020-11-30,TeamA-bcc03f81-2733-45d3-abf1-f7a709c63e68,7.5
2020-12-01,TeamA-bcc03f81-2733-45d3-abf1-f7a709c63e68,7.0
2020-12-03,TeamA-bcc03f81-2733-45d3-abf1-f7a709c63e68,7.5
2020-12-06,TeamA-bcc03f81-2733-45d3-abf1-f7a709c63e68,8.0
2020-12-07,TeamA-bcc03f81-2733-45d3-abf1-f7a709c63e68,4.0
2020-12-14,TeamA-bcc03f81-2733-45d3-abf1-f7a709c63e68,7.5
2021-01-11,TeamA-bcc03f81-2733-45d3-abf1-f7a709c63e68,6.5
2021-01-13,TeamA-bcc03f81-2733-45d3-abf1-f7a709c63e68,8.0
2021-01-15,TeamA-bcc03f81-2733-45d3-abf1-f7a709c63e68,8.0
2021-01-16,TeamA-bcc03f81-2733-45d3-abf1-f7a709c63e68,7.0
2021-01-17,TeamA-bcc03f81-2733-45d3-abf1-f7a709c63e68,7.5
2021-01-18,TeamA-bcc03f81-2733-45d3-abf1-f7a709c63e68,7.5
2021-01-19,TeamA-bcc03f81-2733-45d3-abf1-f7a709c63e68,7.5
2021-01-21,TeamA-bcc03f81-2733-45d3-abf1-f7a709c63e68,8.5
2021-01-22,TeamA-bcc03f81-2733-45d3-abf1-f7a709c63e68,6.5
2021-01-25,TeamA-bcc03f81-2733-45d3-abf1-f7a709c63e68,7.0
2021-01-26,TeamA-bcc03f81-2733-45d3-abf1-f7a709c63e68,8.0
2021-01-29,TeamA-bcc03f81-2733-45d3-abf1-f7a709c63e68,8.0
2021-02-01,TeamA-bcc03f81-2733-45d3-abf1-f7a709c63e68,8.5
2021-02-02,TeamA-bcc03f81-2733-45d3-abf1-f7a709c63e68,8.0
2021-02-03,TeamA-bcc03f81-2733-45d3-abf1-f7a709c63e68,8.5
2021-02-04,TeamA-bcc03f81-2733-45d3-abf1-f7a709c63e68,8.0
2021-02-05,TeamA-bcc03f81-2733-45d3-abf1-f7a709c63e68,8.0
2021-02-07,TeamA-bcc03f81-2733-45d3-abf1-f7a709c63e68,8.0
2021-02-08,TeamA-bcc03f81-2733-45d3-abf1-f7a709c63e68,6.5
2021-02-09,TeamA-bcc03f81-2733-45d3-abf1-f7a709c63e68,8.0
2021-02-11,TeamA-bcc03f81-2733-45d3-abf1-f7a709c63e68,7.5
2021-02-12,TeamA-bcc03f81-2733-45d3-abf1-f7a709c63e68,7.5
2021-02-13,TeamA-bcc03f81-2733-45d3-abf1-f7a709c63e68,8.0
2021-02-14,TeamA-bcc03f81-2733-45d3-abf1-f7a709c63e68,8.0
2021-02-15,TeamA-bcc03f81-2733-45d3-abf1-f7a709c63e68,8.0
2021-02-17,TeamA-bcc03f81-2733-45d3-abf1-f7a709c63e68,8.0
2021-02-18,TeamA-bcc03f81-2733-45d3-abf1-f7a709c63e68,7.5
2021-02-19,TeamA-bcc03f81-2733-45d3-abf1-f7a709c63e68,8.0
2021-02-21,TeamA-bcc03f81-2733-45d3-abf1-f7a709c63e68,7.0
2021-02-22,TeamA-bcc03f81-2733-45d3-abf1-f7a709c63e68,7.5
2021-02-24,TeamA-bcc03f81-2733-45d3-abf1-f7a709c63e68,8.0
2021-02-27,TeamA-bcc03f81-2733-45d3-abf1-f7a709c63e68,7.0
2021-02-28,TeamA-bcc03f81-2733-45d3-abf1-f7a709c63e68,6.0
2021-03-01,TeamA-bcc03f81-2733-45d3-abf1-f7a709c63e68,8.0
2021-03-02,TeamA-bcc03f81-2733-45d3-abf1-f7a709c63e68,8.0
2021-03-03,TeamA-bcc03f81-2733-45d3-abf1-f7a709c63e68,8.0
2021-03-04,TeamA-bcc03f81-2733-45d3-abf1-f7a709c63e68,8.0
2021-03-05,TeamA-bcc03f81-2733-45d3-abf1-f7a709c63e68,8.0
2021-03-06,TeamA-bcc03f81-2733-45d3-abf1-f7a709c63e68,7.0
2021-03-07,TeamA-bcc03f81-2733-45d3-abf1-f7a709c63e68,7.0
2021-03-09,TeamA-bcc03f81-2733-45d3-abf1-f7a709c63e68,8.0
2021-03-10,TeamA-bcc03f81-2733-45d3-abf1-f7a709c63e68,7.0
2021-03-12,TeamA-bcc03f81-2733-45d3-abf1-f7a709c63e68,8.0
2021-03-15,TeamA-bcc03f81-2733-45d3-abf1-f7a709c63e68,7.0
2021-03-16,TeamA-bcc03f81-2733-45d3-abf1-f7a709c63e68,8.0
2021-03-18,TeamA-bcc03f81-2733-45d3-abf1-f7a709c63e68,7.5
2021-03-22,TeamA-bcc03f81-2733-45d3-abf1-f7a709c63e68,8.0
2021-03-23,TeamA-bcc03f81-2733-45d3-abf1-f7a709c63e68,8.0
2021-03-24,TeamA-bcc03f81-2733-45d3-abf1-f7a709c63e68,8.5
2021-03-25,TeamA-bcc03f81-2733-45d3-abf1-f7a709c63e68,8.0
2021-03-26,TeamA-bcc03f81-2733-45d3-abf1-f7a709c63e68,8.0
2021-03-27,TeamA-bcc03f81-2733-45d3-abf1-f7a709c63e68,8.0
2021-03-29,TeamA-bcc03f81-2733-45d3-abf1-f7a709c63e68,8.0
2021-03-30,TeamA-bcc03f81-2733-45d3-abf1-f7a709c63e68,8.0
2021-04-05,TeamA-bcc03f81-2733-45d3-abf1-f7a709c63e68,7.0
2021-04-07,TeamA-bcc03f81-2733-45d3-abf1-f7a709c63e68,8.0
2021-04-08,TeamA-bcc03f81-2733-45d3-abf1-f7a709c63e68,8.0
2021-04-09,TeamA-bcc03f81-2733-45d3-abf1-f7a709c63e68,8.0
2021-04-10,TeamA-bcc03f81-2733-45d3-abf1-f7a709c63e68,8.5
2021-04-12,TeamA-bcc03f81-2733-45d3-abf1-f7a709c63e68,9.0
2021-04-13,TeamA-bcc03f81-2733-45d3-abf1-f7a709c63e68,8.0
2021-04-14,TeamA-bcc03f81-2733-45d3-abf1-f7a709c63e68,8.0
2021-04-16,TeamA-bcc03f81-2733-45d3-abf1-f7a709c63e68,8.0
2021-04-17,TeamA-bcc03f81-2733-45d3-abf1-f7a709c63e68,8.0
2021-04-19,TeamA-bcc03f81-2733-45d3-abf1-f7a709c63e68,8.0
2021-04-20,TeamA-bcc03f81-2733-45d3-abf1-f7a709c63e68,8.0
2021-04-21,TeamA-bcc03f81-2733-45d3-abf1-f7a709c63e68,9.0
2021-04-22,TeamA-bcc03f81-2733-45d3-abf1-f7a709c63e68,8.5
2021-04-23,TeamA-bcc03f81-2733-45d3-abf1-f7a709c63e68,8.5
2021-04-26,TeamA-bcc03f81-2733-45d3-abf1-f7a709c63e68,8.0
2021-04-27,TeamA-bcc03f81-2733-45d3-abf1-f7a709c63e68,8.0
2021-04-28,TeamA-bcc03f81-2733-45d3-abf1-f7a709c63e68,8.5
2021-04-30,TeamA-bcc03f81-2733-45d3-abf1-f7a709c63e68,8.0
2021-05-01,TeamA-bcc03f81-2733-45d3-abf1-f7a709c63e68,7.5
2021-05-02,TeamA-bcc03f81-2733-45d3-abf1-f7a709c63e68,7.5
2021-05-04,TeamA-bcc03f81-2733-45d3-abf1-f7a709c63e68,7.5
2021-05-05,TeamA-bcc03f81-2733-45d3-abf1-f7a709c63e68,7.5
2021-05-06,TeamA-bcc03f81-2733-45d3-abf1-f7a709c63e68,8.0
2021-05-12,TeamA-bcc03f81-2733-45d3-abf1-f7a709c63e68,7.5
2021-05-13,TeamA-bcc03f81-2733-45d3-abf1-f7a709c63e68,8.0
2021-05-14,TeamA-bcc03f81-2733-45d3-abf1-f7a709c63e68,8.0
2021-05-16,TeamA-bcc03f81-2733-45d3-abf1-f7a709c63e68,8.0
2021-05-17,TeamA-bcc03f81-2733-45d3-abf1-f7a709c63e68,8.0
2021-05-18,TeamA-bcc03f81-2733-45d3-abf1-f7a709c63e68,8.0
2021-05-19,TeamA-bcc03f81-2733-45d3-abf1-f7a709c63e68,7.5
2021-05-21,TeamA-bcc03f81-2733-45d3-abf1-f7a709c63e68,7.5
2021-05-24,TeamA-bcc03f81-2733-45d3-abf1-f7a709c63e68,7.0
2021-05-25,TeamA-bcc03f81-2733-45d3-abf1-f7a709c63e68,8.0
2021-05-28,TeamA-bcc03f81-2733-45d3-abf1-f7a709c63e68,8.0
2021-05-29,TeamA-bcc03f81-2733-45d3-abf1-f7a709c63e68,8.0
2021-05-31,TeamA-bcc03f81-2733-45d3-abf1-f7a709c63e68,8.0
2021-06-01,TeamA-bcc03f81-2733-45d3-abf1-f7a709c63e68,7.5
2021-06-02,TeamA-bcc03f81-2733-45d3-abf1-f7a709c63e68,8.0
2021-06-04,TeamA-bcc03f81-2733-45d3-abf1-f7a709c63e68,7.5
2021-06-05,TeamA-bcc03f81-2733-45d3-abf1-f7a709c63e68,7.5
2021-06-06,TeamA-bcc03f81-2733-45d3-abf1-f7a709c63e68,7.0
2021-06-07,TeamA-bcc03f81-2733-45d3-abf1-f7a709c63e68,7.5
2021-06-08,TeamA-bcc03f81-2733-45d3-abf1-f7a709c63e68,8.0
2021-06-09,TeamA-bcc03f81-2733-45d3-abf1-f7a709c63e68,7.5
2021-06-10,TeamA-bcc03f81-2733-45d3-abf1-f7a709c63e68,8.0
2021-06-14,TeamA-bcc03f81-2733-45d3-abf1-f7a709c63e68,7.0
2021-06-15,TeamA-bcc03f81-2733-45d3-abf1-f7a709c63e68,8.0
2021-06-16,TeamA-bcc03f81-2733-45d3-abf1-f7a709c63e68,7.5
2021-06-18,TeamA-bcc03f81-2733-45d3-abf1-f7a709c63e68,7.5
2021-06-19,TeamA-bcc03f81-2733-45d3-abf1-f7a709c63e68,8.0
2021-06-21,TeamA-bcc03f81-2733-45d3-abf1-f7a709c63e68,7.0
2021-06-22,TeamA-bcc03f81-2733-45d3-abf1-f7a709c63e68,7.0
2021-06-23,TeamA-bcc03f81-2733-45d3-abf1-f7a709c63e68,7.0
2021-06-24,TeamA-bcc03f81-2733-45d3-abf1-f7a709c63e68,8.0
2021-06-25,TeamA-bcc03f81-2733-45d3-abf1-f7a709c63e68,7.5
2021-06-26,TeamA-bcc03f81-2733-45d3-abf1-f7a709c63e68,8.5
2021-06-27,TeamA-bcc03f81-2733-45d3-abf1-f7a709c63e68,7.5
2021-06-28,TeamA-bcc03f81-2733-45d3-abf1-f7a709c63e68,7.0
2021-06-29,TeamA-bcc03f81-2733-45d3-abf1-f7a709c63e68,7.5
2021-06-30,TeamA-bcc03f81-2733-45d3-abf1-f7a709c63e68,6.5
2021-07-01,TeamA-bcc03f81-2733-45d3-abf1-f7a709c63e68,8.0
2021-07-02,TeamA-bcc03f81-2733-45d3-abf1-f7a709c63e68,8.0
2021-07-03,TeamA-bcc03f81-2733-45d3-abf1-f7a709c63e68,7.0
2021-07-04,TeamA-bcc03f81-2733-45d3-abf1-f7a709c63e68,7.5
2021-07-05,TeamA-bcc03f81-2733-45d3-abf1-f7a709c63e68,6.5
2021-07-06,TeamA-bcc03f81-2733-45d3-abf1-f7a709c63e68,7.0
2021-07-07,TeamA-bcc03f81-2733-45d3-abf1-f7a709c63e68,6.5
2021-07-08,TeamA-bcc03f81-2733-45d3-abf1-f7a709c63e68,7.0
2021-07-09,TeamA-bcc03f81-2733-45d3-abf1-f7a709c63e68,7.5
2021-07-10,TeamA-bcc03f81-2733-45d3-abf1-f7a709c63e68,8.0
2021-07-11,TeamA-bcc03f81-2733-45d3-abf1-f7a709c63e68,8.5
2021-07-12,TeamA-bcc03f81-2733-45d3-abf1-f7a709c63e68,7.5
2021-07-13,TeamA-bcc03f81-2733-45d3-abf1-f7a709c63e68,8.0
2021-07-14,TeamA-bcc03f81-2733-45d3-abf1-f7a709c63e68,8.0
2021-07-15,TeamA-bcc03f81-2733-45d3-abf1-f7a709c63e68,6.5
2021-07-16,TeamA-bcc03f81-2733-45d3-abf1-f7a709c63e68,8.0
2021-07-17,TeamA-bcc03f81-2733-45d3-abf1-f7a709c63e68,8.5
2021-07-18,TeamA-bcc03f81-2733-45d3-abf1-f7a709c63e68,6.5
2021-07-19,TeamA-bcc03f81-2733-45d3-abf1-f7a709c63e68,8.5
2021-07-20,TeamA-bcc03f81-2733-45d3-abf1-f7a709c63e68,7.5
2021-07-21,TeamA-bcc03f81-2733-45d3-abf1-f7a709c63e68,8.0
2021-07-22,TeamA-bcc03f81-2733-45d3-abf1-f7a709c63e68,7.5
2021-07-23,TeamA-bcc03f81-2733-45d3-abf1-f7a709c63e68,7.0
2021-07-24,TeamA-bcc03f81-2733-45d3-abf1-f7a709c63e68,6.5
2021-07-25,TeamA-bcc03f81-2733-45d3-abf1-f7a709c63e68,8.0
2021-07-26,TeamA-bcc03f81-2733-45d3-abf1-f7a709c63e68,8.0
2021-07-27,TeamA-bcc03f81-2733-45d3-abf1-f7a709c63e68,10.0
2021-07-28,TeamA-bcc03f81-2733-45d3-abf1-f7a709c63e68,6.5
2021-07-29,TeamA-bcc03f81-2733-45d3-abf1-f7a709c63e68,8.0
2021-07-30,TeamA-bcc03f81-2733-45d3-abf1-f7a709c63e68,8.0
2021-08-01,TeamA-bcc03f81-2733-45d3-abf1-f7a709c63e68,9.0
2021-08-02,TeamA-bcc03f81-2733-45d3-abf1-f7a709c63e68,8.0
2021-08-03,TeamA-bcc03f81-2733-45d3-abf1-f7a709c63e68,7.5
2021-08-04,TeamA-bcc03f81-2733-45d3-abf1-f7a709c63e68,8.5
2021-08-05,TeamA-bcc03f81-2733-45d3-abf1-f7a709c63e68,8.0
2021-08-06,TeamA-bcc03f81-2733-45d3-abf1-f7a709c63e68,7.5
2021-08-07,TeamA-bcc03f81-2733-45d3-abf1-f7a709c63e68,8.0
2021-08-08,TeamA-bcc03f81-2733-45d3-abf1-f7a709c63e68,7.5
2021-08-09,TeamA-bcc03f81-2733-45d3-abf1-f7a709c63e68,9.0
2021-08-10,TeamA-bcc03f81-2733-45d3-abf1-f7a709c63e68,6.5
2021-08-11,TeamA-bcc03f81-2733-45d3-abf1-f7a709c63e68,8.0
2021-08-12,TeamA-bcc03f81-2733-45d3-abf1-f7a709c63e68,10.0
2021-08-13,TeamA-bcc03f81-2733-45d3-abf1-f7a709c63e68,8.0
2021-08-14,TeamA-bcc03f81-2733-45d3-abf1-f7a709c63e68,7.5
2021-08-15,TeamA-bcc03f81-2733-45d3-abf1-f7a709c63e68,6.0
2021-08-16,TeamA-bcc03f81-2733-45d3-abf1-f7a709c63e68,7.5
2021-08-17,TeamA-bcc03f81-2733-45d3-abf1-f7a709c63e68,7.5
2021-08-18,TeamA-bcc03f81-2733-45d3-abf1-f7a709c63e68,8.0
2021-08-19,TeamA-bcc03f81-2733-45d3-abf1-f7a709c63e68,7.5
2021-08-20,TeamA-bcc03f81-2733-45d3-abf1-f7a709c63e68,7.5
2021-08-21,TeamA-bcc03f81-2733-45d3-abf1-f7a709c63e68,7.5
2021-08-22,TeamA-bcc03f81-2733-45d3-abf1-f7a709c63e68,7.5
2021-08-23,TeamA-bcc03f81-2733-45d3-abf1-f7a709c63e68,7.5
2021-08-24,TeamA-bcc03f81-2733-45d3-abf1-f7a709c63e68,8.0
2021-08-25,TeamA-bcc03f81-2733-45d3-abf1-f7a709c63e68,7.5
2021-08-26,TeamA-bcc03f81-2733-45d3-abf1-f7a709c63e68,8.0
2021-08-27,TeamA-bcc03f81-2733-45d3-abf1-f7a709c63e68,8.0
2021-08-28,TeamA-bcc03f81-2733-45d3-abf1-f7a709c63e68,8.0
2021-08-29,TeamA-bcc03f81-2733-45d3-abf1-f7a709c63e68,7.5
2021-08-30,TeamA-bcc03f81-2733-45d3-abf1-f7a709c63e68,8.0
2021-08-31,TeamA-bcc03f81-2733-45d3-abf1-f7a709c63e68,8.0
2021-09-01,TeamA-bcc03f81-2733-45d3-abf1-f7a709c63e68,8.0
2021-09-02,TeamA-bcc03f81-2733-45d3-abf1-f7a709c63e68,8.0
2021-09-03,TeamA-bcc03f81-2733-45d3-abf1-f7a709c63e68,8.0
2021-09-04,TeamA-bcc03f81-2733-45d3-abf1-f7a709c63e68,7.5
2021-09-05,TeamA-bcc03f81-2733-45d3-abf1-f7a709c63e68,8.0
2021-09-06,TeamA-bcc03f81-2733-45d3-abf1-f7a709c63e68,7.5
2021-09-07,TeamA-bcc03f81-2733-45d3-abf1-f7a709c63e68,8.0
2021-09-08,TeamA-bcc03f81-2733-45d3-abf1-f7a709c63e68,8.0
2021-09-09,TeamA-bcc03f81-2733-45d3-abf1-f7a709c63e68,8.0
2021-09-10,TeamA-bcc03f81-2733-45d3-abf1-f7a709c63e68,7.5
2021-09-11,TeamA-bcc03f81-2733-45d3-abf1-f7a709c63e68,8.5
2021-09-13,TeamA-bcc03f81-2733-45d3-abf1-f7a709c63e68,7.0
2021-09-14,TeamA-bcc03f81-2733-45d3-abf1-f7a709c63e68,8.0
2021-09-15,TeamA-bcc03f81-2733-45d3-abf1-f7a709c63e68,8.0
2021-09-16,TeamA-bcc03f81-2733-45d3-abf1-f7a709c63e68,7.5
2021-09-17,TeamA-bcc03f81-2733-45d3-abf1-f7a709c63e68,8.5
2021-09-18,TeamA-bcc03f81-2733-45d3-abf1-f7a709c63e68,7.5
2021-09-19,TeamA-bcc03f81-2733-45d3-abf1-f7a709c63e68,8.0
2021-09-20,TeamA-bcc03f81-2733-45d3-abf1-f7a709c63e68,7.5
2021-09-21,TeamA-bcc03f81-2733-45d3-abf1-f7a709c63e68,8.0
2021-09-22,TeamA-bcc03f81-2733-45d3-abf1-f7a709c63e68,7.5
2021-09-23,TeamA-bcc03f81-2733-45d3-abf1-f7a709c63e68,7.5
2021-09-24,TeamA-bcc03f81-2733-45d3-abf1-f7a709c63e68,8.0
2021-09-25,TeamA-bcc03f81-2733-45d3-abf1-f7a709c63e68,9.0
2021-09-26,TeamA-bcc03f81-2733-45d3-abf1-f7a709c63e68,9.0
2021-09-27,TeamA-bcc03f81-2733-45d3-abf1-f7a709c63e68,8.0
2021-09-28,TeamA-bcc03f81-2733-45d3-abf1-f7a709c63e68,8.0
2021-09-29,TeamA-bcc03f81-2733-45d3-abf1-f7a709c63e68,7.5
2021-09-30,TeamA-bcc03f81-2733-45d3-abf1-f7a709c63e68,8.0
2021-10-01,TeamA-bcc03f81-2733-45d3-abf1-f7a709c63e68,10.0
2021-10-02,TeamA-bcc03f81-2733-45d3-abf1-f7a709c63e68,8.5
2021-10-03,TeamA-bcc03f81-2733-45d3-abf1-f7a709c63e68,7.5
2021-10-04,TeamA-bcc03f81-2733-45d3-abf1-f7a709c63e68,9.0
2021-10-05,TeamA-bcc03f81-2733-45d3-abf1-f7a709c63e68,10.0
2021-10-06,TeamA-bcc03f81-2733-45d3-abf1-f7a709c63e68,9.0
2021-10-07,TeamA-bcc03f81-2733-45d3-abf1-f7a709c63e68,7.5
2021-10-08,TeamA-bcc03f81-2733-45d3-abf1-f7a709c63e68,7.0
2021-10-09,TeamA-bcc03f81-2733-45d3-abf1-f7a709c63e68,8.0
2021-10-10,TeamA-bcc03f81-2733-45d3-abf1-f7a709c63e68,7.5
2021-10-11,TeamA-bcc03f81-2733-45d3-abf1-f7a709c63e68,8.0
2021-10-12,TeamA-bcc03f81-2733-45d3-abf1-f7a709c63e68,7.5
2021-10-13,TeamA-bcc03f81-2733-45d3-abf1-f7a709c63e68,8.0
2021-10-14,TeamA-bcc03f81-2733-45d3-abf1-f7a709c63e68,9.0
2021-10-15,TeamA-bcc03f81-2733-45d3-abf1-f7a709c63e68,6.0
2021-10-17,TeamA-bcc03f81-2733-45d3-abf1-f7a709c63e68,8.5
2021-10-19,TeamA-bcc03f81-2733-45d3-abf1-f7a709c63e68,9.0
2021-10-20,TeamA-bcc03f81-2733-45d3-abf1-f7a709c63e68,8.5
2021-10-22,TeamA-bcc03f81-2733-45d3-abf1-f7a709c63e68,7.5
2021-10-23,TeamA-bcc03f81-2733-45d3-abf1-f7a709c63e68,8.0
2021-10-24,TeamA-bcc03f81-2733-45d3-abf1-f7a709c63e68,6.5
2021-10-25,TeamA-bcc03f81-2733-45d3-abf1-f7a709c63e68,7.5
2021-10-26,TeamA-bcc03f81-2733-45d3-abf1-f7a709c63e68,5.5
2021-10-27,TeamA-bcc03f81-2733-45d3-abf1-f7a709c63e68,7.5
2021-10-28,TeamA-bcc03f81-2733-45d3-abf1-f7a709c63e68,7.5
2021-10-29,TeamA-bcc03f81-2733-45d3-abf1-f7a709c63e68,7.5
2021-10-31,TeamA-bcc03f81-2733-45d3-abf1-f7a709c63e68,7.5
2021-11-01,TeamA-bcc03f81-2733-45d3-abf1-f7a709c63e68,8.0
2021-11-03,TeamA-bcc03f81-2733-45d3-abf1-f7a709c63e68,6.0
2021-11-04,TeamA-bcc03f81-2733-45d3-abf1-f7a709c63e68,6.5
2021-11-05,TeamA-bcc03f81-2733-45d3-abf1-f7a709c63e68,7.5
2021-11-06,TeamA-bcc03f81-2733-45d3-abf1-f7a709c63e68,6.5
2021-11-07,TeamA-bcc03f81-2733-45d3-abf1-f7a709c63e68,6.5
2021-11-08,TeamA-bcc03f81-2733-45d3-abf1-f7a709c63e68,6.5
2021-11-09,TeamA-bcc03f81-2733-45d3-abf1-f7a709c63e68,7.0
2021-11-10,TeamA-bcc03f81-2733-45d3-abf1-f7a709c63e68,7.0
2021-11-11,TeamA-bcc03f81-2733-45d3-abf1-f7a709c63e68,8.0
2021-11-12,TeamA-bcc03f81-2733-45d3-abf1-f7a709c63e68,8.5
2021-11-14,TeamA-bcc03f81-2733-45d3-abf1-f7a709c63e68,9.0
2021-11-15,TeamA-bcc03f81-2733-45d3-abf1-f7a709c63e68,7.0
2021-11-16,TeamA-bcc03f81-2733-45d3-abf1-f7a709c63e68,7.5
2021-11-17,TeamA-bcc03f81-2733-45d3-abf1-f7a709c63e68,4.5
2021-11-18,TeamA-bcc03f81-2733-45d3-abf1-f7a709c63e68,8.5
2021-11-19,TeamA-bcc03f81-2733-45d3-abf1-f7a709c63e68,8.0
2021-11-21,TeamA-bcc03f81-2733-45d3-abf1-f7a709c63e68,6.0
2021-11-22,TeamA-bcc03f81-2733-45d3-abf1-f7a709c63e68,8.0
2021-11-23,TeamA-bcc03f81-2733-45d3-abf1-f7a709c63e68,8.0
2021-11-26,TeamA-bcc03f81-2733-45d3-abf1-f7a709c63e68,7.5
2021-11-27,TeamA-bcc03f81-2733-45d3-abf1-f7a709c63e68,8.0
2021-11-28,TeamA-bcc03f81-2733-45d3-abf1-f7a709c63e68,7.5
2021-12-03,TeamA-bcc03f81-2733-45d3-abf1-f7a709c63e68,7.0
2021-12-06,TeamA-bcc03f81-2733-45d3-abf1-f7a709c63e68,8.0
2021-12-09,TeamA-bcc03f81-2733-45d3-abf1-f7a709c63e68,8.0
2021-12-10,TeamA-bcc03f81-2733-45d3-abf1-f7a709c63e68,7.0
2021-12-11,TeamA-bcc03f81-2733-45d3-abf1-f7a709c63e68,7.5
2021-12-13,TeamA-bcc03f81-2733-45d3-abf1-f7a709c63e68,8.0
2021-12-14,TeamA-bcc03f81-2733-45d3-abf1-f7a709c63e68,8.0
2020-03-20,TeamA-c4ccf1a6-48c3-4a17-8d6c-eedd12e8680e,9.0
2020-03-22,TeamA-c4ccf1a6-48c3-4a17-8d6c-eedd12e8680e,8.0
2020-03-23,TeamA-c4ccf1a6-48c3-4a17-8d6c-eedd12e8680e,6.5
2020-03-24,TeamA-c4ccf1a6-48c3-4a17-8d6c-eedd12e8680e,8.0
2020-03-25,TeamA-c4ccf1a6-48c3-4a17-8d6c-eedd12e8680e,8.0
2020-03-26,TeamA-c4ccf1a6-48c3-4a17-8d6c-eedd12e8680e,7.0
2020-03-28,TeamA-c4ccf1a6-48c3-4a17-8d6c-eedd12e8680e,11.0
2020-03-29,TeamA-c4ccf1a6-48c3-4a17-8d6c-eedd12e8680e,7.5
2020-03-30,TeamA-c4ccf1a6-48c3-4a17-8d6c-eedd12e8680e,8.0
2020-03-31,TeamA-c4ccf1a6-48c3-4a17-8d6c-eedd12e8680e,7.0
2020-04-02,TeamA-c4ccf1a6-48c3-4a17-8d6c-eedd12e8680e,7.5
2020-04-03,TeamA-c4ccf1a6-48c3-4a17-8d6c-eedd12e8680e,7.5
2020-04-04,TeamA-c4ccf1a6-48c3-4a17-8d6c-eedd12e8680e,8.0
2020-04-05,TeamA-c4ccf1a6-48c3-4a17-8d6c-eedd12e8680e,9.0
2020-04-06,TeamA-c4ccf1a6-48c3-4a17-8d6c-eedd12e8680e,8.0
2020-04-07,TeamA-c4ccf1a6-48c3-4a17-8d6c-eedd12e8680e,7.5
2020-04-15,TeamA-c4ccf1a6-48c3-4a17-8d6c-eedd12e8680e,8.0
2020-04-22,TeamA-c4ccf1a6-48c3-4a17-8d6c-eedd12e8680e,8.0
2020-04-23,TeamA-c4ccf1a6-48c3-4a17-8d6c-eedd12e8680e,8.0
2020-04-24,TeamA-c4ccf1a6-48c3-4a17-8d6c-eedd12e8680e,7.0
2020-04-25,TeamA-c4ccf1a6-48c3-4a17-8d6c-eedd12e8680e,11.0
2020-04-27,TeamA-c4ccf1a6-48c3-4a17-8d6c-eedd12e8680e,9.0
2020-04-28,TeamA-c4ccf1a6-48c3-4a17-8d6c-eedd12e8680e,7.5
2020-04-29,TeamA-c4ccf1a6-48c3-4a17-8d6c-eedd12e8680e,8.0
2020-04-30,TeamA-c4ccf1a6-48c3-4a17-8d6c-eedd12e8680e,9.0
2020-05-02,TeamA-c4ccf1a6-48c3-4a17-8d6c-eedd12e8680e,12.0
2020-05-04,TeamA-c4ccf1a6-48c3-4a17-8d6c-eedd12e8680e,7.5
2020-05-05,TeamA-c4ccf1a6-48c3-4a17-8d6c-eedd12e8680e,7.5
2020-05-06,TeamA-c4ccf1a6-48c3-4a17-8d6c-eedd12e8680e,7.5
2020-05-07,TeamA-c4ccf1a6-48c3-4a17-8d6c-eedd12e8680e,8.5
2020-05-08,TeamA-c4ccf1a6-48c3-4a17-8d6c-eedd12e8680e,7.0
2020-05-09,TeamA-c4ccf1a6-48c3-4a17-8d6c-eedd12e8680e,7.5
2020-05-10,TeamA-c4ccf1a6-48c3-4a17-8d6c-eedd12e8680e,11.0
2020-05-14,TeamA-c4ccf1a6-48c3-4a17-8d6c-eedd12e8680e,6.5
2020-05-15,TeamA-c4ccf1a6-48c3-4a17-8d6c-eedd12e8680e,7.0
2020-05-16,TeamA-c4ccf1a6-48c3-4a17-8d6c-eedd12e8680e,8.0
2020-05-17,TeamA-c4ccf1a6-48c3-4a17-8d6c-eedd12e8680e,6.5
2020-05-18,TeamA-c4ccf1a6-48c3-4a17-8d6c-eedd12e8680e,7.0
2020-05-19,TeamA-c4ccf1a6-48c3-4a17-8d6c-eedd12e8680e,10.0
2020-05-23,TeamA-c4ccf1a6-48c3-4a17-8d6c-eedd12e8680e,11.0
2020-05-24,TeamA-c4ccf1a6-48c3-4a17-8d6c-eedd12e8680e,10.0
2020-05-25,TeamA-c4ccf1a6-48c3-4a17-8d6c-eedd12e8680e,10.0
2020-05-26,TeamA-c4ccf1a6-48c3-4a17-8d6c-eedd12e8680e,10.0
2020-05-27,TeamA-c4ccf1a6-48c3-4a17-8d6c-eedd12e8680e,8.5
2020-05-28,TeamA-c4ccf1a6-48c3-4a17-8d6c-eedd12e8680e,10.0
2020-05-29,TeamA-c4ccf1a6-48c3-4a17-8d6c-eedd12e8680e,9.0
2020-05-30,TeamA-c4ccf1a6-48c3-4a17-8d6c-eedd12e8680e,7.0
2020-05-31,TeamA-c4ccf1a6-48c3-4a17-8d6c-eedd12e8680e,9.0
2020-06-01,TeamA-c4ccf1a6-48c3-4a17-8d6c-eedd12e8680e,10.0
2020-06-03,TeamA-c4ccf1a6-48c3-4a17-8d6c-eedd12e8680e,9.0
2020-06-04,TeamA-c4ccf1a6-48c3-4a17-8d6c-eedd12e8680e,8.0
2020-06-06,TeamA-c4ccf1a6-48c3-4a17-8d6c-eedd12e8680e,9.0
2020-06-07,TeamA-c4ccf1a6-48c3-4a17-8d6c-eedd12e8680e,10.0
2020-06-08,TeamA-c4ccf1a6-48c3-4a17-8d6c-eedd12e8680e,9.0
2020-06-09,TeamA-c4ccf1a6-48c3-4a17-8d6c-eedd12e8680e,11.0
2020-06-10,TeamA-c4ccf1a6-48c3-4a17-8d6c-eedd12e8680e,7.0
2020-06-11,TeamA-c4ccf1a6-48c3-4a17-8d6c-eedd12e8680e,8.0
2020-06-12,TeamA-c4ccf1a6-48c3-4a17-8d6c-eedd12e8680e,8.0
2020-06-13,TeamA-c4ccf1a6-48c3-4a17-8d6c-eedd12e8680e,8.5
2020-06-14,TeamA-c4ccf1a6-48c3-4a17-8d6c-eedd12e8680e,9.0
2020-06-15,TeamA-c4ccf1a6-48c3-4a17-8d6c-eedd12e8680e,8.5
2020-06-16,TeamA-c4ccf1a6-48c3-4a17-8d6c-eedd12e8680e,9.0
2020-06-17,TeamA-c4ccf1a6-48c3-4a17-8d6c-eedd12e8680e,9.0
2020-06-18,TeamA-c4ccf1a6-48c3-4a17-8d6c-eedd12e8680e,7.0
2020-06-19,TeamA-c4ccf1a6-48c3-4a17-8d6c-eedd12e8680e,9.0
2020-06-20,TeamA-c4ccf1a6-48c3-4a17-8d6c-eedd12e8680e,8.5
2020-06-21,TeamA-c4ccf1a6-48c3-4a17-8d6c-eedd12e8680e,8.5
2020-06-22,TeamA-c4ccf1a6-48c3-4a17-8d6c-eedd12e8680e,8.0
2020-06-23,TeamA-c4ccf1a6-48c3-4a17-8d6c-eedd12e8680e,8.0
2020-06-24,TeamA-c4ccf1a6-48c3-4a17-8d6c-eedd12e8680e,7.5
2020-06-25,TeamA-c4ccf1a6-48c3-4a17-8d6c-eedd12e8680e,7.0
2020-06-26,TeamA-c4ccf1a6-48c3-4a17-8d6c-eedd12e8680e,8.5
2020-06-28,TeamA-c4ccf1a6-48c3-4a17-8d6c-eedd12e8680e,8.0
2020-06-29,TeamA-c4ccf1a6-48c3-4a17-8d6c-eedd12e8680e,6.0
2020-06-30,TeamA-c4ccf1a6-48c3-4a17-8d6c-eedd12e8680e,6.0
2020-07-01,TeamA-c4ccf1a6-48c3-4a17-8d6c-eedd12e8680e,7.0
2020-07-02,TeamA-c4ccf1a6-48c3-4a17-8d6c-eedd12e8680e,8.0
2020-07-03,TeamA-c4ccf1a6-48c3-4a17-8d6c-eedd12e8680e,9.0
2020-07-05,TeamA-c4ccf1a6-48c3-4a17-8d6c-eedd12e8680e,10.0
2020-07-06,TeamA-c4ccf1a6-48c3-4a17-8d6c-eedd12e8680e,7.5
2020-07-07,TeamA-c4ccf1a6-48c3-4a17-8d6c-eedd12e8680e,7.5
2020-07-08,TeamA-c4ccf1a6-48c3-4a17-8d6c-eedd12e8680e,9.0
2020-07-09,TeamA-c4ccf1a6-48c3-4a17-8d6c-eedd12e8680e,8.0
2020-07-10,TeamA-c4ccf1a6-48c3-4a17-8d6c-eedd12e8680e,7.0
2020-07-14,TeamA-c4ccf1a6-48c3-4a17-8d6c-eedd12e8680e,7.5
2020-07-17,TeamA-c4ccf1a6-48c3-4a17-8d6c-eedd12e8680e,7.0
2020-07-18,TeamA-c4ccf1a6-48c3-4a17-8d6c-eedd12e8680e,8.5
2020-07-19,TeamA-c4ccf1a6-48c3-4a17-8d6c-eedd12e8680e,9.0
2020-07-20,TeamA-c4ccf1a6-48c3-4a17-8d6c-eedd12e8680e,6.0
2020-07-21,TeamA-c4ccf1a6-48c3-4a17-8d6c-eedd12e8680e,9.0
2020-07-26,TeamA-c4ccf1a6-48c3-4a17-8d6c-eedd12e8680e,6.0
2020-07-27,TeamA-c4ccf1a6-48c3-4a17-8d6c-eedd12e8680e,7.5
2020-07-28,TeamA-c4ccf1a6-48c3-4a17-8d6c-eedd12e8680e,7.5
2020-07-29,TeamA-c4ccf1a6-48c3-4a17-8d6c-eedd12e8680e,8.0
2020-07-30,TeamA-c4ccf1a6-48c3-4a17-8d6c-eedd12e8680e,9.0
2020-07-31,TeamA-c4ccf1a6-48c3-4a17-8d6c-eedd12e8680e,8.0
2020-08-01,TeamA-c4ccf1a6-48c3-4a17-8d6c-eedd12e8680e,10.0
2020-08-02,TeamA-c4ccf1a6-48c3-4a17-8d6c-eedd12e8680e,9.0
2020-08-03,TeamA-c4ccf1a6-48c3-4a17-8d6c-eedd12e8680e,6.5
2020-08-04,TeamA-c4ccf1a6-48c3-4a17-8d6c-eedd12e8680e,7.0
2020-08-05,TeamA-c4ccf1a6-48c3-4a17-8d6c-eedd12e8680e,8.0
2020-08-06,TeamA-c4ccf1a6-48c3-4a17-8d6c-eedd12e8680e,8.0
2020-08-11,TeamA-c4ccf1a6-48c3-4a17-8d6c-eedd12e8680e,7.0
2020-08-12,TeamA-c4ccf1a6-48c3-4a17-8d6c-eedd12e8680e,8.0
2020-08-13,TeamA-c4ccf1a6-48c3-4a17-8d6c-eedd12e8680e,8.0
2020-08-14,TeamA-c4ccf1a6-48c3-4a17-8d6c-eedd12e8680e,8.0
2020-08-15,TeamA-c4ccf1a6-48c3-4a17-8d6c-eedd12e8680e,9.0
2020-08-16,TeamA-c4ccf1a6-48c3-4a17-8d6c-eedd12e8680e,9.0
2020-08-17,TeamA-c4ccf1a6-48c3-4a17-8d6c-eedd12e8680e,7.0
2020-08-18,TeamA-c4ccf1a6-48c3-4a17-8d6c-eedd12e8680e,8.0
2020-08-19,TeamA-c4ccf1a6-48c3-4a17-8d6c-eedd12e8680e,8.5
2020-08-20,TeamA-c4ccf1a6-48c3-4a17-8d6c-eedd12e8680e,8.0
2020-08-21,TeamA-c4ccf1a6-48c3-4a17-8d6c-eedd12e8680e,7.5
2020-08-22,TeamA-c4ccf1a6-48c3-4a17-8d6c-eedd12e8680e,9.0
2020-08-24,TeamA-c4ccf1a6-48c3-4a17-8d6c-eedd12e8680e,7.5
2020-08-25,TeamA-c4ccf1a6-48c3-4a17-8d6c-eedd12e8680e,7.5
2020-08-27,TeamA-c4ccf1a6-48c3-4a17-8d6c-eedd12e8680e,6.0
2020-08-28,TeamA-c4ccf1a6-48c3-4a17-8d6c-eedd12e8680e,7.0
2020-08-30,TeamA-c4ccf1a6-48c3-4a17-8d6c-eedd12e8680e,9.0
2020-08-31,TeamA-c4ccf1a6-48c3-4a17-8d6c-eedd12e8680e,7.5
2020-09-01,TeamA-c4ccf1a6-48c3-4a17-8d6c-eedd12e8680e,7.5
2020-09-02,TeamA-c4ccf1a6-48c3-4a17-8d6c-eedd12e8680e,8.0
2020-09-03,TeamA-c4ccf1a6-48c3-4a17-8d6c-eedd12e8680e,8.0
2020-09-04,TeamA-c4ccf1a6-48c3-4a17-8d6c-eedd12e8680e,9.0
2020-09-05,TeamA-c4ccf1a6-48c3-4a17-8d6c-eedd12e8680e,8.0
2020-09-06,TeamA-c4ccf1a6-48c3-4a17-8d6c-eedd12e8680e,5.5
2020-09-07,TeamA-c4ccf1a6-48c3-4a17-8d6c-eedd12e8680e,8.0
2020-09-08,TeamA-c4ccf1a6-48c3-4a17-8d6c-eedd12e8680e,8.0
2020-09-09,TeamA-c4ccf1a6-48c3-4a17-8d6c-eedd12e8680e,8.0
2020-09-10,TeamA-c4ccf1a6-48c3-4a17-8d6c-eedd12e8680e,7.0
2020-09-11,TeamA-c4ccf1a6-48c3-4a17-8d6c-eedd12e8680e,9.0
2020-09-13,TeamA-c4ccf1a6-48c3-4a17-8d6c-eedd12e8680e,7.0
2020-09-14,TeamA-c4ccf1a6-48c3-4a17-8d6c-eedd12e8680e,7.5
2020-09-15,TeamA-c4ccf1a6-48c3-4a17-8d6c-eedd12e8680e,8.0
2020-09-16,TeamA-c4ccf1a6-48c3-4a17-8d6c-eedd12e8680e,8.5
2020-09-21,TeamA-c4ccf1a6-48c3-4a17-8d6c-eedd12e8680e,8.5
2020-09-23,TeamA-c4ccf1a6-48c3-4a17-8d6c-eedd12e8680e,8.0
2020-09-25,TeamA-c4ccf1a6-48c3-4a17-8d6c-eedd12e8680e,8.0
2020-09-27,TeamA-c4ccf1a6-48c3-4a17-8d6c-eedd12e8680e,7.0
2020-09-29,TeamA-c4ccf1a6-48c3-4a17-8d6c-eedd12e8680e,8.5
2020-09-30,TeamA-c4ccf1a6-48c3-4a17-8d6c-eedd12e8680e,8.0
2020-10-01,TeamA-c4ccf1a6-48c3-4a17-8d6c-eedd12e8680e,8.0
2020-10-02,TeamA-c4ccf1a6-48c3-4a17-8d6c-eedd12e8680e,7.5
2020-10-07,TeamA-c4ccf1a6-48c3-4a17-8d6c-eedd12e8680e,9.0
2020-10-10,TeamA-c4ccf1a6-48c3-4a17-8d6c-eedd12e8680e,9.0
2020-10-12,TeamA-c4ccf1a6-48c3-4a17-8d6c-eedd12e8680e,8.0
2020-10-14,TeamA-c4ccf1a6-48c3-4a17-8d6c-eedd12e8680e,7.5
2020-10-15,TeamA-c4ccf1a6-48c3-4a17-8d6c-eedd12e8680e,8.5
2020-10-18,TeamA-c4ccf1a6-48c3-4a17-8d6c-eedd12e8680e,9.0
2020-10-23,TeamA-c4ccf1a6-48c3-4a17-8d6c-eedd12e8680e,7.0
2020-10-24,TeamA-c4ccf1a6-48c3-4a17-8d6c-eedd12e8680e,11.0
2020-11-03,TeamA-c4ccf1a6-48c3-4a17-8d6c-eedd12e8680e,9.0
2020-11-04,TeamA-c4ccf1a6-48c3-4a17-8d6c-eedd12e8680e,9.0
2020-11-07,TeamA-c4ccf1a6-48c3-4a17-8d6c-eedd12e8680e,8.0
2020-11-09,TeamA-c4ccf1a6-48c3-4a17-8d6c-eedd12e8680e,8.0
2020-11-18,TeamA-c4ccf1a6-48c3-4a17-8d6c-eedd12e8680e,6.0
2020-11-19,TeamA-c4ccf1a6-48c3-4a17-8d6c-eedd12e8680e,7.0
2020-11-20,TeamA-c4ccf1a6-48c3-4a17-8d6c-eedd12e8680e,7.5
2020-11-22,TeamA-c4ccf1a6-48c3-4a17-8d6c-eedd12e8680e,9.0
2020-11-24,TeamA-c4ccf1a6-48c3-4a17-8d6c-eedd12e8680e,8.5
2020-11-25,TeamA-c4ccf1a6-48c3-4a17-8d6c-eedd12e8680e,7.5
2020-11-26,TeamA-c4ccf1a6-48c3-4a17-8d6c-eedd12e8680e,7.0
2020-11-27,TeamA-c4ccf1a6-48c3-4a17-8d6c-eedd12e8680e,8.5
2020-11-28,TeamA-c4ccf1a6-48c3-4a17-8d6c-eedd12e8680e,9.0
2020-11-29,TeamA-c4ccf1a6-48c3-4a17-8d6c-eedd12e8680e,11.0
2020-11-30,TeamA-c4ccf1a6-48c3-4a17-8d6c-eedd12e8680e,8.0
2020-12-03,TeamA-c4ccf1a6-48c3-4a17-8d6c-eedd12e8680e,8.0
2021-01-12,TeamA-c4ccf1a6-48c3-4a17-8d6c-eedd12e8680e,8.0
2021-01-14,TeamA-c4ccf1a6-48c3-4a17-8d6c-eedd12e8680e,8.5
2021-01-15,TeamA-c4ccf1a6-48c3-4a17-8d6c-eedd12e8680e,8.0
2021-01-16,TeamA-c4ccf1a6-48c3-4a17-8d6c-eedd12e8680e,10.0
2021-01-17,TeamA-c4ccf1a6-48c3-4a17-8d6c-eedd12e8680e,8.5
2021-01-18,TeamA-c4ccf1a6-48c3-4a17-8d6c-eedd12e8680e,9.0
2021-01-19,TeamA-c4ccf1a6-48c3-4a17-8d6c-eedd12e8680e,8.0
2021-01-21,TeamA-c4ccf1a6-48c3-4a17-8d6c-eedd12e8680e,7.5
2021-01-22,TeamA-c4ccf1a6-48c3-4a17-8d6c-eedd12e8680e,7.0
2021-01-25,TeamA-c4ccf1a6-48c3-4a17-8d6c-eedd12e8680e,8.0
2021-01-26,TeamA-c4ccf1a6-48c3-4a17-8d6c-eedd12e8680e,8.5
2021-01-27,TeamA-c4ccf1a6-48c3-4a17-8d6c-eedd12e8680e,9.0
2021-02-01,TeamA-c4ccf1a6-48c3-4a17-8d6c-eedd12e8680e,9.0
2021-02-03,TeamA-c4ccf1a6-48c3-4a17-8d6c-eedd12e8680e,7.5
2021-02-08,TeamA-c4ccf1a6-48c3-4a17-8d6c-eedd12e8680e,9.0
2021-02-09,TeamA-c4ccf1a6-48c3-4a17-8d6c-eedd12e8680e,8.0
2021-02-15,TeamA-c4ccf1a6-48c3-4a17-8d6c-eedd12e8680e,7.5
2021-02-17,TeamA-c4ccf1a6-48c3-4a17-8d6c-eedd12e8680e,8.5
2021-02-18,TeamA-c4ccf1a6-48c3-4a17-8d6c-eedd12e8680e,9.0
2021-02-21,TeamA-c4ccf1a6-48c3-4a17-8d6c-eedd12e8680e,9.0
2021-03-03,TeamA-c4ccf1a6-48c3-4a17-8d6c-eedd12e8680e,8.5
2021-03-04,TeamA-c4ccf1a6-48c3-4a17-8d6c-eedd12e8680e,8.5
2021-03-05,TeamA-c4ccf1a6-48c3-4a17-8d6c-eedd12e8680e,9.0
2021-03-10,TeamA-c4ccf1a6-48c3-4a17-8d6c-eedd12e8680e,12.0
2021-03-12,TeamA-c4ccf1a6-48c3-4a17-8d6c-eedd12e8680e,8.0
2021-03-13,TeamA-c4ccf1a6-48c3-4a17-8d6c-eedd12e8680e,8.0
2021-03-14,TeamA-c4ccf1a6-48c3-4a17-8d6c-eedd12e8680e,8.0
2021-03-15,TeamA-c4ccf1a6-48c3-4a17-8d6c-eedd12e8680e,9.0
2021-03-16,TeamA-c4ccf1a6-48c3-4a17-8d6c-eedd12e8680e,9.0
2021-03-17,TeamA-c4ccf1a6-48c3-4a17-8d6c-eedd12e8680e,8.0
2021-03-18,TeamA-c4ccf1a6-48c3-4a17-8d6c-eedd12e8680e,10.0
2021-03-19,TeamA-c4ccf1a6-48c3-4a17-8d6c-eedd12e8680e,8.0
2021-03-21,TeamA-c4ccf1a6-48c3-4a17-8d6c-eedd12e8680e,8.0
2021-03-22,TeamA-c4ccf1a6-48c3-4a17-8d6c-eedd12e8680e,8.5
2021-03-23,TeamA-c4ccf1a6-48c3-4a17-8d6c-eedd12e8680e,7.5
2021-03-26,TeamA-c4ccf1a6-48c3-4a17-8d6c-eedd12e8680e,7.0
2021-03-27,TeamA-c4ccf1a6-48c3-4a17-8d6c-eedd12e8680e,9.0
2021-03-29,TeamA-c4ccf1a6-48c3-4a17-8d6c-eedd12e8680e,7.5
2021-04-05,TeamA-c4ccf1a6-48c3-4a17-8d6c-eedd12e8680e,10.0
2021-04-07,TeamA-c4ccf1a6-48c3-4a17-8d6c-eedd12e8680e,8.0
2021-04-08,TeamA-c4ccf1a6-48c3-4a17-8d6c-eedd12e8680e,8.5
2021-04-09,TeamA-c4ccf1a6-48c3-4a17-8d6c-eedd12e8680e,7.0
2021-04-10,TeamA-c4ccf1a6-48c3-4a17-8d6c-eedd12e8680e,9.0
2021-04-11,TeamA-c4ccf1a6-48c3-4a17-8d6c-eedd12e8680e,8.0
2021-04-12,TeamA-c4ccf1a6-48c3-4a17-8d6c-eedd12e8680e,8.0
2021-04-20,TeamA-c4ccf1a6-48c3-4a17-8d6c-eedd12e8680e,8.0
2021-04-22,TeamA-c4ccf1a6-48c3-4a17-8d6c-eedd12e8680e,8.5
2021-04-23,TeamA-c4ccf1a6-48c3-4a17-8d6c-eedd12e8680e,8.0
2021-04-29,TeamA-c4ccf1a6-48c3-4a17-8d6c-eedd12e8680e,7.5
2021-05-02,TeamA-c4ccf1a6-48c3-4a17-8d6c-eedd12e8680e,9.0
2021-05-11,TeamA-c4ccf1a6-48c3-4a17-8d6c-eedd12e8680e,7.0
2021-07-10,TeamA-c4ccf1a6-48c3-4a17-8d6c-eedd12e8680e,9.0
2021-07-12,TeamA-c4ccf1a6-48c3-4a17-8d6c-eedd12e8680e,8.5
2021-07-13,TeamA-c4ccf1a6-48c3-4a17-8d6c-eedd12e8680e,8.0
2021-07-16,TeamA-c4ccf1a6-48c3-4a17-8d6c-eedd12e8680e,9.0
2021-07-17,TeamA-c4ccf1a6-48c3-4a17-8d6c-eedd12e8680e,10.0
2021-07-29,TeamA-c4ccf1a6-48c3-4a17-8d6c-eedd12e8680e,7.0
2021-07-30,TeamA-c4ccf1a6-48c3-4a17-8d6c-eedd12e8680e,9.0
2021-07-31,TeamA-c4ccf1a6-48c3-4a17-8d6c-eedd12e8680e,1.0
2021-08-03,TeamA-c4ccf1a6-48c3-4a17-8d6c-eedd12e8680e,8.0
2021-08-05,TeamA-c4ccf1a6-48c3-4a17-8d6c-eedd12e8680e,9.0
2021-08-11,TeamA-c4ccf1a6-48c3-4a17-8d6c-eedd12e8680e,12.0
2021-08-12,TeamA-c4ccf1a6-48c3-4a17-8d6c-eedd12e8680e,8.0
2021-08-14,TeamA-c4ccf1a6-48c3-4a17-8d6c-eedd12e8680e,8.0
2021-08-16,TeamA-c4ccf1a6-48c3-4a17-8d6c-eedd12e8680e,7.0
2021-08-17,TeamA-c4ccf1a6-48c3-4a17-8d6c-eedd12e8680e,8.0
2021-08-19,TeamA-c4ccf1a6-48c3-4a17-8d6c-eedd12e8680e,4.5
2021-08-21,TeamA-c4ccf1a6-48c3-4a17-8d6c-eedd12e8680e,8.0
2021-08-23,TeamA-c4ccf1a6-48c3-4a17-8d6c-eedd12e8680e,8.0
2021-08-25,TeamA-c4ccf1a6-48c3-4a17-8d6c-eedd12e8680e,9.0
2021-08-26,TeamA-c4ccf1a6-48c3-4a17-8d6c-eedd12e8680e,7.0
2021-08-03,TeamA-c91a44bb-976c-421f-b146-f57e1e5b0846,6.5
2021-08-04,TeamA-c91a44bb-976c-421f-b146-f57e1e5b0846,8.5
2021-08-06,TeamA-c91a44bb-976c-421f-b146-f57e1e5b0846,7.0
2021-08-08,TeamA-c91a44bb-976c-421f-b146-f57e1e5b0846,7.0
2021-08-09,TeamA-c91a44bb-976c-421f-b146-f57e1e5b0846,7.0
2021-08-10,TeamA-c91a44bb-976c-421f-b146-f57e1e5b0846,8.0
2021-08-12,TeamA-c91a44bb-976c-421f-b146-f57e1e5b0846,9.0
2021-08-13,TeamA-c91a44bb-976c-421f-b146-f57e1e5b0846,9.0
2021-08-14,TeamA-c91a44bb-976c-421f-b146-f57e1e5b0846,8.0
2021-08-15,TeamA-c91a44bb-976c-421f-b146-f57e1e5b0846,7.0
2021-08-16,TeamA-c91a44bb-976c-421f-b146-f57e1e5b0846,8.0
2021-08-17,TeamA-c91a44bb-976c-421f-b146-f57e1e5b0846,9.0
2021-08-18,TeamA-c91a44bb-976c-421f-b146-f57e1e5b0846,7.0
2021-08-19,TeamA-c91a44bb-976c-421f-b146-f57e1e5b0846,8.0
2021-08-20,TeamA-c91a44bb-976c-421f-b146-f57e1e5b0846,7.5
2021-08-21,TeamA-c91a44bb-976c-421f-b146-f57e1e5b0846,10.0
2021-08-22,TeamA-c91a44bb-976c-421f-b146-f57e1e5b0846,5.0
2021-08-23,TeamA-c91a44bb-976c-421f-b146-f57e1e5b0846,9.0
2021-08-24,TeamA-c91a44bb-976c-421f-b146-f57e1e5b0846,7.0
2021-08-25,TeamA-c91a44bb-976c-421f-b146-f57e1e5b0846,8.5
2021-08-26,TeamA-c91a44bb-976c-421f-b146-f57e1e5b0846,7.5
2021-08-27,TeamA-c91a44bb-976c-421f-b146-f57e1e5b0846,8.0
2021-08-28,TeamA-c91a44bb-976c-421f-b146-f57e1e5b0846,9.0
2021-08-31,TeamA-c91a44bb-976c-421f-b146-f57e1e5b0846,9.0
2021-09-03,TeamA-c91a44bb-976c-421f-b146-f57e1e5b0846,9.0
2021-09-04,TeamA-c91a44bb-976c-421f-b146-f57e1e5b0846,8.5
2021-09-06,TeamA-c91a44bb-976c-421f-b146-f57e1e5b0846,9.0
2021-09-07,TeamA-c91a44bb-976c-421f-b146-f57e1e5b0846,8.5
2021-09-08,TeamA-c91a44bb-976c-421f-b146-f57e1e5b0846,9.0
2021-09-09,TeamA-c91a44bb-976c-421f-b146-f57e1e5b0846,9.0
2021-09-12,TeamA-c91a44bb-976c-421f-b146-f57e1e5b0846,9.0
2021-09-13,TeamA-c91a44bb-976c-421f-b146-f57e1e5b0846,7.5
2021-09-15,TeamA-c91a44bb-976c-421f-b146-f57e1e5b0846,8.5
2021-09-17,TeamA-c91a44bb-976c-421f-b146-f57e1e5b0846,8.5
2021-09-18,TeamA-c91a44bb-976c-421f-b146-f57e1e5b0846,8.5
2021-09-19,TeamA-c91a44bb-976c-421f-b146-f57e1e5b0846,8.5
2021-09-20,TeamA-c91a44bb-976c-421f-b146-f57e1e5b0846,8.5
2021-09-21,TeamA-c91a44bb-976c-421f-b146-f57e1e5b0846,9.0
2021-09-22,TeamA-c91a44bb-976c-421f-b146-f57e1e5b0846,6.5
2021-09-23,TeamA-c91a44bb-976c-421f-b146-f57e1e5b0846,8.5
2021-09-24,TeamA-c91a44bb-976c-421f-b146-f57e1e5b0846,9.0
2021-09-25,TeamA-c91a44bb-976c-421f-b146-f57e1e5b0846,8.5
2021-09-26,TeamA-c91a44bb-976c-421f-b146-f57e1e5b0846,8.5
2021-09-27,TeamA-c91a44bb-976c-421f-b146-f57e1e5b0846,8.5
2021-09-28,TeamA-c91a44bb-976c-421f-b146-f57e1e5b0846,8.5
2021-10-01,TeamA-c91a44bb-976c-421f-b146-f57e1e5b0846,8.5
2021-10-02,TeamA-c91a44bb-976c-421f-b146-f57e1e5b0846,10.0
2021-10-03,TeamA-c91a44bb-976c-421f-b146-f57e1e5b0846,9.0
2021-10-04,TeamA-c91a44bb-976c-421f-b146-f57e1e5b0846,8.5
2021-10-05,TeamA-c91a44bb-976c-421f-b146-f57e1e5b0846,9.0
2021-10-06,TeamA-c91a44bb-976c-421f-b146-f57e1e5b0846,9.0
2021-10-07,TeamA-c91a44bb-976c-421f-b146-f57e1e5b0846,8.5
2021-10-08,TeamA-c91a44bb-976c-421f-b146-f57e1e5b0846,8.5
2021-10-09,TeamA-c91a44bb-976c-421f-b146-f57e1e5b0846,8.5
2021-10-11,TeamA-c91a44bb-976c-421f-b146-f57e1e5b0846,8.5
2021-10-12,TeamA-c91a44bb-976c-421f-b146-f57e1e5b0846,8.5
2021-10-13,TeamA-c91a44bb-976c-421f-b146-f57e1e5b0846,8.5
2021-10-14,TeamA-c91a44bb-976c-421f-b146-f57e1e5b0846,6.5
2021-10-15,TeamA-c91a44bb-976c-421f-b146-f57e1e5b0846,8.5
2021-10-16,TeamA-c91a44bb-976c-421f-b146-f57e1e5b0846,8.0
2021-10-17,TeamA-c91a44bb-976c-421f-b146-f57e1e5b0846,8.0
2021-10-18,TeamA-c91a44bb-976c-421f-b146-f57e1e5b0846,5.5
2021-10-19,TeamA-c91a44bb-976c-421f-b146-f57e1e5b0846,8.5
2021-10-20,TeamA-c91a44bb-976c-421f-b146-f57e1e5b0846,8.5
2021-10-21,TeamA-c91a44bb-976c-421f-b146-f57e1e5b0846,9.0
2021-10-22,TeamA-c91a44bb-976c-421f-b146-f57e1e5b0846,8.0
2021-10-23,TeamA-c91a44bb-976c-421f-b146-f57e1e5b0846,6.5
2021-10-24,TeamA-c91a44bb-976c-421f-b146-f57e1e5b0846,9.0
2021-10-25,TeamA-c91a44bb-976c-421f-b146-f57e1e5b0846,10.0
2021-10-27,TeamA-c91a44bb-976c-421f-b146-f57e1e5b0846,6.5
2021-10-28,TeamA-c91a44bb-976c-421f-b146-f57e1e5b0846,8.0
2021-10-29,TeamA-c91a44bb-976c-421f-b146-f57e1e5b0846,10.0
2021-10-30,TeamA-c91a44bb-976c-421f-b146-f57e1e5b0846,10.0
2021-10-31,TeamA-c91a44bb-976c-421f-b146-f57e1e5b0846,8.5
2021-11-02,TeamA-c91a44bb-976c-421f-b146-f57e1e5b0846,7.5
2021-11-03,TeamA-c91a44bb-976c-421f-b146-f57e1e5b0846,8.5
2021-11-04,TeamA-c91a44bb-976c-421f-b146-f57e1e5b0846,8.5
2021-11-05,TeamA-c91a44bb-976c-421f-b146-f57e1e5b0846,9.0
2021-11-06,TeamA-c91a44bb-976c-421f-b146-f57e1e5b0846,8.5
2021-11-07,TeamA-c91a44bb-976c-421f-b146-f57e1e5b0846,8.0
2021-11-08,TeamA-c91a44bb-976c-421f-b146-f57e1e5b0846,8.5
2021-11-10,TeamA-c91a44bb-976c-421f-b146-f57e1e5b0846,8.5
2021-11-11,TeamA-c91a44bb-976c-421f-b146-f57e1e5b0846,9.0
2021-11-12,TeamA-c91a44bb-976c-421f-b146-f57e1e5b0846,9.0
2021-11-13,TeamA-c91a44bb-976c-421f-b146-f57e1e5b0846,9.0
2021-11-14,TeamA-c91a44bb-976c-421f-b146-f57e1e5b0846,6.0
2021-11-15,TeamA-c91a44bb-976c-421f-b146-f57e1e5b0846,9.0
2021-11-16,TeamA-c91a44bb-976c-421f-b146-f57e1e5b0846,6.5
2021-11-17,TeamA-c91a44bb-976c-421f-b146-f57e1e5b0846,5.5
2021-11-18,TeamA-c91a44bb-976c-421f-b146-f57e1e5b0846,10.0
2021-11-20,TeamA-c91a44bb-976c-421f-b146-f57e1e5b0846,10.0
2021-11-21,TeamA-c91a44bb-976c-421f-b146-f57e1e5b0846,10.0
2021-11-22,TeamA-c91a44bb-976c-421f-b146-f57e1e5b0846,9.0
2021-11-23,TeamA-c91a44bb-976c-421f-b146-f57e1e5b0846,10.0
2021-11-24,TeamA-c91a44bb-976c-421f-b146-f57e1e5b0846,10.0
2021-11-25,TeamA-c91a44bb-976c-421f-b146-f57e1e5b0846,9.0
2021-11-26,TeamA-c91a44bb-976c-421f-b146-f57e1e5b0846,6.0
2021-11-28,TeamA-c91a44bb-976c-421f-b146-f57e1e5b0846,9.0
2021-11-29,TeamA-c91a44bb-976c-421f-b146-f57e1e5b0846,8.5
2021-11-30,TeamA-c91a44bb-976c-421f-b146-f57e1e5b0846,8.5
2021-12-12,TeamA-c91a44bb-976c-421f-b146-f57e1e5b0846,8.5
2021-12-14,TeamA-c91a44bb-976c-421f-b146-f57e1e5b0846,9.0
2021-12-17,TeamA-c91a44bb-976c-421f-b146-f57e1e5b0846,8.5
2021-12-21,TeamA-c91a44bb-976c-421f-b146-f57e1e5b0846,9.0
2021-12-24,TeamA-c91a44bb-976c-421f-b146-f57e1e5b0846,8.0
2021-12-25,TeamA-c91a44bb-976c-421f-b146-f57e1e5b0846,8.5
2021-12-26,TeamA-c91a44bb-976c-421f-b146-f57e1e5b0846,8.5
2021-12-27,TeamA-c91a44bb-976c-421f-b146-f57e1e5b0846,9.0
2021-12-28,TeamA-c91a44bb-976c-421f-b146-f57e1e5b0846,8.5
2021-12-29,TeamA-c91a44bb-976c-421f-b146-f57e1e5b0846,9.0
2020-03-17,TeamA-d7299614-fa73-4f69-b5e9-f913e3154ff6,9.0
2020-03-18,TeamA-d7299614-fa73-4f69-b5e9-f913e3154ff6,9.0
2020-03-19,TeamA-d7299614-fa73-4f69-b5e9-f913e3154ff6,10.0
2020-03-20,TeamA-d7299614-fa73-4f69-b5e9-f913e3154ff6,9.0
2020-03-21,TeamA-d7299614-fa73-4f69-b5e9-f913e3154ff6,9.0
2020-03-22,TeamA-d7299614-fa73-4f69-b5e9-f913e3154ff6,9.0
2020-03-23,TeamA-d7299614-fa73-4f69-b5e9-f913e3154ff6,9.0
2020-03-24,TeamA-d7299614-fa73-4f69-b5e9-f913e3154ff6,9.0
2020-03-25,TeamA-d7299614-fa73-4f69-b5e9-f913e3154ff6,9.0
2020-03-26,TeamA-d7299614-fa73-4f69-b5e9-f913e3154ff6,9.0
2020-03-27,TeamA-d7299614-fa73-4f69-b5e9-f913e3154ff6,9.0
2020-03-28,TeamA-d7299614-fa73-4f69-b5e9-f913e3154ff6,9.0
2020-03-29,TeamA-d7299614-fa73-4f69-b5e9-f913e3154ff6,8.5
2020-03-30,TeamA-d7299614-fa73-4f69-b5e9-f913e3154ff6,9.0
2020-03-31,TeamA-d7299614-fa73-4f69-b5e9-f913e3154ff6,7.5
2020-04-01,TeamA-d7299614-fa73-4f69-b5e9-f913e3154ff6,8.5
2020-04-02,TeamA-d7299614-fa73-4f69-b5e9-f913e3154ff6,9.0
2020-04-03,TeamA-d7299614-fa73-4f69-b5e9-f913e3154ff6,9.0
2020-04-04,TeamA-d7299614-fa73-4f69-b5e9-f913e3154ff6,9.0
2020-04-05,TeamA-d7299614-fa73-4f69-b5e9-f913e3154ff6,9.0
2020-04-06,TeamA-d7299614-fa73-4f69-b5e9-f913e3154ff6,9.0
2020-04-07,TeamA-d7299614-fa73-4f69-b5e9-f913e3154ff6,8.5
2020-04-08,TeamA-d7299614-fa73-4f69-b5e9-f913e3154ff6,8.5
2020-04-09,TeamA-d7299614-fa73-4f69-b5e9-f913e3154ff6,9.0
2020-04-12,TeamA-d7299614-fa73-4f69-b5e9-f913e3154ff6,9.0
2020-04-13,TeamA-d7299614-fa73-4f69-b5e9-f913e3154ff6,9.0
2020-04-14,TeamA-d7299614-fa73-4f69-b5e9-f913e3154ff6,9.0
2020-04-15,TeamA-d7299614-fa73-4f69-b5e9-f913e3154ff6,9.0
2020-04-16,TeamA-d7299614-fa73-4f69-b5e9-f913e3154ff6,9.0
2020-04-17,TeamA-d7299614-fa73-4f69-b5e9-f913e3154ff6,8.0
2020-04-19,TeamA-d7299614-fa73-4f69-b5e9-f913e3154ff6,7.5
2020-04-20,TeamA-d7299614-fa73-4f69-b5e9-f913e3154ff6,8.5
2020-04-21,TeamA-d7299614-fa73-4f69-b5e9-f913e3154ff6,8.5
2020-04-22,TeamA-d7299614-fa73-4f69-b5e9-f913e3154ff6,8.5
2020-04-23,TeamA-d7299614-fa73-4f69-b5e9-f913e3154ff6,9.0
2020-04-24,TeamA-d7299614-fa73-4f69-b5e9-f913e3154ff6,9.0
2020-04-25,TeamA-d7299614-fa73-4f69-b5e9-f913e3154ff6,8.5
2020-04-26,TeamA-d7299614-fa73-4f69-b5e9-f913e3154ff6,8.5
2020-04-27,TeamA-d7299614-fa73-4f69-b5e9-f913e3154ff6,7.5
2020-04-28,TeamA-d7299614-fa73-4f69-b5e9-f913e3154ff6,9.0
2020-04-29,TeamA-d7299614-fa73-4f69-b5e9-f913e3154ff6,8.5
2020-05-01,TeamA-d7299614-fa73-4f69-b5e9-f913e3154ff6,9.0
2020-05-02,TeamA-d7299614-fa73-4f69-b5e9-f913e3154ff6,8.5
2020-05-03,TeamA-d7299614-fa73-4f69-b5e9-f913e3154ff6,7.5
2020-05-04,TeamA-d7299614-fa73-4f69-b5e9-f913e3154ff6,8.5
2020-05-05,TeamA-d7299614-fa73-4f69-b5e9-f913e3154ff6,9.0
2020-05-06,TeamA-d7299614-fa73-4f69-b5e9-f913e3154ff6,9.0
2020-05-07,TeamA-d7299614-fa73-4f69-b5e9-f913e3154ff6,8.5
2020-05-08,TeamA-d7299614-fa73-4f69-b5e9-f913e3154ff6,8.5
2020-05-09,TeamA-d7299614-fa73-4f69-b5e9-f913e3154ff6,9.0
2020-05-10,TeamA-d7299614-fa73-4f69-b5e9-f913e3154ff6,8.5
2020-05-11,TeamA-d7299614-fa73-4f69-b5e9-f913e3154ff6,9.0
2020-05-12,TeamA-d7299614-fa73-4f69-b5e9-f913e3154ff6,9.0
2020-05-13,TeamA-d7299614-fa73-4f69-b5e9-f913e3154ff6,9.0
2020-05-14,TeamA-d7299614-fa73-4f69-b5e9-f913e3154ff6,9.0
2020-05-15,TeamA-d7299614-fa73-4f69-b5e9-f913e3154ff6,9.0
2020-05-16,TeamA-d7299614-fa73-4f69-b5e9-f913e3154ff6,8.0
2020-05-17,TeamA-d7299614-fa73-4f69-b5e9-f913e3154ff6,9.0
2020-05-18,TeamA-d7299614-fa73-4f69-b5e9-f913e3154ff6,9.0
2020-05-19,TeamA-d7299614-fa73-4f69-b5e9-f913e3154ff6,9.0
2020-05-20,TeamA-d7299614-fa73-4f69-b5e9-f913e3154ff6,8.0
2020-05-21,TeamA-d7299614-fa73-4f69-b5e9-f913e3154ff6,8.5
2020-05-22,TeamA-d7299614-fa73-4f69-b5e9-f913e3154ff6,9.0
2020-05-23,TeamA-d7299614-fa73-4f69-b5e9-f913e3154ff6,9.0
2020-05-24,TeamA-d7299614-fa73-4f69-b5e9-f913e3154ff6,8.5
2020-05-25,TeamA-d7299614-fa73-4f69-b5e9-f913e3154ff6,9.0
2020-05-26,TeamA-d7299614-fa73-4f69-b5e9-f913e3154ff6,9.0
2020-05-27,TeamA-d7299614-fa73-4f69-b5e9-f913e3154ff6,8.5
2020-05-28,TeamA-d7299614-fa73-4f69-b5e9-f913e3154ff6,8.5
2020-05-29,TeamA-d7299614-fa73-4f69-b5e9-f913e3154ff6,9.0
2020-05-30,TeamA-d7299614-fa73-4f69-b5e9-f913e3154ff6,8.5
2020-06-01,TeamA-d7299614-fa73-4f69-b5e9-f913e3154ff6,9.0
2020-06-02,TeamA-d7299614-fa73-4f69-b5e9-f913e3154ff6,8.5
2020-06-03,TeamA-d7299614-fa73-4f69-b5e9-f913e3154ff6,8.5
2020-06-04,TeamA-d7299614-fa73-4f69-b5e9-f913e3154ff6,9.0
2020-06-05,TeamA-d7299614-fa73-4f69-b5e9-f913e3154ff6,9.0
2020-06-06,TeamA-d7299614-fa73-4f69-b5e9-f913e3154ff6,8.5
2020-06-07,TeamA-d7299614-fa73-4f69-b5e9-f913e3154ff6,8.5
2020-06-08,TeamA-d7299614-fa73-4f69-b5e9-f913e3154ff6,8.5
2020-06-09,TeamA-d7299614-fa73-4f69-b5e9-f913e3154ff6,9.0
2020-06-10,TeamA-d7299614-fa73-4f69-b5e9-f913e3154ff6,9.0
2020-06-11,TeamA-d7299614-fa73-4f69-b5e9-f913e3154ff6,9.0
2020-06-12,TeamA-d7299614-fa73-4f69-b5e9-f913e3154ff6,8.5
2020-06-13,TeamA-d7299614-fa73-4f69-b5e9-f913e3154ff6,9.0
2020-06-14,TeamA-d7299614-fa73-4f69-b5e9-f913e3154ff6,9.0
2020-06-16,TeamA-d7299614-fa73-4f69-b5e9-f913e3154ff6,8.5
2020-06-17,TeamA-d7299614-fa73-4f69-b5e9-f913e3154ff6,8.5
2020-06-18,TeamA-d7299614-fa73-4f69-b5e9-f913e3154ff6,9.0
2020-06-20,TeamA-d7299614-fa73-4f69-b5e9-f913e3154ff6,8.5
2020-06-21,TeamA-d7299614-fa73-4f69-b5e9-f913e3154ff6,8.5
2020-06-22,TeamA-d7299614-fa73-4f69-b5e9-f913e3154ff6,9.0
2020-06-23,TeamA-d7299614-fa73-4f69-b5e9-f913e3154ff6,9.0
2020-06-24,TeamA-d7299614-fa73-4f69-b5e9-f913e3154ff6,8.5
2020-06-25,TeamA-d7299614-fa73-4f69-b5e9-f913e3154ff6,7.5
2020-06-26,TeamA-d7299614-fa73-4f69-b5e9-f913e3154ff6,9.0
2020-06-27,TeamA-d7299614-fa73-4f69-b5e9-f913e3154ff6,9.0
2020-06-28,TeamA-d7299614-fa73-4f69-b5e9-f913e3154ff6,9.0
2020-06-29,TeamA-d7299614-fa73-4f69-b5e9-f913e3154ff6,9.0
2020-07-01,TeamA-d7299614-fa73-4f69-b5e9-f913e3154ff6,9.0
2020-07-02,TeamA-d7299614-fa73-4f69-b5e9-f913e3154ff6,10.0
2020-07-03,TeamA-d7299614-fa73-4f69-b5e9-f913e3154ff6,9.0
2020-07-04,TeamA-d7299614-fa73-4f69-b5e9-f913e3154ff6,8.5
2020-07-06,TeamA-d7299614-fa73-4f69-b5e9-f913e3154ff6,9.0
2020-07-08,TeamA-d7299614-fa73-4f69-b5e9-f913e3154ff6,8.5
2020-07-09,TeamA-d7299614-fa73-4f69-b5e9-f913e3154ff6,9.0
2020-07-10,TeamA-d7299614-fa73-4f69-b5e9-f913e3154ff6,8.5
2020-07-11,TeamA-d7299614-fa73-4f69-b5e9-f913e3154ff6,9.0
2020-07-12,TeamA-d7299614-fa73-4f69-b5e9-f913e3154ff6,9.0
2020-07-13,TeamA-d7299614-fa73-4f69-b5e9-f913e3154ff6,9.0
2020-07-14,TeamA-d7299614-fa73-4f69-b5e9-f913e3154ff6,9.0
2020-07-15,TeamA-d7299614-fa73-4f69-b5e9-f913e3154ff6,9.0
2020-07-16,TeamA-d7299614-fa73-4f69-b5e9-f913e3154ff6,9.0
2020-07-17,TeamA-d7299614-fa73-4f69-b5e9-f913e3154ff6,8.5
2020-07-18,TeamA-d7299614-fa73-4f69-b5e9-f913e3154ff6,9.0
2020-07-20,TeamA-d7299614-fa73-4f69-b5e9-f913e3154ff6,9.0
2020-07-21,TeamA-d7299614-fa73-4f69-b5e9-f913e3154ff6,9.0
2020-07-23,TeamA-d7299614-fa73-4f69-b5e9-f913e3154ff6,9.0
2020-07-24,TeamA-d7299614-fa73-4f69-b5e9-f913e3154ff6,8.5
2020-07-25,TeamA-d7299614-fa73-4f69-b5e9-f913e3154ff6,8.5
2020-07-26,TeamA-d7299614-fa73-4f69-b5e9-f913e3154ff6,9.0
2020-07-27,TeamA-d7299614-fa73-4f69-b5e9-f913e3154ff6,9.0
2020-07-29,TeamA-d7299614-fa73-4f69-b5e9-f913e3154ff6,9.0
2020-07-30,TeamA-d7299614-fa73-4f69-b5e9-f913e3154ff6,9.0
2020-07-31,TeamA-d7299614-fa73-4f69-b5e9-f913e3154ff6,9.0
2020-08-01,TeamA-d7299614-fa73-4f69-b5e9-f913e3154ff6,8.5
2020-08-02,TeamA-d7299614-fa73-4f69-b5e9-f913e3154ff6,7.0
2020-08-03,TeamA-d7299614-fa73-4f69-b5e9-f913e3154ff6,10.0
2020-08-04,TeamA-d7299614-fa73-4f69-b5e9-f913e3154ff6,9.0
2020-08-05,TeamA-d7299614-fa73-4f69-b5e9-f913e3154ff6,9.0
2020-08-06,TeamA-d7299614-fa73-4f69-b5e9-f913e3154ff6,9.0
2020-08-07,TeamA-d7299614-fa73-4f69-b5e9-f913e3154ff6,9.0
2020-08-08,TeamA-d7299614-fa73-4f69-b5e9-f913e3154ff6,9.0
2020-08-10,TeamA-d7299614-fa73-4f69-b5e9-f913e3154ff6,9.0
2020-08-11,TeamA-d7299614-fa73-4f69-b5e9-f913e3154ff6,9.0
2020-08-12,TeamA-d7299614-fa73-4f69-b5e9-f913e3154ff6,8.5
2020-08-13,TeamA-d7299614-fa73-4f69-b5e9-f913e3154ff6,9.0
2020-08-14,TeamA-d7299614-fa73-4f69-b5e9-f913e3154ff6,8.5
2020-08-15,TeamA-d7299614-fa73-4f69-b5e9-f913e3154ff6,8.5
2020-08-16,TeamA-d7299614-fa73-4f69-b5e9-f913e3154ff6,9.0
2020-08-18,TeamA-d7299614-fa73-4f69-b5e9-f913e3154ff6,8.5
2020-08-19,TeamA-d7299614-fa73-4f69-b5e9-f913e3154ff6,8.5
2020-08-20,TeamA-d7299614-fa73-4f69-b5e9-f913e3154ff6,8.5
2020-08-22,TeamA-d7299614-fa73-4f69-b5e9-f913e3154ff6,9.0
2020-08-23,TeamA-d7299614-fa73-4f69-b5e9-f913e3154ff6,9.0
2020-08-24,TeamA-d7299614-fa73-4f69-b5e9-f913e3154ff6,9.0
2020-08-25,TeamA-d7299614-fa73-4f69-b5e9-f913e3154ff6,9.0
2020-08-26,TeamA-d7299614-fa73-4f69-b5e9-f913e3154ff6,10.0
2020-08-27,TeamA-d7299614-fa73-4f69-b5e9-f913e3154ff6,9.0
2020-08-28,TeamA-d7299614-fa73-4f69-b5e9-f913e3154ff6,10.0
2020-08-29,TeamA-d7299614-fa73-4f69-b5e9-f913e3154ff6,9.0
2020-08-30,TeamA-d7299614-fa73-4f69-b5e9-f913e3154ff6,8.0
2020-08-31,TeamA-d7299614-fa73-4f69-b5e9-f913e3154ff6,8.5
2020-09-01,TeamA-d7299614-fa73-4f69-b5e9-f913e3154ff6,8.5
2020-09-02,TeamA-d7299614-fa73-4f69-b5e9-f913e3154ff6,8.5
2020-09-03,TeamA-d7299614-fa73-4f69-b5e9-f913e3154ff6,9.0
2020-09-04,TeamA-d7299614-fa73-4f69-b5e9-f913e3154ff6,8.5
2020-09-05,TeamA-d7299614-fa73-4f69-b5e9-f913e3154ff6,8.5
2020-09-06,TeamA-d7299614-fa73-4f69-b5e9-f913e3154ff6,8.5
2020-09-07,TeamA-d7299614-fa73-4f69-b5e9-f913e3154ff6,9.0
2020-09-09,TeamA-d7299614-fa73-4f69-b5e9-f913e3154ff6,8.5
2020-09-10,TeamA-d7299614-fa73-4f69-b5e9-f913e3154ff6,9.0
2020-09-11,TeamA-d7299614-fa73-4f69-b5e9-f913e3154ff6,8.5
2020-09-13,TeamA-d7299614-fa73-4f69-b5e9-f913e3154ff6,9.0
2020-09-14,TeamA-d7299614-fa73-4f69-b5e9-f913e3154ff6,9.0
2020-09-17,TeamA-d7299614-fa73-4f69-b5e9-f913e3154ff6,9.0
2020-09-18,TeamA-d7299614-fa73-4f69-b5e9-f913e3154ff6,9.0
2020-09-19,TeamA-d7299614-fa73-4f69-b5e9-f913e3154ff6,9.0
2020-09-20,TeamA-d7299614-fa73-4f69-b5e9-f913e3154ff6,9.0
2020-09-21,TeamA-d7299614-fa73-4f69-b5e9-f913e3154ff6,9.0
2020-09-23,TeamA-d7299614-fa73-4f69-b5e9-f913e3154ff6,8.5
2020-09-25,TeamA-d7299614-fa73-4f69-b5e9-f913e3154ff6,8.5
2020-09-26,TeamA-d7299614-fa73-4f69-b5e9-f913e3154ff6,8.5
2020-09-27,TeamA-d7299614-fa73-4f69-b5e9-f913e3154ff6,9.0
2020-10-01,TeamA-d7299614-fa73-4f69-b5e9-f913e3154ff6,9.0
2020-10-02,TeamA-d7299614-fa73-4f69-b5e9-f913e3154ff6,9.0
2020-10-04,TeamA-d7299614-fa73-4f69-b5e9-f913e3154ff6,7.5
2020-10-05,TeamA-d7299614-fa73-4f69-b5e9-f913e3154ff6,9.0
2020-10-07,TeamA-d7299614-fa73-4f69-b5e9-f913e3154ff6,9.0
2020-10-08,TeamA-d7299614-fa73-4f69-b5e9-f913e3154ff6,9.0
2020-10-12,TeamA-d7299614-fa73-4f69-b5e9-f913e3154ff6,8.5
2020-10-13,TeamA-d7299614-fa73-4f69-b5e9-f913e3154ff6,9.0
2020-10-14,TeamA-d7299614-fa73-4f69-b5e9-f913e3154ff6,9.0
2020-10-15,TeamA-d7299614-fa73-4f69-b5e9-f913e3154ff6,9.0
2020-10-16,TeamA-d7299614-fa73-4f69-b5e9-f913e3154ff6,8.5
2020-10-17,TeamA-d7299614-fa73-4f69-b5e9-f913e3154ff6,8.5
2020-10-19,TeamA-d7299614-fa73-4f69-b5e9-f913e3154ff6,9.0
2020-10-20,TeamA-d7299614-fa73-4f69-b5e9-f913e3154ff6,9.0
2020-10-21,TeamA-d7299614-fa73-4f69-b5e9-f913e3154ff6,9.0
2020-10-22,TeamA-d7299614-fa73-4f69-b5e9-f913e3154ff6,9.0
2020-10-23,TeamA-d7299614-fa73-4f69-b5e9-f913e3154ff6,9.0
2020-10-24,TeamA-d7299614-fa73-4f69-b5e9-f913e3154ff6,8.5
2020-10-25,TeamA-d7299614-fa73-4f69-b5e9-f913e3154ff6,9.0
2020-10-27,TeamA-d7299614-fa73-4f69-b5e9-f913e3154ff6,8.5
2020-10-28,TeamA-d7299614-fa73-4f69-b5e9-f913e3154ff6,9.0
2020-10-29,TeamA-d7299614-fa73-4f69-b5e9-f913e3154ff6,9.0
2020-11-02,TeamA-d7299614-fa73-4f69-b5e9-f913e3154ff6,9.0
2020-11-03,TeamA-d7299614-fa73-4f69-b5e9-f913e3154ff6,9.0
2020-11-04,TeamA-d7299614-fa73-4f69-b5e9-f913e3154ff6,9.0
2020-11-05,TeamA-d7299614-fa73-4f69-b5e9-f913e3154ff6,8.5
2020-11-06,TeamA-d7299614-fa73-4f69-b5e9-f913e3154ff6,8.5
2020-11-07,TeamA-d7299614-fa73-4f69-b5e9-f913e3154ff6,9.0
2020-11-09,TeamA-d7299614-fa73-4f69-b5e9-f913e3154ff6,9.0
2020-11-10,TeamA-d7299614-fa73-4f69-b5e9-f913e3154ff6,9.0
2020-11-12,TeamA-d7299614-fa73-4f69-b5e9-f913e3154ff6,9.0
2020-11-13,TeamA-d7299614-fa73-4f69-b5e9-f913e3154ff6,9.0
2020-11-15,TeamA-d7299614-fa73-4f69-b5e9-f913e3154ff6,8.5
2020-11-17,TeamA-d7299614-fa73-4f69-b5e9-f913e3154ff6,9.0
2020-11-23,TeamA-d7299614-fa73-4f69-b5e9-f913e3154ff6,8.5
2020-11-25,TeamA-d7299614-fa73-4f69-b5e9-f913e3154ff6,9.0
2020-11-26,TeamA-d7299614-fa73-4f69-b5e9-f913e3154ff6,9.0
2020-11-27,TeamA-d7299614-fa73-4f69-b5e9-f913e3154ff6,8.5
2020-12-01,TeamA-d7299614-fa73-4f69-b5e9-f913e3154ff6,9.0
2020-12-12,TeamA-d7299614-fa73-4f69-b5e9-f913e3154ff6,9.0
2020-12-13,TeamA-d7299614-fa73-4f69-b5e9-f913e3154ff6,9.0
2020-12-15,TeamA-d7299614-fa73-4f69-b5e9-f913e3154ff6,8.5
2020-12-16,TeamA-d7299614-fa73-4f69-b5e9-f913e3154ff6,9.0
2020-12-17,TeamA-d7299614-fa73-4f69-b5e9-f913e3154ff6,9.0
2020-12-18,TeamA-d7299614-fa73-4f69-b5e9-f913e3154ff6,9.0
2020-12-19,TeamA-d7299614-fa73-4f69-b5e9-f913e3154ff6,9.0
2020-12-20,TeamA-d7299614-fa73-4f69-b5e9-f913e3154ff6,9.0
2020-12-21,TeamA-d7299614-fa73-4f69-b5e9-f913e3154ff6,8.5
2020-12-22,TeamA-d7299614-fa73-4f69-b5e9-f913e3154ff6,10.0
2020-12-25,TeamA-d7299614-fa73-4f69-b5e9-f913e3154ff6,9.0
2020-12-26,TeamA-d7299614-fa73-4f69-b5e9-f913e3154ff6,9.0
2020-12-27,TeamA-d7299614-fa73-4f69-b5e9-f913e3154ff6,9.0
2020-12-28,TeamA-d7299614-fa73-4f69-b5e9-f913e3154ff6,8.0
2020-12-29,TeamA-d7299614-fa73-4f69-b5e9-f913e3154ff6,9.0
2020-12-30,TeamA-d7299614-fa73-4f69-b5e9-f913e3154ff6,9.0
2020-12-31,TeamA-d7299614-fa73-4f69-b5e9-f913e3154ff6,10.0
2021-01-01,TeamA-d7299614-fa73-4f69-b5e9-f913e3154ff6,8.0
2021-01-02,TeamA-d7299614-fa73-4f69-b5e9-f913e3154ff6,8.5
2021-01-03,TeamA-d7299614-fa73-4f69-b5e9-f913e3154ff6,9.0
2021-01-04,TeamA-d7299614-fa73-4f69-b5e9-f913e3154ff6,9.0
2021-01-05,TeamA-d7299614-fa73-4f69-b5e9-f913e3154ff6,9.0
2021-01-06,TeamA-d7299614-fa73-4f69-b5e9-f913e3154ff6,9.0
2021-01-07,TeamA-d7299614-fa73-4f69-b5e9-f913e3154ff6,8.5
2021-01-08,TeamA-d7299614-fa73-4f69-b5e9-f913e3154ff6,9.0
2021-01-09,TeamA-d7299614-fa73-4f69-b5e9-f913e3154ff6,9.0
2021-01-10,TeamA-d7299614-fa73-4f69-b5e9-f913e3154ff6,9.0
2021-01-11,TeamA-d7299614-fa73-4f69-b5e9-f913e3154ff6,8.5
2021-01-12,TeamA-d7299614-fa73-4f69-b5e9-f913e3154ff6,8.5
2021-01-13,TeamA-d7299614-fa73-4f69-b5e9-f913e3154ff6,8.5
2021-01-14,TeamA-d7299614-fa73-4f69-b5e9-f913e3154ff6,9.0
2021-01-15,TeamA-d7299614-fa73-4f69-b5e9-f913e3154ff6,9.0
2021-01-16,TeamA-d7299614-fa73-4f69-b5e9-f913e3154ff6,9.0
2021-01-17,TeamA-d7299614-fa73-4f69-b5e9-f913e3154ff6,9.0
2021-01-18,TeamA-d7299614-fa73-4f69-b5e9-f913e3154ff6,9.0
2021-01-19,TeamA-d7299614-fa73-4f69-b5e9-f913e3154ff6,8.5
2021-01-20,TeamA-d7299614-fa73-4f69-b5e9-f913e3154ff6,9.0
2021-01-21,TeamA-d7299614-fa73-4f69-b5e9-f913e3154ff6,9.0
2021-01-23,TeamA-d7299614-fa73-4f69-b5e9-f913e3154ff6,9.0
2021-01-24,TeamA-d7299614-fa73-4f69-b5e9-f913e3154ff6,8.5
2021-01-25,TeamA-d7299614-fa73-4f69-b5e9-f913e3154ff6,8.0
2021-01-26,TeamA-d7299614-fa73-4f69-b5e9-f913e3154ff6,9.0
2021-01-27,TeamA-d7299614-fa73-4f69-b5e9-f913e3154ff6,9.0
2021-01-28,TeamA-d7299614-fa73-4f69-b5e9-f913e3154ff6,9.0
2021-01-29,TeamA-d7299614-fa73-4f69-b5e9-f913e3154ff6,8.5
2021-01-31,TeamA-d7299614-fa73-4f69-b5e9-f913e3154ff6,9.0
2021-02-01,TeamA-d7299614-fa73-4f69-b5e9-f913e3154ff6,9.0
2021-02-02,TeamA-d7299614-fa73-4f69-b5e9-f913e3154ff6,8.0
2021-02-03,TeamA-d7299614-fa73-4f69-b5e9-f913e3154ff6,9.0
2021-02-04,TeamA-d7299614-fa73-4f69-b5e9-f913e3154ff6,9.0
2021-02-05,TeamA-d7299614-fa73-4f69-b5e9-f913e3154ff6,9.0
2021-02-06,TeamA-d7299614-fa73-4f69-b5e9-f913e3154ff6,8.5
2021-02-07,TeamA-d7299614-fa73-4f69-b5e9-f913e3154ff6,9.0
2021-02-08,TeamA-d7299614-fa73-4f69-b5e9-f913e3154ff6,9.0
2021-02-09,TeamA-d7299614-fa73-4f69-b5e9-f913e3154ff6,9.0
2021-02-10,TeamA-d7299614-fa73-4f69-b5e9-f913e3154ff6,9.0
2021-02-11,TeamA-d7299614-fa73-4f69-b5e9-f913e3154ff6,8.5
2021-02-12,TeamA-d7299614-fa73-4f69-b5e9-f913e3154ff6,9.0
2021-02-13,TeamA-d7299614-fa73-4f69-b5e9-f913e3154ff6,9.0
2021-02-14,TeamA-d7299614-fa73-4f69-b5e9-f913e3154ff6,8.5
2021-02-15,TeamA-d7299614-fa73-4f69-b5e9-f913e3154ff6,9.0
2021-02-16,TeamA-d7299614-fa73-4f69-b5e9-f913e3154ff6,9.0
2021-02-17,TeamA-d7299614-fa73-4f69-b5e9-f913e3154ff6,9.0
2021-02-18,TeamA-d7299614-fa73-4f69-b5e9-f913e3154ff6,9.0
2021-02-19,TeamA-d7299614-fa73-4f69-b5e9-f913e3154ff6,9.0
2021-02-21,TeamA-d7299614-fa73-4f69-b5e9-f913e3154ff6,10.0
2021-02-22,TeamA-d7299614-fa73-4f69-b5e9-f913e3154ff6,9.0
2021-02-23,TeamA-d7299614-fa73-4f69-b5e9-f913e3154ff6,8.0
2021-02-25,TeamA-d7299614-fa73-4f69-b5e9-f913e3154ff6,9.0
2021-02-26,TeamA-d7299614-fa73-4f69-b5e9-f913e3154ff6,10.0
2021-02-27,TeamA-d7299614-fa73-4f69-b5e9-f913e3154ff6,8.5
2021-02-28,TeamA-d7299614-fa73-4f69-b5e9-f913e3154ff6,9.0
2021-03-01,TeamA-d7299614-fa73-4f69-b5e9-f913e3154ff6,8.5
2021-03-02,TeamA-d7299614-fa73-4f69-b5e9-f913e3154ff6,8.5
2021-03-03,TeamA-d7299614-fa73-4f69-b5e9-f913e3154ff6,8.5
2021-03-05,TeamA-d7299614-fa73-4f69-b5e9-f913e3154ff6,9.0
2021-03-06,TeamA-d7299614-fa73-4f69-b5e9-f913e3154ff6,8.5
2021-03-07,TeamA-d7299614-fa73-4f69-b5e9-f913e3154ff6,9.0
2021-03-08,TeamA-d7299614-fa73-4f69-b5e9-f913e3154ff6,9.0
2021-03-09,TeamA-d7299614-fa73-4f69-b5e9-f913e3154ff6,9.0
2021-03-10,TeamA-d7299614-fa73-4f69-b5e9-f913e3154ff6,9.0
2021-03-11,TeamA-d7299614-fa73-4f69-b5e9-f913e3154ff6,9.0
2021-03-12,TeamA-d7299614-fa73-4f69-b5e9-f913e3154ff6,9.0
2021-03-13,TeamA-d7299614-fa73-4f69-b5e9-f913e3154ff6,9.0
2021-03-14,TeamA-d7299614-fa73-4f69-b5e9-f913e3154ff6,9.0
2021-03-15,TeamA-d7299614-fa73-4f69-b5e9-f913e3154ff6,9.0
2021-03-16,TeamA-d7299614-fa73-4f69-b5e9-f913e3154ff6,8.0
2021-03-17,TeamA-d7299614-fa73-4f69-b5e9-f913e3154ff6,9.0
2021-03-18,TeamA-d7299614-fa73-4f69-b5e9-f913e3154ff6,9.0
2021-03-19,TeamA-d7299614-fa73-4f69-b5e9-f913e3154ff6,9.0
2021-03-20,TeamA-d7299614-fa73-4f69-b5e9-f913e3154ff6,9.0
2021-03-21,TeamA-d7299614-fa73-4f69-b5e9-f913e3154ff6,8.5
2021-03-23,TeamA-d7299614-fa73-4f69-b5e9-f913e3154ff6,8.5
2021-03-24,TeamA-d7299614-fa73-4f69-b5e9-f913e3154ff6,10.0
2021-03-25,TeamA-d7299614-fa73-4f69-b5e9-f913e3154ff6,9.0
2021-03-26,TeamA-d7299614-fa73-4f69-b5e9-f913e3154ff6,9.0
2021-03-27,TeamA-d7299614-fa73-4f69-b5e9-f913e3154ff6,9.0
2021-03-28,TeamA-d7299614-fa73-4f69-b5e9-f913e3154ff6,8.0
2021-03-29,TeamA-d7299614-fa73-4f69-b5e9-f913e3154ff6,9.0
2021-03-30,TeamA-d7299614-fa73-4f69-b5e9-f913e3154ff6,9.0
2021-03-31,TeamA-d7299614-fa73-4f69-b5e9-f913e3154ff6,8.5
2021-04-03,TeamA-d7299614-fa73-4f69-b5e9-f913e3154ff6,9.0
2021-04-05,TeamA-d7299614-fa73-4f69-b5e9-f913e3154ff6,9.0
2021-04-06,TeamA-d7299614-fa73-4f69-b5e9-f913e3154ff6,8.0
2021-04-07,TeamA-d7299614-fa73-4f69-b5e9-f913e3154ff6,9.0
2021-04-08,TeamA-d7299614-fa73-4f69-b5e9-f913e3154ff6,9.0
2021-04-09,TeamA-d7299614-fa73-4f69-b5e9-f913e3154ff6,9.0
2021-04-10,TeamA-d7299614-fa73-4f69-b5e9-f913e3154ff6,8.5
2021-04-11,TeamA-d7299614-fa73-4f69-b5e9-f913e3154ff6,9.0
2021-04-12,TeamA-d7299614-fa73-4f69-b5e9-f913e3154ff6,9.0
2021-04-13,TeamA-d7299614-fa73-4f69-b5e9-f913e3154ff6,8.5
2021-04-14,TeamA-d7299614-fa73-4f69-b5e9-f913e3154ff6,8.5
2021-04-15,TeamA-d7299614-fa73-4f69-b5e9-f913e3154ff6,9.0
2021-04-16,TeamA-d7299614-fa73-4f69-b5e9-f913e3154ff6,9.0
2021-04-17,TeamA-d7299614-fa73-4f69-b5e9-f913e3154ff6,9.0
2021-04-18,TeamA-d7299614-fa73-4f69-b5e9-f913e3154ff6,9.0
2021-04-19,TeamA-d7299614-fa73-4f69-b5e9-f913e3154ff6,9.0
2021-04-20,TeamA-d7299614-fa73-4f69-b5e9-f913e3154ff6,8.5
2021-04-24,TeamA-d7299614-fa73-4f69-b5e9-f913e3154ff6,8.0
2021-04-26,TeamA-d7299614-fa73-4f69-b5e9-f913e3154ff6,9.0
2021-04-27,TeamA-d7299614-fa73-4f69-b5e9-f913e3154ff6,8.5
2021-04-28,TeamA-d7299614-fa73-4f69-b5e9-f913e3154ff6,9.0
2021-04-30,TeamA-d7299614-fa73-4f69-b5e9-f913e3154ff6,9.0
2021-05-02,TeamA-d7299614-fa73-4f69-b5e9-f913e3154ff6,9.0
2021-05-03,TeamA-d7299614-fa73-4f69-b5e9-f913e3154ff6,10.0
2021-05-04,TeamA-d7299614-fa73-4f69-b5e9-f913e3154ff6,8.5
2021-05-05,TeamA-d7299614-fa73-4f69-b5e9-f913e3154ff6,7.5
2021-05-06,TeamA-d7299614-fa73-4f69-b5e9-f913e3154ff6,9.0
2021-05-07,TeamA-d7299614-fa73-4f69-b5e9-f913e3154ff6,9.0
2021-05-08,TeamA-d7299614-fa73-4f69-b5e9-f913e3154ff6,9.0
2021-05-09,TeamA-d7299614-fa73-4f69-b5e9-f913e3154ff6,9.0
2021-05-10,TeamA-d7299614-fa73-4f69-b5e9-f913e3154ff6,8.0
2021-05-11,TeamA-d7299614-fa73-4f69-b5e9-f913e3154ff6,8.5
2021-05-12,TeamA-d7299614-fa73-4f69-b5e9-f913e3154ff6,9.0
2021-05-13,TeamA-d7299614-fa73-4f69-b5e9-f913e3154ff6,10.0
2021-05-14,TeamA-d7299614-fa73-4f69-b5e9-f913e3154ff6,9.0
2021-05-15,TeamA-d7299614-fa73-4f69-b5e9-f913e3154ff6,7.5
2021-05-16,TeamA-d7299614-fa73-4f69-b5e9-f913e3154ff6,9.0
2021-05-17,TeamA-d7299614-fa73-4f69-b5e9-f913e3154ff6,8.5
2021-05-18,TeamA-d7299614-fa73-4f69-b5e9-f913e3154ff6,8.5
2021-05-19,TeamA-d7299614-fa73-4f69-b5e9-f913e3154ff6,9.0
2021-05-20,TeamA-d7299614-fa73-4f69-b5e9-f913e3154ff6,9.0
2021-05-21,TeamA-d7299614-fa73-4f69-b5e9-f913e3154ff6,9.0
2021-05-22,TeamA-d7299614-fa73-4f69-b5e9-f913e3154ff6,8.5
2021-05-23,TeamA-d7299614-fa73-4f69-b5e9-f913e3154ff6,8.0
2021-05-24,TeamA-d7299614-fa73-4f69-b5e9-f913e3154ff6,8.5
2021-05-25,TeamA-d7299614-fa73-4f69-b5e9-f913e3154ff6,8.5
2021-05-26,TeamA-d7299614-fa73-4f69-b5e9-f913e3154ff6,9.0
2021-05-27,TeamA-d7299614-fa73-4f69-b5e9-f913e3154ff6,9.0
2021-05-28,TeamA-d7299614-fa73-4f69-b5e9-f913e3154ff6,9.0
2021-05-30,TeamA-d7299614-fa73-4f69-b5e9-f913e3154ff6,9.0
2021-05-31,TeamA-d7299614-fa73-4f69-b5e9-f913e3154ff6,9.0
2021-06-02,TeamA-d7299614-fa73-4f69-b5e9-f913e3154ff6,8.5
2021-06-03,TeamA-d7299614-fa73-4f69-b5e9-f913e3154ff6,9.0
2021-06-04,TeamA-d7299614-fa73-4f69-b5e9-f913e3154ff6,9.0
2021-06-06,TeamA-d7299614-fa73-4f69-b5e9-f913e3154ff6,8.5
2021-06-09,TeamA-d7299614-fa73-4f69-b5e9-f913e3154ff6,9.0
2021-06-11,TeamA-d7299614-fa73-4f69-b5e9-f913e3154ff6,8.5
2021-06-13,TeamA-d7299614-fa73-4f69-b5e9-f913e3154ff6,9.0
2021-06-14,TeamA-d7299614-fa73-4f69-b5e9-f913e3154ff6,7.5
2021-06-15,TeamA-d7299614-fa73-4f69-b5e9-f913e3154ff6,9.0
2021-06-16,TeamA-d7299614-fa73-4f69-b5e9-f913e3154ff6,9.0
2021-06-17,TeamA-d7299614-fa73-4f69-b5e9-f913e3154ff6,9.0
2021-06-18,TeamA-d7299614-fa73-4f69-b5e9-f913e3154ff6,9.0
2021-06-19,TeamA-d7299614-fa73-4f69-b5e9-f913e3154ff6,8.0
2021-06-20,TeamA-d7299614-fa73-4f69-b5e9-f913e3154ff6,8.5
2021-06-21,TeamA-d7299614-fa73-4f69-b5e9-f913e3154ff6,9.0
2021-06-22,TeamA-d7299614-fa73-4f69-b5e9-f913e3154ff6,9.0
2021-06-23,TeamA-d7299614-fa73-4f69-b5e9-f913e3154ff6,6.5
2021-06-24,TeamA-d7299614-fa73-4f69-b5e9-f913e3154ff6,8.0
2021-06-26,TeamA-d7299614-fa73-4f69-b5e9-f913e3154ff6,9.0
2021-06-27,TeamA-d7299614-fa73-4f69-b5e9-f913e3154ff6,8.5
2021-06-28,TeamA-d7299614-fa73-4f69-b5e9-f913e3154ff6,9.0
2021-06-29,TeamA-d7299614-fa73-4f69-b5e9-f913e3154ff6,9.0
2021-06-30,TeamA-d7299614-fa73-4f69-b5e9-f913e3154ff6,9.0
2021-07-01,TeamA-d7299614-fa73-4f69-b5e9-f913e3154ff6,8.0
2021-07-02,TeamA-d7299614-fa73-4f69-b5e9-f913e3154ff6,9.0
2021-07-03,TeamA-d7299614-fa73-4f69-b5e9-f913e3154ff6,9.0
2021-07-04,TeamA-d7299614-fa73-4f69-b5e9-f913e3154ff6,9.0
2021-07-05,TeamA-d7299614-fa73-4f69-b5e9-f913e3154ff6,7.5
2021-07-06,TeamA-d7299614-fa73-4f69-b5e9-f913e3154ff6,8.5
2021-07-07,TeamA-d7299614-fa73-4f69-b5e9-f913e3154ff6,8.0
2021-07-09,TeamA-d7299614-fa73-4f69-b5e9-f913e3154ff6,8.0
2021-07-10,TeamA-d7299614-fa73-4f69-b5e9-f913e3154ff6,8.5
2021-07-11,TeamA-d7299614-fa73-4f69-b5e9-f913e3154ff6,9.0
2021-07-12,TeamA-d7299614-fa73-4f69-b5e9-f913e3154ff6,9.0
2021-07-13,TeamA-d7299614-fa73-4f69-b5e9-f913e3154ff6,9.0
2021-07-14,TeamA-d7299614-fa73-4f69-b5e9-f913e3154ff6,8.5
2020-03-20,TeamA-e920ae60-5c4b-4597-be27-fc6876dcec33,8.0
2020-03-21,TeamA-e920ae60-5c4b-4597-be27-fc6876dcec33,7.5
2020-03-22,TeamA-e920ae60-5c4b-4597-be27-fc6876dcec33,8.0
2020-03-23,TeamA-e920ae60-5c4b-4597-be27-fc6876dcec33,7.5
2020-03-24,TeamA-e920ae60-5c4b-4597-be27-fc6876dcec33,8.5
2020-03-25,TeamA-e920ae60-5c4b-4597-be27-fc6876dcec33,6.0
2020-03-26,TeamA-e920ae60-5c4b-4597-be27-fc6876dcec33,8.0
2020-03-27,TeamA-e920ae60-5c4b-4597-be27-fc6876dcec33,8.0
2020-03-28,TeamA-e920ae60-5c4b-4597-be27-fc6876dcec33,9.0
2020-03-30,TeamA-e920ae60-5c4b-4597-be27-fc6876dcec33,8.0
2020-03-31,TeamA-e920ae60-5c4b-4597-be27-fc6876dcec33,8.0
2020-04-01,TeamA-e920ae60-5c4b-4597-be27-fc6876dcec33,7.5
2020-04-02,TeamA-e920ae60-5c4b-4597-be27-fc6876dcec33,8.0
2020-04-03,TeamA-e920ae60-5c4b-4597-be27-fc6876dcec33,8.0
2020-04-04,TeamA-e920ae60-5c4b-4597-be27-fc6876dcec33,8.0
2020-04-06,TeamA-e920ae60-5c4b-4597-be27-fc6876dcec33,6.5
2020-04-07,TeamA-e920ae60-5c4b-4597-be27-fc6876dcec33,7.5
2020-04-09,TeamA-e920ae60-5c4b-4597-be27-fc6876dcec33,8.5
2020-04-11,TeamA-e920ae60-5c4b-4597-be27-fc6876dcec33,7.5
2020-04-12,TeamA-e920ae60-5c4b-4597-be27-fc6876dcec33,8.0
2020-04-13,TeamA-e920ae60-5c4b-4597-be27-fc6876dcec33,8.5
2020-04-14,TeamA-e920ae60-5c4b-4597-be27-fc6876dcec33,8.0
2020-04-15,TeamA-e920ae60-5c4b-4597-be27-fc6876dcec33,7.0
2020-04-17,TeamA-e920ae60-5c4b-4597-be27-fc6876dcec33,7.5
2020-04-19,TeamA-e920ae60-5c4b-4597-be27-fc6876dcec33,7.0
2020-04-20,TeamA-e920ae60-5c4b-4597-be27-fc6876dcec33,8.0
2020-04-22,TeamA-e920ae60-5c4b-4597-be27-fc6876dcec33,8.0
2020-05-05,TeamA-e920ae60-5c4b-4597-be27-fc6876dcec33,7.0
2020-05-10,TeamA-e920ae60-5c4b-4597-be27-fc6876dcec33,7.0
2020-05-12,TeamA-e920ae60-5c4b-4597-be27-fc6876dcec33,7.5
2020-05-13,TeamA-e920ae60-5c4b-4597-be27-fc6876dcec33,8.0
2020-05-14,TeamA-e920ae60-5c4b-4597-be27-fc6876dcec33,7.5
2020-05-15,TeamA-e920ae60-5c4b-4597-be27-fc6876dcec33,7.0
2020-05-18,TeamA-e920ae60-5c4b-4597-be27-fc6876dcec33,8.0
2020-05-19,TeamA-e920ae60-5c4b-4597-be27-fc6876dcec33,6.5
2020-05-23,TeamA-e920ae60-5c4b-4597-be27-fc6876dcec33,7.5
2020-05-24,TeamA-e920ae60-5c4b-4597-be27-fc6876dcec33,7.5
2020-05-25,TeamA-e920ae60-5c4b-4597-be27-fc6876dcec33,7.5
2020-05-26,TeamA-e920ae60-5c4b-4597-be27-fc6876dcec33,8.0
2020-05-27,TeamA-e920ae60-5c4b-4597-be27-fc6876dcec33,7.0
2020-05-28,TeamA-e920ae60-5c4b-4597-be27-fc6876dcec33,7.5
2020-05-29,TeamA-e920ae60-5c4b-4597-be27-fc6876dcec33,8.0
2020-05-30,TeamA-e920ae60-5c4b-4597-be27-fc6876dcec33,7.0
2020-05-31,TeamA-e920ae60-5c4b-4597-be27-fc6876dcec33,7.0
2020-06-01,TeamA-e920ae60-5c4b-4597-be27-fc6876dcec33,7.5
2020-06-02,TeamA-e920ae60-5c4b-4597-be27-fc6876dcec33,8.0
2020-06-03,TeamA-e920ae60-5c4b-4597-be27-fc6876dcec33,8.0
2020-09-14,TeamA-e920ae60-5c4b-4597-be27-fc6876dcec33,8.0
2020-09-15,TeamA-e920ae60-5c4b-4597-be27-fc6876dcec33,8.0
2020-09-16,TeamA-e920ae60-5c4b-4597-be27-fc6876dcec33,8.0
2020-09-17,TeamA-e920ae60-5c4b-4597-be27-fc6876dcec33,8.5
2020-09-20,TeamA-e920ae60-5c4b-4597-be27-fc6876dcec33,8.0
2020-09-21,TeamA-e920ae60-5c4b-4597-be27-fc6876dcec33,7.5
2020-09-22,TeamA-e920ae60-5c4b-4597-be27-fc6876dcec33,8.0
2020-09-24,TeamA-e920ae60-5c4b-4597-be27-fc6876dcec33,7.0
2020-09-26,TeamA-e920ae60-5c4b-4597-be27-fc6876dcec33,8.0
2020-09-27,TeamA-e920ae60-5c4b-4597-be27-fc6876dcec33,8.0
2020-09-28,TeamA-e920ae60-5c4b-4597-be27-fc6876dcec33,8.0
2020-09-29,TeamA-e920ae60-5c4b-4597-be27-fc6876dcec33,7.5
2020-09-30,TeamA-e920ae60-5c4b-4597-be27-fc6876dcec33,8.0
2020-10-03,TeamA-e920ae60-5c4b-4597-be27-fc6876dcec33,8.5
2020-10-06,TeamA-e920ae60-5c4b-4597-be27-fc6876dcec33,8.0
2020-10-07,TeamA-e920ae60-5c4b-4597-be27-fc6876dcec33,8.0
2021-01-12,TeamA-e920ae60-5c4b-4597-be27-fc6876dcec33,7.5
2021-01-13,TeamA-e920ae60-5c4b-4597-be27-fc6876dcec33,7.5
2021-01-14,TeamA-e920ae60-5c4b-4597-be27-fc6876dcec33,8.5
2021-01-15,TeamA-e920ae60-5c4b-4597-be27-fc6876dcec33,8.0
2021-01-16,TeamA-e920ae60-5c4b-4597-be27-fc6876dcec33,8.0
2021-01-17,TeamA-e920ae60-5c4b-4597-be27-fc6876dcec33,8.0
2021-01-18,TeamA-e920ae60-5c4b-4597-be27-fc6876dcec33,8.0
2021-01-19,TeamA-e920ae60-5c4b-4597-be27-fc6876dcec33,8.0
2021-01-20,TeamA-e920ae60-5c4b-4597-be27-fc6876dcec33,7.5
2021-01-21,TeamA-e920ae60-5c4b-4597-be27-fc6876dcec33,8.0
2021-01-22,TeamA-e920ae60-5c4b-4597-be27-fc6876dcec33,8.0
2021-01-24,TeamA-e920ae60-5c4b-4597-be27-fc6876dcec33,8.5
2021-01-25,TeamA-e920ae60-5c4b-4597-be27-fc6876dcec33,7.0
2021-01-26,TeamA-e920ae60-5c4b-4597-be27-fc6876dcec33,8.0
2021-01-27,TeamA-e920ae60-5c4b-4597-be27-fc6876dcec33,8.0
2021-01-28,TeamA-e920ae60-5c4b-4597-be27-fc6876dcec33,8.5
2021-01-30,TeamA-e920ae60-5c4b-4597-be27-fc6876dcec33,8.5
2021-01-31,TeamA-e920ae60-5c4b-4597-be27-fc6876dcec33,8.5
2021-02-01,TeamA-e920ae60-5c4b-4597-be27-fc6876dcec33,8.5
2021-02-02,TeamA-e920ae60-5c4b-4597-be27-fc6876dcec33,8.0
2021-02-03,TeamA-e920ae60-5c4b-4597-be27-fc6876dcec33,8.5
2021-02-04,TeamA-e920ae60-5c4b-4597-be27-fc6876dcec33,8.5
2021-02-05,TeamA-e920ae60-5c4b-4597-be27-fc6876dcec33,8.5
2021-02-06,TeamA-e920ae60-5c4b-4597-be27-fc6876dcec33,8.0
2021-02-07,TeamA-e920ae60-5c4b-4597-be27-fc6876dcec33,8.0
2021-02-08,TeamA-e920ae60-5c4b-4597-be27-fc6876dcec33,8.5
2021-02-09,TeamA-e920ae60-5c4b-4597-be27-fc6876dcec33,8.5
2021-02-10,TeamA-e920ae60-5c4b-4597-be27-fc6876dcec33,8.5
2021-02-11,TeamA-e920ae60-5c4b-4597-be27-fc6876dcec33,8.5
2021-02-12,TeamA-e920ae60-5c4b-4597-be27-fc6876dcec33,8.5
2021-02-13,TeamA-e920ae60-5c4b-4597-be27-fc6876dcec33,8.0
2021-02-14,TeamA-e920ae60-5c4b-4597-be27-fc6876dcec33,8.5
2021-02-16,TeamA-e920ae60-5c4b-4597-be27-fc6876dcec33,8.5
2021-02-17,TeamA-e920ae60-5c4b-4597-be27-fc6876dcec33,8.5
2021-02-18,TeamA-e920ae60-5c4b-4597-be27-fc6876dcec33,8.0
2021-02-19,TeamA-e920ae60-5c4b-4597-be27-fc6876dcec33,8.5
2021-02-20,TeamA-e920ae60-5c4b-4597-be27-fc6876dcec33,7.5
2021-02-21,TeamA-e920ae60-5c4b-4597-be27-fc6876dcec33,7.5
2021-02-22,TeamA-e920ae60-5c4b-4597-be27-fc6876dcec33,7.5
2021-02-23,TeamA-e920ae60-5c4b-4597-be27-fc6876dcec33,8.0
2021-02-24,TeamA-e920ae60-5c4b-4597-be27-fc6876dcec33,7.0
2021-02-25,TeamA-e920ae60-5c4b-4597-be27-fc6876dcec33,7.5
2021-02-26,TeamA-e920ae60-5c4b-4597-be27-fc6876dcec33,7.5
2021-02-27,TeamA-e920ae60-5c4b-4597-be27-fc6876dcec33,7.5
2021-02-28,TeamA-e920ae60-5c4b-4597-be27-fc6876dcec33,8.5
2021-03-01,TeamA-e920ae60-5c4b-4597-be27-fc6876dcec33,8.0
2021-03-02,TeamA-e920ae60-5c4b-4597-be27-fc6876dcec33,8.5
2021-03-03,TeamA-e920ae60-5c4b-4597-be27-fc6876dcec33,7.5
2021-03-04,TeamA-e920ae60-5c4b-4597-be27-fc6876dcec33,8.5
2021-03-05,TeamA-e920ae60-5c4b-4597-be27-fc6876dcec33,7.0
2021-03-06,TeamA-e920ae60-5c4b-4597-be27-fc6876dcec33,8.5
2021-03-08,TeamA-e920ae60-5c4b-4597-be27-fc6876dcec33,8.5
2021-03-09,TeamA-e920ae60-5c4b-4597-be27-fc6876dcec33,7.5
2021-03-11,TeamA-e920ae60-5c4b-4597-be27-fc6876dcec33,8.0
2021-03-13,TeamA-e920ae60-5c4b-4597-be27-fc6876dcec33,7.5
2021-03-14,TeamA-e920ae60-5c4b-4597-be27-fc6876dcec33,8.0
2021-03-15,TeamA-e920ae60-5c4b-4597-be27-fc6876dcec33,8.5
2021-03-16,TeamA-e920ae60-5c4b-4597-be27-fc6876dcec33,7.0
2021-03-17,TeamA-e920ae60-5c4b-4597-be27-fc6876dcec33,7.5
2021-03-18,TeamA-e920ae60-5c4b-4597-be27-fc6876dcec33,8.0
2021-03-20,TeamA-e920ae60-5c4b-4597-be27-fc6876dcec33,7.5
2021-03-22,TeamA-e920ae60-5c4b-4597-be27-fc6876dcec33,8.0
2021-03-23,TeamA-e920ae60-5c4b-4597-be27-fc6876dcec33,7.0
2021-03-24,TeamA-e920ae60-5c4b-4597-be27-fc6876dcec33,8.0
2021-03-26,TeamA-e920ae60-5c4b-4597-be27-fc6876dcec33,8.0
2021-03-27,TeamA-e920ae60-5c4b-4597-be27-fc6876dcec33,7.5
2021-03-28,TeamA-e920ae60-5c4b-4597-be27-fc6876dcec33,7.0
2021-03-29,TeamA-e920ae60-5c4b-4597-be27-fc6876dcec33,8.5
2021-03-30,TeamA-e920ae60-5c4b-4597-be27-fc6876dcec33,7.5
2021-03-31,TeamA-e920ae60-5c4b-4597-be27-fc6876dcec33,7.5
2021-04-02,TeamA-e920ae60-5c4b-4597-be27-fc6876dcec33,7.5
2021-04-09,TeamA-e920ae60-5c4b-4597-be27-fc6876dcec33,8.5
2021-04-10,TeamA-e920ae60-5c4b-4597-be27-fc6876dcec33,7.5
2021-04-11,TeamA-e920ae60-5c4b-4597-be27-fc6876dcec33,8.5
2021-04-13,TeamA-e920ae60-5c4b-4597-be27-fc6876dcec33,7.5
2021-04-14,TeamA-e920ae60-5c4b-4597-be27-fc6876dcec33,8.0
2021-04-15,TeamA-e920ae60-5c4b-4597-be27-fc6876dcec33,8.0
2021-04-16,TeamA-e920ae60-5c4b-4597-be27-fc6876dcec33,7.5
2021-04-17,TeamA-e920ae60-5c4b-4597-be27-fc6876dcec33,8.0
2021-04-18,TeamA-e920ae60-5c4b-4597-be27-fc6876dcec33,7.5
2021-04-19,TeamA-e920ae60-5c4b-4597-be27-fc6876dcec33,8.0
2021-04-20,TeamA-e920ae60-5c4b-4597-be27-fc6876dcec33,7.5
2021-04-22,TeamA-e920ae60-5c4b-4597-be27-fc6876dcec33,8.0
2021-04-24,TeamA-e920ae60-5c4b-4597-be27-fc6876dcec33,8.5
2021-04-26,TeamA-e920ae60-5c4b-4597-be27-fc6876dcec33,8.0
2021-04-28,TeamA-e920ae60-5c4b-4597-be27-fc6876dcec33,8.0
2021-04-29,TeamA-e920ae60-5c4b-4597-be27-fc6876dcec33,7.5
2021-04-30,TeamA-e920ae60-5c4b-4597-be27-fc6876dcec33,8.5
2021-05-03,TeamA-e920ae60-5c4b-4597-be27-fc6876dcec33,8.0
2021-05-05,TeamA-e920ae60-5c4b-4597-be27-fc6876dcec33,8.0
2021-05-06,TeamA-e920ae60-5c4b-4597-be27-fc6876dcec33,7.0
2021-05-07,TeamA-e920ae60-5c4b-4597-be27-fc6876dcec33,7.5
2021-05-10,TeamA-e920ae60-5c4b-4597-be27-fc6876dcec33,8.0
2021-05-13,TeamA-e920ae60-5c4b-4597-be27-fc6876dcec33,7.5
2021-05-14,TeamA-e920ae60-5c4b-4597-be27-fc6876dcec33,7.5
2021-05-15,TeamA-e920ae60-5c4b-4597-be27-fc6876dcec33,8.5
2021-05-16,TeamA-e920ae60-5c4b-4597-be27-fc6876dcec33,8.5
2021-05-17,TeamA-e920ae60-5c4b-4597-be27-fc6876dcec33,7.0
2021-05-19,TeamA-e920ae60-5c4b-4597-be27-fc6876dcec33,8.0
2021-05-20,TeamA-e920ae60-5c4b-4597-be27-fc6876dcec33,8.0
2021-05-21,TeamA-e920ae60-5c4b-4597-be27-fc6876dcec33,7.5
2021-05-24,TeamA-e920ae60-5c4b-4597-be27-fc6876dcec33,7.0
2021-05-26,TeamA-e920ae60-5c4b-4597-be27-fc6876dcec33,7.5
2021-06-02,TeamA-e920ae60-5c4b-4597-be27-fc6876dcec33,8.0
2021-06-10,TeamA-e920ae60-5c4b-4597-be27-fc6876dcec33,8.0
2021-06-14,TeamA-e920ae60-5c4b-4597-be27-fc6876dcec33,8.0
2021-06-15,TeamA-e920ae60-5c4b-4597-be27-fc6876dcec33,8.5
2021-06-17,TeamA-e920ae60-5c4b-4597-be27-fc6876dcec33,7.0
2021-06-18,TeamA-e920ae60-5c4b-4597-be27-fc6876dcec33,8.0
2021-06-19,TeamA-e920ae60-5c4b-4597-be27-fc6876dcec33,8.0
2021-06-21,TeamA-e920ae60-5c4b-4597-be27-fc6876dcec33,8.0
2021-06-22,TeamA-e920ae60-5c4b-4597-be27-fc6876dcec33,7.0
2021-06-24,TeamA-e920ae60-5c4b-4597-be27-fc6876dcec33,7.5
2021-06-25,TeamA-e920ae60-5c4b-4597-be27-fc6876dcec33,8.0
2021-06-28,TeamA-e920ae60-5c4b-4597-be27-fc6876dcec33,8.0
2021-06-29,TeamA-e920ae60-5c4b-4597-be27-fc6876dcec33,8.5
2021-07-01,TeamA-e920ae60-5c4b-4597-be27-fc6876dcec33,7.0
2021-07-02,TeamA-e920ae60-5c4b-4597-be27-fc6876dcec33,8.0
2021-07-03,TeamA-e920ae60-5c4b-4597-be27-fc6876dcec33,7.0
2021-07-04,TeamA-e920ae60-5c4b-4597-be27-fc6876dcec33,6.0
2021-07-06,TeamA-e920ae60-5c4b-4597-be27-fc6876dcec33,6.5
2021-07-07,TeamA-e920ae60-5c4b-4597-be27-fc6876dcec33,7.0
2021-07-08,TeamA-e920ae60-5c4b-4597-be27-fc6876dcec33,7.5
2021-07-09,TeamA-e920ae60-5c4b-4597-be27-fc6876dcec33,7.5
2021-07-10,TeamA-e920ae60-5c4b-4597-be27-fc6876dcec33,8.0
2021-07-11,TeamA-e920ae60-5c4b-4597-be27-fc6876dcec33,7.0
2021-07-12,TeamA-e920ae60-5c4b-4597-be27-fc6876dcec33,8.0
2021-07-13,TeamA-e920ae60-5c4b-4597-be27-fc6876dcec33,7.5
2021-07-14,TeamA-e920ae60-5c4b-4597-be27-fc6876dcec33,8.0
2021-07-15,TeamA-e920ae60-5c4b-4597-be27-fc6876dcec33,7.0
2021-07-16,TeamA-e920ae60-5c4b-4597-be27-fc6876dcec33,8.0
2021-07-17,TeamA-e920ae60-5c4b-4597-be27-fc6876dcec33,8.0
2021-07-18,TeamA-e920ae60-5c4b-4597-be27-fc6876dcec33,8.0
2021-07-20,TeamA-e920ae60-5c4b-4597-be27-fc6876dcec33,8.0
2021-07-23,TeamA-e920ae60-5c4b-4597-be27-fc6876dcec33,7.5
2021-07-24,TeamA-e920ae60-5c4b-4597-be27-fc6876dcec33,8.0
2021-07-25,TeamA-e920ae60-5c4b-4597-be27-fc6876dcec33,7.5
2021-07-26,TeamA-e920ae60-5c4b-4597-be27-fc6876dcec33,6.0
2021-07-27,TeamA-e920ae60-5c4b-4597-be27-fc6876dcec33,7.5
2021-07-28,TeamA-e920ae60-5c4b-4597-be27-fc6876dcec33,8.0
2021-07-29,TeamA-e920ae60-5c4b-4597-be27-fc6876dcec33,8.0
2021-07-30,TeamA-e920ae60-5c4b-4597-be27-fc6876dcec33,8.5
2021-07-31,TeamA-e920ae60-5c4b-4597-be27-fc6876dcec33,7.0
2021-08-01,TeamA-e920ae60-5c4b-4597-be27-fc6876dcec33,7.5
2021-08-02,TeamA-e920ae60-5c4b-4597-be27-fc6876dcec33,6.0
2021-08-03,TeamA-e920ae60-5c4b-4597-be27-fc6876dcec33,7.5
2021-08-04,TeamA-e920ae60-5c4b-4597-be27-fc6876dcec33,7.5
2021-08-05,TeamA-e920ae60-5c4b-4597-be27-fc6876dcec33,8.0
2021-08-06,TeamA-e920ae60-5c4b-4597-be27-fc6876dcec33,8.0
2021-08-07,TeamA-e920ae60-5c4b-4597-be27-fc6876dcec33,7.5
2021-08-08,TeamA-e920ae60-5c4b-4597-be27-fc6876dcec33,7.5
2021-08-09,TeamA-e920ae60-5c4b-4597-be27-fc6876dcec33,7.5
2021-08-10,TeamA-e920ae60-5c4b-4597-be27-fc6876dcec33,7.0
2021-08-11,TeamA-e920ae60-5c4b-4597-be27-fc6876dcec33,7.0
2021-08-12,TeamA-e920ae60-5c4b-4597-be27-fc6876dcec33,7.0
2021-08-13,TeamA-e920ae60-5c4b-4597-be27-fc6876dcec33,7.0
2021-08-14,TeamA-e920ae60-5c4b-4597-be27-fc6876dcec33,6.5
2021-08-15,TeamA-e920ae60-5c4b-4597-be27-fc6876dcec33,8.0
2021-08-16,TeamA-e920ae60-5c4b-4597-be27-fc6876dcec33,7.0
2021-08-17,TeamA-e920ae60-5c4b-4597-be27-fc6876dcec33,8.0
2021-08-18,TeamA-e920ae60-5c4b-4597-be27-fc6876dcec33,7.5
2021-08-19,TeamA-e920ae60-5c4b-4597-be27-fc6876dcec33,7.0
2021-08-20,TeamA-e920ae60-5c4b-4597-be27-fc6876dcec33,8.0
2021-08-21,TeamA-e920ae60-5c4b-4597-be27-fc6876dcec33,7.5
2021-08-22,TeamA-e920ae60-5c4b-4597-be27-fc6876dcec33,8.0
2021-08-23,TeamA-e920ae60-5c4b-4597-be27-fc6876dcec33,8.0
2021-08-24,TeamA-e920ae60-5c4b-4597-be27-fc6876dcec33,7.0
2021-08-25,TeamA-e920ae60-5c4b-4597-be27-fc6876dcec33,8.0
2021-08-26,TeamA-e920ae60-5c4b-4597-be27-fc6876dcec33,7.5
2021-08-27,TeamA-e920ae60-5c4b-4597-be27-fc6876dcec33,8.0
2021-08-28,TeamA-e920ae60-5c4b-4597-be27-fc6876dcec33,8.0
2021-08-29,TeamA-e920ae60-5c4b-4597-be27-fc6876dcec33,7.0
2021-08-30,TeamA-e920ae60-5c4b-4597-be27-fc6876dcec33,7.0
2021-08-31,TeamA-e920ae60-5c4b-4597-be27-fc6876dcec33,7.0
2021-09-01,TeamA-e920ae60-5c4b-4597-be27-fc6876dcec33,7.5
2021-09-02,TeamA-e920ae60-5c4b-4597-be27-fc6876dcec33,7.5
2021-09-03,TeamA-e920ae60-5c4b-4597-be27-fc6876dcec33,7.5
2021-09-04,TeamA-e920ae60-5c4b-4597-be27-fc6876dcec33,8.0
2021-09-05,TeamA-e920ae60-5c4b-4597-be27-fc6876dcec33,7.0
2021-09-06,TeamA-e920ae60-5c4b-4597-be27-fc6876dcec33,8.0
2021-09-07,TeamA-e920ae60-5c4b-4597-be27-fc6876dcec33,7.5
2021-09-09,TeamA-e920ae60-5c4b-4597-be27-fc6876dcec33,7.0
2021-09-10,TeamA-e920ae60-5c4b-4597-be27-fc6876dcec33,8.0
2021-09-11,TeamA-e920ae60-5c4b-4597-be27-fc6876dcec33,8.0
2021-09-12,TeamA-e920ae60-5c4b-4597-be27-fc6876dcec33,8.0
2021-09-14,TeamA-e920ae60-5c4b-4597-be27-fc6876dcec33,7.0
2021-09-15,TeamA-e920ae60-5c4b-4597-be27-fc6876dcec33,7.5
2021-09-16,TeamA-e920ae60-5c4b-4597-be27-fc6876dcec33,7.5
2021-09-18,TeamA-e920ae60-5c4b-4597-be27-fc6876dcec33,8.0
2021-09-19,TeamA-e920ae60-5c4b-4597-be27-fc6876dcec33,8.0
2021-09-20,TeamA-e920ae60-5c4b-4597-be27-fc6876dcec33,7.0
2021-09-21,TeamA-e920ae60-5c4b-4597-be27-fc6876dcec33,7.5
2021-09-22,TeamA-e920ae60-5c4b-4597-be27-fc6876dcec33,7.0
2021-09-23,TeamA-e920ae60-5c4b-4597-be27-fc6876dcec33,7.5
2021-09-24,TeamA-e920ae60-5c4b-4597-be27-fc6876dcec33,8.0
2021-09-25,TeamA-e920ae60-5c4b-4597-be27-fc6876dcec33,7.5
2021-09-26,TeamA-e920ae60-5c4b-4597-be27-fc6876dcec33,8.0
2021-09-27,TeamA-e920ae60-5c4b-4597-be27-fc6876dcec33,7.5
2021-09-28,TeamA-e920ae60-5c4b-4597-be27-fc6876dcec33,7.5
2021-09-29,TeamA-e920ae60-5c4b-4597-be27-fc6876dcec33,8.0
2021-09-30,TeamA-e920ae60-5c4b-4597-be27-fc6876dcec33,8.0
2021-10-01,TeamA-e920ae60-5c4b-4597-be27-fc6876dcec33,7.5
2021-10-03,TeamA-e920ae60-5c4b-4597-be27-fc6876dcec33,7.5
2021-10-04,TeamA-e920ae60-5c4b-4597-be27-fc6876dcec33,7.5
2021-10-05,TeamA-e920ae60-5c4b-4597-be27-fc6876dcec33,7.5
2021-10-06,TeamA-e920ae60-5c4b-4597-be27-fc6876dcec33,7.0
2021-10-08,TeamA-e920ae60-5c4b-4597-be27-fc6876dcec33,7.0
2021-10-10,TeamA-e920ae60-5c4b-4597-be27-fc6876dcec33,8.0
2021-10-11,TeamA-e920ae60-5c4b-4597-be27-fc6876dcec33,7.0
2021-10-12,TeamA-e920ae60-5c4b-4597-be27-fc6876dcec33,7.5
2021-10-15,TeamA-e920ae60-5c4b-4597-be27-fc6876dcec33,7.0
2021-10-18,TeamA-e920ae60-5c4b-4597-be27-fc6876dcec33,7.0
2021-10-19,TeamA-e920ae60-5c4b-4597-be27-fc6876dcec33,7.0
2021-10-20,TeamA-e920ae60-5c4b-4597-be27-fc6876dcec33,7.5
2021-10-25,TeamA-e920ae60-5c4b-4597-be27-fc6876dcec33,7.5
2021-10-26,TeamA-e920ae60-5c4b-4597-be27-fc6876dcec33,7.0
2021-10-27,TeamA-e920ae60-5c4b-4597-be27-fc6876dcec33,7.5
2021-10-28,TeamA-e920ae60-5c4b-4597-be27-fc6876dcec33,8.0
2021-10-29,TeamA-e920ae60-5c4b-4597-be27-fc6876dcec33,7.5
2021-11-01,TeamA-e920ae60-5c4b-4597-be27-fc6876dcec33,7.0
2021-11-02,TeamA-e920ae60-5c4b-4597-be27-fc6876dcec33,7.5
2021-11-08,TeamA-e920ae60-5c4b-4597-be27-fc6876dcec33,8.5
2021-11-09,TeamA-e920ae60-5c4b-4597-be27-fc6876dcec33,7.5
2020-03-20,TeamA-ecdbd8ec-61a7-4131-97ec-3af76f621f65,9.0
2020-03-21,TeamA-ecdbd8ec-61a7-4131-97ec-3af76f621f65,8.0
2020-03-22,TeamA-ecdbd8ec-61a7-4131-97ec-3af76f621f65,9.0
2020-03-23,TeamA-ecdbd8ec-61a7-4131-97ec-3af76f621f65,9.0
2020-03-24,TeamA-ecdbd8ec-61a7-4131-97ec-3af76f621f65,9.0
2020-03-25,TeamA-ecdbd8ec-61a7-4131-97ec-3af76f621f65,9.0
2020-03-26,TeamA-ecdbd8ec-61a7-4131-97ec-3af76f621f65,9.0
2020-03-27,TeamA-ecdbd8ec-61a7-4131-97ec-3af76f621f65,9.0
2020-03-28,TeamA-ecdbd8ec-61a7-4131-97ec-3af76f621f65,8.5
2020-03-29,TeamA-ecdbd8ec-61a7-4131-97ec-3af76f621f65,8.0
2020-03-30,TeamA-ecdbd8ec-61a7-4131-97ec-3af76f621f65,8.5
2020-03-31,TeamA-ecdbd8ec-61a7-4131-97ec-3af76f621f65,9.0
2020-04-01,TeamA-ecdbd8ec-61a7-4131-97ec-3af76f621f65,7.5
2020-04-02,TeamA-ecdbd8ec-61a7-4131-97ec-3af76f621f65,9.0
2020-04-03,TeamA-ecdbd8ec-61a7-4131-97ec-3af76f621f65,9.0
2020-04-04,TeamA-ecdbd8ec-61a7-4131-97ec-3af76f621f65,9.0
2020-04-05,TeamA-ecdbd8ec-61a7-4131-97ec-3af76f621f65,9.0
2020-04-06,TeamA-ecdbd8ec-61a7-4131-97ec-3af76f621f65,10.0
2020-04-07,TeamA-ecdbd8ec-61a7-4131-97ec-3af76f621f65,8.0
2020-04-08,TeamA-ecdbd8ec-61a7-4131-97ec-3af76f621f65,10.0
2020-04-09,TeamA-ecdbd8ec-61a7-4131-97ec-3af76f621f65,9.0
2020-04-10,TeamA-ecdbd8ec-61a7-4131-97ec-3af76f621f65,9.0
2020-04-11,TeamA-ecdbd8ec-61a7-4131-97ec-3af76f621f65,6.0
2020-04-12,TeamA-ecdbd8ec-61a7-4131-97ec-3af76f621f65,9.0
2020-04-13,TeamA-ecdbd8ec-61a7-4131-97ec-3af76f621f65,10.0
2020-04-14,TeamA-ecdbd8ec-61a7-4131-97ec-3af76f621f65,8.0
2020-04-15,TeamA-ecdbd8ec-61a7-4131-97ec-3af76f621f65,7.0
2020-04-16,TeamA-ecdbd8ec-61a7-4131-97ec-3af76f621f65,8.5
2020-04-17,TeamA-ecdbd8ec-61a7-4131-97ec-3af76f621f65,9.0
2020-04-18,TeamA-ecdbd8ec-61a7-4131-97ec-3af76f621f65,9.0
2020-04-19,TeamA-ecdbd8ec-61a7-4131-97ec-3af76f621f65,8.0
2020-04-20,TeamA-ecdbd8ec-61a7-4131-97ec-3af76f621f65,7.5
2020-04-21,TeamA-ecdbd8ec-61a7-4131-97ec-3af76f621f65,9.0
2020-04-22,TeamA-ecdbd8ec-61a7-4131-97ec-3af76f621f65,7.5
2020-04-23,TeamA-ecdbd8ec-61a7-4131-97ec-3af76f621f65,10.0
2020-04-24,TeamA-ecdbd8ec-61a7-4131-97ec-3af76f621f65,9.0
2020-04-25,TeamA-ecdbd8ec-61a7-4131-97ec-3af76f621f65,10.0
2020-04-26,TeamA-ecdbd8ec-61a7-4131-97ec-3af76f621f65,8.5
2020-04-27,TeamA-ecdbd8ec-61a7-4131-97ec-3af76f621f65,7.5
2020-04-28,TeamA-ecdbd8ec-61a7-4131-97ec-3af76f621f65,8.5
2020-04-29,TeamA-ecdbd8ec-61a7-4131-97ec-3af76f621f65,8.5
2020-04-30,TeamA-ecdbd8ec-61a7-4131-97ec-3af76f621f65,7.5
2020-05-01,TeamA-ecdbd8ec-61a7-4131-97ec-3af76f621f65,9.0
2020-05-02,TeamA-ecdbd8ec-61a7-4131-97ec-3af76f621f65,7.5
2020-05-03,TeamA-ecdbd8ec-61a7-4131-97ec-3af76f621f65,8.5
2020-05-04,TeamA-ecdbd8ec-61a7-4131-97ec-3af76f621f65,10.0
2020-05-05,TeamA-ecdbd8ec-61a7-4131-97ec-3af76f621f65,8.0
2020-05-06,TeamA-ecdbd8ec-61a7-4131-97ec-3af76f621f65,7.0
2020-05-07,TeamA-ecdbd8ec-61a7-4131-97ec-3af76f621f65,10.0
2020-05-08,TeamA-ecdbd8ec-61a7-4131-97ec-3af76f621f65,7.0
2020-05-09,TeamA-ecdbd8ec-61a7-4131-97ec-3af76f621f65,9.0
2020-05-10,TeamA-ecdbd8ec-61a7-4131-97ec-3af76f621f65,8.0
2020-05-11,TeamA-ecdbd8ec-61a7-4131-97ec-3af76f621f65,8.5
2020-05-12,TeamA-ecdbd8ec-61a7-4131-97ec-3af76f621f65,8.0
2020-05-13,TeamA-ecdbd8ec-61a7-4131-97ec-3af76f621f65,8.0
2020-05-14,TeamA-ecdbd8ec-61a7-4131-97ec-3af76f621f65,8.0
2020-05-15,TeamA-ecdbd8ec-61a7-4131-97ec-3af76f621f65,10.0
2020-05-16,TeamA-ecdbd8ec-61a7-4131-97ec-3af76f621f65,9.0
2020-05-17,TeamA-ecdbd8ec-61a7-4131-97ec-3af76f621f65,7.5
2020-05-18,TeamA-ecdbd8ec-61a7-4131-97ec-3af76f621f65,7.0
2020-05-19,TeamA-ecdbd8ec-61a7-4131-97ec-3af76f621f65,8.5
2020-05-20,TeamA-ecdbd8ec-61a7-4131-97ec-3af76f621f65,7.5
2020-05-21,TeamA-ecdbd8ec-61a7-4131-97ec-3af76f621f65,10.0
2020-05-22,TeamA-ecdbd8ec-61a7-4131-97ec-3af76f621f65,9.0
2020-05-23,TeamA-ecdbd8ec-61a7-4131-97ec-3af76f621f65,8.0
2020-05-24,TeamA-ecdbd8ec-61a7-4131-97ec-3af76f621f65,7.0
2020-05-25,TeamA-ecdbd8ec-61a7-4131-97ec-3af76f621f65,8.5
2020-05-26,TeamA-ecdbd8ec-61a7-4131-97ec-3af76f621f65,8.5
2020-05-27,TeamA-ecdbd8ec-61a7-4131-97ec-3af76f621f65,8.0
2020-05-28,TeamA-ecdbd8ec-61a7-4131-97ec-3af76f621f65,9.0
2020-05-29,TeamA-ecdbd8ec-61a7-4131-97ec-3af76f621f65,8.0
2020-05-30,TeamA-ecdbd8ec-61a7-4131-97ec-3af76f621f65,9.0
2020-05-31,TeamA-ecdbd8ec-61a7-4131-97ec-3af76f621f65,8.5
2020-06-01,TeamA-ecdbd8ec-61a7-4131-97ec-3af76f621f65,9.0
2020-06-02,TeamA-ecdbd8ec-61a7-4131-97ec-3af76f621f65,7.5
2020-06-03,TeamA-ecdbd8ec-61a7-4131-97ec-3af76f621f65,10.0
2020-06-04,TeamA-ecdbd8ec-61a7-4131-97ec-3af76f621f65,9.0
2020-06-05,TeamA-ecdbd8ec-61a7-4131-97ec-3af76f621f65,7.0
2020-06-06,TeamA-ecdbd8ec-61a7-4131-97ec-3af76f621f65,8.5
2020-06-07,TeamA-ecdbd8ec-61a7-4131-97ec-3af76f621f65,9.0
2020-06-08,TeamA-ecdbd8ec-61a7-4131-97ec-3af76f621f65,8.5
2020-06-09,TeamA-ecdbd8ec-61a7-4131-97ec-3af76f621f65,7.5
2020-06-10,TeamA-ecdbd8ec-61a7-4131-97ec-3af76f621f65,7.5
2020-06-11,TeamA-ecdbd8ec-61a7-4131-97ec-3af76f621f65,8.5
2020-06-12,TeamA-ecdbd8ec-61a7-4131-97ec-3af76f621f65,8.5
2020-06-13,TeamA-ecdbd8ec-61a7-4131-97ec-3af76f621f65,7.5
2020-06-14,TeamA-ecdbd8ec-61a7-4131-97ec-3af76f621f65,9.0
2020-06-15,TeamA-ecdbd8ec-61a7-4131-97ec-3af76f621f65,9.0
2020-06-16,TeamA-ecdbd8ec-61a7-4131-97ec-3af76f621f65,7.0
2020-06-17,TeamA-ecdbd8ec-61a7-4131-97ec-3af76f621f65,8.0
2020-06-18,TeamA-ecdbd8ec-61a7-4131-97ec-3af76f621f65,7.5
2020-06-19,TeamA-ecdbd8ec-61a7-4131-97ec-3af76f621f65,7.5
2020-06-20,TeamA-ecdbd8ec-61a7-4131-97ec-3af76f621f65,8.5
2020-06-21,TeamA-ecdbd8ec-61a7-4131-97ec-3af76f621f65,10.0
2020-06-22,TeamA-ecdbd8ec-61a7-4131-97ec-3af76f621f65,6.5
2020-06-23,TeamA-ecdbd8ec-61a7-4131-97ec-3af76f621f65,7.5
2020-06-24,TeamA-ecdbd8ec-61a7-4131-97ec-3af76f621f65,7.5
2020-06-25,TeamA-ecdbd8ec-61a7-4131-97ec-3af76f621f65,8.0
2020-06-26,TeamA-ecdbd8ec-61a7-4131-97ec-3af76f621f65,7.5
2020-06-27,TeamA-ecdbd8ec-61a7-4131-97ec-3af76f621f65,8.5
2020-06-28,TeamA-ecdbd8ec-61a7-4131-97ec-3af76f621f65,6.5
2020-06-29,TeamA-ecdbd8ec-61a7-4131-97ec-3af76f621f65,10.0
2020-06-30,TeamA-ecdbd8ec-61a7-4131-97ec-3af76f621f65,7.0
2020-07-01,TeamA-ecdbd8ec-61a7-4131-97ec-3af76f621f65,7.0
2020-07-02,TeamA-ecdbd8ec-61a7-4131-97ec-3af76f621f65,8.5
2020-07-03,TeamA-ecdbd8ec-61a7-4131-97ec-3af76f621f65,9.0
2020-07-04,TeamA-ecdbd8ec-61a7-4131-97ec-3af76f621f65,9.0
2020-07-05,TeamA-ecdbd8ec-61a7-4131-97ec-3af76f621f65,8.0
2020-07-06,TeamA-ecdbd8ec-61a7-4131-97ec-3af76f621f65,9.0
2020-07-07,TeamA-ecdbd8ec-61a7-4131-97ec-3af76f621f65,9.0
2020-07-08,TeamA-ecdbd8ec-61a7-4131-97ec-3af76f621f65,7.5
2020-07-09,TeamA-ecdbd8ec-61a7-4131-97ec-3af76f621f65,7.5
2020-07-10,TeamA-ecdbd8ec-61a7-4131-97ec-3af76f621f65,9.0
2020-07-11,TeamA-ecdbd8ec-61a7-4131-97ec-3af76f621f65,8.5
2020-07-12,TeamA-ecdbd8ec-61a7-4131-97ec-3af76f621f65,7.5
2020-07-13,TeamA-ecdbd8ec-61a7-4131-97ec-3af76f621f65,10.0
2020-07-14,TeamA-ecdbd8ec-61a7-4131-97ec-3af76f621f65,8.0
2020-07-15,TeamA-ecdbd8ec-61a7-4131-97ec-3af76f621f65,8.0
2020-07-16,TeamA-ecdbd8ec-61a7-4131-97ec-3af76f621f65,8.5
2020-07-17,TeamA-ecdbd8ec-61a7-4131-97ec-3af76f621f65,8.0
2020-07-18,TeamA-ecdbd8ec-61a7-4131-97ec-3af76f621f65,7.0
2020-07-19,TeamA-ecdbd8ec-61a7-4131-97ec-3af76f621f65,9.0
2020-07-20,TeamA-ecdbd8ec-61a7-4131-97ec-3af76f621f65,8.5
2020-07-21,TeamA-ecdbd8ec-61a7-4131-97ec-3af76f621f65,8.0
2020-07-22,TeamA-ecdbd8ec-61a7-4131-97ec-3af76f621f65,8.5
2020-07-23,TeamA-ecdbd8ec-61a7-4131-97ec-3af76f621f65,9.0
2020-07-24,TeamA-ecdbd8ec-61a7-4131-97ec-3af76f621f65,10.0
2020-07-25,TeamA-ecdbd8ec-61a7-4131-97ec-3af76f621f65,8.0
2020-07-26,TeamA-ecdbd8ec-61a7-4131-97ec-3af76f621f65,7.0
2020-07-27,TeamA-ecdbd8ec-61a7-4131-97ec-3af76f621f65,10.0
2020-07-28,TeamA-ecdbd8ec-61a7-4131-97ec-3af76f621f65,8.0
2020-07-29,TeamA-ecdbd8ec-61a7-4131-97ec-3af76f621f65,8.0
2020-07-30,TeamA-ecdbd8ec-61a7-4131-97ec-3af76f621f65,8.0
2020-07-31,TeamA-ecdbd8ec-61a7-4131-97ec-3af76f621f65,9.0
2020-08-01,TeamA-ecdbd8ec-61a7-4131-97ec-3af76f621f65,7.5
2020-08-02,TeamA-ecdbd8ec-61a7-4131-97ec-3af76f621f65,8.5
2020-08-03,TeamA-ecdbd8ec-61a7-4131-97ec-3af76f621f65,8.0
2020-08-04,TeamA-ecdbd8ec-61a7-4131-97ec-3af76f621f65,10.0
2020-08-05,TeamA-ecdbd8ec-61a7-4131-97ec-3af76f621f65,8.0
2020-08-06,TeamA-ecdbd8ec-61a7-4131-97ec-3af76f621f65,8.0
2020-08-07,TeamA-ecdbd8ec-61a7-4131-97ec-3af76f621f65,9.0
2020-08-08,TeamA-ecdbd8ec-61a7-4131-97ec-3af76f621f65,8.0
2020-08-09,TeamA-ecdbd8ec-61a7-4131-97ec-3af76f621f65,8.5
2020-08-10,TeamA-ecdbd8ec-61a7-4131-97ec-3af76f621f65,7.5
2020-08-11,TeamA-ecdbd8ec-61a7-4131-97ec-3af76f621f65,8.5
2020-08-12,TeamA-ecdbd8ec-61a7-4131-97ec-3af76f621f65,9.0
2020-08-13,TeamA-ecdbd8ec-61a7-4131-97ec-3af76f621f65,8.0
2020-08-14,TeamA-ecdbd8ec-61a7-4131-97ec-3af76f621f65,8.0
2020-08-15,TeamA-ecdbd8ec-61a7-4131-97ec-3af76f621f65,9.0
2020-08-16,TeamA-ecdbd8ec-61a7-4131-97ec-3af76f621f65,9.0
2020-08-17,TeamA-ecdbd8ec-61a7-4131-97ec-3af76f621f65,8.0
2020-08-18,TeamA-ecdbd8ec-61a7-4131-97ec-3af76f621f65,7.0
2020-08-20,TeamA-ecdbd8ec-61a7-4131-97ec-3af76f621f65,7.5
2020-08-21,TeamA-ecdbd8ec-61a7-4131-97ec-3af76f621f65,9.0
2020-08-22,TeamA-ecdbd8ec-61a7-4131-97ec-3af76f621f65,9.0
2020-08-23,TeamA-ecdbd8ec-61a7-4131-97ec-3af76f621f65,8.5
2020-08-25,TeamA-ecdbd8ec-61a7-4131-97ec-3af76f621f65,6.5
2020-08-26,TeamA-ecdbd8ec-61a7-4131-97ec-3af76f621f65,9.0
2020-08-27,TeamA-ecdbd8ec-61a7-4131-97ec-3af76f621f65,8.0
2020-08-28,TeamA-ecdbd8ec-61a7-4131-97ec-3af76f621f65,8.0
2020-08-29,TeamA-ecdbd8ec-61a7-4131-97ec-3af76f621f65,10.0
2020-08-31,TeamA-ecdbd8ec-61a7-4131-97ec-3af76f621f65,8.0
2020-09-04,TeamA-ecdbd8ec-61a7-4131-97ec-3af76f621f65,7.5
2020-09-05,TeamA-ecdbd8ec-61a7-4131-97ec-3af76f621f65,7.5
2020-09-06,TeamA-ecdbd8ec-61a7-4131-97ec-3af76f621f65,6.0
2020-09-07,TeamA-ecdbd8ec-61a7-4131-97ec-3af76f621f65,10.0
2020-09-08,TeamA-ecdbd8ec-61a7-4131-97ec-3af76f621f65,7.5
2020-09-09,TeamA-ecdbd8ec-61a7-4131-97ec-3af76f621f65,8.0
2020-09-10,TeamA-ecdbd8ec-61a7-4131-97ec-3af76f621f65,10.0
2020-09-11,TeamA-ecdbd8ec-61a7-4131-97ec-3af76f621f65,8.5
2020-09-13,TeamA-ecdbd8ec-61a7-4131-97ec-3af76f621f65,6.0
2020-09-14,TeamA-ecdbd8ec-61a7-4131-97ec-3af76f621f65,8.5
2020-09-15,TeamA-ecdbd8ec-61a7-4131-97ec-3af76f621f65,7.0
2020-09-16,TeamA-ecdbd8ec-61a7-4131-97ec-3af76f621f65,7.0
2020-09-17,TeamA-ecdbd8ec-61a7-4131-97ec-3af76f621f65,7.5
2020-09-18,TeamA-ecdbd8ec-61a7-4131-97ec-3af76f621f65,9.0
2020-09-19,TeamA-ecdbd8ec-61a7-4131-97ec-3af76f621f65,6.0
2020-09-20,TeamA-ecdbd8ec-61a7-4131-97ec-3af76f621f65,10.0
2020-09-21,TeamA-ecdbd8ec-61a7-4131-97ec-3af76f621f65,8.0
2020-09-22,TeamA-ecdbd8ec-61a7-4131-97ec-3af76f621f65,7.0
2020-09-23,TeamA-ecdbd8ec-61a7-4131-97ec-3af76f621f65,8.0
2020-09-24,TeamA-ecdbd8ec-61a7-4131-97ec-3af76f621f65,8.0
2020-09-25,TeamA-ecdbd8ec-61a7-4131-97ec-3af76f621f65,8.0
2020-09-26,TeamA-ecdbd8ec-61a7-4131-97ec-3af76f621f65,7.0
2020-09-27,TeamA-ecdbd8ec-61a7-4131-97ec-3af76f621f65,7.5
2020-09-28,TeamA-ecdbd8ec-61a7-4131-97ec-3af76f621f65,9.0
2020-09-29,TeamA-ecdbd8ec-61a7-4131-97ec-3af76f621f65,8.0
2020-09-30,TeamA-ecdbd8ec-61a7-4131-97ec-3af76f621f65,8.0
2020-10-01,TeamA-ecdbd8ec-61a7-4131-97ec-3af76f621f65,8.0
2020-10-02,TeamA-ecdbd8ec-61a7-4131-97ec-3af76f621f65,8.0
2020-10-03,TeamA-ecdbd8ec-61a7-4131-97ec-3af76f621f65,8.5
2020-10-04,TeamA-ecdbd8ec-61a7-4131-97ec-3af76f621f65,8.0
2020-10-05,TeamA-ecdbd8ec-61a7-4131-97ec-3af76f621f65,10.0
2020-10-06,TeamA-ecdbd8ec-61a7-4131-97ec-3af76f621f65,7.5
2020-10-07,TeamA-ecdbd8ec-61a7-4131-97ec-3af76f621f65,9.0
2020-10-08,TeamA-ecdbd8ec-61a7-4131-97ec-3af76f621f65,9.0
2020-10-09,TeamA-ecdbd8ec-61a7-4131-97ec-3af76f621f65,9.0
2020-10-11,TeamA-ecdbd8ec-61a7-4131-97ec-3af76f621f65,8.5
2020-10-12,TeamA-ecdbd8ec-61a7-4131-97ec-3af76f621f65,8.0
2020-10-13,TeamA-ecdbd8ec-61a7-4131-97ec-3af76f621f65,8.0
2020-10-14,TeamA-ecdbd8ec-61a7-4131-97ec-3af76f621f65,8.5
2020-10-15,TeamA-ecdbd8ec-61a7-4131-97ec-3af76f621f65,8.0
2020-10-16,TeamA-ecdbd8ec-61a7-4131-97ec-3af76f621f65,8.0
2020-10-17,TeamA-ecdbd8ec-61a7-4131-97ec-3af76f621f65,8.5
2020-10-18,TeamA-ecdbd8ec-61a7-4131-97ec-3af76f621f65,9.0
2020-10-19,TeamA-ecdbd8ec-61a7-4131-97ec-3af76f621f65,8.5
2020-10-20,TeamA-ecdbd8ec-61a7-4131-97ec-3af76f621f65,7.0
2020-10-21,TeamA-ecdbd8ec-61a7-4131-97ec-3af76f621f65,8.0
2020-10-22,TeamA-ecdbd8ec-61a7-4131-97ec-3af76f621f65,9.0
2020-10-23,TeamA-ecdbd8ec-61a7-4131-97ec-3af76f621f65,8.5
2020-10-24,TeamA-ecdbd8ec-61a7-4131-97ec-3af76f621f65,8.5
2020-10-25,TeamA-ecdbd8ec-61a7-4131-97ec-3af76f621f65,8.5
2020-10-26,TeamA-ecdbd8ec-61a7-4131-97ec-3af76f621f65,9.0
2020-10-27,TeamA-ecdbd8ec-61a7-4131-97ec-3af76f621f65,7.0
2020-10-28,TeamA-ecdbd8ec-61a7-4131-97ec-3af76f621f65,8.0
2020-10-29,TeamA-ecdbd8ec-61a7-4131-97ec-3af76f621f65,9.0
2020-10-30,TeamA-ecdbd8ec-61a7-4131-97ec-3af76f621f65,9.0
2020-10-31,TeamA-ecdbd8ec-61a7-4131-97ec-3af76f621f65,7.5
2020-11-01,TeamA-ecdbd8ec-61a7-4131-97ec-3af76f621f65,9.0
2020-11-02,TeamA-ecdbd8ec-61a7-4131-97ec-3af76f621f65,8.5
2020-11-03,TeamA-ecdbd8ec-61a7-4131-97ec-3af76f621f65,7.5
2020-11-04,TeamA-ecdbd8ec-61a7-4131-97ec-3af76f621f65,7.5
2020-11-05,TeamA-ecdbd8ec-61a7-4131-97ec-3af76f621f65,10.0
2020-11-06,TeamA-ecdbd8ec-61a7-4131-97ec-3af76f621f65,9.0
2020-11-07,TeamA-ecdbd8ec-61a7-4131-97ec-3af76f621f65,8.5
2020-11-08,TeamA-ecdbd8ec-61a7-4131-97ec-3af76f621f65,8.0
2020-11-09,TeamA-ecdbd8ec-61a7-4131-97ec-3af76f621f65,8.0
2020-11-10,TeamA-ecdbd8ec-61a7-4131-97ec-3af76f621f65,8.0
2020-11-11,TeamA-ecdbd8ec-61a7-4131-97ec-3af76f621f65,7.5
2020-11-12,TeamA-ecdbd8ec-61a7-4131-97ec-3af76f621f65,10.0
2020-11-13,TeamA-ecdbd8ec-61a7-4131-97ec-3af76f621f65,10.0
2020-11-14,TeamA-ecdbd8ec-61a7-4131-97ec-3af76f621f65,8.0
2020-11-15,TeamA-ecdbd8ec-61a7-4131-97ec-3af76f621f65,9.0
2020-11-16,TeamA-ecdbd8ec-61a7-4131-97ec-3af76f621f65,9.0
2020-11-17,TeamA-ecdbd8ec-61a7-4131-97ec-3af76f621f65,7.5
2020-11-19,TeamA-ecdbd8ec-61a7-4131-97ec-3af76f621f65,8.5
2020-11-20,TeamA-ecdbd8ec-61a7-4131-97ec-3af76f621f65,8.0
2020-11-21,TeamA-ecdbd8ec-61a7-4131-97ec-3af76f621f65,6.0
2020-11-22,TeamA-ecdbd8ec-61a7-4131-97ec-3af76f621f65,7.5
2020-11-23,TeamA-ecdbd8ec-61a7-4131-97ec-3af76f621f65,9.0
2020-11-24,TeamA-ecdbd8ec-61a7-4131-97ec-3af76f621f65,7.5
2020-11-25,TeamA-ecdbd8ec-61a7-4131-97ec-3af76f621f65,8.0
2020-11-26,TeamA-ecdbd8ec-61a7-4131-97ec-3af76f621f65,8.5
2020-11-27,TeamA-ecdbd8ec-61a7-4131-97ec-3af76f621f65,8.5
2020-11-28,TeamA-ecdbd8ec-61a7-4131-97ec-3af76f621f65,8.0
2020-11-29,TeamA-ecdbd8ec-61a7-4131-97ec-3af76f621f65,10.0
2020-11-30,TeamA-ecdbd8ec-61a7-4131-97ec-3af76f621f65,9.0
2020-12-01,TeamA-ecdbd8ec-61a7-4131-97ec-3af76f621f65,8.0
2020-12-02,TeamA-ecdbd8ec-61a7-4131-97ec-3af76f621f65,8.5
2020-12-03,TeamA-ecdbd8ec-61a7-4131-97ec-3af76f621f65,9.0
2020-12-04,TeamA-ecdbd8ec-61a7-4131-97ec-3af76f621f65,10.0
2020-12-05,TeamA-ecdbd8ec-61a7-4131-97ec-3af76f621f65,7.0
2020-12-06,TeamA-ecdbd8ec-61a7-4131-97ec-3af76f621f65,9.0
2020-12-07,TeamA-ecdbd8ec-61a7-4131-97ec-3af76f621f65,7.0
2020-12-08,TeamA-ecdbd8ec-61a7-4131-97ec-3af76f621f65,7.5
2020-12-09,TeamA-ecdbd8ec-61a7-4131-97ec-3af76f621f65,7.0
2020-12-10,TeamA-ecdbd8ec-61a7-4131-97ec-3af76f621f65,7.5
2020-12-11,TeamA-ecdbd8ec-61a7-4131-97ec-3af76f621f65,7.5
2020-12-12,TeamA-ecdbd8ec-61a7-4131-97ec-3af76f621f65,9.0
2020-12-13,TeamA-ecdbd8ec-61a7-4131-97ec-3af76f621f65,9.0
2020-12-14,TeamA-ecdbd8ec-61a7-4131-97ec-3af76f621f65,8.5
2020-12-15,TeamA-ecdbd8ec-61a7-4131-97ec-3af76f621f65,8.0
2020-12-16,TeamA-ecdbd8ec-61a7-4131-97ec-3af76f621f65,8.0
2020-12-17,TeamA-ecdbd8ec-61a7-4131-97ec-3af76f621f65,9.0
2020-12-18,TeamA-ecdbd8ec-61a7-4131-97ec-3af76f621f65,6.5
2020-12-19,TeamA-ecdbd8ec-61a7-4131-97ec-3af76f621f65,10.0
2020-12-20,TeamA-ecdbd8ec-61a7-4131-97ec-3af76f621f65,9.0
2020-12-21,TeamA-ecdbd8ec-61a7-4131-97ec-3af76f621f65,8.5
2020-12-22,TeamA-ecdbd8ec-61a7-4131-97ec-3af76f621f65,8.5
2020-12-23,TeamA-ecdbd8ec-61a7-4131-97ec-3af76f621f65,8.5
2020-12-24,TeamA-ecdbd8ec-61a7-4131-97ec-3af76f621f65,8.0
2020-12-25,TeamA-ecdbd8ec-61a7-4131-97ec-3af76f621f65,10.0
2020-12-26,TeamA-ecdbd8ec-61a7-4131-97ec-3af76f621f65,10.0
2020-12-27,TeamA-ecdbd8ec-61a7-4131-97ec-3af76f621f65,8.0
2020-12-28,TeamA-ecdbd8ec-61a7-4131-97ec-3af76f621f65,9.0
2020-12-29,TeamA-ecdbd8ec-61a7-4131-97ec-3af76f621f65,8.0
2020-12-30,TeamA-ecdbd8ec-61a7-4131-97ec-3af76f621f65,8.0
2020-12-31,TeamA-ecdbd8ec-61a7-4131-97ec-3af76f621f65,8.0
2021-01-01,TeamA-ecdbd8ec-61a7-4131-97ec-3af76f621f65,8.0
2021-01-02,TeamA-ecdbd8ec-61a7-4131-97ec-3af76f621f65,7.5
2021-01-03,TeamA-ecdbd8ec-61a7-4131-97ec-3af76f621f65,9.0
2021-01-04,TeamA-ecdbd8ec-61a7-4131-97ec-3af76f621f65,9.0
2021-01-05,TeamA-ecdbd8ec-61a7-4131-97ec-3af76f621f65,7.5
2021-01-06,TeamA-ecdbd8ec-61a7-4131-97ec-3af76f621f65,7.5
2021-01-07,TeamA-ecdbd8ec-61a7-4131-97ec-3af76f621f65,7.0
2021-01-08,TeamA-ecdbd8ec-61a7-4131-97ec-3af76f621f65,7.0
2021-01-09,TeamA-ecdbd8ec-61a7-4131-97ec-3af76f621f65,9.0
2021-01-10,TeamA-ecdbd8ec-61a7-4131-97ec-3af76f621f65,9.0
2021-01-11,TeamA-ecdbd8ec-61a7-4131-97ec-3af76f621f65,7.5
2021-01-12,TeamA-ecdbd8ec-61a7-4131-97ec-3af76f621f65,7.5
2021-01-13,TeamA-ecdbd8ec-61a7-4131-97ec-3af76f621f65,7.5
2021-01-14,TeamA-ecdbd8ec-61a7-4131-97ec-3af76f621f65,6.5
2021-01-15,TeamA-ecdbd8ec-61a7-4131-97ec-3af76f621f65,7.5
2021-01-16,TeamA-ecdbd8ec-61a7-4131-97ec-3af76f621f65,10.0
2021-01-17,TeamA-ecdbd8ec-61a7-4131-97ec-3af76f621f65,10.0
2021-01-18,TeamA-ecdbd8ec-61a7-4131-97ec-3af76f621f65,8.5
2021-01-19,TeamA-ecdbd8ec-61a7-4131-97ec-3af76f621f65,8.0
2021-01-20,TeamA-ecdbd8ec-61a7-4131-97ec-3af76f621f65,8.0
2021-01-21,TeamA-ecdbd8ec-61a7-4131-97ec-3af76f621f65,9.0
2021-01-22,TeamA-ecdbd8ec-61a7-4131-97ec-3af76f621f65,8.0
2021-01-23,TeamA-ecdbd8ec-61a7-4131-97ec-3af76f621f65,8.0
2021-01-24,TeamA-ecdbd8ec-61a7-4131-97ec-3af76f621f65,8.5
2021-01-25,TeamA-ecdbd8ec-61a7-4131-97ec-3af76f621f65,8.0
2021-01-26,TeamA-ecdbd8ec-61a7-4131-97ec-3af76f621f65,8.0
2021-01-27,TeamA-ecdbd8ec-61a7-4131-97ec-3af76f621f65,9.0
2021-01-28,TeamA-ecdbd8ec-61a7-4131-97ec-3af76f621f65,7.0
2021-01-29,TeamA-ecdbd8ec-61a7-4131-97ec-3af76f621f65,8.0
2021-01-30,TeamA-ecdbd8ec-61a7-4131-97ec-3af76f621f65,10.0
2021-01-31,TeamA-ecdbd8ec-61a7-4131-97ec-3af76f621f65,8.5
2021-02-01,TeamA-ecdbd8ec-61a7-4131-97ec-3af76f621f65,8.0
2021-02-02,TeamA-ecdbd8ec-61a7-4131-97ec-3af76f621f65,7.5
2021-02-03,TeamA-ecdbd8ec-61a7-4131-97ec-3af76f621f65,8.0
2021-02-04,TeamA-ecdbd8ec-61a7-4131-97ec-3af76f621f65,8.0
2021-02-05,TeamA-ecdbd8ec-61a7-4131-97ec-3af76f621f65,8.5
2021-02-06,TeamA-ecdbd8ec-61a7-4131-97ec-3af76f621f65,7.0
2021-02-07,TeamA-ecdbd8ec-61a7-4131-97ec-3af76f621f65,9.0
2021-02-08,TeamA-ecdbd8ec-61a7-4131-97ec-3af76f621f65,7.0
2021-02-09,TeamA-ecdbd8ec-61a7-4131-97ec-3af76f621f65,7.5
2021-02-10,TeamA-ecdbd8ec-61a7-4131-97ec-3af76f621f65,8.0
2021-02-11,TeamA-ecdbd8ec-61a7-4131-97ec-3af76f621f65,8.0
2021-02-13,TeamA-ecdbd8ec-61a7-4131-97ec-3af76f621f65,9.0
2021-02-14,TeamA-ecdbd8ec-61a7-4131-97ec-3af76f621f65,8.5
2021-02-15,TeamA-ecdbd8ec-61a7-4131-97ec-3af76f621f65,7.0
2021-02-16,TeamA-ecdbd8ec-61a7-4131-97ec-3af76f621f65,7.5
2021-02-17,TeamA-ecdbd8ec-61a7-4131-97ec-3af76f621f65,8.5
2021-02-18,TeamA-ecdbd8ec-61a7-4131-97ec-3af76f621f65,8.5
2021-02-19,TeamA-ecdbd8ec-61a7-4131-97ec-3af76f621f65,9.0
2021-02-20,TeamA-ecdbd8ec-61a7-4131-97ec-3af76f621f65,8.0
2021-02-21,TeamA-ecdbd8ec-61a7-4131-97ec-3af76f621f65,9.0
2021-02-22,TeamA-ecdbd8ec-61a7-4131-97ec-3af76f621f65,8.5
2021-02-23,TeamA-ecdbd8ec-61a7-4131-97ec-3af76f621f65,9.0
2021-02-24,TeamA-ecdbd8ec-61a7-4131-97ec-3af76f621f65,10.0
2021-02-25,TeamA-ecdbd8ec-61a7-4131-97ec-3af76f621f65,6.0
2021-02-26,TeamA-ecdbd8ec-61a7-4131-97ec-3af76f621f65,8.0
2021-02-27,TeamA-ecdbd8ec-61a7-4131-97ec-3af76f621f65,8.5
2021-02-28,TeamA-ecdbd8ec-61a7-4131-97ec-3af76f621f65,8.0
2021-03-01,TeamA-ecdbd8ec-61a7-4131-97ec-3af76f621f65,8.0
2021-03-02,TeamA-ecdbd8ec-61a7-4131-97ec-3af76f621f65,8.0
2021-03-03,TeamA-ecdbd8ec-61a7-4131-97ec-3af76f621f65,9.0
2021-03-06,TeamA-ecdbd8ec-61a7-4131-97ec-3af76f621f65,8.0
2021-03-07,TeamA-ecdbd8ec-61a7-4131-97ec-3af76f621f65,10.0
2021-03-08,TeamA-ecdbd8ec-61a7-4131-97ec-3af76f621f65,7.5
2021-03-09,TeamA-ecdbd8ec-61a7-4131-97ec-3af76f621f65,7.0
2021-03-10,TeamA-ecdbd8ec-61a7-4131-97ec-3af76f621f65,8.5
2021-03-11,TeamA-ecdbd8ec-61a7-4131-97ec-3af76f621f65,8.5
2021-03-12,TeamA-ecdbd8ec-61a7-4131-97ec-3af76f621f65,8.5
2021-03-13,TeamA-ecdbd8ec-61a7-4131-97ec-3af76f621f65,8.0
2021-03-14,TeamA-ecdbd8ec-61a7-4131-97ec-3af76f621f65,11.0
2021-03-15,TeamA-ecdbd8ec-61a7-4131-97ec-3af76f621f65,8.0
2021-03-16,TeamA-ecdbd8ec-61a7-4131-97ec-3af76f621f65,7.5
2021-03-17,TeamA-ecdbd8ec-61a7-4131-97ec-3af76f621f65,8.5
2021-03-18,TeamA-ecdbd8ec-61a7-4131-97ec-3af76f621f65,8.0
2021-03-19,TeamA-ecdbd8ec-61a7-4131-97ec-3af76f621f65,8.5
2021-03-20,TeamA-ecdbd8ec-61a7-4131-97ec-3af76f621f65,9.0
2021-03-21,TeamA-ecdbd8ec-61a7-4131-97ec-3af76f621f65,9.0
2021-03-22,TeamA-ecdbd8ec-61a7-4131-97ec-3af76f621f65,8.0
2021-03-23,TeamA-ecdbd8ec-61a7-4131-97ec-3af76f621f65,7.5
2021-03-24,TeamA-ecdbd8ec-61a7-4131-97ec-3af76f621f65,8.0
2021-03-26,TeamA-ecdbd8ec-61a7-4131-97ec-3af76f621f65,8.0
2021-03-27,TeamA-ecdbd8ec-61a7-4131-97ec-3af76f621f65,8.0
2021-03-29,TeamA-ecdbd8ec-61a7-4131-97ec-3af76f621f65,9.0
2021-03-30,TeamA-ecdbd8ec-61a7-4131-97ec-3af76f621f65,7.5
2021-03-31,TeamA-ecdbd8ec-61a7-4131-97ec-3af76f621f65,8.0
2021-04-01,TeamA-ecdbd8ec-61a7-4131-97ec-3af76f621f65,9.0
2021-04-03,TeamA-ecdbd8ec-61a7-4131-97ec-3af76f621f65,9.0
2021-04-04,TeamA-ecdbd8ec-61a7-4131-97ec-3af76f621f65,8.5
2021-04-05,TeamA-ecdbd8ec-61a7-4131-97ec-3af76f621f65,9.0
2021-04-06,TeamA-ecdbd8ec-61a7-4131-97ec-3af76f621f65,7.5
2021-04-07,TeamA-ecdbd8ec-61a7-4131-97ec-3af76f621f65,8.0
2021-04-08,TeamA-ecdbd8ec-61a7-4131-97ec-3af76f621f65,8.0
2021-04-09,TeamA-ecdbd8ec-61a7-4131-97ec-3af76f621f65,8.5
2021-04-10,TeamA-ecdbd8ec-61a7-4131-97ec-3af76f621f65,8.0
2021-04-11,TeamA-ecdbd8ec-61a7-4131-97ec-3af76f621f65,9.0
2021-04-12,TeamA-ecdbd8ec-61a7-4131-97ec-3af76f621f65,8.0
2021-04-14,TeamA-ecdbd8ec-61a7-4131-97ec-3af76f621f65,8.0
2021-04-15,TeamA-ecdbd8ec-61a7-4131-97ec-3af76f621f65,8.0
2021-04-16,TeamA-ecdbd8ec-61a7-4131-97ec-3af76f621f65,8.5
2021-04-17,TeamA-ecdbd8ec-61a7-4131-97ec-3af76f621f65,8.0
2021-04-18,TeamA-ecdbd8ec-61a7-4131-97ec-3af76f621f65,8.5
2021-04-19,TeamA-ecdbd8ec-61a7-4131-97ec-3af76f621f65,8.5
2021-04-20,TeamA-ecdbd8ec-61a7-4131-97ec-3af76f621f65,8.0
2021-04-21,TeamA-ecdbd8ec-61a7-4131-97ec-3af76f621f65,9.0
2021-04-22,TeamA-ecdbd8ec-61a7-4131-97ec-3af76f621f65,9.0
2021-04-23,TeamA-ecdbd8ec-61a7-4131-97ec-3af76f621f65,8.0
2021-04-24,TeamA-ecdbd8ec-61a7-4131-97ec-3af76f621f65,9.0
2021-04-25,TeamA-ecdbd8ec-61a7-4131-97ec-3af76f621f65,8.5
2021-04-26,TeamA-ecdbd8ec-61a7-4131-97ec-3af76f621f65,9.0
2021-04-27,TeamA-ecdbd8ec-61a7-4131-97ec-3af76f621f65,7.5
2021-04-28,TeamA-ecdbd8ec-61a7-4131-97ec-3af76f621f65,7.5
2021-04-29,TeamA-ecdbd8ec-61a7-4131-97ec-3af76f621f65,8.0
2021-04-30,TeamA-ecdbd8ec-61a7-4131-97ec-3af76f621f65,8.5
2021-05-01,TeamA-ecdbd8ec-61a7-4131-97ec-3af76f621f65,7.5
2021-05-02,TeamA-ecdbd8ec-61a7-4131-97ec-3af76f621f65,9.0
2021-05-05,TeamA-ecdbd8ec-61a7-4131-97ec-3af76f621f65,7.5
2021-05-06,TeamA-ecdbd8ec-61a7-4131-97ec-3af76f621f65,8.5
2021-05-07,TeamA-ecdbd8ec-61a7-4131-97ec-3af76f621f65,8.5
2021-05-08,TeamA-ecdbd8ec-61a7-4131-97ec-3af76f621f65,6.5
2021-05-09,TeamA-ecdbd8ec-61a7-4131-97ec-3af76f621f65,7.5
2021-05-10,TeamA-ecdbd8ec-61a7-4131-97ec-3af76f621f65,10.0
2021-05-11,TeamA-ecdbd8ec-61a7-4131-97ec-3af76f621f65,8.5
2021-05-12,TeamA-ecdbd8ec-61a7-4131-97ec-3af76f621f65,8.0
2021-05-13,TeamA-ecdbd8ec-61a7-4131-97ec-3af76f621f65,10.0
2021-05-14,TeamA-ecdbd8ec-61a7-4131-97ec-3af76f621f65,9.0
2021-05-15,TeamA-ecdbd8ec-61a7-4131-97ec-3af76f621f65,8.0
2021-05-16,TeamA-ecdbd8ec-61a7-4131-97ec-3af76f621f65,10.0
2021-05-17,TeamA-ecdbd8ec-61a7-4131-97ec-3af76f621f65,8.0
2021-05-18,TeamA-ecdbd8ec-61a7-4131-97ec-3af76f621f65,8.0
2021-05-19,TeamA-ecdbd8ec-61a7-4131-97ec-3af76f621f65,8.5
2021-05-20,TeamA-ecdbd8ec-61a7-4131-97ec-3af76f621f65,9.5
2021-05-21,TeamA-ecdbd8ec-61a7-4131-97ec-3af76f621f65,8.0
2021-05-22,TeamA-ecdbd8ec-61a7-4131-97ec-3af76f621f65,8.0
2021-05-23,TeamA-ecdbd8ec-61a7-4131-97ec-3af76f621f65,7.5
2021-05-24,TeamA-ecdbd8ec-61a7-4131-97ec-3af76f621f65,8.5
2021-05-25,TeamA-ecdbd8ec-61a7-4131-97ec-3af76f621f65,7.75
2021-05-26,TeamA-ecdbd8ec-61a7-4131-97ec-3af76f621f65,8.0
2021-05-27,TeamA-ecdbd8ec-61a7-4131-97ec-3af76f621f65,8.0
2021-05-28,TeamA-ecdbd8ec-61a7-4131-97ec-3af76f621f65,9.0
2021-05-29,TeamA-ecdbd8ec-61a7-4131-97ec-3af76f621f65,8.5
2021-05-30,TeamA-ecdbd8ec-61a7-4131-97ec-3af76f621f65,7.0
2021-05-31,TeamA-ecdbd8ec-61a7-4131-97ec-3af76f621f65,11.0
2021-06-01,TeamA-ecdbd8ec-61a7-4131-97ec-3af76f621f65,7.0
2021-06-02,TeamA-ecdbd8ec-61a7-4131-97ec-3af76f621f65,8.0
2021-06-03,TeamA-ecdbd8ec-61a7-4131-97ec-3af76f621f65,9.0
2021-06-04,TeamA-ecdbd8ec-61a7-4131-97ec-3af76f621f65,9.0
2021-06-05,TeamA-ecdbd8ec-61a7-4131-97ec-3af76f621f65,8.5
2021-06-06,TeamA-ecdbd8ec-61a7-4131-97ec-3af76f621f65,9.0
2021-06-07,TeamA-ecdbd8ec-61a7-4131-97ec-3af76f621f65,10.0
2021-06-08,TeamA-ecdbd8ec-61a7-4131-97ec-3af76f621f65,7.5
2021-06-09,TeamA-ecdbd8ec-61a7-4131-97ec-3af76f621f65,8.0
2021-06-10,TeamA-ecdbd8ec-61a7-4131-97ec-3af76f621f65,10.0
2021-06-11,TeamA-ecdbd8ec-61a7-4131-97ec-3af76f621f65,8.5
2021-06-12,TeamA-ecdbd8ec-61a7-4131-97ec-3af76f621f65,7.5
2021-06-13,TeamA-ecdbd8ec-61a7-4131-97ec-3af76f621f65,7.5
2021-06-14,TeamA-ecdbd8ec-61a7-4131-97ec-3af76f621f65,10.0
2021-06-15,TeamA-ecdbd8ec-61a7-4131-97ec-3af76f621f65,7.5
2021-06-16,TeamA-ecdbd8ec-61a7-4131-97ec-3af76f621f65,9.5
2021-06-17,TeamA-ecdbd8ec-61a7-4131-97ec-3af76f621f65,8.5
2021-06-18,TeamA-ecdbd8ec-61a7-4131-97ec-3af76f621f65,10.0
2021-06-19,TeamA-ecdbd8ec-61a7-4131-97ec-3af76f621f65,8.5
2021-06-20,TeamA-ecdbd8ec-61a7-4131-97ec-3af76f621f65,9.0
2021-06-21,TeamA-ecdbd8ec-61a7-4131-97ec-3af76f621f65,10.0
2021-06-22,TeamA-ecdbd8ec-61a7-4131-97ec-3af76f621f65,9.0
2021-06-23,TeamA-ecdbd8ec-61a7-4131-97ec-3af76f621f65,7.0
2021-06-24,TeamA-ecdbd8ec-61a7-4131-97ec-3af76f621f65,8.0
2021-06-25,TeamA-ecdbd8ec-61a7-4131-97ec-3af76f621f65,9.5
2021-06-26,TeamA-ecdbd8ec-61a7-4131-97ec-3af76f621f65,8.5
2021-06-27,TeamA-ecdbd8ec-61a7-4131-97ec-3af76f621f65,8.5
2021-06-28,TeamA-ecdbd8ec-61a7-4131-97ec-3af76f621f65,9.0
2021-06-29,TeamA-ecdbd8ec-61a7-4131-97ec-3af76f621f65,9.0
2021-06-30,TeamA-ecdbd8ec-61a7-4131-97ec-3af76f621f65,9.0
2021-07-01,TeamA-ecdbd8ec-61a7-4131-97ec-3af76f621f65,9.5
2021-07-02,TeamA-ecdbd8ec-61a7-4131-97ec-3af76f621f65,9.0
2021-07-03,TeamA-ecdbd8ec-61a7-4131-97ec-3af76f621f65,8.5
2021-07-04,TeamA-ecdbd8ec-61a7-4131-97ec-3af76f621f65,8.5
2021-07-05,TeamA-ecdbd8ec-61a7-4131-97ec-3af76f621f65,7.0
2021-07-06,TeamA-ecdbd8ec-61a7-4131-97ec-3af76f621f65,8.5
2021-07-07,TeamA-ecdbd8ec-61a7-4131-97ec-3af76f621f65,7.5
2021-07-08,TeamA-ecdbd8ec-61a7-4131-97ec-3af76f621f65,8.5
2021-07-09,TeamA-ecdbd8ec-61a7-4131-97ec-3af76f621f65,8.5
2021-07-10,TeamA-ecdbd8ec-61a7-4131-97ec-3af76f621f65,9.0
2021-07-11,TeamA-ecdbd8ec-61a7-4131-97ec-3af76f621f65,8.0
2021-07-12,TeamA-ecdbd8ec-61a7-4131-97ec-3af76f621f65,8.0
2021-07-13,TeamA-ecdbd8ec-61a7-4131-97ec-3af76f621f65,9.0
2021-07-14,TeamA-ecdbd8ec-61a7-4131-97ec-3af76f621f65,8.5
2021-07-15,TeamA-ecdbd8ec-61a7-4131-97ec-3af76f621f65,10.0
2021-07-16,TeamA-ecdbd8ec-61a7-4131-97ec-3af76f621f65,10.0
2021-07-17,TeamA-ecdbd8ec-61a7-4131-97ec-3af76f621f65,8.0
2021-07-18,TeamA-ecdbd8ec-61a7-4131-97ec-3af76f621f65,7.0
2021-07-19,TeamA-ecdbd8ec-61a7-4131-97ec-3af76f621f65,9.0
2021-07-20,TeamA-ecdbd8ec-61a7-4131-97ec-3af76f621f65,9.0
2021-07-21,TeamA-ecdbd8ec-61a7-4131-97ec-3af76f621f65,9.0
2021-07-22,TeamA-ecdbd8ec-61a7-4131-97ec-3af76f621f65,10.0
2021-07-23,TeamA-ecdbd8ec-61a7-4131-97ec-3af76f621f65,9.0
2021-07-25,TeamA-ecdbd8ec-61a7-4131-97ec-3af76f621f65,9.0
2021-07-26,TeamA-ecdbd8ec-61a7-4131-97ec-3af76f621f65,9.0
2021-07-27,TeamA-ecdbd8ec-61a7-4131-97ec-3af76f621f65,9.0
2021-07-28,TeamA-ecdbd8ec-61a7-4131-97ec-3af76f621f65,7.0
2021-07-29,TeamA-ecdbd8ec-61a7-4131-97ec-3af76f621f65,8.0
2021-07-30,TeamA-ecdbd8ec-61a7-4131-97ec-3af76f621f65,9.0
2021-07-31,TeamA-ecdbd8ec-61a7-4131-97ec-3af76f621f65,2.0
2021-08-01,TeamA-ecdbd8ec-61a7-4131-97ec-3af76f621f65,9.5
2021-08-02,TeamA-ecdbd8ec-61a7-4131-97ec-3af76f621f65,9.5
2021-08-03,TeamA-ecdbd8ec-61a7-4131-97ec-3af76f621f65,8.5
2021-08-04,TeamA-ecdbd8ec-61a7-4131-97ec-3af76f621f65,7.5
2021-08-05,TeamA-ecdbd8ec-61a7-4131-97ec-3af76f621f65,9.5
2021-08-06,TeamA-ecdbd8ec-61a7-4131-97ec-3af76f621f65,8.0
2021-08-07,TeamA-ecdbd8ec-61a7-4131-97ec-3af76f621f65,9.0
2021-08-08,TeamA-ecdbd8ec-61a7-4131-97ec-3af76f621f65,9.5
2021-08-09,TeamA-ecdbd8ec-61a7-4131-97ec-3af76f621f65,8.5
2021-08-10,TeamA-ecdbd8ec-61a7-4131-97ec-3af76f621f65,8.5
2021-08-11,TeamA-ecdbd8ec-61a7-4131-97ec-3af76f621f65,9.5
2021-08-12,TeamA-ecdbd8ec-61a7-4131-97ec-3af76f621f65,9.0
2021-08-13,TeamA-ecdbd8ec-61a7-4131-97ec-3af76f621f65,8.5
2021-08-14,TeamA-ecdbd8ec-61a7-4131-97ec-3af76f621f65,8.5
2021-08-15,TeamA-ecdbd8ec-61a7-4131-97ec-3af76f621f65,7.5
2021-08-16,TeamA-ecdbd8ec-61a7-4131-97ec-3af76f621f65,8.5
2021-08-17,TeamA-ecdbd8ec-61a7-4131-97ec-3af76f621f65,8.5
2021-08-18,TeamA-ecdbd8ec-61a7-4131-97ec-3af76f621f65,8.5
2021-08-19,TeamA-ecdbd8ec-61a7-4131-97ec-3af76f621f65,8.333333333333334
2021-08-20,TeamA-ecdbd8ec-61a7-4131-97ec-3af76f621f65,8.5
2021-08-21,TeamA-ecdbd8ec-61a7-4131-97ec-3af76f621f65,9.5
2021-08-22,TeamA-ecdbd8ec-61a7-4131-97ec-3af76f621f65,8.0
2021-08-23,TeamA-ecdbd8ec-61a7-4131-97ec-3af76f621f65,7.833333333333333
2021-08-24,TeamA-ecdbd8ec-61a7-4131-97ec-3af76f621f65,8.5
2021-08-25,TeamA-ecdbd8ec-61a7-4131-97ec-3af76f621f65,8.5
2021-08-26,TeamA-ecdbd8ec-61a7-4131-97ec-3af76f621f65,7.0
2021-08-27,TeamA-ecdbd8ec-61a7-4131-97ec-3af76f621f65,8.5
2021-08-28,TeamA-ecdbd8ec-61a7-4131-97ec-3af76f621f65,9.0
2021-08-29,TeamA-ecdbd8ec-61a7-4131-97ec-3af76f621f65,9.0
2021-08-30,TeamA-ecdbd8ec-61a7-4131-97ec-3af76f621f65,8.0
2021-08-31,TeamA-ecdbd8ec-61a7-4131-97ec-3af76f621f65,8.5
2021-09-01,TeamA-ecdbd8ec-61a7-4131-97ec-3af76f621f65,8.5
2021-09-02,TeamA-ecdbd8ec-61a7-4131-97ec-3af76f621f65,9.0
2021-09-03,TeamA-ecdbd8ec-61a7-4131-97ec-3af76f621f65,8.0
2021-09-04,TeamA-ecdbd8ec-61a7-4131-97ec-3af76f621f65,9.0
2021-09-05,TeamA-ecdbd8ec-61a7-4131-97ec-3af76f621f65,10.0
2021-09-06,TeamA-ecdbd8ec-61a7-4131-97ec-3af76f621f65,7.5
2021-09-07,TeamA-ecdbd8ec-61a7-4131-97ec-3af76f621f65,9.0
2021-09-08,TeamA-ecdbd8ec-61a7-4131-97ec-3af76f621f65,8.0
2021-09-09,TeamA-ecdbd8ec-61a7-4131-97ec-3af76f621f65,7.75
2021-09-10,TeamA-ecdbd8ec-61a7-4131-97ec-3af76f621f65,9.0
2021-09-11,TeamA-ecdbd8ec-61a7-4131-97ec-3af76f621f65,8.666666666666666
2021-09-12,TeamA-ecdbd8ec-61a7-4131-97ec-3af76f621f65,9.0
2021-09-13,TeamA-ecdbd8ec-61a7-4131-97ec-3af76f621f65,9.5
2021-09-14,TeamA-ecdbd8ec-61a7-4131-97ec-3af76f621f65,5.0
2021-09-15,TeamA-ecdbd8ec-61a7-4131-97ec-3af76f621f65,9.5
2021-09-16,TeamA-ecdbd8ec-61a7-4131-97ec-3af76f621f65,8.5
2021-09-17,TeamA-ecdbd8ec-61a7-4131-97ec-3af76f621f65,9.0
2021-09-18,TeamA-ecdbd8ec-61a7-4131-97ec-3af76f621f65,8.5
2021-09-19,TeamA-ecdbd8ec-61a7-4131-97ec-3af76f621f65,10.0
2021-09-20,TeamA-ecdbd8ec-61a7-4131-97ec-3af76f621f65,7.5
2021-09-21,TeamA-ecdbd8ec-61a7-4131-97ec-3af76f621f65,8.5
2021-09-22,TeamA-ecdbd8ec-61a7-4131-97ec-3af76f621f65,7.75
2021-09-23,TeamA-ecdbd8ec-61a7-4131-97ec-3af76f621f65,8.5
2021-09-24,TeamA-ecdbd8ec-61a7-4131-97ec-3af76f621f65,8.0
2021-09-26,TeamA-ecdbd8ec-61a7-4131-97ec-3af76f621f65,4.0
2021-09-27,TeamA-ecdbd8ec-61a7-4131-97ec-3af76f621f65,9.0
2021-09-28,TeamA-ecdbd8ec-61a7-4131-97ec-3af76f621f65,8.5
2021-09-29,TeamA-ecdbd8ec-61a7-4131-97ec-3af76f621f65,9.5
2021-09-30,TeamA-ecdbd8ec-61a7-4131-97ec-3af76f621f65,9.0
2021-10-01,TeamA-ecdbd8ec-61a7-4131-97ec-3af76f621f65,9.5
2021-10-02,TeamA-ecdbd8ec-61a7-4131-97ec-3af76f621f65,9.0
2021-10-03,TeamA-ecdbd8ec-61a7-4131-97ec-3af76f621f65,8.75
2021-10-04,TeamA-ecdbd8ec-61a7-4131-97ec-3af76f621f65,7.5
2021-10-05,TeamA-ecdbd8ec-61a7-4131-97ec-3af76f621f65,8.5
2021-10-06,TeamA-ecdbd8ec-61a7-4131-97ec-3af76f621f65,9.0
2021-10-07,TeamA-ecdbd8ec-61a7-4131-97ec-3af76f621f65,8.0
2021-10-08,TeamA-ecdbd8ec-61a7-4131-97ec-3af76f621f65,8.5
2021-10-09,TeamA-ecdbd8ec-61a7-4131-97ec-3af76f621f65,9.5
2021-10-10,TeamA-ecdbd8ec-61a7-4131-97ec-3af76f621f65,8.0
2021-10-11,TeamA-ecdbd8ec-61a7-4131-97ec-3af76f621f65,9.5
2021-10-12,TeamA-ecdbd8ec-61a7-4131-97ec-3af76f621f65,8.0
2021-10-13,TeamA-ecdbd8ec-61a7-4131-97ec-3af76f621f65,8.5
2021-10-14,TeamA-ecdbd8ec-61a7-4131-97ec-3af76f621f65,8.5
2021-10-15,TeamA-ecdbd8ec-61a7-4131-97ec-3af76f621f65,9.0
2021-10-16,TeamA-ecdbd8ec-61a7-4131-97ec-3af76f621f65,9.0
2021-10-17,TeamA-ecdbd8ec-61a7-4131-97ec-3af76f621f65,7.5
2021-10-18,TeamA-ecdbd8ec-61a7-4131-97ec-3af76f621f65,5.0
2021-10-19,TeamA-ecdbd8ec-61a7-4131-97ec-3af76f621f65,9.5
2021-10-20,TeamA-ecdbd8ec-61a7-4131-97ec-3af76f621f65,9.0
2021-10-21,TeamA-ecdbd8ec-61a7-4131-97ec-3af76f621f65,9.0
2021-10-22,TeamA-ecdbd8ec-61a7-4131-97ec-3af76f621f65,8.0
2021-10-23,TeamA-ecdbd8ec-61a7-4131-97ec-3af76f621f65,8.5
2021-10-24,TeamA-ecdbd8ec-61a7-4131-97ec-3af76f621f65,8.25
2021-10-25,TeamA-ecdbd8ec-61a7-4131-97ec-3af76f621f65,8.5
2021-10-26,TeamA-ecdbd8ec-61a7-4131-97ec-3af76f621f65,6.5
2021-10-27,TeamA-ecdbd8ec-61a7-4131-97ec-3af76f621f65,8.5
2021-10-28,TeamA-ecdbd8ec-61a7-4131-97ec-3af76f621f65,8.0
2021-10-29,TeamA-ecdbd8ec-61a7-4131-97ec-3af76f621f65,8.5
2021-10-30,TeamA-ecdbd8ec-61a7-4131-97ec-3af76f621f65,9.0
2021-10-31,TeamA-ecdbd8ec-61a7-4131-97ec-3af76f621f65,10.0
2021-11-01,TeamA-ecdbd8ec-61a7-4131-97ec-3af76f621f65,7.5
2021-11-02,TeamA-ecdbd8ec-61a7-4131-97ec-3af76f621f65,8.5
2021-11-03,TeamA-ecdbd8ec-61a7-4131-97ec-3af76f621f65,8.0
2021-11-04,TeamA-ecdbd8ec-61a7-4131-97ec-3af76f621f65,11.0
2021-11-05,TeamA-ecdbd8ec-61a7-4131-97ec-3af76f621f65,8.5
2021-11-06,TeamA-ecdbd8ec-61a7-4131-97ec-3af76f621f65,8.5
2021-11-07,TeamA-ecdbd8ec-61a7-4131-97ec-3af76f621f65,9.333333333333334
2021-11-08,TeamA-ecdbd8ec-61a7-4131-97ec-3af76f621f65,7.0
2021-11-09,TeamA-ecdbd8ec-61a7-4131-97ec-3af76f621f65,8.5
2021-11-10,TeamA-ecdbd8ec-61a7-4131-97ec-3af76f621f65,8.5
2021-11-11,TeamA-ecdbd8ec-61a7-4131-97ec-3af76f621f65,8.5
2021-11-12,TeamA-ecdbd8ec-61a7-4131-97ec-3af76f621f65,8.5
2021-11-13,TeamA-ecdbd8ec-61a7-4131-97ec-3af76f621f65,9.333333333333334
2021-11-14,TeamA-ecdbd8ec-61a7-4131-97ec-3af76f621f65,7.0
2021-11-15,TeamA-ecdbd8ec-61a7-4131-97ec-3af76f621f65,7.5
2021-11-16,TeamA-ecdbd8ec-61a7-4131-97ec-3af76f621f65,8.5
2021-11-17,TeamA-ecdbd8ec-61a7-4131-97ec-3af76f621f65,8.0
2021-11-18,TeamA-ecdbd8ec-61a7-4131-97ec-3af76f621f65,8.5
2021-11-19,TeamA-ecdbd8ec-61a7-4131-97ec-3af76f621f65,9.0
2021-11-20,TeamA-ecdbd8ec-61a7-4131-97ec-3af76f621f65,9.0
2021-11-21,TeamA-ecdbd8ec-61a7-4131-97ec-3af76f621f65,9.0
2021-11-22,TeamA-ecdbd8ec-61a7-4131-97ec-3af76f621f65,7.0
2021-11-23,TeamA-ecdbd8ec-61a7-4131-97ec-3af76f621f65,9.0
2021-11-24,TeamA-ecdbd8ec-61a7-4131-97ec-3af76f621f65,8.0
2021-11-25,TeamA-ecdbd8ec-61a7-4131-97ec-3af76f621f65,8.0
2021-11-26,TeamA-ecdbd8ec-61a7-4131-97ec-3af76f621f65,9.0
2021-11-27,TeamA-ecdbd8ec-61a7-4131-97ec-3af76f621f65,8.5
2021-11-28,TeamA-ecdbd8ec-61a7-4131-97ec-3af76f621f65,8.0
2021-11-29,TeamA-ecdbd8ec-61a7-4131-97ec-3af76f621f65,7.0
2021-11-30,TeamA-ecdbd8ec-61a7-4131-97ec-3af76f621f65,7.0
2021-12-01,TeamA-ecdbd8ec-61a7-4131-97ec-3af76f621f65,9.0
2021-12-02,TeamA-ecdbd8ec-61a7-4131-97ec-3af76f621f65,7.5
2021-12-03,TeamA-ecdbd8ec-61a7-4131-97ec-3af76f621f65,9.0
2021-12-04,TeamA-ecdbd8ec-61a7-4131-97ec-3af76f621f65,7.5
2021-12-05,TeamA-ecdbd8ec-61a7-4131-97ec-3af76f621f65,7.0
2021-12-06,TeamA-ecdbd8ec-61a7-4131-97ec-3af76f621f65,7.5
2021-12-07,TeamA-ecdbd8ec-61a7-4131-97ec-3af76f621f65,9.0
2021-12-08,TeamA-ecdbd8ec-61a7-4131-97ec-3af76f621f65,10.0
2021-12-09,TeamA-ecdbd8ec-61a7-4131-97ec-3af76f621f65,7.5
2021-12-10,TeamA-ecdbd8ec-61a7-4131-97ec-3af76f621f65,9.0
2021-12-11,TeamA-ecdbd8ec-61a7-4131-97ec-3af76f621f65,9.0
2021-12-12,TeamA-ecdbd8ec-61a7-4131-97ec-3af76f621f65,8.5
2021-12-13,TeamA-ecdbd8ec-61a7-4131-97ec-3af76f621f65,8.5
2021-12-14,TeamA-ecdbd8ec-61a7-4131-97ec-3af76f621f65,7.0
2021-12-15,TeamA-ecdbd8ec-61a7-4131-97ec-3af76f621f65,9.0
2021-12-16,TeamA-ecdbd8ec-61a7-4131-97ec-3af76f621f65,9.0
2021-12-17,TeamA-ecdbd8ec-61a7-4131-97ec-3af76f621f65,8.0
2021-12-18,TeamA-ecdbd8ec-61a7-4131-97ec-3af76f621f65,8.0
2021-12-19,TeamA-ecdbd8ec-61a7-4131-97ec-3af76f621f65,9.0
2021-12-20,TeamA-ecdbd8ec-61a7-4131-97ec-3af76f621f65,8.5
2021-12-21,TeamA-ecdbd8ec-61a7-4131-97ec-3af76f621f65,6.0
2021-12-22,TeamA-ecdbd8ec-61a7-4131-97ec-3af76f621f65,9.0
2021-12-23,TeamA-ecdbd8ec-61a7-4131-97ec-3af76f621f65,9.5
2021-12-24,TeamA-ecdbd8ec-61a7-4131-97ec-3af76f621f65,8.0
2021-12-25,TeamA-ecdbd8ec-61a7-4131-97ec-3af76f621f65,9.0
2021-12-26,TeamA-ecdbd8ec-61a7-4131-97ec-3af76f621f65,7.5
2021-12-27,TeamA-ecdbd8ec-61a7-4131-97ec-3af76f621f65,8.0
2021-12-28,TeamA-ecdbd8ec-61a7-4131-97ec-3af76f621f65,9.5
2021-12-29,TeamA-ecdbd8ec-61a7-4131-97ec-3af76f621f65,8.0
2021-12-30,TeamA-ecdbd8ec-61a7-4131-97ec-3af76f621f65,9.0
2021-12-31,TeamA-ecdbd8ec-61a7-4131-97ec-3af76f621f65,8.0
2020-06-22,TeamA-f20565cc-df22-46a7-aa97-af8ed00601d7,10.0
2020-06-23,TeamA-f20565cc-df22-46a7-aa97-af8ed00601d7,8.0
2020-06-24,TeamA-f20565cc-df22-46a7-aa97-af8ed00601d7,7.5
2020-06-25,TeamA-f20565cc-df22-46a7-aa97-af8ed00601d7,9.0
2020-06-26,TeamA-f20565cc-df22-46a7-aa97-af8ed00601d7,7.5
2020-06-27,TeamA-f20565cc-df22-46a7-aa97-af8ed00601d7,9.0
2020-06-28,TeamA-f20565cc-df22-46a7-aa97-af8ed00601d7,10.0
2020-06-29,TeamA-f20565cc-df22-46a7-aa97-af8ed00601d7,9.0
2020-06-30,TeamA-f20565cc-df22-46a7-aa97-af8ed00601d7,10.0
2020-07-01,TeamA-f20565cc-df22-46a7-aa97-af8ed00601d7,9.0
2020-07-02,TeamA-f20565cc-df22-46a7-aa97-af8ed00601d7,9.0
2020-07-03,TeamA-f20565cc-df22-46a7-aa97-af8ed00601d7,11.0
2020-07-05,TeamA-f20565cc-df22-46a7-aa97-af8ed00601d7,11.0
2020-07-06,TeamA-f20565cc-df22-46a7-aa97-af8ed00601d7,9.0
2020-07-07,TeamA-f20565cc-df22-46a7-aa97-af8ed00601d7,10.0
2020-07-08,TeamA-f20565cc-df22-46a7-aa97-af8ed00601d7,8.0
2020-07-09,TeamA-f20565cc-df22-46a7-aa97-af8ed00601d7,10.0
2020-07-10,TeamA-f20565cc-df22-46a7-aa97-af8ed00601d7,10.0
2020-07-11,TeamA-f20565cc-df22-46a7-aa97-af8ed00601d7,8.0
2020-07-12,TeamA-f20565cc-df22-46a7-aa97-af8ed00601d7,9.0
2020-07-13,TeamA-f20565cc-df22-46a7-aa97-af8ed00601d7,9.0
2020-07-14,TeamA-f20565cc-df22-46a7-aa97-af8ed00601d7,8.0
2020-07-15,TeamA-f20565cc-df22-46a7-aa97-af8ed00601d7,8.0
2020-07-16,TeamA-f20565cc-df22-46a7-aa97-af8ed00601d7,8.0
2020-07-17,TeamA-f20565cc-df22-46a7-aa97-af8ed00601d7,10.0
2020-07-18,TeamA-f20565cc-df22-46a7-aa97-af8ed00601d7,10.0
2020-07-19,TeamA-f20565cc-df22-46a7-aa97-af8ed00601d7,11.0
2020-07-20,TeamA-f20565cc-df22-46a7-aa97-af8ed00601d7,10.0
2020-07-21,TeamA-f20565cc-df22-46a7-aa97-af8ed00601d7,9.0
2020-07-22,TeamA-f20565cc-df22-46a7-aa97-af8ed00601d7,9.0
2020-07-23,TeamA-f20565cc-df22-46a7-aa97-af8ed00601d7,10.0
2020-07-25,TeamA-f20565cc-df22-46a7-aa97-af8ed00601d7,9.0
2020-07-26,TeamA-f20565cc-df22-46a7-aa97-af8ed00601d7,8.0
2020-07-27,TeamA-f20565cc-df22-46a7-aa97-af8ed00601d7,9.0
2020-07-28,TeamA-f20565cc-df22-46a7-aa97-af8ed00601d7,8.0
2020-07-30,TeamA-f20565cc-df22-46a7-aa97-af8ed00601d7,9.0
2020-07-31,TeamA-f20565cc-df22-46a7-aa97-af8ed00601d7,9.0
2020-08-01,TeamA-f20565cc-df22-46a7-aa97-af8ed00601d7,10.0
2020-08-02,TeamA-f20565cc-df22-46a7-aa97-af8ed00601d7,9.0
2020-08-03,TeamA-f20565cc-df22-46a7-aa97-af8ed00601d7,9.0
2020-08-04,TeamA-f20565cc-df22-46a7-aa97-af8ed00601d7,9.0
2020-08-05,TeamA-f20565cc-df22-46a7-aa97-af8ed00601d7,7.0
2020-08-06,TeamA-f20565cc-df22-46a7-aa97-af8ed00601d7,8.0
2020-08-07,TeamA-f20565cc-df22-46a7-aa97-af8ed00601d7,8.0
2020-08-08,TeamA-f20565cc-df22-46a7-aa97-af8ed00601d7,9.0
2020-08-09,TeamA-f20565cc-df22-46a7-aa97-af8ed00601d7,8.0
2020-08-10,TeamA-f20565cc-df22-46a7-aa97-af8ed00601d7,9.0
2020-08-11,TeamA-f20565cc-df22-46a7-aa97-af8ed00601d7,9.0
2020-08-12,TeamA-f20565cc-df22-46a7-aa97-af8ed00601d7,8.0
2020-08-13,TeamA-f20565cc-df22-46a7-aa97-af8ed00601d7,8.0
2020-08-14,TeamA-f20565cc-df22-46a7-aa97-af8ed00601d7,10.0
2020-08-15,TeamA-f20565cc-df22-46a7-aa97-af8ed00601d7,9.0
2020-08-16,TeamA-f20565cc-df22-46a7-aa97-af8ed00601d7,11.0
2020-08-17,TeamA-f20565cc-df22-46a7-aa97-af8ed00601d7,8.0
2020-08-19,TeamA-f20565cc-df22-46a7-aa97-af8ed00601d7,8.0
2020-08-20,TeamA-f20565cc-df22-46a7-aa97-af8ed00601d7,9.0
2020-08-21,TeamA-f20565cc-df22-46a7-aa97-af8ed00601d7,9.0
2020-08-22,TeamA-f20565cc-df22-46a7-aa97-af8ed00601d7,10.0
2020-08-23,TeamA-f20565cc-df22-46a7-aa97-af8ed00601d7,7.0
2020-08-24,TeamA-f20565cc-df22-46a7-aa97-af8ed00601d7,8.0
2020-08-25,TeamA-f20565cc-df22-46a7-aa97-af8ed00601d7,8.0
2020-08-26,TeamA-f20565cc-df22-46a7-aa97-af8ed00601d7,9.0
2020-08-27,TeamA-f20565cc-df22-46a7-aa97-af8ed00601d7,9.0
2020-08-28,TeamA-f20565cc-df22-46a7-aa97-af8ed00601d7,8.0
2020-08-29,TeamA-f20565cc-df22-46a7-aa97-af8ed00601d7,9.0
2020-08-30,TeamA-f20565cc-df22-46a7-aa97-af8ed00601d7,9.0
2020-08-31,TeamA-f20565cc-df22-46a7-aa97-af8ed00601d7,8.0
2020-09-01,TeamA-f20565cc-df22-46a7-aa97-af8ed00601d7,9.0
2020-09-02,TeamA-f20565cc-df22-46a7-aa97-af8ed00601d7,7.0
2020-09-03,TeamA-f20565cc-df22-46a7-aa97-af8ed00601d7,8.5
2020-09-04,TeamA-f20565cc-df22-46a7-aa97-af8ed00601d7,8.5
2020-09-05,TeamA-f20565cc-df22-46a7-aa97-af8ed00601d7,8.0
2020-09-06,TeamA-f20565cc-df22-46a7-aa97-af8ed00601d7,9.0
2020-09-07,TeamA-f20565cc-df22-46a7-aa97-af8ed00601d7,9.0
2020-09-08,TeamA-f20565cc-df22-46a7-aa97-af8ed00601d7,7.0
2020-09-09,TeamA-f20565cc-df22-46a7-aa97-af8ed00601d7,7.0
2020-09-10,TeamA-f20565cc-df22-46a7-aa97-af8ed00601d7,8.0
2020-09-11,TeamA-f20565cc-df22-46a7-aa97-af8ed00601d7,8.0
2020-09-12,TeamA-f20565cc-df22-46a7-aa97-af8ed00601d7,9.0
2020-09-13,TeamA-f20565cc-df22-46a7-aa97-af8ed00601d7,8.0
2020-09-14,TeamA-f20565cc-df22-46a7-aa97-af8ed00601d7,8.0
2020-09-15,TeamA-f20565cc-df22-46a7-aa97-af8ed00601d7,8.0
2020-09-16,TeamA-f20565cc-df22-46a7-aa97-af8ed00601d7,8.0
2020-09-17,TeamA-f20565cc-df22-46a7-aa97-af8ed00601d7,8.0
2020-09-18,TeamA-f20565cc-df22-46a7-aa97-af8ed00601d7,7.0
2020-09-19,TeamA-f20565cc-df22-46a7-aa97-af8ed00601d7,9.0
2020-09-20,TeamA-f20565cc-df22-46a7-aa97-af8ed00601d7,8.0
2020-09-21,TeamA-f20565cc-df22-46a7-aa97-af8ed00601d7,8.0
2020-09-22,TeamA-f20565cc-df22-46a7-aa97-af8ed00601d7,8.0
2020-09-23,TeamA-f20565cc-df22-46a7-aa97-af8ed00601d7,8.0
2020-09-24,TeamA-f20565cc-df22-46a7-aa97-af8ed00601d7,8.0
2020-09-25,TeamA-f20565cc-df22-46a7-aa97-af8ed00601d7,8.0
2020-09-26,TeamA-f20565cc-df22-46a7-aa97-af8ed00601d7,8.0
2020-09-27,TeamA-f20565cc-df22-46a7-aa97-af8ed00601d7,8.0
2020-09-28,TeamA-f20565cc-df22-46a7-aa97-af8ed00601d7,8.0
2020-09-29,TeamA-f20565cc-df22-46a7-aa97-af8ed00601d7,7.5
2020-09-30,TeamA-f20565cc-df22-46a7-aa97-af8ed00601d7,8.0
2020-10-01,TeamA-f20565cc-df22-46a7-aa97-af8ed00601d7,9.0
2020-10-03,TeamA-f20565cc-df22-46a7-aa97-af8ed00601d7,9.0
2020-10-04,TeamA-f20565cc-df22-46a7-aa97-af8ed00601d7,9.0
2020-10-05,TeamA-f20565cc-df22-46a7-aa97-af8ed00601d7,9.0
2020-10-06,TeamA-f20565cc-df22-46a7-aa97-af8ed00601d7,8.0
2020-10-07,TeamA-f20565cc-df22-46a7-aa97-af8ed00601d7,10.0
2020-10-08,TeamA-f20565cc-df22-46a7-aa97-af8ed00601d7,10.0
2020-10-09,TeamA-f20565cc-df22-46a7-aa97-af8ed00601d7,9.0
2020-10-10,TeamA-f20565cc-df22-46a7-aa97-af8ed00601d7,8.0
2020-10-11,TeamA-f20565cc-df22-46a7-aa97-af8ed00601d7,9.0
2020-10-12,TeamA-f20565cc-df22-46a7-aa97-af8ed00601d7,8.0
2020-10-13,TeamA-f20565cc-df22-46a7-aa97-af8ed00601d7,8.0
2020-10-14,TeamA-f20565cc-df22-46a7-aa97-af8ed00601d7,9.0
2020-10-15,TeamA-f20565cc-df22-46a7-aa97-af8ed00601d7,9.0
2020-10-16,TeamA-f20565cc-df22-46a7-aa97-af8ed00601d7,8.0
2020-10-17,TeamA-f20565cc-df22-46a7-aa97-af8ed00601d7,9.0
2020-10-18,TeamA-f20565cc-df22-46a7-aa97-af8ed00601d7,9.0
2020-10-19,TeamA-f20565cc-df22-46a7-aa97-af8ed00601d7,9.0
2020-10-20,TeamA-f20565cc-df22-46a7-aa97-af8ed00601d7,8.0
2020-10-21,TeamA-f20565cc-df22-46a7-aa97-af8ed00601d7,8.0
2020-10-22,TeamA-f20565cc-df22-46a7-aa97-af8ed00601d7,10.0
2020-10-23,TeamA-f20565cc-df22-46a7-aa97-af8ed00601d7,11.0
2020-10-24,TeamA-f20565cc-df22-46a7-aa97-af8ed00601d7,8.0
2020-10-25,TeamA-f20565cc-df22-46a7-aa97-af8ed00601d7,8.0
2020-10-26,TeamA-f20565cc-df22-46a7-aa97-af8ed00601d7,7.0
2020-10-27,TeamA-f20565cc-df22-46a7-aa97-af8ed00601d7,8.5
2020-10-28,TeamA-f20565cc-df22-46a7-aa97-af8ed00601d7,8.0
2020-10-29,TeamA-f20565cc-df22-46a7-aa97-af8ed00601d7,9.0
2020-10-30,TeamA-f20565cc-df22-46a7-aa97-af8ed00601d7,8.0
2020-11-01,TeamA-f20565cc-df22-46a7-aa97-af8ed00601d7,7.0
2020-11-02,TeamA-f20565cc-df22-46a7-aa97-af8ed00601d7,8.0
2020-11-03,TeamA-f20565cc-df22-46a7-aa97-af8ed00601d7,8.0
2020-11-06,TeamA-f20565cc-df22-46a7-aa97-af8ed00601d7,6.0
2020-11-07,TeamA-f20565cc-df22-46a7-aa97-af8ed00601d7,8.0
2020-11-09,TeamA-f20565cc-df22-46a7-aa97-af8ed00601d7,8.0
2020-11-10,TeamA-f20565cc-df22-46a7-aa97-af8ed00601d7,8.0
2020-11-11,TeamA-f20565cc-df22-46a7-aa97-af8ed00601d7,9.0
2020-11-12,TeamA-f20565cc-df22-46a7-aa97-af8ed00601d7,10.0
2020-11-13,TeamA-f20565cc-df22-46a7-aa97-af8ed00601d7,10.0
2020-11-14,TeamA-f20565cc-df22-46a7-aa97-af8ed00601d7,8.0
2020-11-16,TeamA-f20565cc-df22-46a7-aa97-af8ed00601d7,10.0
2020-11-17,TeamA-f20565cc-df22-46a7-aa97-af8ed00601d7,8.0
2020-11-18,TeamA-f20565cc-df22-46a7-aa97-af8ed00601d7,8.0
2020-11-20,TeamA-f20565cc-df22-46a7-aa97-af8ed00601d7,8.0
2020-11-21,TeamA-f20565cc-df22-46a7-aa97-af8ed00601d7,8.0
2020-11-22,TeamA-f20565cc-df22-46a7-aa97-af8ed00601d7,8.0
2020-11-23,TeamA-f20565cc-df22-46a7-aa97-af8ed00601d7,8.0
2020-11-24,TeamA-f20565cc-df22-46a7-aa97-af8ed00601d7,8.0
2020-11-25,TeamA-f20565cc-df22-46a7-aa97-af8ed00601d7,8.0
2020-11-26,TeamA-f20565cc-df22-46a7-aa97-af8ed00601d7,9.0
2020-11-27,TeamA-f20565cc-df22-46a7-aa97-af8ed00601d7,9.0
2020-11-28,TeamA-f20565cc-df22-46a7-aa97-af8ed00601d7,8.0
2020-11-29,TeamA-f20565cc-df22-46a7-aa97-af8ed00601d7,8.0
2020-11-30,TeamA-f20565cc-df22-46a7-aa97-af8ed00601d7,7.0
2020-12-01,TeamA-f20565cc-df22-46a7-aa97-af8ed00601d7,8.0
2020-12-02,TeamA-f20565cc-df22-46a7-aa97-af8ed00601d7,8.0
2020-12-03,TeamA-f20565cc-df22-46a7-aa97-af8ed00601d7,8.0
2020-12-05,TeamA-f20565cc-df22-46a7-aa97-af8ed00601d7,8.0
2020-12-06,TeamA-f20565cc-df22-46a7-aa97-af8ed00601d7,9.0
2021-01-11,TeamA-f20565cc-df22-46a7-aa97-af8ed00601d7,8.0
2021-01-12,TeamA-f20565cc-df22-46a7-aa97-af8ed00601d7,8.0
2021-01-13,TeamA-f20565cc-df22-46a7-aa97-af8ed00601d7,7.0
2021-01-14,TeamA-f20565cc-df22-46a7-aa97-af8ed00601d7,7.0
2021-01-15,TeamA-f20565cc-df22-46a7-aa97-af8ed00601d7,8.0
2021-01-16,TeamA-f20565cc-df22-46a7-aa97-af8ed00601d7,9.0
2021-01-17,TeamA-f20565cc-df22-46a7-aa97-af8ed00601d7,9.0
2021-01-18,TeamA-f20565cc-df22-46a7-aa97-af8ed00601d7,8.0
2021-01-19,TeamA-f20565cc-df22-46a7-aa97-af8ed00601d7,8.0
2021-01-20,TeamA-f20565cc-df22-46a7-aa97-af8ed00601d7,8.0
2021-01-21,TeamA-f20565cc-df22-46a7-aa97-af8ed00601d7,9.0
2021-01-22,TeamA-f20565cc-df22-46a7-aa97-af8ed00601d7,9.0
2021-01-23,TeamA-f20565cc-df22-46a7-aa97-af8ed00601d7,8.0
2021-01-24,TeamA-f20565cc-df22-46a7-aa97-af8ed00601d7,8.0
2021-01-25,TeamA-f20565cc-df22-46a7-aa97-af8ed00601d7,9.0
2021-01-26,TeamA-f20565cc-df22-46a7-aa97-af8ed00601d7,7.0
2021-01-27,TeamA-f20565cc-df22-46a7-aa97-af8ed00601d7,8.0
2021-01-28,TeamA-f20565cc-df22-46a7-aa97-af8ed00601d7,8.0
2021-01-29,TeamA-f20565cc-df22-46a7-aa97-af8ed00601d7,8.0
2021-01-30,TeamA-f20565cc-df22-46a7-aa97-af8ed00601d7,9.0
2021-02-01,TeamA-f20565cc-df22-46a7-aa97-af8ed00601d7,9.0
2021-02-02,TeamA-f20565cc-df22-46a7-aa97-af8ed00601d7,8.0
2021-02-03,TeamA-f20565cc-df22-46a7-aa97-af8ed00601d7,8.5
2021-02-04,TeamA-f20565cc-df22-46a7-aa97-af8ed00601d7,8.0
2021-02-05,TeamA-f20565cc-df22-46a7-aa97-af8ed00601d7,7.5
2021-02-06,TeamA-f20565cc-df22-46a7-aa97-af8ed00601d7,7.0
2021-02-07,TeamA-f20565cc-df22-46a7-aa97-af8ed00601d7,8.0
2021-02-08,TeamA-f20565cc-df22-46a7-aa97-af8ed00601d7,6.0
2021-02-09,TeamA-f20565cc-df22-46a7-aa97-af8ed00601d7,7.0
2021-02-10,TeamA-f20565cc-df22-46a7-aa97-af8ed00601d7,9.0
2021-02-11,TeamA-f20565cc-df22-46a7-aa97-af8ed00601d7,9.0
2021-02-12,TeamA-f20565cc-df22-46a7-aa97-af8ed00601d7,9.0
2021-02-13,TeamA-f20565cc-df22-46a7-aa97-af8ed00601d7,9.0
2021-02-14,TeamA-f20565cc-df22-46a7-aa97-af8ed00601d7,9.0
2021-02-15,TeamA-f20565cc-df22-46a7-aa97-af8ed00601d7,8.0
2021-02-16,TeamA-f20565cc-df22-46a7-aa97-af8ed00601d7,8.0
2021-02-17,TeamA-f20565cc-df22-46a7-aa97-af8ed00601d7,7.0
2021-02-18,TeamA-f20565cc-df22-46a7-aa97-af8ed00601d7,9.0
2021-02-19,TeamA-f20565cc-df22-46a7-aa97-af8ed00601d7,9.0
2021-02-20,TeamA-f20565cc-df22-46a7-aa97-af8ed00601d7,8.0
2021-02-21,TeamA-f20565cc-df22-46a7-aa97-af8ed00601d7,10.0
2021-02-22,TeamA-f20565cc-df22-46a7-aa97-af8ed00601d7,8.0
2021-02-23,TeamA-f20565cc-df22-46a7-aa97-af8ed00601d7,10.0
2021-02-24,TeamA-f20565cc-df22-46a7-aa97-af8ed00601d7,10.0
2021-02-25,TeamA-f20565cc-df22-46a7-aa97-af8ed00601d7,9.0
2021-02-26,TeamA-f20565cc-df22-46a7-aa97-af8ed00601d7,8.0
2021-02-27,TeamA-f20565cc-df22-46a7-aa97-af8ed00601d7,8.0
2021-02-28,TeamA-f20565cc-df22-46a7-aa97-af8ed00601d7,9.0
2021-03-01,TeamA-f20565cc-df22-46a7-aa97-af8ed00601d7,9.0
2021-03-02,TeamA-f20565cc-df22-46a7-aa97-af8ed00601d7,8.0
2021-03-03,TeamA-f20565cc-df22-46a7-aa97-af8ed00601d7,8.0
2021-03-04,TeamA-f20565cc-df22-46a7-aa97-af8ed00601d7,8.0
2021-03-05,TeamA-f20565cc-df22-46a7-aa97-af8ed00601d7,8.0
2021-03-06,TeamA-f20565cc-df22-46a7-aa97-af8ed00601d7,9.0
2021-03-07,TeamA-f20565cc-df22-46a7-aa97-af8ed00601d7,9.0
2021-03-08,TeamA-f20565cc-df22-46a7-aa97-af8ed00601d7,8.0
2021-03-09,TeamA-f20565cc-df22-46a7-aa97-af8ed00601d7,8.0
2021-03-10,TeamA-f20565cc-df22-46a7-aa97-af8ed00601d7,8.0
2021-03-11,TeamA-f20565cc-df22-46a7-aa97-af8ed00601d7,9.0
2021-03-13,TeamA-f20565cc-df22-46a7-aa97-af8ed00601d7,9.0
2021-03-14,TeamA-f20565cc-df22-46a7-aa97-af8ed00601d7,9.0
2021-03-15,TeamA-f20565cc-df22-46a7-aa97-af8ed00601d7,9.0
2021-03-16,TeamA-f20565cc-df22-46a7-aa97-af8ed00601d7,8.0
2021-03-17,TeamA-f20565cc-df22-46a7-aa97-af8ed00601d7,8.0
2021-03-19,TeamA-f20565cc-df22-46a7-aa97-af8ed00601d7,10.0
2021-03-20,TeamA-f20565cc-df22-46a7-aa97-af8ed00601d7,9.0
2021-03-21,TeamA-f20565cc-df22-46a7-aa97-af8ed00601d7,9.0
2021-03-22,TeamA-f20565cc-df22-46a7-aa97-af8ed00601d7,8.0
2021-03-24,TeamA-f20565cc-df22-46a7-aa97-af8ed00601d7,8.0
2021-03-25,TeamA-f20565cc-df22-46a7-aa97-af8ed00601d7,9.0
2021-03-26,TeamA-f20565cc-df22-46a7-aa97-af8ed00601d7,9.0
2021-03-27,TeamA-f20565cc-df22-46a7-aa97-af8ed00601d7,9.0
2021-03-28,TeamA-f20565cc-df22-46a7-aa97-af8ed00601d7,8.0
2021-03-29,TeamA-f20565cc-df22-46a7-aa97-af8ed00601d7,9.0
2021-03-30,TeamA-f20565cc-df22-46a7-aa97-af8ed00601d7,8.0
2021-03-31,TeamA-f20565cc-df22-46a7-aa97-af8ed00601d7,7.0
2021-04-05,TeamA-f20565cc-df22-46a7-aa97-af8ed00601d7,8.0
2021-04-06,TeamA-f20565cc-df22-46a7-aa97-af8ed00601d7,7.0
2021-04-07,TeamA-f20565cc-df22-46a7-aa97-af8ed00601d7,9.0
2021-04-08,TeamA-f20565cc-df22-46a7-aa97-af8ed00601d7,8.5
2021-04-09,TeamA-f20565cc-df22-46a7-aa97-af8ed00601d7,8.0
2021-04-10,TeamA-f20565cc-df22-46a7-aa97-af8ed00601d7,8.0
2021-04-12,TeamA-f20565cc-df22-46a7-aa97-af8ed00601d7,10.0
2021-04-13,TeamA-f20565cc-df22-46a7-aa97-af8ed00601d7,7.0
2021-04-14,TeamA-f20565cc-df22-46a7-aa97-af8ed00601d7,8.0
2021-04-15,TeamA-f20565cc-df22-46a7-aa97-af8ed00601d7,10.0
2021-04-17,TeamA-f20565cc-df22-46a7-aa97-af8ed00601d7,9.0
2021-04-19,TeamA-f20565cc-df22-46a7-aa97-af8ed00601d7,8.0
2021-04-20,TeamA-f20565cc-df22-46a7-aa97-af8ed00601d7,8.0
2021-04-21,TeamA-f20565cc-df22-46a7-aa97-af8ed00601d7,8.0
2021-04-22,TeamA-f20565cc-df22-46a7-aa97-af8ed00601d7,9.0
2021-04-23,TeamA-f20565cc-df22-46a7-aa97-af8ed00601d7,9.0
2021-04-24,TeamA-f20565cc-df22-46a7-aa97-af8ed00601d7,9.0
2021-04-25,TeamA-f20565cc-df22-46a7-aa97-af8ed00601d7,7.0
2021-04-26,TeamA-f20565cc-df22-46a7-aa97-af8ed00601d7,9.0
2021-04-27,TeamA-f20565cc-df22-46a7-aa97-af8ed00601d7,8.0
2021-04-28,TeamA-f20565cc-df22-46a7-aa97-af8ed00601d7,8.0
2021-04-29,TeamA-f20565cc-df22-46a7-aa97-af8ed00601d7,10.0
2021-04-30,TeamA-f20565cc-df22-46a7-aa97-af8ed00601d7,9.0
2021-05-01,TeamA-f20565cc-df22-46a7-aa97-af8ed00601d7,8.0
2021-05-02,TeamA-f20565cc-df22-46a7-aa97-af8ed00601d7,10.0
2021-05-03,TeamA-f20565cc-df22-46a7-aa97-af8ed00601d7,8.0
2021-05-04,TeamA-f20565cc-df22-46a7-aa97-af8ed00601d7,6.5
2021-05-05,TeamA-f20565cc-df22-46a7-aa97-af8ed00601d7,8.0
2021-05-09,TeamA-f20565cc-df22-46a7-aa97-af8ed00601d7,9.0
2021-05-10,TeamA-f20565cc-df22-46a7-aa97-af8ed00601d7,9.0
2021-05-11,TeamA-f20565cc-df22-46a7-aa97-af8ed00601d7,9.0
2021-05-12,TeamA-f20565cc-df22-46a7-aa97-af8ed00601d7,8.0
2021-05-13,TeamA-f20565cc-df22-46a7-aa97-af8ed00601d7,10.0
2021-05-14,TeamA-f20565cc-df22-46a7-aa97-af8ed00601d7,9.0
2021-05-15,TeamA-f20565cc-df22-46a7-aa97-af8ed00601d7,10.0
2021-05-16,TeamA-f20565cc-df22-46a7-aa97-af8ed00601d7,9.0
2021-05-17,TeamA-f20565cc-df22-46a7-aa97-af8ed00601d7,9.0
2021-05-18,TeamA-f20565cc-df22-46a7-aa97-af8ed00601d7,9.0
2021-05-20,TeamA-f20565cc-df22-46a7-aa97-af8ed00601d7,9.0
2021-05-21,TeamA-f20565cc-df22-46a7-aa97-af8ed00601d7,10.0
2021-05-22,TeamA-f20565cc-df22-46a7-aa97-af8ed00601d7,9.0
2021-05-23,TeamA-f20565cc-df22-46a7-aa97-af8ed00601d7,7.5
2021-05-24,TeamA-f20565cc-df22-46a7-aa97-af8ed00601d7,8.0
2021-05-25,TeamA-f20565cc-df22-46a7-aa97-af8ed00601d7,8.0
2021-05-26,TeamA-f20565cc-df22-46a7-aa97-af8ed00601d7,8.0
2021-05-27,TeamA-f20565cc-df22-46a7-aa97-af8ed00601d7,8.0
2021-05-28,TeamA-f20565cc-df22-46a7-aa97-af8ed00601d7,9.0
2021-05-29,TeamA-f20565cc-df22-46a7-aa97-af8ed00601d7,11.0
2021-05-31,TeamA-f20565cc-df22-46a7-aa97-af8ed00601d7,8.5
2021-06-02,TeamA-f20565cc-df22-46a7-aa97-af8ed00601d7,8.0
2021-06-04,TeamA-f20565cc-df22-46a7-aa97-af8ed00601d7,9.0
2021-06-05,TeamA-f20565cc-df22-46a7-aa97-af8ed00601d7,9.0
2021-06-06,TeamA-f20565cc-df22-46a7-aa97-af8ed00601d7,8.0
2021-06-07,TeamA-f20565cc-df22-46a7-aa97-af8ed00601d7,10.0
2021-06-08,TeamA-f20565cc-df22-46a7-aa97-af8ed00601d7,8.0
2021-06-09,TeamA-f20565cc-df22-46a7-aa97-af8ed00601d7,8.0
2021-06-10,TeamA-f20565cc-df22-46a7-aa97-af8ed00601d7,8.0
2021-06-11,TeamA-f20565cc-df22-46a7-aa97-af8ed00601d7,7.0
2021-06-12,TeamA-f20565cc-df22-46a7-aa97-af8ed00601d7,9.0
2021-06-14,TeamA-f20565cc-df22-46a7-aa97-af8ed00601d7,8.0
2021-06-15,TeamA-f20565cc-df22-46a7-aa97-af8ed00601d7,8.5
2021-06-16,TeamA-f20565cc-df22-46a7-aa97-af8ed00601d7,10.0
2021-06-17,TeamA-f20565cc-df22-46a7-aa97-af8ed00601d7,8.0
2021-06-18,TeamA-f20565cc-df22-46a7-aa97-af8ed00601d7,8.0
2021-06-19,TeamA-f20565cc-df22-46a7-aa97-af8ed00601d7,10.0
2021-06-21,TeamA-f20565cc-df22-46a7-aa97-af8ed00601d7,7.0
2021-06-22,TeamA-f20565cc-df22-46a7-aa97-af8ed00601d7,10.0
2021-06-23,TeamA-f20565cc-df22-46a7-aa97-af8ed00601d7,9.0
2021-06-24,TeamA-f20565cc-df22-46a7-aa97-af8ed00601d7,9.0
2021-06-25,TeamA-f20565cc-df22-46a7-aa97-af8ed00601d7,7.0
2021-06-26,TeamA-f20565cc-df22-46a7-aa97-af8ed00601d7,8.0
2021-06-27,TeamA-f20565cc-df22-46a7-aa97-af8ed00601d7,8.0
2021-06-28,TeamA-f20565cc-df22-46a7-aa97-af8ed00601d7,7.0
2021-06-29,TeamA-f20565cc-df22-46a7-aa97-af8ed00601d7,9.0
2021-06-30,TeamA-f20565cc-df22-46a7-aa97-af8ed00601d7,9.0
2021-07-01,TeamA-f20565cc-df22-46a7-aa97-af8ed00601d7,9.0
2021-07-02,TeamA-f20565cc-df22-46a7-aa97-af8ed00601d7,9.0
2021-07-03,TeamA-f20565cc-df22-46a7-aa97-af8ed00601d7,10.0
2021-07-04,TeamA-f20565cc-df22-46a7-aa97-af8ed00601d7,9.0
2021-07-05,TeamA-f20565cc-df22-46a7-aa97-af8ed00601d7,7.0
2021-07-06,TeamA-f20565cc-df22-46a7-aa97-af8ed00601d7,10.0
2021-07-07,TeamA-f20565cc-df22-46a7-aa97-af8ed00601d7,10.0
2021-07-08,TeamA-f20565cc-df22-46a7-aa97-af8ed00601d7,9.0
2021-07-09,TeamA-f20565cc-df22-46a7-aa97-af8ed00601d7,8.0
2021-07-10,TeamA-f20565cc-df22-46a7-aa97-af8ed00601d7,9.0
2021-07-11,TeamA-f20565cc-df22-46a7-aa97-af8ed00601d7,9.0
2021-07-12,TeamA-f20565cc-df22-46a7-aa97-af8ed00601d7,12.0
2021-07-13,TeamA-f20565cc-df22-46a7-aa97-af8ed00601d7,9.0
2021-07-14,TeamA-f20565cc-df22-46a7-aa97-af8ed00601d7,9.0
2021-07-15,TeamA-f20565cc-df22-46a7-aa97-af8ed00601d7,9.0
2021-07-16,TeamA-f20565cc-df22-46a7-aa97-af8ed00601d7,9.0
2021-07-17,TeamA-f20565cc-df22-46a7-aa97-af8ed00601d7,9.0
2021-07-18,TeamA-f20565cc-df22-46a7-aa97-af8ed00601d7,11.0
2021-07-19,TeamA-f20565cc-df22-46a7-aa97-af8ed00601d7,9.0
2021-07-20,TeamA-f20565cc-df22-46a7-aa97-af8ed00601d7,9.0
2021-07-21,TeamA-f20565cc-df22-46a7-aa97-af8ed00601d7,9.0
2021-07-22,TeamA-f20565cc-df22-46a7-aa97-af8ed00601d7,9.0
2021-07-23,TeamA-f20565cc-df22-46a7-aa97-af8ed00601d7,9.0
2021-07-24,TeamA-f20565cc-df22-46a7-aa97-af8ed00601d7,9.0
2021-07-25,TeamA-f20565cc-df22-46a7-aa97-af8ed00601d7,9.0
2021-07-26,TeamA-f20565cc-df22-46a7-aa97-af8ed00601d7,9.0
2021-07-27,TeamA-f20565cc-df22-46a7-aa97-af8ed00601d7,9.0
2021-07-28,TeamA-f20565cc-df22-46a7-aa97-af8ed00601d7,6.0
2021-07-29,TeamA-f20565cc-df22-46a7-aa97-af8ed00601d7,8.0
2021-07-30,TeamA-f20565cc-df22-46a7-aa97-af8ed00601d7,10.0
2021-07-31,TeamA-f20565cc-df22-46a7-aa97-af8ed00601d7,1.0
2021-08-01,TeamA-f20565cc-df22-46a7-aa97-af8ed00601d7,10.0
2021-08-02,TeamA-f20565cc-df22-46a7-aa97-af8ed00601d7,10.0
2021-08-03,TeamA-f20565cc-df22-46a7-aa97-af8ed00601d7,7.0
2021-08-04,TeamA-f20565cc-df22-46a7-aa97-af8ed00601d7,8.0
2021-08-05,TeamA-f20565cc-df22-46a7-aa97-af8ed00601d7,8.0
2021-08-06,TeamA-f20565cc-df22-46a7-aa97-af8ed00601d7,9.0
2021-08-07,TeamA-f20565cc-df22-46a7-aa97-af8ed00601d7,9.0
2021-08-08,TeamA-f20565cc-df22-46a7-aa97-af8ed00601d7,9.0
2021-08-09,TeamA-f20565cc-df22-46a7-aa97-af8ed00601d7,9.0
2021-08-10,TeamA-f20565cc-df22-46a7-aa97-af8ed00601d7,9.0
2021-08-11,TeamA-f20565cc-df22-46a7-aa97-af8ed00601d7,9.0
2021-08-12,TeamA-f20565cc-df22-46a7-aa97-af8ed00601d7,9.0
2021-08-13,TeamA-f20565cc-df22-46a7-aa97-af8ed00601d7,9.0
2021-08-14,TeamA-f20565cc-df22-46a7-aa97-af8ed00601d7,10.0
2021-08-15,TeamA-f20565cc-df22-46a7-aa97-af8ed00601d7,8.0
2021-08-16,TeamA-f20565cc-df22-46a7-aa97-af8ed00601d7,7.5
2021-08-17,TeamA-f20565cc-df22-46a7-aa97-af8ed00601d7,9.0
2021-08-18,TeamA-f20565cc-df22-46a7-aa97-af8ed00601d7,9.0
2021-08-19,TeamA-f20565cc-df22-46a7-aa97-af8ed00601d7,9.0
2021-08-20,TeamA-f20565cc-df22-46a7-aa97-af8ed00601d7,9.0
2021-08-21,TeamA-f20565cc-df22-46a7-aa97-af8ed00601d7,10.0
2021-08-22,TeamA-f20565cc-df22-46a7-aa97-af8ed00601d7,9.0
2021-08-23,TeamA-f20565cc-df22-46a7-aa97-af8ed00601d7,7.0
2021-08-24,TeamA-f20565cc-df22-46a7-aa97-af8ed00601d7,8.0
2021-08-25,TeamA-f20565cc-df22-46a7-aa97-af8ed00601d7,8.0
2021-08-26,TeamA-f20565cc-df22-46a7-aa97-af8ed00601d7,9.0
2021-08-27,TeamA-f20565cc-df22-46a7-aa97-af8ed00601d7,8.0
2021-08-28,TeamA-f20565cc-df22-46a7-aa97-af8ed00601d7,9.0
2021-08-29,TeamA-f20565cc-df22-46a7-aa97-af8ed00601d7,9.0
2021-08-30,TeamA-f20565cc-df22-46a7-aa97-af8ed00601d7,8.0
2021-08-31,TeamA-f20565cc-df22-46a7-aa97-af8ed00601d7,9.0
2021-09-01,TeamA-f20565cc-df22-46a7-aa97-af8ed00601d7,8.0
2021-09-02,TeamA-f20565cc-df22-46a7-aa97-af8ed00601d7,7.0
2021-09-03,TeamA-f20565cc-df22-46a7-aa97-af8ed00601d7,8.0
2021-09-04,TeamA-f20565cc-df22-46a7-aa97-af8ed00601d7,8.0
2021-09-05,TeamA-f20565cc-df22-46a7-aa97-af8ed00601d7,5.0
2021-09-06,TeamA-f20565cc-df22-46a7-aa97-af8ed00601d7,8.0
2021-09-07,TeamA-f20565cc-df22-46a7-aa97-af8ed00601d7,7.0
2021-09-08,TeamA-f20565cc-df22-46a7-aa97-af8ed00601d7,9.0
2021-09-09,TeamA-f20565cc-df22-46a7-aa97-af8ed00601d7,7.0
2021-09-10,TeamA-f20565cc-df22-46a7-aa97-af8ed00601d7,9.0
2021-09-11,TeamA-f20565cc-df22-46a7-aa97-af8ed00601d7,9.0
2021-09-12,TeamA-f20565cc-df22-46a7-aa97-af8ed00601d7,8.0
2021-09-13,TeamA-f20565cc-df22-46a7-aa97-af8ed00601d7,6.0
2021-09-14,TeamA-f20565cc-df22-46a7-aa97-af8ed00601d7,8.5
2021-09-15,TeamA-f20565cc-df22-46a7-aa97-af8ed00601d7,8.0
2021-09-16,TeamA-f20565cc-df22-46a7-aa97-af8ed00601d7,8.0
2021-09-17,TeamA-f20565cc-df22-46a7-aa97-af8ed00601d7,8.0
2021-09-18,TeamA-f20565cc-df22-46a7-aa97-af8ed00601d7,6.0
2021-09-19,TeamA-f20565cc-df22-46a7-aa97-af8ed00601d7,9.0
2021-09-20,TeamA-f20565cc-df22-46a7-aa97-af8ed00601d7,8.0
2021-09-21,TeamA-f20565cc-df22-46a7-aa97-af8ed00601d7,8.0
2021-09-22,TeamA-f20565cc-df22-46a7-aa97-af8ed00601d7,7.0
2021-09-23,TeamA-f20565cc-df22-46a7-aa97-af8ed00601d7,9.0
2021-09-24,TeamA-f20565cc-df22-46a7-aa97-af8ed00601d7,9.0
2021-09-25,TeamA-f20565cc-df22-46a7-aa97-af8ed00601d7,10.0
2021-09-26,TeamA-f20565cc-df22-46a7-aa97-af8ed00601d7,9.0
2021-09-27,TeamA-f20565cc-df22-46a7-aa97-af8ed00601d7,7.0
2021-09-28,TeamA-f20565cc-df22-46a7-aa97-af8ed00601d7,10.0
2021-09-30,TeamA-f20565cc-df22-46a7-aa97-af8ed00601d7,7.0
2021-10-01,TeamA-f20565cc-df22-46a7-aa97-af8ed00601d7,7.0
2021-10-02,TeamA-f20565cc-df22-46a7-aa97-af8ed00601d7,9.0
2021-10-03,TeamA-f20565cc-df22-46a7-aa97-af8ed00601d7,8.0
2021-10-04,TeamA-f20565cc-df22-46a7-aa97-af8ed00601d7,7.0
2021-10-05,TeamA-f20565cc-df22-46a7-aa97-af8ed00601d7,10.0
2021-10-06,TeamA-f20565cc-df22-46a7-aa97-af8ed00601d7,9.0
2021-10-07,TeamA-f20565cc-df22-46a7-aa97-af8ed00601d7,10.0
2021-10-08,TeamA-f20565cc-df22-46a7-aa97-af8ed00601d7,9.0
2021-10-09,TeamA-f20565cc-df22-46a7-aa97-af8ed00601d7,9.0
2021-10-11,TeamA-f20565cc-df22-46a7-aa97-af8ed00601d7,9.0
2021-10-12,TeamA-f20565cc-df22-46a7-aa97-af8ed00601d7,8.0
2021-10-13,TeamA-f20565cc-df22-46a7-aa97-af8ed00601d7,10.0
2021-10-14,TeamA-f20565cc-df22-46a7-aa97-af8ed00601d7,9.0
2021-10-15,TeamA-f20565cc-df22-46a7-aa97-af8ed00601d7,9.0
2021-10-16,TeamA-f20565cc-df22-46a7-aa97-af8ed00601d7,9.0
2021-10-17,TeamA-f20565cc-df22-46a7-aa97-af8ed00601d7,8.0
2021-10-18,TeamA-f20565cc-df22-46a7-aa97-af8ed00601d7,7.0
2021-10-19,TeamA-f20565cc-df22-46a7-aa97-af8ed00601d7,9.0
2021-10-20,TeamA-f20565cc-df22-46a7-aa97-af8ed00601d7,8.0
2021-10-21,TeamA-f20565cc-df22-46a7-aa97-af8ed00601d7,8.0
2021-10-25,TeamA-f20565cc-df22-46a7-aa97-af8ed00601d7,7.0
2021-10-26,TeamA-f20565cc-df22-46a7-aa97-af8ed00601d7,8.0
2021-10-27,TeamA-f20565cc-df22-46a7-aa97-af8ed00601d7,8.0
2021-10-28,TeamA-f20565cc-df22-46a7-aa97-af8ed00601d7,8.0
2021-11-01,TeamA-f20565cc-df22-46a7-aa97-af8ed00601d7,5.0
2021-11-02,TeamA-f20565cc-df22-46a7-aa97-af8ed00601d7,8.0
2021-11-03,TeamA-f20565cc-df22-46a7-aa97-af8ed00601d7,8.0
2021-11-04,TeamA-f20565cc-df22-46a7-aa97-af8ed00601d7,8.0
2021-11-05,TeamA-f20565cc-df22-46a7-aa97-af8ed00601d7,8.0
2021-11-06,TeamA-f20565cc-df22-46a7-aa97-af8ed00601d7,9.0
2021-11-07,TeamA-f20565cc-df22-46a7-aa97-af8ed00601d7,9.0
2021-11-08,TeamA-f20565cc-df22-46a7-aa97-af8ed00601d7,7.0
2021-11-09,TeamA-f20565cc-df22-46a7-aa97-af8ed00601d7,7.0
2021-11-10,TeamA-f20565cc-df22-46a7-aa97-af8ed00601d7,8.0
2021-11-11,TeamA-f20565cc-df22-46a7-aa97-af8ed00601d7,9.0
2021-11-13,TeamA-f20565cc-df22-46a7-aa97-af8ed00601d7,8.0
2021-11-15,TeamA-f20565cc-df22-46a7-aa97-af8ed00601d7,7.0
2021-11-17,TeamA-f20565cc-df22-46a7-aa97-af8ed00601d7,9.0
2021-12-13,TeamA-f20565cc-df22-46a7-aa97-af8ed00601d7,9.0
2021-12-14,TeamA-f20565cc-df22-46a7-aa97-af8ed00601d7,9.0
2021-12-17,TeamA-f20565cc-df22-46a7-aa97-af8ed00601d7,9.0
2021-08-30,TeamB-08e35b7b-d2ad-411f-a0de-4e663f14c3c3,8.0
2021-08-31,TeamB-08e35b7b-d2ad-411f-a0de-4e663f14c3c3,8.0
2021-09-01,TeamB-08e35b7b-d2ad-411f-a0de-4e663f14c3c3,8.0
2021-09-02,TeamB-08e35b7b-d2ad-411f-a0de-4e663f14c3c3,8.5
2021-09-03,TeamB-08e35b7b-d2ad-411f-a0de-4e663f14c3c3,9.0
2021-09-04,TeamB-08e35b7b-d2ad-411f-a0de-4e663f14c3c3,9.0
2021-09-05,TeamB-08e35b7b-d2ad-411f-a0de-4e663f14c3c3,8.0
2021-09-06,TeamB-08e35b7b-d2ad-411f-a0de-4e663f14c3c3,9.0
2021-09-07,TeamB-08e35b7b-d2ad-411f-a0de-4e663f14c3c3,8.0
2021-09-08,TeamB-08e35b7b-d2ad-411f-a0de-4e663f14c3c3,8.5
2021-09-09,TeamB-08e35b7b-d2ad-411f-a0de-4e663f14c3c3,7.5
2021-09-10,TeamB-08e35b7b-d2ad-411f-a0de-4e663f14c3c3,8.5
2021-09-11,TeamB-08e35b7b-d2ad-411f-a0de-4e663f14c3c3,9.0
2021-09-12,TeamB-08e35b7b-d2ad-411f-a0de-4e663f14c3c3,8.0
2021-09-13,TeamB-08e35b7b-d2ad-411f-a0de-4e663f14c3c3,10.0
2021-09-14,TeamB-08e35b7b-d2ad-411f-a0de-4e663f14c3c3,6.5
2021-09-15,TeamB-08e35b7b-d2ad-411f-a0de-4e663f14c3c3,9.0
2021-09-16,TeamB-08e35b7b-d2ad-411f-a0de-4e663f14c3c3,9.0
2021-09-17,TeamB-08e35b7b-d2ad-411f-a0de-4e663f14c3c3,9.0
2021-09-18,TeamB-08e35b7b-d2ad-411f-a0de-4e663f14c3c3,8.0
2021-09-20,TeamB-08e35b7b-d2ad-411f-a0de-4e663f14c3c3,9.0
2021-09-21,TeamB-08e35b7b-d2ad-411f-a0de-4e663f14c3c3,9.0
2021-09-22,TeamB-08e35b7b-d2ad-411f-a0de-4e663f14c3c3,8.5
2021-09-23,TeamB-08e35b7b-d2ad-411f-a0de-4e663f14c3c3,9.0
2021-09-24,TeamB-08e35b7b-d2ad-411f-a0de-4e663f14c3c3,9.0
2021-09-25,TeamB-08e35b7b-d2ad-411f-a0de-4e663f14c3c3,8.0
2021-09-26,TeamB-08e35b7b-d2ad-411f-a0de-4e663f14c3c3,8.0
2021-09-28,TeamB-08e35b7b-d2ad-411f-a0de-4e663f14c3c3,9.0
2021-09-29,TeamB-08e35b7b-d2ad-411f-a0de-4e663f14c3c3,7.0
2021-09-30,TeamB-08e35b7b-d2ad-411f-a0de-4e663f14c3c3,8.5
2021-10-01,TeamB-08e35b7b-d2ad-411f-a0de-4e663f14c3c3,8.0
2021-10-02,TeamB-08e35b7b-d2ad-411f-a0de-4e663f14c3c3,9.0
2021-10-03,TeamB-08e35b7b-d2ad-411f-a0de-4e663f14c3c3,7.5
2021-10-04,TeamB-08e35b7b-d2ad-411f-a0de-4e663f14c3c3,8.5
2021-10-05,TeamB-08e35b7b-d2ad-411f-a0de-4e663f14c3c3,9.0
2021-10-06,TeamB-08e35b7b-d2ad-411f-a0de-4e663f14c3c3,8.0
2021-10-07,TeamB-08e35b7b-d2ad-411f-a0de-4e663f14c3c3,8.5
2021-10-08,TeamB-08e35b7b-d2ad-411f-a0de-4e663f14c3c3,9.0
2021-10-09,TeamB-08e35b7b-d2ad-411f-a0de-4e663f14c3c3,8.5
2021-10-10,TeamB-08e35b7b-d2ad-411f-a0de-4e663f14c3c3,8.5
2021-10-11,TeamB-08e35b7b-d2ad-411f-a0de-4e663f14c3c3,6.5
2021-10-12,TeamB-08e35b7b-d2ad-411f-a0de-4e663f14c3c3,8.5
2021-10-13,TeamB-08e35b7b-d2ad-411f-a0de-4e663f14c3c3,8.5
2021-10-14,TeamB-08e35b7b-d2ad-411f-a0de-4e663f14c3c3,7.5
2021-10-15,TeamB-08e35b7b-d2ad-411f-a0de-4e663f14c3c3,9.0
2021-10-16,TeamB-08e35b7b-d2ad-411f-a0de-4e663f14c3c3,8.5
2021-10-17,TeamB-08e35b7b-d2ad-411f-a0de-4e663f14c3c3,8.5
2021-10-18,TeamB-08e35b7b-d2ad-411f-a0de-4e663f14c3c3,5.0
2021-10-19,TeamB-08e35b7b-d2ad-411f-a0de-4e663f14c3c3,9.0
2021-10-20,TeamB-08e35b7b-d2ad-411f-a0de-4e663f14c3c3,8.5
2021-10-21,TeamB-08e35b7b-d2ad-411f-a0de-4e663f14c3c3,8.5
2021-10-22,TeamB-08e35b7b-d2ad-411f-a0de-4e663f14c3c3,8.5
2021-10-23,TeamB-08e35b7b-d2ad-411f-a0de-4e663f14c3c3,8.0
2021-10-24,TeamB-08e35b7b-d2ad-411f-a0de-4e663f14c3c3,8.0
2021-10-25,TeamB-08e35b7b-d2ad-411f-a0de-4e663f14c3c3,8.0
2021-10-26,TeamB-08e35b7b-d2ad-411f-a0de-4e663f14c3c3,8.0
2021-10-27,TeamB-08e35b7b-d2ad-411f-a0de-4e663f14c3c3,8.0
2021-10-28,TeamB-08e35b7b-d2ad-411f-a0de-4e663f14c3c3,8.5
2021-10-29,TeamB-08e35b7b-d2ad-411f-a0de-4e663f14c3c3,9.0
2021-10-30,TeamB-08e35b7b-d2ad-411f-a0de-4e663f14c3c3,8.0
2021-10-31,TeamB-08e35b7b-d2ad-411f-a0de-4e663f14c3c3,8.0
2021-11-01,TeamB-08e35b7b-d2ad-411f-a0de-4e663f14c3c3,5.0
2021-11-02,TeamB-08e35b7b-d2ad-411f-a0de-4e663f14c3c3,9.0
2021-11-03,TeamB-08e35b7b-d2ad-411f-a0de-4e663f14c3c3,7.5
2021-11-04,TeamB-08e35b7b-d2ad-411f-a0de-4e663f14c3c3,8.0
2021-11-05,TeamB-08e35b7b-d2ad-411f-a0de-4e663f14c3c3,8.0
2021-11-06,TeamB-08e35b7b-d2ad-411f-a0de-4e663f14c3c3,9.0
2021-11-07,TeamB-08e35b7b-d2ad-411f-a0de-4e663f14c3c3,8.0
2021-11-08,TeamB-08e35b7b-d2ad-411f-a0de-4e663f14c3c3,8.0
2021-11-09,TeamB-08e35b7b-d2ad-411f-a0de-4e663f14c3c3,7.0
2021-11-10,TeamB-08e35b7b-d2ad-411f-a0de-4e663f14c3c3,8.5
2021-11-11,TeamB-08e35b7b-d2ad-411f-a0de-4e663f14c3c3,10.0
2021-11-12,TeamB-08e35b7b-d2ad-411f-a0de-4e663f14c3c3,8.0
2021-11-13,TeamB-08e35b7b-d2ad-411f-a0de-4e663f14c3c3,7.5
2020-07-20,TeamB-29c5271b-5c46-455e-91ea-da2abfa8ff3c,9.0
2020-07-21,TeamB-29c5271b-5c46-455e-91ea-da2abfa8ff3c,7.0
2020-07-22,TeamB-29c5271b-5c46-455e-91ea-da2abfa8ff3c,8.5
2020-07-23,TeamB-29c5271b-5c46-455e-91ea-da2abfa8ff3c,9.0
2020-07-24,TeamB-29c5271b-5c46-455e-91ea-da2abfa8ff3c,8.5
2020-07-27,TeamB-29c5271b-5c46-455e-91ea-da2abfa8ff3c,7.5
2020-07-28,TeamB-29c5271b-5c46-455e-91ea-da2abfa8ff3c,8.5
2020-07-29,TeamB-29c5271b-5c46-455e-91ea-da2abfa8ff3c,9.0
2020-07-30,TeamB-29c5271b-5c46-455e-91ea-da2abfa8ff3c,7.5
2020-07-31,TeamB-29c5271b-5c46-455e-91ea-da2abfa8ff3c,6.0
2020-08-02,TeamB-29c5271b-5c46-455e-91ea-da2abfa8ff3c,7.0
2020-08-03,TeamB-29c5271b-5c46-455e-91ea-da2abfa8ff3c,8.5
2020-08-04,TeamB-29c5271b-5c46-455e-91ea-da2abfa8ff3c,8.5
2020-08-05,TeamB-29c5271b-5c46-455e-91ea-da2abfa8ff3c,7.0
2020-08-06,TeamB-29c5271b-5c46-455e-91ea-da2abfa8ff3c,8.0
2020-08-07,TeamB-29c5271b-5c46-455e-91ea-da2abfa8ff3c,8.0
2020-08-09,TeamB-29c5271b-5c46-455e-91ea-da2abfa8ff3c,7.0
2020-08-10,TeamB-29c5271b-5c46-455e-91ea-da2abfa8ff3c,7.0
2020-08-11,TeamB-29c5271b-5c46-455e-91ea-da2abfa8ff3c,8.0
2020-08-12,TeamB-29c5271b-5c46-455e-91ea-da2abfa8ff3c,8.0
2020-08-13,TeamB-29c5271b-5c46-455e-91ea-da2abfa8ff3c,8.0
2020-08-14,TeamB-29c5271b-5c46-455e-91ea-da2abfa8ff3c,7.0
2020-08-15,TeamB-29c5271b-5c46-455e-91ea-da2abfa8ff3c,6.5
2020-08-16,TeamB-29c5271b-5c46-455e-91ea-da2abfa8ff3c,9.0
2020-08-18,TeamB-29c5271b-5c46-455e-91ea-da2abfa8ff3c,9.0
2020-08-19,TeamB-29c5271b-5c46-455e-91ea-da2abfa8ff3c,8.0
2020-08-20,TeamB-29c5271b-5c46-455e-91ea-da2abfa8ff3c,8.5
2020-08-21,TeamB-29c5271b-5c46-455e-91ea-da2abfa8ff3c,7.0
2020-08-24,TeamB-29c5271b-5c46-455e-91ea-da2abfa8ff3c,8.0
2020-08-25,TeamB-29c5271b-5c46-455e-91ea-da2abfa8ff3c,8.5
2020-08-27,TeamB-29c5271b-5c46-455e-91ea-da2abfa8ff3c,7.5
2020-08-29,TeamB-29c5271b-5c46-455e-91ea-da2abfa8ff3c,7.0
2020-08-30,TeamB-29c5271b-5c46-455e-91ea-da2abfa8ff3c,9.0
2020-09-02,TeamB-29c5271b-5c46-455e-91ea-da2abfa8ff3c,9.0
2020-09-03,TeamB-29c5271b-5c46-455e-91ea-da2abfa8ff3c,8.5
2020-09-04,TeamB-29c5271b-5c46-455e-91ea-da2abfa8ff3c,9.0
2020-09-05,TeamB-29c5271b-5c46-455e-91ea-da2abfa8ff3c,8.5
2020-09-06,TeamB-29c5271b-5c46-455e-91ea-da2abfa8ff3c,7.0
2020-09-07,TeamB-29c5271b-5c46-455e-91ea-da2abfa8ff3c,9.0
2020-09-08,TeamB-29c5271b-5c46-455e-91ea-da2abfa8ff3c,9.0
2020-09-10,TeamB-29c5271b-5c46-455e-91ea-da2abfa8ff3c,8.5
2020-09-11,TeamB-29c5271b-5c46-455e-91ea-da2abfa8ff3c,8.0
2020-09-12,TeamB-29c5271b-5c46-455e-91ea-da2abfa8ff3c,8.5
2020-09-13,TeamB-29c5271b-5c46-455e-91ea-da2abfa8ff3c,6.5
2020-09-14,TeamB-29c5271b-5c46-455e-91ea-da2abfa8ff3c,7.5
2020-09-16,TeamB-29c5271b-5c46-455e-91ea-da2abfa8ff3c,8.0
2020-09-18,TeamB-29c5271b-5c46-455e-91ea-da2abfa8ff3c,7.0
2020-09-19,TeamB-29c5271b-5c46-455e-91ea-da2abfa8ff3c,9.0
2020-09-20,TeamB-29c5271b-5c46-455e-91ea-da2abfa8ff3c,8.0
2020-09-21,TeamB-29c5271b-5c46-455e-91ea-da2abfa8ff3c,9.0
2020-09-23,TeamB-29c5271b-5c46-455e-91ea-da2abfa8ff3c,8.5
2020-09-24,TeamB-29c5271b-5c46-455e-91ea-da2abfa8ff3c,8.5
2020-09-25,TeamB-29c5271b-5c46-455e-91ea-da2abfa8ff3c,8.5
2020-09-26,TeamB-29c5271b-5c46-455e-91ea-da2abfa8ff3c,7.5
2020-09-27,TeamB-29c5271b-5c46-455e-91ea-da2abfa8ff3c,9.0
2020-09-28,TeamB-29c5271b-5c46-455e-91ea-da2abfa8ff3c,8.0
2020-09-29,TeamB-29c5271b-5c46-455e-91ea-da2abfa8ff3c,8.0
2020-10-01,TeamB-29c5271b-5c46-455e-91ea-da2abfa8ff3c,8.0
2020-10-02,TeamB-29c5271b-5c46-455e-91ea-da2abfa8ff3c,8.5
2020-10-04,TeamB-29c5271b-5c46-455e-91ea-da2abfa8ff3c,9.0
2020-10-05,TeamB-29c5271b-5c46-455e-91ea-da2abfa8ff3c,8.5
2020-10-06,TeamB-29c5271b-5c46-455e-91ea-da2abfa8ff3c,8.5
2020-10-07,TeamB-29c5271b-5c46-455e-91ea-da2abfa8ff3c,8.0
2020-10-08,TeamB-29c5271b-5c46-455e-91ea-da2abfa8ff3c,8.0
2020-10-09,TeamB-29c5271b-5c46-455e-91ea-da2abfa8ff3c,8.0
2020-10-10,TeamB-29c5271b-5c46-455e-91ea-da2abfa8ff3c,7.0
2020-10-11,TeamB-29c5271b-5c46-455e-91ea-da2abfa8ff3c,7.0
2020-10-12,TeamB-29c5271b-5c46-455e-91ea-da2abfa8ff3c,7.0
2020-10-13,TeamB-29c5271b-5c46-455e-91ea-da2abfa8ff3c,7.5
2020-10-14,TeamB-29c5271b-5c46-455e-91ea-da2abfa8ff3c,8.0
2020-10-15,TeamB-29c5271b-5c46-455e-91ea-da2abfa8ff3c,8.0
2020-10-17,TeamB-29c5271b-5c46-455e-91ea-da2abfa8ff3c,8.5
2020-10-19,TeamB-29c5271b-5c46-455e-91ea-da2abfa8ff3c,1.0
2020-10-22,TeamB-29c5271b-5c46-455e-91ea-da2abfa8ff3c,9.0
2020-10-24,TeamB-29c5271b-5c46-455e-91ea-da2abfa8ff3c,9.0
2020-10-26,TeamB-29c5271b-5c46-455e-91ea-da2abfa8ff3c,9.0
2020-10-28,TeamB-29c5271b-5c46-455e-91ea-da2abfa8ff3c,3.0
2020-10-30,TeamB-29c5271b-5c46-455e-91ea-da2abfa8ff3c,9.0
2020-10-31,TeamB-29c5271b-5c46-455e-91ea-da2abfa8ff3c,8.5
2020-11-01,TeamB-29c5271b-5c46-455e-91ea-da2abfa8ff3c,9.0
2020-11-02,TeamB-29c5271b-5c46-455e-91ea-da2abfa8ff3c,8.0
2020-11-03,TeamB-29c5271b-5c46-455e-91ea-da2abfa8ff3c,7.0
2020-11-04,TeamB-29c5271b-5c46-455e-91ea-da2abfa8ff3c,8.5
2020-11-05,TeamB-29c5271b-5c46-455e-91ea-da2abfa8ff3c,9.0
2020-11-06,TeamB-29c5271b-5c46-455e-91ea-da2abfa8ff3c,6.0
2020-11-08,TeamB-29c5271b-5c46-455e-91ea-da2abfa8ff3c,9.0
2020-11-10,TeamB-29c5271b-5c46-455e-91ea-da2abfa8ff3c,9.0
2020-11-12,TeamB-29c5271b-5c46-455e-91ea-da2abfa8ff3c,7.0
2020-11-13,TeamB-29c5271b-5c46-455e-91ea-da2abfa8ff3c,9.0
2020-11-16,TeamB-29c5271b-5c46-455e-91ea-da2abfa8ff3c,8.0
2020-11-20,TeamB-29c5271b-5c46-455e-91ea-da2abfa8ff3c,7.5
2020-11-21,TeamB-29c5271b-5c46-455e-91ea-da2abfa8ff3c,8.0
2020-11-22,TeamB-29c5271b-5c46-455e-91ea-da2abfa8ff3c,8.0
2020-11-23,TeamB-29c5271b-5c46-455e-91ea-da2abfa8ff3c,8.5
2020-11-24,TeamB-29c5271b-5c46-455e-91ea-da2abfa8ff3c,8.5
2021-01-21,TeamB-29c5271b-5c46-455e-91ea-da2abfa8ff3c,8.0
2021-01-22,TeamB-29c5271b-5c46-455e-91ea-da2abfa8ff3c,7.0
2021-01-23,TeamB-29c5271b-5c46-455e-91ea-da2abfa8ff3c,7.5
2021-01-24,TeamB-29c5271b-5c46-455e-91ea-da2abfa8ff3c,8.0
2021-01-25,TeamB-29c5271b-5c46-455e-91ea-da2abfa8ff3c,8.0
2021-01-27,TeamB-29c5271b-5c46-455e-91ea-da2abfa8ff3c,8.0
2021-01-29,TeamB-29c5271b-5c46-455e-91ea-da2abfa8ff3c,8.0
2021-01-30,TeamB-29c5271b-5c46-455e-91ea-da2abfa8ff3c,8.5
2021-02-01,TeamB-29c5271b-5c46-455e-91ea-da2abfa8ff3c,8.5
2021-02-02,TeamB-29c5271b-5c46-455e-91ea-da2abfa8ff3c,8.5
2021-02-03,TeamB-29c5271b-5c46-455e-91ea-da2abfa8ff3c,8.5
2021-02-04,TeamB-29c5271b-5c46-455e-91ea-da2abfa8ff3c,8.5
2021-02-09,TeamB-29c5271b-5c46-455e-91ea-da2abfa8ff3c,6.5
2021-02-11,TeamB-29c5271b-5c46-455e-91ea-da2abfa8ff3c,8.0
2021-02-12,TeamB-29c5271b-5c46-455e-91ea-da2abfa8ff3c,7.5
2021-02-14,TeamB-29c5271b-5c46-455e-91ea-da2abfa8ff3c,8.0
2021-02-15,TeamB-29c5271b-5c46-455e-91ea-da2abfa8ff3c,8.0
2021-02-18,TeamB-29c5271b-5c46-455e-91ea-da2abfa8ff3c,9.0
2021-02-21,TeamB-29c5271b-5c46-455e-91ea-da2abfa8ff3c,7.0
2021-02-22,TeamB-29c5271b-5c46-455e-91ea-da2abfa8ff3c,6.0
2021-02-24,TeamB-29c5271b-5c46-455e-91ea-da2abfa8ff3c,8.0
2021-03-04,TeamB-29c5271b-5c46-455e-91ea-da2abfa8ff3c,8.5
2021-03-06,TeamB-29c5271b-5c46-455e-91ea-da2abfa8ff3c,8.0
2021-03-09,TeamB-29c5271b-5c46-455e-91ea-da2abfa8ff3c,8.5
2021-03-12,TeamB-29c5271b-5c46-455e-91ea-da2abfa8ff3c,7.5
2021-03-13,TeamB-29c5271b-5c46-455e-91ea-da2abfa8ff3c,8.5
2021-03-15,TeamB-29c5271b-5c46-455e-91ea-da2abfa8ff3c,8.5
2021-03-16,TeamB-29c5271b-5c46-455e-91ea-da2abfa8ff3c,8.5
2021-03-20,TeamB-29c5271b-5c46-455e-91ea-da2abfa8ff3c,8.0
2021-03-22,TeamB-29c5271b-5c46-455e-91ea-da2abfa8ff3c,8.5
2021-03-23,TeamB-29c5271b-5c46-455e-91ea-da2abfa8ff3c,8.5
2021-03-25,TeamB-29c5271b-5c46-455e-91ea-da2abfa8ff3c,8.5
2021-03-26,TeamB-29c5271b-5c46-455e-91ea-da2abfa8ff3c,8.5
2021-03-27,TeamB-29c5271b-5c46-455e-91ea-da2abfa8ff3c,8.5
2021-03-30,TeamB-29c5271b-5c46-455e-91ea-da2abfa8ff3c,8.5
2021-03-31,TeamB-29c5271b-5c46-455e-91ea-da2abfa8ff3c,8.5
2021-04-02,TeamB-29c5271b-5c46-455e-91ea-da2abfa8ff3c,8.5
2021-04-12,TeamB-29c5271b-5c46-455e-91ea-da2abfa8ff3c,8.5
2021-04-13,TeamB-29c5271b-5c46-455e-91ea-da2abfa8ff3c,8.5
2021-04-15,TeamB-29c5271b-5c46-455e-91ea-da2abfa8ff3c,8.5
2021-04-17,TeamB-29c5271b-5c46-455e-91ea-da2abfa8ff3c,8.5
2021-04-19,TeamB-29c5271b-5c46-455e-91ea-da2abfa8ff3c,8.5
2021-04-21,TeamB-29c5271b-5c46-455e-91ea-da2abfa8ff3c,8.5
2021-04-26,TeamB-29c5271b-5c46-455e-91ea-da2abfa8ff3c,8.5
2021-04-27,TeamB-29c5271b-5c46-455e-91ea-da2abfa8ff3c,8.5
2021-04-30,TeamB-29c5271b-5c46-455e-91ea-da2abfa8ff3c,7.0
2021-05-07,TeamB-29c5271b-5c46-455e-91ea-da2abfa8ff3c,8.5
2021-05-08,TeamB-29c5271b-5c46-455e-91ea-da2abfa8ff3c,8.5
2021-05-10,TeamB-29c5271b-5c46-455e-91ea-da2abfa8ff3c,8.5
2021-05-12,TeamB-29c5271b-5c46-455e-91ea-da2abfa8ff3c,8.5
2021-05-15,TeamB-29c5271b-5c46-455e-91ea-da2abfa8ff3c,8.5
2021-05-19,TeamB-29c5271b-5c46-455e-91ea-da2abfa8ff3c,8.5
2021-05-21,TeamB-29c5271b-5c46-455e-91ea-da2abfa8ff3c,8.5
2021-05-25,TeamB-29c5271b-5c46-455e-91ea-da2abfa8ff3c,8.5
2021-05-26,TeamB-29c5271b-5c46-455e-91ea-da2abfa8ff3c,8.5
2021-05-27,TeamB-29c5271b-5c46-455e-91ea-da2abfa8ff3c,8.5
2021-05-28,TeamB-29c5271b-5c46-455e-91ea-da2abfa8ff3c,8.5
2021-05-29,TeamB-29c5271b-5c46-455e-91ea-da2abfa8ff3c,8.5
2021-05-30,TeamB-29c5271b-5c46-455e-91ea-da2abfa8ff3c,8.5
2021-05-31,TeamB-29c5271b-5c46-455e-91ea-da2abfa8ff3c,7.0
2021-06-01,TeamB-29c5271b-5c46-455e-91ea-da2abfa8ff3c,8.5
2021-06-02,TeamB-29c5271b-5c46-455e-91ea-da2abfa8ff3c,8.5
2021-06-20,TeamB-29c5271b-5c46-455e-91ea-da2abfa8ff3c,8.5
2021-06-21,TeamB-29c5271b-5c46-455e-91ea-da2abfa8ff3c,8.5
2021-06-22,TeamB-29c5271b-5c46-455e-91ea-da2abfa8ff3c,8.5
2021-06-23,TeamB-29c5271b-5c46-455e-91ea-da2abfa8ff3c,8.5
2021-06-26,TeamB-29c5271b-5c46-455e-91ea-da2abfa8ff3c,8.5
2021-06-30,TeamB-29c5271b-5c46-455e-91ea-da2abfa8ff3c,8.5
2021-07-04,TeamB-29c5271b-5c46-455e-91ea-da2abfa8ff3c,8.5
2021-07-06,TeamB-29c5271b-5c46-455e-91ea-da2abfa8ff3c,8.5
2021-07-07,TeamB-29c5271b-5c46-455e-91ea-da2abfa8ff3c,8.0
2021-07-09,TeamB-29c5271b-5c46-455e-91ea-da2abfa8ff3c,8.0
2021-07-11,TeamB-29c5271b-5c46-455e-91ea-da2abfa8ff3c,9.0
2021-08-06,TeamB-29c5271b-5c46-455e-91ea-da2abfa8ff3c,9.0
2021-08-07,TeamB-29c5271b-5c46-455e-91ea-da2abfa8ff3c,9.0
2021-08-11,TeamB-29c5271b-5c46-455e-91ea-da2abfa8ff3c,9.0
2021-08-24,TeamB-29c5271b-5c46-455e-91ea-da2abfa8ff3c,7.5
2021-08-31,TeamB-29c5271b-5c46-455e-91ea-da2abfa8ff3c,9.0
2021-09-07,TeamB-29c5271b-5c46-455e-91ea-da2abfa8ff3c,8.0
2021-09-08,TeamB-29c5271b-5c46-455e-91ea-da2abfa8ff3c,9.0
2021-09-09,TeamB-29c5271b-5c46-455e-91ea-da2abfa8ff3c,6.0
2021-09-10,TeamB-29c5271b-5c46-455e-91ea-da2abfa8ff3c,4.0
2021-09-11,TeamB-29c5271b-5c46-455e-91ea-da2abfa8ff3c,7.0
2021-09-12,TeamB-29c5271b-5c46-455e-91ea-da2abfa8ff3c,8.5
2021-09-13,TeamB-29c5271b-5c46-455e-91ea-da2abfa8ff3c,9.0
2021-09-15,TeamB-29c5271b-5c46-455e-91ea-da2abfa8ff3c,8.5
2021-09-16,TeamB-29c5271b-5c46-455e-91ea-da2abfa8ff3c,9.0
2021-09-17,TeamB-29c5271b-5c46-455e-91ea-da2abfa8ff3c,7.0
2021-09-18,TeamB-29c5271b-5c46-455e-91ea-da2abfa8ff3c,6.5
2021-09-19,TeamB-29c5271b-5c46-455e-91ea-da2abfa8ff3c,8.0
2021-09-20,TeamB-29c5271b-5c46-455e-91ea-da2abfa8ff3c,6.5
2021-09-21,TeamB-29c5271b-5c46-455e-91ea-da2abfa8ff3c,7.0
2021-09-22,TeamB-29c5271b-5c46-455e-91ea-da2abfa8ff3c,3.0
2021-09-23,TeamB-29c5271b-5c46-455e-91ea-da2abfa8ff3c,11.0
2021-09-24,TeamB-29c5271b-5c46-455e-91ea-da2abfa8ff3c,8.5
2021-09-25,TeamB-29c5271b-5c46-455e-91ea-da2abfa8ff3c,8.5
2021-09-26,TeamB-29c5271b-5c46-455e-91ea-da2abfa8ff3c,8.5
2021-09-27,TeamB-29c5271b-5c46-455e-91ea-da2abfa8ff3c,7.5
2021-09-28,TeamB-29c5271b-5c46-455e-91ea-da2abfa8ff3c,9.0
2021-09-29,TeamB-29c5271b-5c46-455e-91ea-da2abfa8ff3c,8.5
2021-09-30,TeamB-29c5271b-5c46-455e-91ea-da2abfa8ff3c,8.5
2021-10-01,TeamB-29c5271b-5c46-455e-91ea-da2abfa8ff3c,9.0
2021-10-02,TeamB-29c5271b-5c46-455e-91ea-da2abfa8ff3c,10.0
2021-10-03,TeamB-29c5271b-5c46-455e-91ea-da2abfa8ff3c,7.0
2021-10-04,TeamB-29c5271b-5c46-455e-91ea-da2abfa8ff3c,6.0
2021-10-05,TeamB-29c5271b-5c46-455e-91ea-da2abfa8ff3c,8.5
2021-10-06,TeamB-29c5271b-5c46-455e-91ea-da2abfa8ff3c,7.0
2021-10-07,TeamB-29c5271b-5c46-455e-91ea-da2abfa8ff3c,8.5
2021-10-08,TeamB-29c5271b-5c46-455e-91ea-da2abfa8ff3c,9.0
2021-10-09,TeamB-29c5271b-5c46-455e-91ea-da2abfa8ff3c,8.5
2021-10-10,TeamB-29c5271b-5c46-455e-91ea-da2abfa8ff3c,9.0
2021-10-12,TeamB-29c5271b-5c46-455e-91ea-da2abfa8ff3c,8.5
2021-10-14,TeamB-29c5271b-5c46-455e-91ea-da2abfa8ff3c,8.5
2021-10-15,TeamB-29c5271b-5c46-455e-91ea-da2abfa8ff3c,8.5
2021-10-16,TeamB-29c5271b-5c46-455e-91ea-da2abfa8ff3c,6.5
2021-10-17,TeamB-29c5271b-5c46-455e-91ea-da2abfa8ff3c,10.0
2021-10-18,TeamB-29c5271b-5c46-455e-91ea-da2abfa8ff3c,5.0
2021-10-29,TeamB-29c5271b-5c46-455e-91ea-da2abfa8ff3c,7.0
2021-11-08,TeamB-29c5271b-5c46-455e-91ea-da2abfa8ff3c,8.5
2020-01-09,TeamB-2f23d7d5-2326-49ce-b9c8-5a6303f785c5,8.5
2020-01-10,TeamB-2f23d7d5-2326-49ce-b9c8-5a6303f785c5,7.5
2020-01-11,TeamB-2f23d7d5-2326-49ce-b9c8-5a6303f785c5,9.0
2020-01-12,TeamB-2f23d7d5-2326-49ce-b9c8-5a6303f785c5,7.0
2020-01-15,TeamB-2f23d7d5-2326-49ce-b9c8-5a6303f785c5,8.0
2020-01-16,TeamB-2f23d7d5-2326-49ce-b9c8-5a6303f785c5,6.0
2020-01-17,TeamB-2f23d7d5-2326-49ce-b9c8-5a6303f785c5,5.5
2020-01-18,TeamB-2f23d7d5-2326-49ce-b9c8-5a6303f785c5,8.0
2020-01-19,TeamB-2f23d7d5-2326-49ce-b9c8-5a6303f785c5,6.0
2020-01-20,TeamB-2f23d7d5-2326-49ce-b9c8-5a6303f785c5,6.0
2020-01-22,TeamB-2f23d7d5-2326-49ce-b9c8-5a6303f785c5,9.0
2020-01-23,TeamB-2f23d7d5-2326-49ce-b9c8-5a6303f785c5,7.5
2020-01-24,TeamB-2f23d7d5-2326-49ce-b9c8-5a6303f785c5,9.0
2020-01-25,TeamB-2f23d7d5-2326-49ce-b9c8-5a6303f785c5,8.5
2020-01-26,TeamB-2f23d7d5-2326-49ce-b9c8-5a6303f785c5,9.0
2020-01-27,TeamB-2f23d7d5-2326-49ce-b9c8-5a6303f785c5,9.0
2020-01-28,TeamB-2f23d7d5-2326-49ce-b9c8-5a6303f785c5,8.0
2020-01-29,TeamB-2f23d7d5-2326-49ce-b9c8-5a6303f785c5,10.0
2020-01-30,TeamB-2f23d7d5-2326-49ce-b9c8-5a6303f785c5,10.0
2020-01-31,TeamB-2f23d7d5-2326-49ce-b9c8-5a6303f785c5,8.0
2020-02-01,TeamB-2f23d7d5-2326-49ce-b9c8-5a6303f785c5,8.5
2020-02-02,TeamB-2f23d7d5-2326-49ce-b9c8-5a6303f785c5,8.0
2020-02-03,TeamB-2f23d7d5-2326-49ce-b9c8-5a6303f785c5,9.0
2020-02-04,TeamB-2f23d7d5-2326-49ce-b9c8-5a6303f785c5,9.0
2020-02-05,TeamB-2f23d7d5-2326-49ce-b9c8-5a6303f785c5,9.0
2020-02-06,TeamB-2f23d7d5-2326-49ce-b9c8-5a6303f785c5,7.0
2020-02-07,TeamB-2f23d7d5-2326-49ce-b9c8-5a6303f785c5,7.5
2020-02-08,TeamB-2f23d7d5-2326-49ce-b9c8-5a6303f785c5,8.5
2020-02-09,TeamB-2f23d7d5-2326-49ce-b9c8-5a6303f785c5,6.0
2020-02-10,TeamB-2f23d7d5-2326-49ce-b9c8-5a6303f785c5,10.0
2020-02-11,TeamB-2f23d7d5-2326-49ce-b9c8-5a6303f785c5,8.5
2020-02-12,TeamB-2f23d7d5-2326-49ce-b9c8-5a6303f785c5,9.0
2020-02-13,TeamB-2f23d7d5-2326-49ce-b9c8-5a6303f785c5,8.5
2020-02-14,TeamB-2f23d7d5-2326-49ce-b9c8-5a6303f785c5,10.0
2020-02-15,TeamB-2f23d7d5-2326-49ce-b9c8-5a6303f785c5,6.5
2020-02-17,TeamB-2f23d7d5-2326-49ce-b9c8-5a6303f785c5,8.5
2020-02-18,TeamB-2f23d7d5-2326-49ce-b9c8-5a6303f785c5,7.0
2020-02-19,TeamB-2f23d7d5-2326-49ce-b9c8-5a6303f785c5,8.0
2020-02-20,TeamB-2f23d7d5-2326-49ce-b9c8-5a6303f785c5,7.0
2020-02-21,TeamB-2f23d7d5-2326-49ce-b9c8-5a6303f785c5,9.0
2020-02-23,TeamB-2f23d7d5-2326-49ce-b9c8-5a6303f785c5,8.5
2020-02-24,TeamB-2f23d7d5-2326-49ce-b9c8-5a6303f785c5,8.0
2020-02-25,TeamB-2f23d7d5-2326-49ce-b9c8-5a6303f785c5,7.0
2020-02-26,TeamB-2f23d7d5-2326-49ce-b9c8-5a6303f785c5,7.0
2020-02-27,TeamB-2f23d7d5-2326-49ce-b9c8-5a6303f785c5,8.0
2020-02-28,TeamB-2f23d7d5-2326-49ce-b9c8-5a6303f785c5,5.0
2020-02-29,TeamB-2f23d7d5-2326-49ce-b9c8-5a6303f785c5,4.0
2020-03-01,TeamB-2f23d7d5-2326-49ce-b9c8-5a6303f785c5,8.5
2020-03-02,TeamB-2f23d7d5-2326-49ce-b9c8-5a6303f785c5,9.0
2020-03-03,TeamB-2f23d7d5-2326-49ce-b9c8-5a6303f785c5,9.0
2020-03-04,TeamB-2f23d7d5-2326-49ce-b9c8-5a6303f785c5,8.5
2020-03-05,TeamB-2f23d7d5-2326-49ce-b9c8-5a6303f785c5,7.0
2020-03-06,TeamB-2f23d7d5-2326-49ce-b9c8-5a6303f785c5,7.0
2020-03-07,TeamB-2f23d7d5-2326-49ce-b9c8-5a6303f785c5,9.0
2020-03-09,TeamB-2f23d7d5-2326-49ce-b9c8-5a6303f785c5,8.5
2020-03-10,TeamB-2f23d7d5-2326-49ce-b9c8-5a6303f785c5,8.5
2020-03-12,TeamB-2f23d7d5-2326-49ce-b9c8-5a6303f785c5,3.0
2020-03-13,TeamB-2f23d7d5-2326-49ce-b9c8-5a6303f785c5,11.0
2020-03-14,TeamB-2f23d7d5-2326-49ce-b9c8-5a6303f785c5,7.0
2020-03-15,TeamB-2f23d7d5-2326-49ce-b9c8-5a6303f785c5,7.5
2020-03-17,TeamB-2f23d7d5-2326-49ce-b9c8-5a6303f785c5,8.5
2020-03-18,TeamB-2f23d7d5-2326-49ce-b9c8-5a6303f785c5,8.5
2020-03-19,TeamB-2f23d7d5-2326-49ce-b9c8-5a6303f785c5,7.5
2020-03-20,TeamB-2f23d7d5-2326-49ce-b9c8-5a6303f785c5,8.5
2020-03-21,TeamB-2f23d7d5-2326-49ce-b9c8-5a6303f785c5,9.0
2020-03-22,TeamB-2f23d7d5-2326-49ce-b9c8-5a6303f785c5,8.5
2020-03-23,TeamB-2f23d7d5-2326-49ce-b9c8-5a6303f785c5,8.5
2020-03-24,TeamB-2f23d7d5-2326-49ce-b9c8-5a6303f785c5,7.5
2020-03-25,TeamB-2f23d7d5-2326-49ce-b9c8-5a6303f785c5,8.0
2020-03-26,TeamB-2f23d7d5-2326-49ce-b9c8-5a6303f785c5,6.0
2020-03-27,TeamB-2f23d7d5-2326-49ce-b9c8-5a6303f785c5,6.5
2020-03-28,TeamB-2f23d7d5-2326-49ce-b9c8-5a6303f785c5,8.5
2020-03-29,TeamB-2f23d7d5-2326-49ce-b9c8-5a6303f785c5,8.5
2020-03-30,TeamB-2f23d7d5-2326-49ce-b9c8-5a6303f785c5,9.0
2020-03-31,TeamB-2f23d7d5-2326-49ce-b9c8-5a6303f785c5,10.0
2020-04-01,TeamB-2f23d7d5-2326-49ce-b9c8-5a6303f785c5,10.0
2020-04-02,TeamB-2f23d7d5-2326-49ce-b9c8-5a6303f785c5,8.0
2020-04-03,TeamB-2f23d7d5-2326-49ce-b9c8-5a6303f785c5,8.0
2020-04-04,TeamB-2f23d7d5-2326-49ce-b9c8-5a6303f785c5,9.0
2020-04-05,TeamB-2f23d7d5-2326-49ce-b9c8-5a6303f785c5,7.5
2020-04-08,TeamB-2f23d7d5-2326-49ce-b9c8-5a6303f785c5,8.0
2020-04-10,TeamB-2f23d7d5-2326-49ce-b9c8-5a6303f785c5,8.0
2020-04-12,TeamB-2f23d7d5-2326-49ce-b9c8-5a6303f785c5,9.0
2020-04-13,TeamB-2f23d7d5-2326-49ce-b9c8-5a6303f785c5,7.5
2020-04-14,TeamB-2f23d7d5-2326-49ce-b9c8-5a6303f785c5,8.0
2020-04-24,TeamB-2f23d7d5-2326-49ce-b9c8-5a6303f785c5,9.0
2020-04-27,TeamB-2f23d7d5-2326-49ce-b9c8-5a6303f785c5,7.0
2020-04-28,TeamB-2f23d7d5-2326-49ce-b9c8-5a6303f785c5,11.0
2020-04-29,TeamB-2f23d7d5-2326-49ce-b9c8-5a6303f785c5,6.5
2020-04-30,TeamB-2f23d7d5-2326-49ce-b9c8-5a6303f785c5,6.5
2020-05-01,TeamB-2f23d7d5-2326-49ce-b9c8-5a6303f785c5,7.0
2020-05-19,TeamB-2f23d7d5-2326-49ce-b9c8-5a6303f785c5,7.0
2020-05-20,TeamB-2f23d7d5-2326-49ce-b9c8-5a6303f785c5,7.5
2020-05-21,TeamB-2f23d7d5-2326-49ce-b9c8-5a6303f785c5,10.0
2020-05-22,TeamB-2f23d7d5-2326-49ce-b9c8-5a6303f785c5,9.0
2020-05-23,TeamB-2f23d7d5-2326-49ce-b9c8-5a6303f785c5,8.5
2020-05-24,TeamB-2f23d7d5-2326-49ce-b9c8-5a6303f785c5,8.0
2020-05-25,TeamB-2f23d7d5-2326-49ce-b9c8-5a6303f785c5,9.0
2020-05-26,TeamB-2f23d7d5-2326-49ce-b9c8-5a6303f785c5,9.0
2020-05-27,TeamB-2f23d7d5-2326-49ce-b9c8-5a6303f785c5,9.0
2020-05-28,TeamB-2f23d7d5-2326-49ce-b9c8-5a6303f785c5,10.0
2020-05-29,TeamB-2f23d7d5-2326-49ce-b9c8-5a6303f785c5,6.5
2020-05-30,TeamB-2f23d7d5-2326-49ce-b9c8-5a6303f785c5,8.0
2020-05-31,TeamB-2f23d7d5-2326-49ce-b9c8-5a6303f785c5,8.0
2020-06-01,TeamB-2f23d7d5-2326-49ce-b9c8-5a6303f785c5,9.0
2020-06-02,TeamB-2f23d7d5-2326-49ce-b9c8-5a6303f785c5,7.5
2020-06-03,TeamB-2f23d7d5-2326-49ce-b9c8-5a6303f785c5,9.0
2020-06-04,TeamB-2f23d7d5-2326-49ce-b9c8-5a6303f785c5,6.0
2020-06-05,TeamB-2f23d7d5-2326-49ce-b9c8-5a6303f785c5,9.0
2020-06-06,TeamB-2f23d7d5-2326-49ce-b9c8-5a6303f785c5,8.0
2020-06-07,TeamB-2f23d7d5-2326-49ce-b9c8-5a6303f785c5,6.5
2020-06-08,TeamB-2f23d7d5-2326-49ce-b9c8-5a6303f785c5,8.0
2020-06-09,TeamB-2f23d7d5-2326-49ce-b9c8-5a6303f785c5,6.5
2020-06-10,TeamB-2f23d7d5-2326-49ce-b9c8-5a6303f785c5,8.0
2020-06-11,TeamB-2f23d7d5-2326-49ce-b9c8-5a6303f785c5,6.0
2020-06-12,TeamB-2f23d7d5-2326-49ce-b9c8-5a6303f785c5,8.0
2020-06-13,TeamB-2f23d7d5-2326-49ce-b9c8-5a6303f785c5,7.0
2020-06-14,TeamB-2f23d7d5-2326-49ce-b9c8-5a6303f785c5,7.0
2020-06-15,TeamB-2f23d7d5-2326-49ce-b9c8-5a6303f785c5,8.5
2020-06-16,TeamB-2f23d7d5-2326-49ce-b9c8-5a6303f785c5,7.0
2020-06-17,TeamB-2f23d7d5-2326-49ce-b9c8-5a6303f785c5,7.0
2020-06-18,TeamB-2f23d7d5-2326-49ce-b9c8-5a6303f785c5,7.0
2020-06-19,TeamB-2f23d7d5-2326-49ce-b9c8-5a6303f785c5,8.0
2020-06-20,TeamB-2f23d7d5-2326-49ce-b9c8-5a6303f785c5,7.0
2020-06-21,TeamB-2f23d7d5-2326-49ce-b9c8-5a6303f785c5,10.0
2020-06-22,TeamB-2f23d7d5-2326-49ce-b9c8-5a6303f785c5,7.5
2020-06-23,TeamB-2f23d7d5-2326-49ce-b9c8-5a6303f785c5,8.0
2020-06-24,TeamB-2f23d7d5-2326-49ce-b9c8-5a6303f785c5,7.5
2020-06-25,TeamB-2f23d7d5-2326-49ce-b9c8-5a6303f785c5,8.0
2020-06-26,TeamB-2f23d7d5-2326-49ce-b9c8-5a6303f785c5,9.0
2020-06-27,TeamB-2f23d7d5-2326-49ce-b9c8-5a6303f785c5,8.5
2020-06-28,TeamB-2f23d7d5-2326-49ce-b9c8-5a6303f785c5,7.0
2020-06-29,TeamB-2f23d7d5-2326-49ce-b9c8-5a6303f785c5,7.0
2020-06-30,TeamB-2f23d7d5-2326-49ce-b9c8-5a6303f785c5,10.0
2020-07-01,TeamB-2f23d7d5-2326-49ce-b9c8-5a6303f785c5,8.0
2020-07-02,TeamB-2f23d7d5-2326-49ce-b9c8-5a6303f785c5,7.5
2020-07-03,TeamB-2f23d7d5-2326-49ce-b9c8-5a6303f785c5,7.0
2020-07-04,TeamB-2f23d7d5-2326-49ce-b9c8-5a6303f785c5,8.0
2020-07-05,TeamB-2f23d7d5-2326-49ce-b9c8-5a6303f785c5,8.0
2020-07-06,TeamB-2f23d7d5-2326-49ce-b9c8-5a6303f785c5,8.5
2020-07-07,TeamB-2f23d7d5-2326-49ce-b9c8-5a6303f785c5,9.0
2020-07-08,TeamB-2f23d7d5-2326-49ce-b9c8-5a6303f785c5,5.5
2020-07-09,TeamB-2f23d7d5-2326-49ce-b9c8-5a6303f785c5,8.0
2020-07-10,TeamB-2f23d7d5-2326-49ce-b9c8-5a6303f785c5,7.5
2020-07-11,TeamB-2f23d7d5-2326-49ce-b9c8-5a6303f785c5,7.0
2020-07-12,TeamB-2f23d7d5-2326-49ce-b9c8-5a6303f785c5,8.0
2020-07-13,TeamB-2f23d7d5-2326-49ce-b9c8-5a6303f785c5,8.0
2020-07-14,TeamB-2f23d7d5-2326-49ce-b9c8-5a6303f785c5,9.0
2020-07-15,TeamB-2f23d7d5-2326-49ce-b9c8-5a6303f785c5,7.5
2020-07-16,TeamB-2f23d7d5-2326-49ce-b9c8-5a6303f785c5,7.5
2020-07-17,TeamB-2f23d7d5-2326-49ce-b9c8-5a6303f785c5,7.0
2020-07-18,TeamB-2f23d7d5-2326-49ce-b9c8-5a6303f785c5,8.0
2020-07-20,TeamB-2f23d7d5-2326-49ce-b9c8-5a6303f785c5,8.5
2020-07-21,TeamB-2f23d7d5-2326-49ce-b9c8-5a6303f785c5,10.0
2020-07-22,TeamB-2f23d7d5-2326-49ce-b9c8-5a6303f785c5,7.5
2020-07-23,TeamB-2f23d7d5-2326-49ce-b9c8-5a6303f785c5,8.0
2020-07-24,TeamB-2f23d7d5-2326-49ce-b9c8-5a6303f785c5,9.0
2020-07-26,TeamB-2f23d7d5-2326-49ce-b9c8-5a6303f785c5,7.0
2020-07-27,TeamB-2f23d7d5-2326-49ce-b9c8-5a6303f785c5,7.5
2020-07-28,TeamB-2f23d7d5-2326-49ce-b9c8-5a6303f785c5,8.0
2020-07-29,TeamB-2f23d7d5-2326-49ce-b9c8-5a6303f785c5,9.0
2020-07-30,TeamB-2f23d7d5-2326-49ce-b9c8-5a6303f785c5,8.0
2020-07-31,TeamB-2f23d7d5-2326-49ce-b9c8-5a6303f785c5,7.5
2020-08-01,TeamB-2f23d7d5-2326-49ce-b9c8-5a6303f785c5,8.0
2020-08-02,TeamB-2f23d7d5-2326-49ce-b9c8-5a6303f785c5,8.0
2020-08-03,TeamB-2f23d7d5-2326-49ce-b9c8-5a6303f785c5,7.0
2020-08-04,TeamB-2f23d7d5-2326-49ce-b9c8-5a6303f785c5,9.0
2020-08-05,TeamB-2f23d7d5-2326-49ce-b9c8-5a6303f785c5,8.5
2020-08-06,TeamB-2f23d7d5-2326-49ce-b9c8-5a6303f785c5,7.0
2020-08-07,TeamB-2f23d7d5-2326-49ce-b9c8-5a6303f785c5,7.5
2020-08-08,TeamB-2f23d7d5-2326-49ce-b9c8-5a6303f785c5,7.0
2020-08-09,TeamB-2f23d7d5-2326-49ce-b9c8-5a6303f785c5,7.0
2020-08-10,TeamB-2f23d7d5-2326-49ce-b9c8-5a6303f785c5,8.5
2020-08-11,TeamB-2f23d7d5-2326-49ce-b9c8-5a6303f785c5,10.0
2020-08-12,TeamB-2f23d7d5-2326-49ce-b9c8-5a6303f785c5,8.5
2020-08-13,TeamB-2f23d7d5-2326-49ce-b9c8-5a6303f785c5,8.0
2020-08-14,TeamB-2f23d7d5-2326-49ce-b9c8-5a6303f785c5,7.5
2020-08-15,TeamB-2f23d7d5-2326-49ce-b9c8-5a6303f785c5,7.0
2020-08-16,TeamB-2f23d7d5-2326-49ce-b9c8-5a6303f785c5,9.0
2020-08-17,TeamB-2f23d7d5-2326-49ce-b9c8-5a6303f785c5,7.0
2020-08-18,TeamB-2f23d7d5-2326-49ce-b9c8-5a6303f785c5,7.0
2020-08-19,TeamB-2f23d7d5-2326-49ce-b9c8-5a6303f785c5,10.0
2020-08-20,TeamB-2f23d7d5-2326-49ce-b9c8-5a6303f785c5,7.0
2020-08-21,TeamB-2f23d7d5-2326-49ce-b9c8-5a6303f785c5,9.0
2020-08-22,TeamB-2f23d7d5-2326-49ce-b9c8-5a6303f785c5,9.0
2020-08-23,TeamB-2f23d7d5-2326-49ce-b9c8-5a6303f785c5,7.0
2020-08-24,TeamB-2f23d7d5-2326-49ce-b9c8-5a6303f785c5,9.0
2020-08-25,TeamB-2f23d7d5-2326-49ce-b9c8-5a6303f785c5,8.0
2020-08-26,TeamB-2f23d7d5-2326-49ce-b9c8-5a6303f785c5,9.0
2020-08-27,TeamB-2f23d7d5-2326-49ce-b9c8-5a6303f785c5,5.5
2020-08-28,TeamB-2f23d7d5-2326-49ce-b9c8-5a6303f785c5,9.0
2020-08-29,TeamB-2f23d7d5-2326-49ce-b9c8-5a6303f785c5,7.0
2020-08-30,TeamB-2f23d7d5-2326-49ce-b9c8-5a6303f785c5,8.0
2020-08-31,TeamB-2f23d7d5-2326-49ce-b9c8-5a6303f785c5,8.0
2020-09-01,TeamB-2f23d7d5-2326-49ce-b9c8-5a6303f785c5,8.0
2020-09-02,TeamB-2f23d7d5-2326-49ce-b9c8-5a6303f785c5,7.0
2020-09-04,TeamB-2f23d7d5-2326-49ce-b9c8-5a6303f785c5,8.0
2020-09-05,TeamB-2f23d7d5-2326-49ce-b9c8-5a6303f785c5,9.0
2020-09-06,TeamB-2f23d7d5-2326-49ce-b9c8-5a6303f785c5,7.5
2020-09-07,TeamB-2f23d7d5-2326-49ce-b9c8-5a6303f785c5,8.0
2020-09-08,TeamB-2f23d7d5-2326-49ce-b9c8-5a6303f785c5,9.0
2020-09-09,TeamB-2f23d7d5-2326-49ce-b9c8-5a6303f785c5,9.0
2020-09-11,TeamB-2f23d7d5-2326-49ce-b9c8-5a6303f785c5,9.0
2020-09-12,TeamB-2f23d7d5-2326-49ce-b9c8-5a6303f785c5,9.0
2020-09-13,TeamB-2f23d7d5-2326-49ce-b9c8-5a6303f785c5,9.0
2020-09-14,TeamB-2f23d7d5-2326-49ce-b9c8-5a6303f785c5,10.0
2020-09-16,TeamB-2f23d7d5-2326-49ce-b9c8-5a6303f785c5,8.0
2020-09-17,TeamB-2f23d7d5-2326-49ce-b9c8-5a6303f785c5,8.0
2020-09-18,TeamB-2f23d7d5-2326-49ce-b9c8-5a6303f785c5,7.0
2020-09-19,TeamB-2f23d7d5-2326-49ce-b9c8-5a6303f785c5,10.0
2020-09-20,TeamB-2f23d7d5-2326-49ce-b9c8-5a6303f785c5,9.0
2020-09-21,TeamB-2f23d7d5-2326-49ce-b9c8-5a6303f785c5,7.5
2020-09-23,TeamB-2f23d7d5-2326-49ce-b9c8-5a6303f785c5,7.0
2020-09-24,TeamB-2f23d7d5-2326-49ce-b9c8-5a6303f785c5,7.5
2020-09-25,TeamB-2f23d7d5-2326-49ce-b9c8-5a6303f785c5,8.0
2020-09-27,TeamB-2f23d7d5-2326-49ce-b9c8-5a6303f785c5,8.5
2020-09-28,TeamB-2f23d7d5-2326-49ce-b9c8-5a6303f785c5,6.5
2020-09-29,TeamB-2f23d7d5-2326-49ce-b9c8-5a6303f785c5,8.5
2020-09-30,TeamB-2f23d7d5-2326-49ce-b9c8-5a6303f785c5,8.5
2020-10-02,TeamB-2f23d7d5-2326-49ce-b9c8-5a6303f785c5,8.5
2020-10-03,TeamB-2f23d7d5-2326-49ce-b9c8-5a6303f785c5,7.5
2020-10-04,TeamB-2f23d7d5-2326-49ce-b9c8-5a6303f785c5,9.0
2020-10-05,TeamB-2f23d7d5-2326-49ce-b9c8-5a6303f785c5,7.0
2020-10-06,TeamB-2f23d7d5-2326-49ce-b9c8-5a6303f785c5,8.0
2020-10-07,TeamB-2f23d7d5-2326-49ce-b9c8-5a6303f785c5,8.0
2020-10-08,TeamB-2f23d7d5-2326-49ce-b9c8-5a6303f785c5,6.5
2020-10-09,TeamB-2f23d7d5-2326-49ce-b9c8-5a6303f785c5,9.0
2020-10-10,TeamB-2f23d7d5-2326-49ce-b9c8-5a6303f785c5,7.5
2020-10-11,TeamB-2f23d7d5-2326-49ce-b9c8-5a6303f785c5,8.0
2020-10-12,TeamB-2f23d7d5-2326-49ce-b9c8-5a6303f785c5,8.5
2020-10-13,TeamB-2f23d7d5-2326-49ce-b9c8-5a6303f785c5,7.5
2020-10-15,TeamB-2f23d7d5-2326-49ce-b9c8-5a6303f785c5,7.5
2020-10-17,TeamB-2f23d7d5-2326-49ce-b9c8-5a6303f785c5,8.0
2020-10-18,TeamB-2f23d7d5-2326-49ce-b9c8-5a6303f785c5,9.0
2020-10-19,TeamB-2f23d7d5-2326-49ce-b9c8-5a6303f785c5,2.0
2020-10-20,TeamB-2f23d7d5-2326-49ce-b9c8-5a6303f785c5,9.0
2020-10-23,TeamB-2f23d7d5-2326-49ce-b9c8-5a6303f785c5,8.5
2020-10-24,TeamB-2f23d7d5-2326-49ce-b9c8-5a6303f785c5,8.5
2020-10-25,TeamB-2f23d7d5-2326-49ce-b9c8-5a6303f785c5,8.5
2020-10-26,TeamB-2f23d7d5-2326-49ce-b9c8-5a6303f785c5,8.5
2020-10-27,TeamB-2f23d7d5-2326-49ce-b9c8-5a6303f785c5,8.0
2020-10-28,TeamB-2f23d7d5-2326-49ce-b9c8-5a6303f785c5,3.0
2020-10-29,TeamB-2f23d7d5-2326-49ce-b9c8-5a6303f785c5,8.5
2020-10-30,TeamB-2f23d7d5-2326-49ce-b9c8-5a6303f785c5,8.0
2020-10-31,TeamB-2f23d7d5-2326-49ce-b9c8-5a6303f785c5,8.5
2020-11-01,TeamB-2f23d7d5-2326-49ce-b9c8-5a6303f785c5,9.0
2020-11-02,TeamB-2f23d7d5-2326-49ce-b9c8-5a6303f785c5,7.5
2020-11-03,TeamB-2f23d7d5-2326-49ce-b9c8-5a6303f785c5,8.5
2020-11-04,TeamB-2f23d7d5-2326-49ce-b9c8-5a6303f785c5,9.0
2020-11-05,TeamB-2f23d7d5-2326-49ce-b9c8-5a6303f785c5,7.0
2020-11-06,TeamB-2f23d7d5-2326-49ce-b9c8-5a6303f785c5,8.0
2020-11-07,TeamB-2f23d7d5-2326-49ce-b9c8-5a6303f785c5,9.0
2020-11-08,TeamB-2f23d7d5-2326-49ce-b9c8-5a6303f785c5,7.5
2020-11-09,TeamB-2f23d7d5-2326-49ce-b9c8-5a6303f785c5,9.0
2020-11-11,TeamB-2f23d7d5-2326-49ce-b9c8-5a6303f785c5,8.0
2020-11-12,TeamB-2f23d7d5-2326-49ce-b9c8-5a6303f785c5,7.5
2020-11-13,TeamB-2f23d7d5-2326-49ce-b9c8-5a6303f785c5,6.5
2020-11-14,TeamB-2f23d7d5-2326-49ce-b9c8-5a6303f785c5,9.0
2020-11-15,TeamB-2f23d7d5-2326-49ce-b9c8-5a6303f785c5,7.0
2020-11-17,TeamB-2f23d7d5-2326-49ce-b9c8-5a6303f785c5,8.5
2020-11-18,TeamB-2f23d7d5-2326-49ce-b9c8-5a6303f785c5,5.5
2020-11-19,TeamB-2f23d7d5-2326-49ce-b9c8-5a6303f785c5,8.5
2020-11-24,TeamB-2f23d7d5-2326-49ce-b9c8-5a6303f785c5,8.0
2020-11-25,TeamB-2f23d7d5-2326-49ce-b9c8-5a6303f785c5,8.0
2020-11-26,TeamB-2f23d7d5-2326-49ce-b9c8-5a6303f785c5,8.0
2020-11-27,TeamB-2f23d7d5-2326-49ce-b9c8-5a6303f785c5,8.0
2020-11-28,TeamB-2f23d7d5-2326-49ce-b9c8-5a6303f785c5,8.5
2020-11-29,TeamB-2f23d7d5-2326-49ce-b9c8-5a6303f785c5,8.0
2020-11-30,TeamB-2f23d7d5-2326-49ce-b9c8-5a6303f785c5,8.5
2020-12-03,TeamB-2f23d7d5-2326-49ce-b9c8-5a6303f785c5,11.0
2021-01-14,TeamB-2f23d7d5-2326-49ce-b9c8-5a6303f785c5,8.0
2021-01-15,TeamB-2f23d7d5-2326-49ce-b9c8-5a6303f785c5,8.0
2021-01-17,TeamB-2f23d7d5-2326-49ce-b9c8-5a6303f785c5,8.0
2021-01-18,TeamB-2f23d7d5-2326-49ce-b9c8-5a6303f785c5,9.0
2021-01-19,TeamB-2f23d7d5-2326-49ce-b9c8-5a6303f785c5,8.0
2021-01-20,TeamB-2f23d7d5-2326-49ce-b9c8-5a6303f785c5,9.0
2021-01-21,TeamB-2f23d7d5-2326-49ce-b9c8-5a6303f785c5,5.5
2021-01-22,TeamB-2f23d7d5-2326-49ce-b9c8-5a6303f785c5,8.0
2021-01-23,TeamB-2f23d7d5-2326-49ce-b9c8-5a6303f785c5,8.0
2021-01-24,TeamB-2f23d7d5-2326-49ce-b9c8-5a6303f785c5,9.0
2021-01-25,TeamB-2f23d7d5-2326-49ce-b9c8-5a6303f785c5,8.0
2021-01-26,TeamB-2f23d7d5-2326-49ce-b9c8-5a6303f785c5,9.0
2021-01-27,TeamB-2f23d7d5-2326-49ce-b9c8-5a6303f785c5,9.0
2021-01-28,TeamB-2f23d7d5-2326-49ce-b9c8-5a6303f785c5,9.0
2021-01-29,TeamB-2f23d7d5-2326-49ce-b9c8-5a6303f785c5,8.0
2021-01-30,TeamB-2f23d7d5-2326-49ce-b9c8-5a6303f785c5,9.0
2021-01-31,TeamB-2f23d7d5-2326-49ce-b9c8-5a6303f785c5,9.0
2021-02-01,TeamB-2f23d7d5-2326-49ce-b9c8-5a6303f785c5,9.0
2021-02-02,TeamB-2f23d7d5-2326-49ce-b9c8-5a6303f785c5,9.0
2021-02-03,TeamB-2f23d7d5-2326-49ce-b9c8-5a6303f785c5,8.0
2021-02-04,TeamB-2f23d7d5-2326-49ce-b9c8-5a6303f785c5,8.5
2021-02-05,TeamB-2f23d7d5-2326-49ce-b9c8-5a6303f785c5,8.0
2021-02-06,TeamB-2f23d7d5-2326-49ce-b9c8-5a6303f785c5,10.0
2021-02-07,TeamB-2f23d7d5-2326-49ce-b9c8-5a6303f785c5,9.0
2021-02-08,TeamB-2f23d7d5-2326-49ce-b9c8-5a6303f785c5,8.5
2021-02-10,TeamB-2f23d7d5-2326-49ce-b9c8-5a6303f785c5,8.0
2021-02-12,TeamB-2f23d7d5-2326-49ce-b9c8-5a6303f785c5,8.0
2021-02-13,TeamB-2f23d7d5-2326-49ce-b9c8-5a6303f785c5,9.0
2021-02-15,TeamB-2f23d7d5-2326-49ce-b9c8-5a6303f785c5,10.0
2021-02-16,TeamB-2f23d7d5-2326-49ce-b9c8-5a6303f785c5,8.0
2021-02-17,TeamB-2f23d7d5-2326-49ce-b9c8-5a6303f785c5,8.5
2021-02-18,TeamB-2f23d7d5-2326-49ce-b9c8-5a6303f785c5,8.0
2021-02-19,TeamB-2f23d7d5-2326-49ce-b9c8-5a6303f785c5,8.0
2021-02-20,TeamB-2f23d7d5-2326-49ce-b9c8-5a6303f785c5,8.5
2021-02-21,TeamB-2f23d7d5-2326-49ce-b9c8-5a6303f785c5,11.0
2021-02-22,TeamB-2f23d7d5-2326-49ce-b9c8-5a6303f785c5,7.5
2021-02-23,TeamB-2f23d7d5-2326-49ce-b9c8-5a6303f785c5,8.0
2021-02-24,TeamB-2f23d7d5-2326-49ce-b9c8-5a6303f785c5,10.0
2021-02-25,TeamB-2f23d7d5-2326-49ce-b9c8-5a6303f785c5,9.0
2021-02-27,TeamB-2f23d7d5-2326-49ce-b9c8-5a6303f785c5,6.5
2021-02-28,TeamB-2f23d7d5-2326-49ce-b9c8-5a6303f785c5,9.0
2021-03-01,TeamB-2f23d7d5-2326-49ce-b9c8-5a6303f785c5,9.0
2021-03-02,TeamB-2f23d7d5-2326-49ce-b9c8-5a6303f785c5,9.0
2021-03-04,TeamB-2f23d7d5-2326-49ce-b9c8-5a6303f785c5,10.0
2021-03-05,TeamB-2f23d7d5-2326-49ce-b9c8-5a6303f785c5,9.0
2021-03-06,TeamB-2f23d7d5-2326-49ce-b9c8-5a6303f785c5,8.0
2021-03-07,TeamB-2f23d7d5-2326-49ce-b9c8-5a6303f785c5,8.0
2021-03-08,TeamB-2f23d7d5-2326-49ce-b9c8-5a6303f785c5,8.5
2021-03-09,TeamB-2f23d7d5-2326-49ce-b9c8-5a6303f785c5,8.5
2021-03-10,TeamB-2f23d7d5-2326-49ce-b9c8-5a6303f785c5,8.5
2021-03-11,TeamB-2f23d7d5-2326-49ce-b9c8-5a6303f785c5,8.5
2021-03-12,TeamB-2f23d7d5-2326-49ce-b9c8-5a6303f785c5,9.0
2021-03-13,TeamB-2f23d7d5-2326-49ce-b9c8-5a6303f785c5,7.0
2021-03-15,TeamB-2f23d7d5-2326-49ce-b9c8-5a6303f785c5,8.5
2021-03-16,TeamB-2f23d7d5-2326-49ce-b9c8-5a6303f785c5,9.0
2021-03-17,TeamB-2f23d7d5-2326-49ce-b9c8-5a6303f785c5,8.5
2021-03-18,TeamB-2f23d7d5-2326-49ce-b9c8-5a6303f785c5,8.5
2021-03-19,TeamB-2f23d7d5-2326-49ce-b9c8-5a6303f785c5,10.0
2021-03-20,TeamB-2f23d7d5-2326-49ce-b9c8-5a6303f785c5,7.0
2021-03-21,TeamB-2f23d7d5-2326-49ce-b9c8-5a6303f785c5,8.0
2021-03-22,TeamB-2f23d7d5-2326-49ce-b9c8-5a6303f785c5,8.0
2021-03-23,TeamB-2f23d7d5-2326-49ce-b9c8-5a6303f785c5,8.5
2021-03-24,TeamB-2f23d7d5-2326-49ce-b9c8-5a6303f785c5,8.5
2021-03-25,TeamB-2f23d7d5-2326-49ce-b9c8-5a6303f785c5,8.5
2021-03-26,TeamB-2f23d7d5-2326-49ce-b9c8-5a6303f785c5,10.0
2021-03-27,TeamB-2f23d7d5-2326-49ce-b9c8-5a6303f785c5,8.0
2021-03-28,TeamB-2f23d7d5-2326-49ce-b9c8-5a6303f785c5,10.0
2021-03-29,TeamB-2f23d7d5-2326-49ce-b9c8-5a6303f785c5,8.5
2021-03-30,TeamB-2f23d7d5-2326-49ce-b9c8-5a6303f785c5,9.0
2021-03-31,TeamB-2f23d7d5-2326-49ce-b9c8-5a6303f785c5,9.0
2021-04-01,TeamB-2f23d7d5-2326-49ce-b9c8-5a6303f785c5,6.5
2021-04-02,TeamB-2f23d7d5-2326-49ce-b9c8-5a6303f785c5,8.5
2021-04-03,TeamB-2f23d7d5-2326-49ce-b9c8-5a6303f785c5,8.0
2021-04-06,TeamB-2f23d7d5-2326-49ce-b9c8-5a6303f785c5,9.0
2021-04-07,TeamB-2f23d7d5-2326-49ce-b9c8-5a6303f785c5,9.0
2021-04-08,TeamB-2f23d7d5-2326-49ce-b9c8-5a6303f785c5,9.0
2021-04-09,TeamB-2f23d7d5-2326-49ce-b9c8-5a6303f785c5,9.0
2021-04-11,TeamB-2f23d7d5-2326-49ce-b9c8-5a6303f785c5,9.0
2021-04-12,TeamB-2f23d7d5-2326-49ce-b9c8-5a6303f785c5,8.0
2021-04-13,TeamB-2f23d7d5-2326-49ce-b9c8-5a6303f785c5,10.0
2021-04-14,TeamB-2f23d7d5-2326-49ce-b9c8-5a6303f785c5,9.0
2021-04-15,TeamB-2f23d7d5-2326-49ce-b9c8-5a6303f785c5,10.0
2021-04-16,TeamB-2f23d7d5-2326-49ce-b9c8-5a6303f785c5,7.0
2021-04-17,TeamB-2f23d7d5-2326-49ce-b9c8-5a6303f785c5,8.5
2021-04-18,TeamB-2f23d7d5-2326-49ce-b9c8-5a6303f785c5,8.5
2021-04-19,TeamB-2f23d7d5-2326-49ce-b9c8-5a6303f785c5,9.0
2021-04-20,TeamB-2f23d7d5-2326-49ce-b9c8-5a6303f785c5,9.0
2021-04-21,TeamB-2f23d7d5-2326-49ce-b9c8-5a6303f785c5,7.0
2021-04-23,TeamB-2f23d7d5-2326-49ce-b9c8-5a6303f785c5,7.0
2021-04-24,TeamB-2f23d7d5-2326-49ce-b9c8-5a6303f785c5,9.0
2021-04-25,TeamB-2f23d7d5-2326-49ce-b9c8-5a6303f785c5,10.0
2021-04-26,TeamB-2f23d7d5-2326-49ce-b9c8-5a6303f785c5,9.0
2021-04-28,TeamB-2f23d7d5-2326-49ce-b9c8-5a6303f785c5,8.0
2021-04-29,TeamB-2f23d7d5-2326-49ce-b9c8-5a6303f785c5,9.0
2021-05-01,TeamB-2f23d7d5-2326-49ce-b9c8-5a6303f785c5,9.0
2021-05-02,TeamB-2f23d7d5-2326-49ce-b9c8-5a6303f785c5,10.0
2021-05-03,TeamB-2f23d7d5-2326-49ce-b9c8-5a6303f785c5,7.0
2021-05-04,TeamB-2f23d7d5-2326-49ce-b9c8-5a6303f785c5,9.0
2021-05-05,TeamB-2f23d7d5-2326-49ce-b9c8-5a6303f785c5,7.5
2021-05-07,TeamB-2f23d7d5-2326-49ce-b9c8-5a6303f785c5,7.0
2021-05-08,TeamB-2f23d7d5-2326-49ce-b9c8-5a6303f785c5,7.0
2021-05-09,TeamB-2f23d7d5-2326-49ce-b9c8-5a6303f785c5,9.0
2021-05-10,TeamB-2f23d7d5-2326-49ce-b9c8-5a6303f785c5,9.0
2021-05-12,TeamB-2f23d7d5-2326-49ce-b9c8-5a6303f785c5,9.0
2021-05-13,TeamB-2f23d7d5-2326-49ce-b9c8-5a6303f785c5,9.0
2021-05-14,TeamB-2f23d7d5-2326-49ce-b9c8-5a6303f785c5,9.0
2021-05-15,TeamB-2f23d7d5-2326-49ce-b9c8-5a6303f785c5,8.5
2021-05-16,TeamB-2f23d7d5-2326-49ce-b9c8-5a6303f785c5,8.5
2021-05-17,TeamB-2f23d7d5-2326-49ce-b9c8-5a6303f785c5,8.0
2021-05-18,TeamB-2f23d7d5-2326-49ce-b9c8-5a6303f785c5,8.0
2021-05-19,TeamB-2f23d7d5-2326-49ce-b9c8-5a6303f785c5,9.0
2021-05-20,TeamB-2f23d7d5-2326-49ce-b9c8-5a6303f785c5,6.5
2021-05-21,TeamB-2f23d7d5-2326-49ce-b9c8-5a6303f785c5,7.5
2021-05-22,TeamB-2f23d7d5-2326-49ce-b9c8-5a6303f785c5,9.0
2021-05-23,TeamB-2f23d7d5-2326-49ce-b9c8-5a6303f785c5,7.0
2021-05-24,TeamB-2f23d7d5-2326-49ce-b9c8-5a6303f785c5,8.0
2021-05-25,TeamB-2f23d7d5-2326-49ce-b9c8-5a6303f785c5,9.0
2021-05-26,TeamB-2f23d7d5-2326-49ce-b9c8-5a6303f785c5,9.0
2021-05-27,TeamB-2f23d7d5-2326-49ce-b9c8-5a6303f785c5,9.0
2021-05-28,TeamB-2f23d7d5-2326-49ce-b9c8-5a6303f785c5,9.0
2021-05-29,TeamB-2f23d7d5-2326-49ce-b9c8-5a6303f785c5,9.0
2021-05-30,TeamB-2f23d7d5-2326-49ce-b9c8-5a6303f785c5,7.0
2021-05-31,TeamB-2f23d7d5-2326-49ce-b9c8-5a6303f785c5,8.0
2021-06-01,TeamB-2f23d7d5-2326-49ce-b9c8-5a6303f785c5,8.5
2021-06-02,TeamB-2f23d7d5-2326-49ce-b9c8-5a6303f785c5,8.0
2021-06-03,TeamB-2f23d7d5-2326-49ce-b9c8-5a6303f785c5,8.0
2021-06-04,TeamB-2f23d7d5-2326-49ce-b9c8-5a6303f785c5,8.0
2021-06-05,TeamB-2f23d7d5-2326-49ce-b9c8-5a6303f785c5,8.5
2021-06-06,TeamB-2f23d7d5-2326-49ce-b9c8-5a6303f785c5,6.5
2021-06-07,TeamB-2f23d7d5-2326-49ce-b9c8-5a6303f785c5,9.0
2021-06-11,TeamB-2f23d7d5-2326-49ce-b9c8-5a6303f785c5,6.0
2021-06-21,TeamB-2f23d7d5-2326-49ce-b9c8-5a6303f785c5,9.0
2021-06-22,TeamB-2f23d7d5-2326-49ce-b9c8-5a6303f785c5,8.5
2021-06-23,TeamB-2f23d7d5-2326-49ce-b9c8-5a6303f785c5,7.5
2021-06-27,TeamB-2f23d7d5-2326-49ce-b9c8-5a6303f785c5,7.5
2021-06-28,TeamB-2f23d7d5-2326-49ce-b9c8-5a6303f785c5,8.0
2021-06-30,TeamB-2f23d7d5-2326-49ce-b9c8-5a6303f785c5,8.5
2021-07-01,TeamB-2f23d7d5-2326-49ce-b9c8-5a6303f785c5,6.5
2021-07-03,TeamB-2f23d7d5-2326-49ce-b9c8-5a6303f785c5,7.0
2021-07-05,TeamB-2f23d7d5-2326-49ce-b9c8-5a6303f785c5,6.5
2021-07-06,TeamB-2f23d7d5-2326-49ce-b9c8-5a6303f785c5,8.5
2021-07-09,TeamB-2f23d7d5-2326-49ce-b9c8-5a6303f785c5,9.0
2021-07-11,TeamB-2f23d7d5-2326-49ce-b9c8-5a6303f785c5,7.5
2021-07-12,TeamB-2f23d7d5-2326-49ce-b9c8-5a6303f785c5,9.0
2021-07-13,TeamB-2f23d7d5-2326-49ce-b9c8-5a6303f785c5,9.0
2021-07-31,TeamB-2f23d7d5-2326-49ce-b9c8-5a6303f785c5,9.0
2021-08-01,TeamB-2f23d7d5-2326-49ce-b9c8-5a6303f785c5,8.5
2021-08-02,TeamB-2f23d7d5-2326-49ce-b9c8-5a6303f785c5,9.0
2021-08-03,TeamB-2f23d7d5-2326-49ce-b9c8-5a6303f785c5,8.0
2021-08-04,TeamB-2f23d7d5-2326-49ce-b9c8-5a6303f785c5,8.0
2021-08-05,TeamB-2f23d7d5-2326-49ce-b9c8-5a6303f785c5,9.0
2021-08-06,TeamB-2f23d7d5-2326-49ce-b9c8-5a6303f785c5,9.0
2021-08-07,TeamB-2f23d7d5-2326-49ce-b9c8-5a6303f785c5,9.0
2021-08-08,TeamB-2f23d7d5-2326-49ce-b9c8-5a6303f785c5,6.5
2021-08-09,TeamB-2f23d7d5-2326-49ce-b9c8-5a6303f785c5,8.0
2021-08-11,TeamB-2f23d7d5-2326-49ce-b9c8-5a6303f785c5,10.0
2021-08-12,TeamB-2f23d7d5-2326-49ce-b9c8-5a6303f785c5,9.0
2021-08-13,TeamB-2f23d7d5-2326-49ce-b9c8-5a6303f785c5,8.0
2021-08-14,TeamB-2f23d7d5-2326-49ce-b9c8-5a6303f785c5,8.0
2021-08-15,TeamB-2f23d7d5-2326-49ce-b9c8-5a6303f785c5,9.0
2021-08-16,TeamB-2f23d7d5-2326-49ce-b9c8-5a6303f785c5,9.0
2021-08-18,TeamB-2f23d7d5-2326-49ce-b9c8-5a6303f785c5,9.0
2021-08-19,TeamB-2f23d7d5-2326-49ce-b9c8-5a6303f785c5,7.5
2021-08-20,TeamB-2f23d7d5-2326-49ce-b9c8-5a6303f785c5,7.5
2021-08-21,TeamB-2f23d7d5-2326-49ce-b9c8-5a6303f785c5,9.0
2021-08-23,TeamB-2f23d7d5-2326-49ce-b9c8-5a6303f785c5,9.0
2021-08-24,TeamB-2f23d7d5-2326-49ce-b9c8-5a6303f785c5,9.0
2021-08-25,TeamB-2f23d7d5-2326-49ce-b9c8-5a6303f785c5,9.0
2021-08-26,TeamB-2f23d7d5-2326-49ce-b9c8-5a6303f785c5,8.0
2021-08-27,TeamB-2f23d7d5-2326-49ce-b9c8-5a6303f785c5,8.5
2021-08-28,TeamB-2f23d7d5-2326-49ce-b9c8-5a6303f785c5,8.5
2021-08-30,TeamB-2f23d7d5-2326-49ce-b9c8-5a6303f785c5,9.0
2021-09-01,TeamB-2f23d7d5-2326-49ce-b9c8-5a6303f785c5,9.0
2021-09-02,TeamB-2f23d7d5-2326-49ce-b9c8-5a6303f785c5,7.0
2021-09-03,TeamB-2f23d7d5-2326-49ce-b9c8-5a6303f785c5,9.0
2021-09-05,TeamB-2f23d7d5-2326-49ce-b9c8-5a6303f785c5,6.0
2021-09-06,TeamB-2f23d7d5-2326-49ce-b9c8-5a6303f785c5,9.0
2021-09-07,TeamB-2f23d7d5-2326-49ce-b9c8-5a6303f785c5,8.5
2021-09-08,TeamB-2f23d7d5-2326-49ce-b9c8-5a6303f785c5,8.0
2021-09-09,TeamB-2f23d7d5-2326-49ce-b9c8-5a6303f785c5,4.0
2021-09-10,TeamB-2f23d7d5-2326-49ce-b9c8-5a6303f785c5,8.5
2021-09-13,TeamB-2f23d7d5-2326-49ce-b9c8-5a6303f785c5,8.5
2021-09-16,TeamB-2f23d7d5-2326-49ce-b9c8-5a6303f785c5,9.0
2021-09-23,TeamB-2f23d7d5-2326-49ce-b9c8-5a6303f785c5,9.0
2021-09-24,TeamB-2f23d7d5-2326-49ce-b9c8-5a6303f785c5,8.0
2021-09-25,TeamB-2f23d7d5-2326-49ce-b9c8-5a6303f785c5,8.5
2021-09-26,TeamB-2f23d7d5-2326-49ce-b9c8-5a6303f785c5,9.0
2021-09-27,TeamB-2f23d7d5-2326-49ce-b9c8-5a6303f785c5,8.5
2021-09-28,TeamB-2f23d7d5-2326-49ce-b9c8-5a6303f785c5,8.5
2021-10-01,TeamB-2f23d7d5-2326-49ce-b9c8-5a6303f785c5,8.0
2021-10-02,TeamB-2f23d7d5-2326-49ce-b9c8-5a6303f785c5,10.0
2021-10-04,TeamB-2f23d7d5-2326-49ce-b9c8-5a6303f785c5,9.0
2021-10-06,TeamB-2f23d7d5-2326-49ce-b9c8-5a6303f785c5,8.0
2021-10-08,TeamB-2f23d7d5-2326-49ce-b9c8-5a6303f785c5,8.5
2021-10-09,TeamB-2f23d7d5-2326-49ce-b9c8-5a6303f785c5,8.5
2021-10-10,TeamB-2f23d7d5-2326-49ce-b9c8-5a6303f785c5,7.0
2021-10-11,TeamB-2f23d7d5-2326-49ce-b9c8-5a6303f785c5,8.0
2021-10-12,TeamB-2f23d7d5-2326-49ce-b9c8-5a6303f785c5,9.0
2021-10-13,TeamB-2f23d7d5-2326-49ce-b9c8-5a6303f785c5,8.5
2021-10-14,TeamB-2f23d7d5-2326-49ce-b9c8-5a6303f785c5,7.5
2021-10-15,TeamB-2f23d7d5-2326-49ce-b9c8-5a6303f785c5,9.0
2021-10-16,TeamB-2f23d7d5-2326-49ce-b9c8-5a6303f785c5,7.5
2021-10-18,TeamB-2f23d7d5-2326-49ce-b9c8-5a6303f785c5,5.5
2021-10-19,TeamB-2f23d7d5-2326-49ce-b9c8-5a6303f785c5,8.5
2021-10-31,TeamB-2f23d7d5-2326-49ce-b9c8-5a6303f785c5,9.0
2021-11-03,TeamB-2f23d7d5-2326-49ce-b9c8-5a6303f785c5,9.0
2021-11-04,TeamB-2f23d7d5-2326-49ce-b9c8-5a6303f785c5,9.0
2021-11-06,TeamB-2f23d7d5-2326-49ce-b9c8-5a6303f785c5,9.0
2021-11-07,TeamB-2f23d7d5-2326-49ce-b9c8-5a6303f785c5,9.0
2021-11-09,TeamB-2f23d7d5-2326-49ce-b9c8-5a6303f785c5,8.0
2020-01-10,TeamB-4405bb1f-56f7-48ba-bfa8-e795e4006952,8.0
2020-01-13,TeamB-4405bb1f-56f7-48ba-bfa8-e795e4006952,8.0
2020-01-14,TeamB-4405bb1f-56f7-48ba-bfa8-e795e4006952,7.0
2020-01-16,TeamB-4405bb1f-56f7-48ba-bfa8-e795e4006952,7.0
2020-01-17,TeamB-4405bb1f-56f7-48ba-bfa8-e795e4006952,7.0
2020-01-18,TeamB-4405bb1f-56f7-48ba-bfa8-e795e4006952,8.0
2020-01-20,TeamB-4405bb1f-56f7-48ba-bfa8-e795e4006952,8.0
2020-01-21,TeamB-4405bb1f-56f7-48ba-bfa8-e795e4006952,7.0
2020-01-23,TeamB-4405bb1f-56f7-48ba-bfa8-e795e4006952,8.0
2020-01-24,TeamB-4405bb1f-56f7-48ba-bfa8-e795e4006952,7.0
2020-01-25,TeamB-4405bb1f-56f7-48ba-bfa8-e795e4006952,7.0
2020-01-26,TeamB-4405bb1f-56f7-48ba-bfa8-e795e4006952,7.5
2020-01-27,TeamB-4405bb1f-56f7-48ba-bfa8-e795e4006952,7.0
2020-01-28,TeamB-4405bb1f-56f7-48ba-bfa8-e795e4006952,7.5
2020-01-29,TeamB-4405bb1f-56f7-48ba-bfa8-e795e4006952,7.5
2020-01-30,TeamB-4405bb1f-56f7-48ba-bfa8-e795e4006952,8.0
2020-01-31,TeamB-4405bb1f-56f7-48ba-bfa8-e795e4006952,7.5
2020-02-01,TeamB-4405bb1f-56f7-48ba-bfa8-e795e4006952,8.0
2020-02-02,TeamB-4405bb1f-56f7-48ba-bfa8-e795e4006952,8.0
2020-02-03,TeamB-4405bb1f-56f7-48ba-bfa8-e795e4006952,8.0
2020-02-04,TeamB-4405bb1f-56f7-48ba-bfa8-e795e4006952,7.5
2020-02-05,TeamB-4405bb1f-56f7-48ba-bfa8-e795e4006952,7.5
2020-02-06,TeamB-4405bb1f-56f7-48ba-bfa8-e795e4006952,6.0
2020-02-07,TeamB-4405bb1f-56f7-48ba-bfa8-e795e4006952,8.0
2020-02-08,TeamB-4405bb1f-56f7-48ba-bfa8-e795e4006952,7.5
2020-02-09,TeamB-4405bb1f-56f7-48ba-bfa8-e795e4006952,7.5
2020-02-10,TeamB-4405bb1f-56f7-48ba-bfa8-e795e4006952,7.0
2020-02-11,TeamB-4405bb1f-56f7-48ba-bfa8-e795e4006952,7.5
2020-02-12,TeamB-4405bb1f-56f7-48ba-bfa8-e795e4006952,8.5
2020-02-13,TeamB-4405bb1f-56f7-48ba-bfa8-e795e4006952,8.0
2020-02-14,TeamB-4405bb1f-56f7-48ba-bfa8-e795e4006952,7.5
2020-02-15,TeamB-4405bb1f-56f7-48ba-bfa8-e795e4006952,7.5
2020-02-16,TeamB-4405bb1f-56f7-48ba-bfa8-e795e4006952,6.0
2020-02-17,TeamB-4405bb1f-56f7-48ba-bfa8-e795e4006952,7.0
2020-02-18,TeamB-4405bb1f-56f7-48ba-bfa8-e795e4006952,8.0
2020-02-20,TeamB-4405bb1f-56f7-48ba-bfa8-e795e4006952,7.5
2020-02-22,TeamB-4405bb1f-56f7-48ba-bfa8-e795e4006952,6.5
2020-02-23,TeamB-4405bb1f-56f7-48ba-bfa8-e795e4006952,7.5
2020-02-24,TeamB-4405bb1f-56f7-48ba-bfa8-e795e4006952,7.0
2020-02-25,TeamB-4405bb1f-56f7-48ba-bfa8-e795e4006952,7.0
2020-02-26,TeamB-4405bb1f-56f7-48ba-bfa8-e795e4006952,7.5
2020-02-27,TeamB-4405bb1f-56f7-48ba-bfa8-e795e4006952,8.0
2020-02-28,TeamB-4405bb1f-56f7-48ba-bfa8-e795e4006952,6.5
2020-02-29,TeamB-4405bb1f-56f7-48ba-bfa8-e795e4006952,7.5
2020-03-01,TeamB-4405bb1f-56f7-48ba-bfa8-e795e4006952,8.0
2020-03-02,TeamB-4405bb1f-56f7-48ba-bfa8-e795e4006952,7.5
2020-03-03,TeamB-4405bb1f-56f7-48ba-bfa8-e795e4006952,7.5
2020-03-04,TeamB-4405bb1f-56f7-48ba-bfa8-e795e4006952,7.5
2020-03-05,TeamB-4405bb1f-56f7-48ba-bfa8-e795e4006952,7.5
2020-03-06,TeamB-4405bb1f-56f7-48ba-bfa8-e795e4006952,9.0
2020-03-07,TeamB-4405bb1f-56f7-48ba-bfa8-e795e4006952,7.0
2020-03-08,TeamB-4405bb1f-56f7-48ba-bfa8-e795e4006952,8.5
2020-03-09,TeamB-4405bb1f-56f7-48ba-bfa8-e795e4006952,8.0
2020-03-10,TeamB-4405bb1f-56f7-48ba-bfa8-e795e4006952,8.0
2020-03-11,TeamB-4405bb1f-56f7-48ba-bfa8-e795e4006952,8.0
2020-03-12,TeamB-4405bb1f-56f7-48ba-bfa8-e795e4006952,8.5
2020-03-13,TeamB-4405bb1f-56f7-48ba-bfa8-e795e4006952,4.0
2020-03-14,TeamB-4405bb1f-56f7-48ba-bfa8-e795e4006952,7.5
2020-03-15,TeamB-4405bb1f-56f7-48ba-bfa8-e795e4006952,8.0
2020-03-16,TeamB-4405bb1f-56f7-48ba-bfa8-e795e4006952,8.0
2020-03-17,TeamB-4405bb1f-56f7-48ba-bfa8-e795e4006952,8.0
2020-03-18,TeamB-4405bb1f-56f7-48ba-bfa8-e795e4006952,8.0
2020-03-19,TeamB-4405bb1f-56f7-48ba-bfa8-e795e4006952,7.0
2020-03-20,TeamB-4405bb1f-56f7-48ba-bfa8-e795e4006952,7.0
2020-03-21,TeamB-4405bb1f-56f7-48ba-bfa8-e795e4006952,7.0
2020-03-22,TeamB-4405bb1f-56f7-48ba-bfa8-e795e4006952,7.5
2020-03-23,TeamB-4405bb1f-56f7-48ba-bfa8-e795e4006952,7.5
2020-03-24,TeamB-4405bb1f-56f7-48ba-bfa8-e795e4006952,7.5
2020-03-25,TeamB-4405bb1f-56f7-48ba-bfa8-e795e4006952,8.0
2020-03-26,TeamB-4405bb1f-56f7-48ba-bfa8-e795e4006952,7.0
2020-03-27,TeamB-4405bb1f-56f7-48ba-bfa8-e795e4006952,7.0
2020-03-28,TeamB-4405bb1f-56f7-48ba-bfa8-e795e4006952,8.5
2020-03-29,TeamB-4405bb1f-56f7-48ba-bfa8-e795e4006952,7.0
2020-03-30,TeamB-4405bb1f-56f7-48ba-bfa8-e795e4006952,8.0
2020-03-31,TeamB-4405bb1f-56f7-48ba-bfa8-e795e4006952,7.0
2020-04-01,TeamB-4405bb1f-56f7-48ba-bfa8-e795e4006952,8.0
2020-04-02,TeamB-4405bb1f-56f7-48ba-bfa8-e795e4006952,7.0
2020-04-03,TeamB-4405bb1f-56f7-48ba-bfa8-e795e4006952,8.0
2020-04-04,TeamB-4405bb1f-56f7-48ba-bfa8-e795e4006952,8.0
2020-04-05,TeamB-4405bb1f-56f7-48ba-bfa8-e795e4006952,7.0
2020-04-06,TeamB-4405bb1f-56f7-48ba-bfa8-e795e4006952,8.0
2020-04-07,TeamB-4405bb1f-56f7-48ba-bfa8-e795e4006952,8.5
2020-04-08,TeamB-4405bb1f-56f7-48ba-bfa8-e795e4006952,7.5
2020-04-09,TeamB-4405bb1f-56f7-48ba-bfa8-e795e4006952,8.5
2020-04-10,TeamB-4405bb1f-56f7-48ba-bfa8-e795e4006952,8.0
2020-04-12,TeamB-4405bb1f-56f7-48ba-bfa8-e795e4006952,8.0
2020-04-13,TeamB-4405bb1f-56f7-48ba-bfa8-e795e4006952,8.0
2020-04-15,TeamB-4405bb1f-56f7-48ba-bfa8-e795e4006952,8.0
2020-04-16,TeamB-4405bb1f-56f7-48ba-bfa8-e795e4006952,8.0
2020-04-17,TeamB-4405bb1f-56f7-48ba-bfa8-e795e4006952,8.0
2020-04-18,TeamB-4405bb1f-56f7-48ba-bfa8-e795e4006952,8.0
2020-04-20,TeamB-4405bb1f-56f7-48ba-bfa8-e795e4006952,8.0
2020-04-21,TeamB-4405bb1f-56f7-48ba-bfa8-e795e4006952,7.5
2020-04-22,TeamB-4405bb1f-56f7-48ba-bfa8-e795e4006952,7.0
2020-04-24,TeamB-4405bb1f-56f7-48ba-bfa8-e795e4006952,7.5
2020-04-25,TeamB-4405bb1f-56f7-48ba-bfa8-e795e4006952,7.0
2020-04-26,TeamB-4405bb1f-56f7-48ba-bfa8-e795e4006952,7.0
2020-04-27,TeamB-4405bb1f-56f7-48ba-bfa8-e795e4006952,5.5
2020-04-28,TeamB-4405bb1f-56f7-48ba-bfa8-e795e4006952,7.5
2020-04-29,TeamB-4405bb1f-56f7-48ba-bfa8-e795e4006952,8.0
2020-04-30,TeamB-4405bb1f-56f7-48ba-bfa8-e795e4006952,8.0
2020-05-01,TeamB-4405bb1f-56f7-48ba-bfa8-e795e4006952,7.5
2020-05-02,TeamB-4405bb1f-56f7-48ba-bfa8-e795e4006952,7.0
2020-05-03,TeamB-4405bb1f-56f7-48ba-bfa8-e795e4006952,8.0
2020-05-04,TeamB-4405bb1f-56f7-48ba-bfa8-e795e4006952,8.0
2020-05-05,TeamB-4405bb1f-56f7-48ba-bfa8-e795e4006952,8.0
2020-05-06,TeamB-4405bb1f-56f7-48ba-bfa8-e795e4006952,8.0
2020-05-07,TeamB-4405bb1f-56f7-48ba-bfa8-e795e4006952,7.0
2020-05-08,TeamB-4405bb1f-56f7-48ba-bfa8-e795e4006952,7.5
2020-05-09,TeamB-4405bb1f-56f7-48ba-bfa8-e795e4006952,8.0
2020-05-10,TeamB-4405bb1f-56f7-48ba-bfa8-e795e4006952,9.0
2020-05-11,TeamB-4405bb1f-56f7-48ba-bfa8-e795e4006952,8.0
2020-05-12,TeamB-4405bb1f-56f7-48ba-bfa8-e795e4006952,8.5
2020-05-13,TeamB-4405bb1f-56f7-48ba-bfa8-e795e4006952,8.5
2020-05-14,TeamB-4405bb1f-56f7-48ba-bfa8-e795e4006952,8.0
2020-05-16,TeamB-4405bb1f-56f7-48ba-bfa8-e795e4006952,6.0
2020-05-18,TeamB-4405bb1f-56f7-48ba-bfa8-e795e4006952,8.0
2020-05-19,TeamB-4405bb1f-56f7-48ba-bfa8-e795e4006952,8.0
2020-05-20,TeamB-4405bb1f-56f7-48ba-bfa8-e795e4006952,8.0
2020-05-21,TeamB-4405bb1f-56f7-48ba-bfa8-e795e4006952,8.5
2020-05-22,TeamB-4405bb1f-56f7-48ba-bfa8-e795e4006952,8.0
2020-05-23,TeamB-4405bb1f-56f7-48ba-bfa8-e795e4006952,7.5
2020-05-24,TeamB-4405bb1f-56f7-48ba-bfa8-e795e4006952,8.0
2020-05-25,TeamB-4405bb1f-56f7-48ba-bfa8-e795e4006952,8.0
2020-05-26,TeamB-4405bb1f-56f7-48ba-bfa8-e795e4006952,9.0
2020-05-27,TeamB-4405bb1f-56f7-48ba-bfa8-e795e4006952,7.0
2020-05-28,TeamB-4405bb1f-56f7-48ba-bfa8-e795e4006952,8.5
2020-05-29,TeamB-4405bb1f-56f7-48ba-bfa8-e795e4006952,8.0
2020-05-30,TeamB-4405bb1f-56f7-48ba-bfa8-e795e4006952,8.0
2020-05-31,TeamB-4405bb1f-56f7-48ba-bfa8-e795e4006952,8.0
2020-06-01,TeamB-4405bb1f-56f7-48ba-bfa8-e795e4006952,8.5
2020-06-02,TeamB-4405bb1f-56f7-48ba-bfa8-e795e4006952,8.0
2020-06-03,TeamB-4405bb1f-56f7-48ba-bfa8-e795e4006952,7.5
2020-06-04,TeamB-4405bb1f-56f7-48ba-bfa8-e795e4006952,8.0
2020-06-05,TeamB-4405bb1f-56f7-48ba-bfa8-e795e4006952,8.0
2020-06-06,TeamB-4405bb1f-56f7-48ba-bfa8-e795e4006952,8.0
2020-06-07,TeamB-4405bb1f-56f7-48ba-bfa8-e795e4006952,7.5
2020-06-08,TeamB-4405bb1f-56f7-48ba-bfa8-e795e4006952,7.5
2020-06-09,TeamB-4405bb1f-56f7-48ba-bfa8-e795e4006952,7.5
2020-06-10,TeamB-4405bb1f-56f7-48ba-bfa8-e795e4006952,7.0
2020-06-11,TeamB-4405bb1f-56f7-48ba-bfa8-e795e4006952,8.0
2020-06-12,TeamB-4405bb1f-56f7-48ba-bfa8-e795e4006952,8.0
2020-06-13,TeamB-4405bb1f-56f7-48ba-bfa8-e795e4006952,7.5
2020-06-14,TeamB-4405bb1f-56f7-48ba-bfa8-e795e4006952,7.5
2020-06-15,TeamB-4405bb1f-56f7-48ba-bfa8-e795e4006952,7.5
2020-06-16,TeamB-4405bb1f-56f7-48ba-bfa8-e795e4006952,7.5
2020-06-17,TeamB-4405bb1f-56f7-48ba-bfa8-e795e4006952,7.0
2020-06-18,TeamB-4405bb1f-56f7-48ba-bfa8-e795e4006952,7.5
2020-06-19,TeamB-4405bb1f-56f7-48ba-bfa8-e795e4006952,7.5
2020-06-21,TeamB-4405bb1f-56f7-48ba-bfa8-e795e4006952,7.0
2020-06-22,TeamB-4405bb1f-56f7-48ba-bfa8-e795e4006952,7.5
2020-06-23,TeamB-4405bb1f-56f7-48ba-bfa8-e795e4006952,7.5
2020-06-24,TeamB-4405bb1f-56f7-48ba-bfa8-e795e4006952,7.5
2020-06-25,TeamB-4405bb1f-56f7-48ba-bfa8-e795e4006952,7.5
2020-06-27,TeamB-4405bb1f-56f7-48ba-bfa8-e795e4006952,7.5
2020-06-28,TeamB-4405bb1f-56f7-48ba-bfa8-e795e4006952,6.0
2020-06-29,TeamB-4405bb1f-56f7-48ba-bfa8-e795e4006952,7.5
2020-06-30,TeamB-4405bb1f-56f7-48ba-bfa8-e795e4006952,8.0
2020-07-01,TeamB-4405bb1f-56f7-48ba-bfa8-e795e4006952,8.0
2020-07-02,TeamB-4405bb1f-56f7-48ba-bfa8-e795e4006952,8.0
2020-07-03,TeamB-4405bb1f-56f7-48ba-bfa8-e795e4006952,7.0
2020-07-05,TeamB-4405bb1f-56f7-48ba-bfa8-e795e4006952,6.0
2020-07-06,TeamB-4405bb1f-56f7-48ba-bfa8-e795e4006952,7.0
2020-07-07,TeamB-4405bb1f-56f7-48ba-bfa8-e795e4006952,6.0
2020-07-08,TeamB-4405bb1f-56f7-48ba-bfa8-e795e4006952,7.0
2020-07-09,TeamB-4405bb1f-56f7-48ba-bfa8-e795e4006952,6.0
2020-07-10,TeamB-4405bb1f-56f7-48ba-bfa8-e795e4006952,8.0
2020-07-11,TeamB-4405bb1f-56f7-48ba-bfa8-e795e4006952,7.0
2020-07-12,TeamB-4405bb1f-56f7-48ba-bfa8-e795e4006952,7.0
2020-07-13,TeamB-4405bb1f-56f7-48ba-bfa8-e795e4006952,7.0
2020-07-14,TeamB-4405bb1f-56f7-48ba-bfa8-e795e4006952,7.0
2020-07-15,TeamB-4405bb1f-56f7-48ba-bfa8-e795e4006952,7.5
2020-07-16,TeamB-4405bb1f-56f7-48ba-bfa8-e795e4006952,7.0
2020-07-17,TeamB-4405bb1f-56f7-48ba-bfa8-e795e4006952,7.0
2020-07-18,TeamB-4405bb1f-56f7-48ba-bfa8-e795e4006952,6.0
2020-07-19,TeamB-4405bb1f-56f7-48ba-bfa8-e795e4006952,5.0
2020-07-20,TeamB-4405bb1f-56f7-48ba-bfa8-e795e4006952,9.0
2020-07-22,TeamB-4405bb1f-56f7-48ba-bfa8-e795e4006952,10.0
2020-07-23,TeamB-4405bb1f-56f7-48ba-bfa8-e795e4006952,8.0
2020-07-24,TeamB-4405bb1f-56f7-48ba-bfa8-e795e4006952,7.5
2020-07-25,TeamB-4405bb1f-56f7-48ba-bfa8-e795e4006952,7.0
2020-07-26,TeamB-4405bb1f-56f7-48ba-bfa8-e795e4006952,7.5
2020-07-27,TeamB-4405bb1f-56f7-48ba-bfa8-e795e4006952,7.5
2020-07-28,TeamB-4405bb1f-56f7-48ba-bfa8-e795e4006952,8.0
2020-07-29,TeamB-4405bb1f-56f7-48ba-bfa8-e795e4006952,7.5
2020-07-30,TeamB-4405bb1f-56f7-48ba-bfa8-e795e4006952,7.5
2020-07-31,TeamB-4405bb1f-56f7-48ba-bfa8-e795e4006952,7.5
2020-08-01,TeamB-4405bb1f-56f7-48ba-bfa8-e795e4006952,7.5
2020-08-02,TeamB-4405bb1f-56f7-48ba-bfa8-e795e4006952,7.5
2020-08-03,TeamB-4405bb1f-56f7-48ba-bfa8-e795e4006952,7.5
2020-08-04,TeamB-4405bb1f-56f7-48ba-bfa8-e795e4006952,8.5
2020-08-05,TeamB-4405bb1f-56f7-48ba-bfa8-e795e4006952,7.0
2020-08-06,TeamB-4405bb1f-56f7-48ba-bfa8-e795e4006952,8.5
2020-08-07,TeamB-4405bb1f-56f7-48ba-bfa8-e795e4006952,7.5
2020-08-08,TeamB-4405bb1f-56f7-48ba-bfa8-e795e4006952,6.0
2020-08-09,TeamB-4405bb1f-56f7-48ba-bfa8-e795e4006952,7.5
2020-08-10,TeamB-4405bb1f-56f7-48ba-bfa8-e795e4006952,7.5
2020-08-11,TeamB-4405bb1f-56f7-48ba-bfa8-e795e4006952,8.0
2020-08-12,TeamB-4405bb1f-56f7-48ba-bfa8-e795e4006952,7.5
2020-08-13,TeamB-4405bb1f-56f7-48ba-bfa8-e795e4006952,7.5
2020-08-14,TeamB-4405bb1f-56f7-48ba-bfa8-e795e4006952,7.5
2020-08-15,TeamB-4405bb1f-56f7-48ba-bfa8-e795e4006952,7.5
2020-08-16,TeamB-4405bb1f-56f7-48ba-bfa8-e795e4006952,8.0
2020-08-17,TeamB-4405bb1f-56f7-48ba-bfa8-e795e4006952,8.5
2020-08-18,TeamB-4405bb1f-56f7-48ba-bfa8-e795e4006952,8.0
2020-08-19,TeamB-4405bb1f-56f7-48ba-bfa8-e795e4006952,8.5
2020-08-20,TeamB-4405bb1f-56f7-48ba-bfa8-e795e4006952,7.5
2020-08-21,TeamB-4405bb1f-56f7-48ba-bfa8-e795e4006952,7.5
2020-08-22,TeamB-4405bb1f-56f7-48ba-bfa8-e795e4006952,7.5
2020-08-23,TeamB-4405bb1f-56f7-48ba-bfa8-e795e4006952,7.5
2020-08-24,TeamB-4405bb1f-56f7-48ba-bfa8-e795e4006952,7.5
2020-08-25,TeamB-4405bb1f-56f7-48ba-bfa8-e795e4006952,7.5
2020-08-26,TeamB-4405bb1f-56f7-48ba-bfa8-e795e4006952,7.5
2020-08-27,TeamB-4405bb1f-56f7-48ba-bfa8-e795e4006952,7.5
2020-08-29,TeamB-4405bb1f-56f7-48ba-bfa8-e795e4006952,7.5
2020-08-30,TeamB-4405bb1f-56f7-48ba-bfa8-e795e4006952,7.5
2020-08-31,TeamB-4405bb1f-56f7-48ba-bfa8-e795e4006952,7.5
2020-09-01,TeamB-4405bb1f-56f7-48ba-bfa8-e795e4006952,7.5
2020-09-02,TeamB-4405bb1f-56f7-48ba-bfa8-e795e4006952,7.5
2020-09-03,TeamB-4405bb1f-56f7-48ba-bfa8-e795e4006952,7.5
2020-09-04,TeamB-4405bb1f-56f7-48ba-bfa8-e795e4006952,6.0
2020-09-05,TeamB-4405bb1f-56f7-48ba-bfa8-e795e4006952,7.5
2020-09-06,TeamB-4405bb1f-56f7-48ba-bfa8-e795e4006952,7.5
2020-09-07,TeamB-4405bb1f-56f7-48ba-bfa8-e795e4006952,7.0
2020-09-08,TeamB-4405bb1f-56f7-48ba-bfa8-e795e4006952,7.5
2020-09-09,TeamB-4405bb1f-56f7-48ba-bfa8-e795e4006952,7.0
2020-09-11,TeamB-4405bb1f-56f7-48ba-bfa8-e795e4006952,6.0
2020-09-12,TeamB-4405bb1f-56f7-48ba-bfa8-e795e4006952,7.5
2020-09-20,TeamB-4405bb1f-56f7-48ba-bfa8-e795e4006952,7.5
2020-09-21,TeamB-4405bb1f-56f7-48ba-bfa8-e795e4006952,7.5
2020-09-22,TeamB-4405bb1f-56f7-48ba-bfa8-e795e4006952,7.5
2020-09-23,TeamB-4405bb1f-56f7-48ba-bfa8-e795e4006952,7.5
2020-09-24,TeamB-4405bb1f-56f7-48ba-bfa8-e795e4006952,7.0
2020-09-25,TeamB-4405bb1f-56f7-48ba-bfa8-e795e4006952,7.5
2020-09-26,TeamB-4405bb1f-56f7-48ba-bfa8-e795e4006952,7.5
2020-09-27,TeamB-4405bb1f-56f7-48ba-bfa8-e795e4006952,7.5
2020-09-29,TeamB-4405bb1f-56f7-48ba-bfa8-e795e4006952,7.5
2020-09-30,TeamB-4405bb1f-56f7-48ba-bfa8-e795e4006952,8.0
2020-10-01,TeamB-4405bb1f-56f7-48ba-bfa8-e795e4006952,4.5
2020-10-02,TeamB-4405bb1f-56f7-48ba-bfa8-e795e4006952,7.5
2020-10-05,TeamB-4405bb1f-56f7-48ba-bfa8-e795e4006952,7.5
2020-10-06,TeamB-4405bb1f-56f7-48ba-bfa8-e795e4006952,7.5
2020-10-07,TeamB-4405bb1f-56f7-48ba-bfa8-e795e4006952,7.0
2020-10-08,TeamB-4405bb1f-56f7-48ba-bfa8-e795e4006952,7.5
2020-10-10,TeamB-4405bb1f-56f7-48ba-bfa8-e795e4006952,6.0
2020-10-11,TeamB-4405bb1f-56f7-48ba-bfa8-e795e4006952,7.5
2020-10-12,TeamB-4405bb1f-56f7-48ba-bfa8-e795e4006952,7.5
2020-10-13,TeamB-4405bb1f-56f7-48ba-bfa8-e795e4006952,7.5
2020-10-14,TeamB-4405bb1f-56f7-48ba-bfa8-e795e4006952,6.0
2020-10-15,TeamB-4405bb1f-56f7-48ba-bfa8-e795e4006952,6.0
2020-10-16,TeamB-4405bb1f-56f7-48ba-bfa8-e795e4006952,7.5
2020-10-17,TeamB-4405bb1f-56f7-48ba-bfa8-e795e4006952,7.5
2020-10-18,TeamB-4405bb1f-56f7-48ba-bfa8-e795e4006952,6.0
2020-10-20,TeamB-4405bb1f-56f7-48ba-bfa8-e795e4006952,8.5
2020-10-23,TeamB-4405bb1f-56f7-48ba-bfa8-e795e4006952,8.0
2020-10-24,TeamB-4405bb1f-56f7-48ba-bfa8-e795e4006952,7.5
2020-10-27,TeamB-4405bb1f-56f7-48ba-bfa8-e795e4006952,7.5
2020-10-28,TeamB-4405bb1f-56f7-48ba-bfa8-e795e4006952,8.5
2020-10-29,TeamB-4405bb1f-56f7-48ba-bfa8-e795e4006952,8.0
2020-10-30,TeamB-4405bb1f-56f7-48ba-bfa8-e795e4006952,8.0
2020-11-01,TeamB-4405bb1f-56f7-48ba-bfa8-e795e4006952,8.5
2020-11-02,TeamB-4405bb1f-56f7-48ba-bfa8-e795e4006952,6.0
2020-11-03,TeamB-4405bb1f-56f7-48ba-bfa8-e795e4006952,7.5
2020-11-04,TeamB-4405bb1f-56f7-48ba-bfa8-e795e4006952,8.0
2020-11-05,TeamB-4405bb1f-56f7-48ba-bfa8-e795e4006952,7.5
2020-11-06,TeamB-4405bb1f-56f7-48ba-bfa8-e795e4006952,7.5
2020-11-07,TeamB-4405bb1f-56f7-48ba-bfa8-e795e4006952,7.5
2020-11-08,TeamB-4405bb1f-56f7-48ba-bfa8-e795e4006952,7.5
2020-11-09,TeamB-4405bb1f-56f7-48ba-bfa8-e795e4006952,7.5
2020-11-10,TeamB-4405bb1f-56f7-48ba-bfa8-e795e4006952,7.5
2020-11-11,TeamB-4405bb1f-56f7-48ba-bfa8-e795e4006952,7.5
2020-11-12,TeamB-4405bb1f-56f7-48ba-bfa8-e795e4006952,7.5
2020-11-13,TeamB-4405bb1f-56f7-48ba-bfa8-e795e4006952,8.0
2020-11-14,TeamB-4405bb1f-56f7-48ba-bfa8-e795e4006952,7.5
2020-11-15,TeamB-4405bb1f-56f7-48ba-bfa8-e795e4006952,7.5
2020-11-16,TeamB-4405bb1f-56f7-48ba-bfa8-e795e4006952,7.5
2020-11-17,TeamB-4405bb1f-56f7-48ba-bfa8-e795e4006952,7.5
2020-11-19,TeamB-4405bb1f-56f7-48ba-bfa8-e795e4006952,7.5
2020-11-21,TeamB-4405bb1f-56f7-48ba-bfa8-e795e4006952,10.0
2020-11-22,TeamB-4405bb1f-56f7-48ba-bfa8-e795e4006952,8.0
2020-11-24,TeamB-4405bb1f-56f7-48ba-bfa8-e795e4006952,7.5
2020-11-25,TeamB-4405bb1f-56f7-48ba-bfa8-e795e4006952,7.5
2020-11-26,TeamB-4405bb1f-56f7-48ba-bfa8-e795e4006952,8.5
2020-11-27,TeamB-4405bb1f-56f7-48ba-bfa8-e795e4006952,7.5
2020-11-30,TeamB-4405bb1f-56f7-48ba-bfa8-e795e4006952,7.5
2021-01-14,TeamB-4405bb1f-56f7-48ba-bfa8-e795e4006952,8.5
2021-01-15,TeamB-4405bb1f-56f7-48ba-bfa8-e795e4006952,8.5
2021-01-17,TeamB-4405bb1f-56f7-48ba-bfa8-e795e4006952,8.5
2021-01-18,TeamB-4405bb1f-56f7-48ba-bfa8-e795e4006952,7.5
2021-01-20,TeamB-4405bb1f-56f7-48ba-bfa8-e795e4006952,7.5
2021-01-21,TeamB-4405bb1f-56f7-48ba-bfa8-e795e4006952,7.5
2021-01-22,TeamB-4405bb1f-56f7-48ba-bfa8-e795e4006952,7.0
2021-01-25,TeamB-4405bb1f-56f7-48ba-bfa8-e795e4006952,7.5
2021-01-27,TeamB-4405bb1f-56f7-48ba-bfa8-e795e4006952,7.5
2021-01-28,TeamB-4405bb1f-56f7-48ba-bfa8-e795e4006952,7.5
2021-01-29,TeamB-4405bb1f-56f7-48ba-bfa8-e795e4006952,7.0
2021-01-30,TeamB-4405bb1f-56f7-48ba-bfa8-e795e4006952,7.5
2021-01-31,TeamB-4405bb1f-56f7-48ba-bfa8-e795e4006952,8.5
2021-02-01,TeamB-4405bb1f-56f7-48ba-bfa8-e795e4006952,8.0
2021-02-02,TeamB-4405bb1f-56f7-48ba-bfa8-e795e4006952,7.5
2021-02-04,TeamB-4405bb1f-56f7-48ba-bfa8-e795e4006952,7.5
2021-02-05,TeamB-4405bb1f-56f7-48ba-bfa8-e795e4006952,7.5
2021-02-07,TeamB-4405bb1f-56f7-48ba-bfa8-e795e4006952,7.5
2021-02-08,TeamB-4405bb1f-56f7-48ba-bfa8-e795e4006952,6.0
2021-02-09,TeamB-4405bb1f-56f7-48ba-bfa8-e795e4006952,7.5
2021-02-10,TeamB-4405bb1f-56f7-48ba-bfa8-e795e4006952,7.0
2021-02-13,TeamB-4405bb1f-56f7-48ba-bfa8-e795e4006952,8.5
2021-02-15,TeamB-4405bb1f-56f7-48ba-bfa8-e795e4006952,8.0
2021-02-16,TeamB-4405bb1f-56f7-48ba-bfa8-e795e4006952,7.5
2021-02-20,TeamB-4405bb1f-56f7-48ba-bfa8-e795e4006952,7.5
2021-02-21,TeamB-4405bb1f-56f7-48ba-bfa8-e795e4006952,7.5
2021-02-23,TeamB-4405bb1f-56f7-48ba-bfa8-e795e4006952,9.0
2021-02-24,TeamB-4405bb1f-56f7-48ba-bfa8-e795e4006952,7.5
2021-02-25,TeamB-4405bb1f-56f7-48ba-bfa8-e795e4006952,4.5
2021-02-26,TeamB-4405bb1f-56f7-48ba-bfa8-e795e4006952,7.5
2021-02-28,TeamB-4405bb1f-56f7-48ba-bfa8-e795e4006952,10.0
2021-03-01,TeamB-4405bb1f-56f7-48ba-bfa8-e795e4006952,7.5
2021-03-02,TeamB-4405bb1f-56f7-48ba-bfa8-e795e4006952,9.0
2021-03-03,TeamB-4405bb1f-56f7-48ba-bfa8-e795e4006952,7.5
2021-03-04,TeamB-4405bb1f-56f7-48ba-bfa8-e795e4006952,9.0
2021-03-05,TeamB-4405bb1f-56f7-48ba-bfa8-e795e4006952,7.5
2021-03-06,TeamB-4405bb1f-56f7-48ba-bfa8-e795e4006952,7.5
2021-03-07,TeamB-4405bb1f-56f7-48ba-bfa8-e795e4006952,7.5
2021-03-08,TeamB-4405bb1f-56f7-48ba-bfa8-e795e4006952,8.5
2021-03-09,TeamB-4405bb1f-56f7-48ba-bfa8-e795e4006952,7.5
2021-03-10,TeamB-4405bb1f-56f7-48ba-bfa8-e795e4006952,8.0
2021-03-11,TeamB-4405bb1f-56f7-48ba-bfa8-e795e4006952,7.5
2021-03-12,TeamB-4405bb1f-56f7-48ba-bfa8-e795e4006952,8.5
2021-03-13,TeamB-4405bb1f-56f7-48ba-bfa8-e795e4006952,8.5
2021-03-14,TeamB-4405bb1f-56f7-48ba-bfa8-e795e4006952,7.5
2021-03-15,TeamB-4405bb1f-56f7-48ba-bfa8-e795e4006952,8.0
2021-03-17,TeamB-4405bb1f-56f7-48ba-bfa8-e795e4006952,8.5
2021-03-18,TeamB-4405bb1f-56f7-48ba-bfa8-e795e4006952,8.0
2021-03-20,TeamB-4405bb1f-56f7-48ba-bfa8-e795e4006952,8.0
2021-03-21,TeamB-4405bb1f-56f7-48ba-bfa8-e795e4006952,8.0
2021-03-22,TeamB-4405bb1f-56f7-48ba-bfa8-e795e4006952,9.0
2021-03-23,TeamB-4405bb1f-56f7-48ba-bfa8-e795e4006952,8.5
2021-03-25,TeamB-4405bb1f-56f7-48ba-bfa8-e795e4006952,8.0
2021-03-26,TeamB-4405bb1f-56f7-48ba-bfa8-e795e4006952,8.5
2021-03-27,TeamB-4405bb1f-56f7-48ba-bfa8-e795e4006952,8.0
2021-03-29,TeamB-4405bb1f-56f7-48ba-bfa8-e795e4006952,7.5
2021-03-30,TeamB-4405bb1f-56f7-48ba-bfa8-e795e4006952,8.0
2021-03-31,TeamB-4405bb1f-56f7-48ba-bfa8-e795e4006952,9.0
2021-04-06,TeamB-4405bb1f-56f7-48ba-bfa8-e795e4006952,7.5
2021-04-08,TeamB-4405bb1f-56f7-48ba-bfa8-e795e4006952,7.0
2021-04-10,TeamB-4405bb1f-56f7-48ba-bfa8-e795e4006952,9.0
2021-04-12,TeamB-4405bb1f-56f7-48ba-bfa8-e795e4006952,8.0
2021-04-15,TeamB-4405bb1f-56f7-48ba-bfa8-e795e4006952,6.5
2021-04-19,TeamB-4405bb1f-56f7-48ba-bfa8-e795e4006952,7.5
2021-04-20,TeamB-4405bb1f-56f7-48ba-bfa8-e795e4006952,8.5
2021-04-21,TeamB-4405bb1f-56f7-48ba-bfa8-e795e4006952,8.5
2021-04-22,TeamB-4405bb1f-56f7-48ba-bfa8-e795e4006952,7.5
2021-04-26,TeamB-4405bb1f-56f7-48ba-bfa8-e795e4006952,7.5
2021-04-27,TeamB-4405bb1f-56f7-48ba-bfa8-e795e4006952,7.5
2021-04-28,TeamB-4405bb1f-56f7-48ba-bfa8-e795e4006952,7.5
2021-04-29,TeamB-4405bb1f-56f7-48ba-bfa8-e795e4006952,7.5
2021-04-30,TeamB-4405bb1f-56f7-48ba-bfa8-e795e4006952,8.0
2021-05-01,TeamB-4405bb1f-56f7-48ba-bfa8-e795e4006952,8.5
2021-05-02,TeamB-4405bb1f-56f7-48ba-bfa8-e795e4006952,7.5
2021-05-03,TeamB-4405bb1f-56f7-48ba-bfa8-e795e4006952,7.5
2021-05-04,TeamB-4405bb1f-56f7-48ba-bfa8-e795e4006952,8.0
2021-05-05,TeamB-4405bb1f-56f7-48ba-bfa8-e795e4006952,6.5
2021-05-07,TeamB-4405bb1f-56f7-48ba-bfa8-e795e4006952,7.5
2021-05-08,TeamB-4405bb1f-56f7-48ba-bfa8-e795e4006952,8.0
2021-05-09,TeamB-4405bb1f-56f7-48ba-bfa8-e795e4006952,4.5
2021-05-10,TeamB-4405bb1f-56f7-48ba-bfa8-e795e4006952,8.0
2021-05-11,TeamB-4405bb1f-56f7-48ba-bfa8-e795e4006952,7.5
2021-05-12,TeamB-4405bb1f-56f7-48ba-bfa8-e795e4006952,8.0
2021-05-13,TeamB-4405bb1f-56f7-48ba-bfa8-e795e4006952,8.5
2021-05-14,TeamB-4405bb1f-56f7-48ba-bfa8-e795e4006952,8.0
2021-05-15,TeamB-4405bb1f-56f7-48ba-bfa8-e795e4006952,8.0
2021-05-18,TeamB-4405bb1f-56f7-48ba-bfa8-e795e4006952,8.5
2021-05-19,TeamB-4405bb1f-56f7-48ba-bfa8-e795e4006952,8.5
2021-05-20,TeamB-4405bb1f-56f7-48ba-bfa8-e795e4006952,8.5
2021-05-21,TeamB-4405bb1f-56f7-48ba-bfa8-e795e4006952,9.0
2021-05-22,TeamB-4405bb1f-56f7-48ba-bfa8-e795e4006952,8.5
2021-05-23,TeamB-4405bb1f-56f7-48ba-bfa8-e795e4006952,8.5
2021-05-24,TeamB-4405bb1f-56f7-48ba-bfa8-e795e4006952,9.0
2021-05-25,TeamB-4405bb1f-56f7-48ba-bfa8-e795e4006952,8.0
2021-05-26,TeamB-4405bb1f-56f7-48ba-bfa8-e795e4006952,8.0
2021-05-27,TeamB-4405bb1f-56f7-48ba-bfa8-e795e4006952,7.0
2021-05-28,TeamB-4405bb1f-56f7-48ba-bfa8-e795e4006952,4.5
2021-05-29,TeamB-4405bb1f-56f7-48ba-bfa8-e795e4006952,9.0
2021-05-30,TeamB-4405bb1f-56f7-48ba-bfa8-e795e4006952,8.5
2021-05-31,TeamB-4405bb1f-56f7-48ba-bfa8-e795e4006952,7.5
2021-06-02,TeamB-4405bb1f-56f7-48ba-bfa8-e795e4006952,8.0
2021-06-03,TeamB-4405bb1f-56f7-48ba-bfa8-e795e4006952,6.0
2021-06-04,TeamB-4405bb1f-56f7-48ba-bfa8-e795e4006952,8.5
2021-06-05,TeamB-4405bb1f-56f7-48ba-bfa8-e795e4006952,8.0
2021-06-20,TeamB-4405bb1f-56f7-48ba-bfa8-e795e4006952,8.0
2021-06-21,TeamB-4405bb1f-56f7-48ba-bfa8-e795e4006952,6.0
2021-06-22,TeamB-4405bb1f-56f7-48ba-bfa8-e795e4006952,7.5
2021-06-23,TeamB-4405bb1f-56f7-48ba-bfa8-e795e4006952,5.0
2021-06-24,TeamB-4405bb1f-56f7-48ba-bfa8-e795e4006952,7.5
2021-06-25,TeamB-4405bb1f-56f7-48ba-bfa8-e795e4006952,8.0
2021-06-26,TeamB-4405bb1f-56f7-48ba-bfa8-e795e4006952,7.5
2021-06-27,TeamB-4405bb1f-56f7-48ba-bfa8-e795e4006952,7.5
2021-06-28,TeamB-4405bb1f-56f7-48ba-bfa8-e795e4006952,7.0
2021-06-29,TeamB-4405bb1f-56f7-48ba-bfa8-e795e4006952,7.5
2021-06-30,TeamB-4405bb1f-56f7-48ba-bfa8-e795e4006952,7.5
2021-07-01,TeamB-4405bb1f-56f7-48ba-bfa8-e795e4006952,7.5
2021-07-02,TeamB-4405bb1f-56f7-48ba-bfa8-e795e4006952,8.0
2021-07-04,TeamB-4405bb1f-56f7-48ba-bfa8-e795e4006952,9.0
2021-07-06,TeamB-4405bb1f-56f7-48ba-bfa8-e795e4006952,7.5
2021-07-07,TeamB-4405bb1f-56f7-48ba-bfa8-e795e4006952,7.5
2021-07-08,TeamB-4405bb1f-56f7-48ba-bfa8-e795e4006952,9.0
2021-07-09,TeamB-4405bb1f-56f7-48ba-bfa8-e795e4006952,8.5
2021-07-10,TeamB-4405bb1f-56f7-48ba-bfa8-e795e4006952,7.0
2021-07-12,TeamB-4405bb1f-56f7-48ba-bfa8-e795e4006952,7.5
2021-07-13,TeamB-4405bb1f-56f7-48ba-bfa8-e795e4006952,9.0
2021-07-14,TeamB-4405bb1f-56f7-48ba-bfa8-e795e4006952,8.0
2021-07-31,TeamB-4405bb1f-56f7-48ba-bfa8-e795e4006952,8.5
2021-08-01,TeamB-4405bb1f-56f7-48ba-bfa8-e795e4006952,7.5
2021-08-02,TeamB-4405bb1f-56f7-48ba-bfa8-e795e4006952,8.5
2021-08-03,TeamB-4405bb1f-56f7-48ba-bfa8-e795e4006952,7.5
2021-08-04,TeamB-4405bb1f-56f7-48ba-bfa8-e795e4006952,7.0
2021-08-05,TeamB-4405bb1f-56f7-48ba-bfa8-e795e4006952,8.5
2021-08-06,TeamB-4405bb1f-56f7-48ba-bfa8-e795e4006952,9.0
2021-08-07,TeamB-4405bb1f-56f7-48ba-bfa8-e795e4006952,9.0
2021-08-08,TeamB-4405bb1f-56f7-48ba-bfa8-e795e4006952,7.0
2021-08-09,TeamB-4405bb1f-56f7-48ba-bfa8-e795e4006952,7.5
2021-08-10,TeamB-4405bb1f-56f7-48ba-bfa8-e795e4006952,7.5
2021-08-12,TeamB-4405bb1f-56f7-48ba-bfa8-e795e4006952,7.0
2021-08-13,TeamB-4405bb1f-56f7-48ba-bfa8-e795e4006952,7.5
2021-08-14,TeamB-4405bb1f-56f7-48ba-bfa8-e795e4006952,7.5
2021-08-15,TeamB-4405bb1f-56f7-48ba-bfa8-e795e4006952,7.5
2021-08-17,TeamB-4405bb1f-56f7-48ba-bfa8-e795e4006952,7.5
2021-08-18,TeamB-4405bb1f-56f7-48ba-bfa8-e795e4006952,7.5
2021-08-19,TeamB-4405bb1f-56f7-48ba-bfa8-e795e4006952,8.0
2021-08-20,TeamB-4405bb1f-56f7-48ba-bfa8-e795e4006952,8.0
2021-08-21,TeamB-4405bb1f-56f7-48ba-bfa8-e795e4006952,5.5
2021-08-23,TeamB-4405bb1f-56f7-48ba-bfa8-e795e4006952,10.0
2021-08-24,TeamB-4405bb1f-56f7-48ba-bfa8-e795e4006952,8.0
2021-08-25,TeamB-4405bb1f-56f7-48ba-bfa8-e795e4006952,7.5
2021-08-26,TeamB-4405bb1f-56f7-48ba-bfa8-e795e4006952,7.5
2021-08-27,TeamB-4405bb1f-56f7-48ba-bfa8-e795e4006952,8.0
2021-08-28,TeamB-4405bb1f-56f7-48ba-bfa8-e795e4006952,7.5
2021-08-30,TeamB-4405bb1f-56f7-48ba-bfa8-e795e4006952,6.0
2021-08-31,TeamB-4405bb1f-56f7-48ba-bfa8-e795e4006952,9.0
2021-09-01,TeamB-4405bb1f-56f7-48ba-bfa8-e795e4006952,8.5
2021-09-03,TeamB-4405bb1f-56f7-48ba-bfa8-e795e4006952,7.5
2021-09-04,TeamB-4405bb1f-56f7-48ba-bfa8-e795e4006952,7.5
2021-09-07,TeamB-4405bb1f-56f7-48ba-bfa8-e795e4006952,7.5
2021-09-08,TeamB-4405bb1f-56f7-48ba-bfa8-e795e4006952,7.5
2021-09-10,TeamB-4405bb1f-56f7-48ba-bfa8-e795e4006952,8.0
2021-09-11,TeamB-4405bb1f-56f7-48ba-bfa8-e795e4006952,8.0
2021-09-24,TeamB-4405bb1f-56f7-48ba-bfa8-e795e4006952,8.0
2021-09-25,TeamB-4405bb1f-56f7-48ba-bfa8-e795e4006952,7.5
2021-09-26,TeamB-4405bb1f-56f7-48ba-bfa8-e795e4006952,7.0
2021-09-28,TeamB-4405bb1f-56f7-48ba-bfa8-e795e4006952,7.0
2021-09-29,TeamB-4405bb1f-56f7-48ba-bfa8-e795e4006952,7.5
2021-10-01,TeamB-4405bb1f-56f7-48ba-bfa8-e795e4006952,7.5
2021-10-02,TeamB-4405bb1f-56f7-48ba-bfa8-e795e4006952,9.0
2021-10-05,TeamB-4405bb1f-56f7-48ba-bfa8-e795e4006952,7.5
2021-10-06,TeamB-4405bb1f-56f7-48ba-bfa8-e795e4006952,8.0
2021-10-08,TeamB-4405bb1f-56f7-48ba-bfa8-e795e4006952,8.0
2021-10-09,TeamB-4405bb1f-56f7-48ba-bfa8-e795e4006952,7.5
2021-10-10,TeamB-4405bb1f-56f7-48ba-bfa8-e795e4006952,4.5
2021-10-12,TeamB-4405bb1f-56f7-48ba-bfa8-e795e4006952,7.5
2021-10-13,TeamB-4405bb1f-56f7-48ba-bfa8-e795e4006952,7.5
2021-10-15,TeamB-4405bb1f-56f7-48ba-bfa8-e795e4006952,8.0
2021-10-16,TeamB-4405bb1f-56f7-48ba-bfa8-e795e4006952,7.5
2021-10-17,TeamB-4405bb1f-56f7-48ba-bfa8-e795e4006952,7.5
2020-02-17,TeamB-48bfd4ea-e9e2-45b5-befc-3383cae87fdf,8.5
2020-02-18,TeamB-48bfd4ea-e9e2-45b5-befc-3383cae87fdf,8.5
2020-02-19,TeamB-48bfd4ea-e9e2-45b5-befc-3383cae87fdf,8.5
2020-02-20,TeamB-48bfd4ea-e9e2-45b5-befc-3383cae87fdf,8.5
2020-02-23,TeamB-48bfd4ea-e9e2-45b5-befc-3383cae87fdf,8.5
2020-02-24,TeamB-48bfd4ea-e9e2-45b5-befc-3383cae87fdf,8.0
2020-02-25,TeamB-48bfd4ea-e9e2-45b5-befc-3383cae87fdf,8.0
2020-02-26,TeamB-48bfd4ea-e9e2-45b5-befc-3383cae87fdf,8.5
2020-02-27,TeamB-48bfd4ea-e9e2-45b5-befc-3383cae87fdf,8.0
2020-02-28,TeamB-48bfd4ea-e9e2-45b5-befc-3383cae87fdf,7.5
2020-02-29,TeamB-48bfd4ea-e9e2-45b5-befc-3383cae87fdf,10.0
2020-03-01,TeamB-48bfd4ea-e9e2-45b5-befc-3383cae87fdf,8.0
2020-03-02,TeamB-48bfd4ea-e9e2-45b5-befc-3383cae87fdf,8.5
2020-03-03,TeamB-48bfd4ea-e9e2-45b5-befc-3383cae87fdf,8.0
2020-03-04,TeamB-48bfd4ea-e9e2-45b5-befc-3383cae87fdf,8.5
2020-03-05,TeamB-48bfd4ea-e9e2-45b5-befc-3383cae87fdf,7.0
2020-03-06,TeamB-48bfd4ea-e9e2-45b5-befc-3383cae87fdf,9.0
2020-03-07,TeamB-48bfd4ea-e9e2-45b5-befc-3383cae87fdf,9.0
2020-03-08,TeamB-48bfd4ea-e9e2-45b5-befc-3383cae87fdf,7.5
2020-03-09,TeamB-48bfd4ea-e9e2-45b5-befc-3383cae87fdf,9.0
2020-03-10,TeamB-48bfd4ea-e9e2-45b5-befc-3383cae87fdf,8.0
2020-03-11,TeamB-48bfd4ea-e9e2-45b5-befc-3383cae87fdf,8.5
2020-03-12,TeamB-48bfd4ea-e9e2-45b5-befc-3383cae87fdf,8.0
2020-03-13,TeamB-48bfd4ea-e9e2-45b5-befc-3383cae87fdf,9.0
2020-03-14,TeamB-48bfd4ea-e9e2-45b5-befc-3383cae87fdf,9.0
2020-03-15,TeamB-48bfd4ea-e9e2-45b5-befc-3383cae87fdf,8.5
2020-03-16,TeamB-48bfd4ea-e9e2-45b5-befc-3383cae87fdf,8.5
2020-03-17,TeamB-48bfd4ea-e9e2-45b5-befc-3383cae87fdf,8.5
2020-03-18,TeamB-48bfd4ea-e9e2-45b5-befc-3383cae87fdf,8.0
2020-03-19,TeamB-48bfd4ea-e9e2-45b5-befc-3383cae87fdf,8.0
2020-03-20,TeamB-48bfd4ea-e9e2-45b5-befc-3383cae87fdf,8.0
2020-03-21,TeamB-48bfd4ea-e9e2-45b5-befc-3383cae87fdf,8.0
2020-03-22,TeamB-48bfd4ea-e9e2-45b5-befc-3383cae87fdf,8.0
2020-03-23,TeamB-48bfd4ea-e9e2-45b5-befc-3383cae87fdf,8.0
2020-03-24,TeamB-48bfd4ea-e9e2-45b5-befc-3383cae87fdf,8.0
2020-03-25,TeamB-48bfd4ea-e9e2-45b5-befc-3383cae87fdf,8.5
2020-03-26,TeamB-48bfd4ea-e9e2-45b5-befc-3383cae87fdf,8.5
2020-03-27,TeamB-48bfd4ea-e9e2-45b5-befc-3383cae87fdf,8.0
2020-03-28,TeamB-48bfd4ea-e9e2-45b5-befc-3383cae87fdf,8.0
2020-03-29,TeamB-48bfd4ea-e9e2-45b5-befc-3383cae87fdf,7.5
2020-03-30,TeamB-48bfd4ea-e9e2-45b5-befc-3383cae87fdf,8.0
2020-03-31,TeamB-48bfd4ea-e9e2-45b5-befc-3383cae87fdf,8.5
2020-04-01,TeamB-48bfd4ea-e9e2-45b5-befc-3383cae87fdf,8.5
2020-04-02,TeamB-48bfd4ea-e9e2-45b5-befc-3383cae87fdf,8.0
2020-04-03,TeamB-48bfd4ea-e9e2-45b5-befc-3383cae87fdf,8.5
2020-04-04,TeamB-48bfd4ea-e9e2-45b5-befc-3383cae87fdf,8.5
2020-04-05,TeamB-48bfd4ea-e9e2-45b5-befc-3383cae87fdf,7.5
2020-04-06,TeamB-48bfd4ea-e9e2-45b5-befc-3383cae87fdf,7.5
2020-04-07,TeamB-48bfd4ea-e9e2-45b5-befc-3383cae87fdf,8.0
2020-04-08,TeamB-48bfd4ea-e9e2-45b5-befc-3383cae87fdf,8.5
2020-04-09,TeamB-48bfd4ea-e9e2-45b5-befc-3383cae87fdf,8.5
2020-04-10,TeamB-48bfd4ea-e9e2-45b5-befc-3383cae87fdf,8.5
2020-04-11,TeamB-48bfd4ea-e9e2-45b5-befc-3383cae87fdf,7.5
2020-04-12,TeamB-48bfd4ea-e9e2-45b5-befc-3383cae87fdf,8.5
2020-04-13,TeamB-48bfd4ea-e9e2-45b5-befc-3383cae87fdf,7.5
2020-04-14,TeamB-48bfd4ea-e9e2-45b5-befc-3383cae87fdf,8.5
2020-04-15,TeamB-48bfd4ea-e9e2-45b5-befc-3383cae87fdf,8.5
2020-04-16,TeamB-48bfd4ea-e9e2-45b5-befc-3383cae87fdf,8.5
2020-04-17,TeamB-48bfd4ea-e9e2-45b5-befc-3383cae87fdf,7.5
2020-04-18,TeamB-48bfd4ea-e9e2-45b5-befc-3383cae87fdf,8.5
2020-04-19,TeamB-48bfd4ea-e9e2-45b5-befc-3383cae87fdf,8.5
2020-04-20,TeamB-48bfd4ea-e9e2-45b5-befc-3383cae87fdf,9.0
2020-04-21,TeamB-48bfd4ea-e9e2-45b5-befc-3383cae87fdf,7.5
2020-04-22,TeamB-48bfd4ea-e9e2-45b5-befc-3383cae87fdf,8.0
2020-04-23,TeamB-48bfd4ea-e9e2-45b5-befc-3383cae87fdf,8.0
2020-04-24,TeamB-48bfd4ea-e9e2-45b5-befc-3383cae87fdf,7.5
2020-04-25,TeamB-48bfd4ea-e9e2-45b5-befc-3383cae87fdf,8.5
2020-04-26,TeamB-48bfd4ea-e9e2-45b5-befc-3383cae87fdf,8.5
2020-04-27,TeamB-48bfd4ea-e9e2-45b5-befc-3383cae87fdf,8.5
2020-04-28,TeamB-48bfd4ea-e9e2-45b5-befc-3383cae87fdf,8.5
2020-04-29,TeamB-48bfd4ea-e9e2-45b5-befc-3383cae87fdf,8.0
2020-04-30,TeamB-48bfd4ea-e9e2-45b5-befc-3383cae87fdf,7.5
2020-05-01,TeamB-48bfd4ea-e9e2-45b5-befc-3383cae87fdf,7.0
2020-05-02,TeamB-48bfd4ea-e9e2-45b5-befc-3383cae87fdf,7.0
2020-05-03,TeamB-48bfd4ea-e9e2-45b5-befc-3383cae87fdf,7.0
2020-05-04,TeamB-48bfd4ea-e9e2-45b5-befc-3383cae87fdf,9.0
2020-05-05,TeamB-48bfd4ea-e9e2-45b5-befc-3383cae87fdf,8.5
2020-05-06,TeamB-48bfd4ea-e9e2-45b5-befc-3383cae87fdf,8.5
2020-05-07,TeamB-48bfd4ea-e9e2-45b5-befc-3383cae87fdf,8.0
2020-05-08,TeamB-48bfd4ea-e9e2-45b5-befc-3383cae87fdf,8.5
2020-05-09,TeamB-48bfd4ea-e9e2-45b5-befc-3383cae87fdf,7.5
2020-05-10,TeamB-48bfd4ea-e9e2-45b5-befc-3383cae87fdf,8.0
2020-05-11,TeamB-48bfd4ea-e9e2-45b5-befc-3383cae87fdf,8.0
2020-05-12,TeamB-48bfd4ea-e9e2-45b5-befc-3383cae87fdf,6.0
2020-05-13,TeamB-48bfd4ea-e9e2-45b5-befc-3383cae87fdf,8.0
2020-05-14,TeamB-48bfd4ea-e9e2-45b5-befc-3383cae87fdf,8.0
2020-05-15,TeamB-48bfd4ea-e9e2-45b5-befc-3383cae87fdf,9.0
2020-05-16,TeamB-48bfd4ea-e9e2-45b5-befc-3383cae87fdf,8.5
2020-05-17,TeamB-48bfd4ea-e9e2-45b5-befc-3383cae87fdf,9.0
2020-05-18,TeamB-48bfd4ea-e9e2-45b5-befc-3383cae87fdf,8.5
2020-05-19,TeamB-48bfd4ea-e9e2-45b5-befc-3383cae87fdf,8.0
2020-05-20,TeamB-48bfd4ea-e9e2-45b5-befc-3383cae87fdf,8.5
2020-05-21,TeamB-48bfd4ea-e9e2-45b5-befc-3383cae87fdf,8.5
2020-05-22,TeamB-48bfd4ea-e9e2-45b5-befc-3383cae87fdf,8.5
2020-05-23,TeamB-48bfd4ea-e9e2-45b5-befc-3383cae87fdf,7.5
2020-05-24,TeamB-48bfd4ea-e9e2-45b5-befc-3383cae87fdf,8.5
2020-05-25,TeamB-48bfd4ea-e9e2-45b5-befc-3383cae87fdf,7.0
2020-05-26,TeamB-48bfd4ea-e9e2-45b5-befc-3383cae87fdf,8.5
2020-05-27,TeamB-48bfd4ea-e9e2-45b5-befc-3383cae87fdf,7.5
2020-05-28,TeamB-48bfd4ea-e9e2-45b5-befc-3383cae87fdf,8.5
2020-05-29,TeamB-48bfd4ea-e9e2-45b5-befc-3383cae87fdf,7.5
2020-05-30,TeamB-48bfd4ea-e9e2-45b5-befc-3383cae87fdf,7.5
2020-05-31,TeamB-48bfd4ea-e9e2-45b5-befc-3383cae87fdf,9.0
2020-06-01,TeamB-48bfd4ea-e9e2-45b5-befc-3383cae87fdf,8.5
2020-06-02,TeamB-48bfd4ea-e9e2-45b5-befc-3383cae87fdf,8.5
2020-06-03,TeamB-48bfd4ea-e9e2-45b5-befc-3383cae87fdf,8.0
2020-06-04,TeamB-48bfd4ea-e9e2-45b5-befc-3383cae87fdf,8.0
2020-06-05,TeamB-48bfd4ea-e9e2-45b5-befc-3383cae87fdf,7.0
2020-06-06,TeamB-48bfd4ea-e9e2-45b5-befc-3383cae87fdf,6.5
2020-06-07,TeamB-48bfd4ea-e9e2-45b5-befc-3383cae87fdf,8.0
2020-06-08,TeamB-48bfd4ea-e9e2-45b5-befc-3383cae87fdf,8.0
2020-06-09,TeamB-48bfd4ea-e9e2-45b5-befc-3383cae87fdf,8.0
2020-06-10,TeamB-48bfd4ea-e9e2-45b5-befc-3383cae87fdf,8.0
2020-06-11,TeamB-48bfd4ea-e9e2-45b5-befc-3383cae87fdf,8.0
2020-06-12,TeamB-48bfd4ea-e9e2-45b5-befc-3383cae87fdf,8.0
2020-06-13,TeamB-48bfd4ea-e9e2-45b5-befc-3383cae87fdf,8.5
2020-06-14,TeamB-48bfd4ea-e9e2-45b5-befc-3383cae87fdf,8.0
2020-06-15,TeamB-48bfd4ea-e9e2-45b5-befc-3383cae87fdf,8.0
2020-06-16,TeamB-48bfd4ea-e9e2-45b5-befc-3383cae87fdf,8.5
2020-06-17,TeamB-48bfd4ea-e9e2-45b5-befc-3383cae87fdf,8.0
2020-06-18,TeamB-48bfd4ea-e9e2-45b5-befc-3383cae87fdf,8.5
2020-06-19,TeamB-48bfd4ea-e9e2-45b5-befc-3383cae87fdf,8.0
2020-06-20,TeamB-48bfd4ea-e9e2-45b5-befc-3383cae87fdf,8.0
2020-06-21,TeamB-48bfd4ea-e9e2-45b5-befc-3383cae87fdf,8.0
2020-06-22,TeamB-48bfd4ea-e9e2-45b5-befc-3383cae87fdf,7.0
2020-06-23,TeamB-48bfd4ea-e9e2-45b5-befc-3383cae87fdf,8.0
2020-06-24,TeamB-48bfd4ea-e9e2-45b5-befc-3383cae87fdf,8.0
2020-06-25,TeamB-48bfd4ea-e9e2-45b5-befc-3383cae87fdf,8.0
2020-06-26,TeamB-48bfd4ea-e9e2-45b5-befc-3383cae87fdf,7.0
2020-06-27,TeamB-48bfd4ea-e9e2-45b5-befc-3383cae87fdf,7.5
2020-06-28,TeamB-48bfd4ea-e9e2-45b5-befc-3383cae87fdf,7.5
2020-06-29,TeamB-48bfd4ea-e9e2-45b5-befc-3383cae87fdf,8.5
2020-06-30,TeamB-48bfd4ea-e9e2-45b5-befc-3383cae87fdf,8.0
2020-07-01,TeamB-48bfd4ea-e9e2-45b5-befc-3383cae87fdf,8.0
2020-07-02,TeamB-48bfd4ea-e9e2-45b5-befc-3383cae87fdf,6.0
2020-07-03,TeamB-48bfd4ea-e9e2-45b5-befc-3383cae87fdf,8.0
2020-07-04,TeamB-48bfd4ea-e9e2-45b5-befc-3383cae87fdf,8.0
2020-07-05,TeamB-48bfd4ea-e9e2-45b5-befc-3383cae87fdf,7.5
2020-07-06,TeamB-48bfd4ea-e9e2-45b5-befc-3383cae87fdf,8.0
2020-07-07,TeamB-48bfd4ea-e9e2-45b5-befc-3383cae87fdf,8.0
2020-07-08,TeamB-48bfd4ea-e9e2-45b5-befc-3383cae87fdf,9.0
2020-07-09,TeamB-48bfd4ea-e9e2-45b5-befc-3383cae87fdf,8.0
2020-07-10,TeamB-48bfd4ea-e9e2-45b5-befc-3383cae87fdf,8.0
2020-07-11,TeamB-48bfd4ea-e9e2-45b5-befc-3383cae87fdf,8.5
2020-07-12,TeamB-48bfd4ea-e9e2-45b5-befc-3383cae87fdf,8.0
2020-07-13,TeamB-48bfd4ea-e9e2-45b5-befc-3383cae87fdf,8.0
2020-07-14,TeamB-48bfd4ea-e9e2-45b5-befc-3383cae87fdf,8.0
2020-07-15,TeamB-48bfd4ea-e9e2-45b5-befc-3383cae87fdf,8.0
2020-07-16,TeamB-48bfd4ea-e9e2-45b5-befc-3383cae87fdf,8.0
2020-07-17,TeamB-48bfd4ea-e9e2-45b5-befc-3383cae87fdf,8.5
2020-07-18,TeamB-48bfd4ea-e9e2-45b5-befc-3383cae87fdf,8.0
2020-07-19,TeamB-48bfd4ea-e9e2-45b5-befc-3383cae87fdf,7.5
2020-07-20,TeamB-48bfd4ea-e9e2-45b5-befc-3383cae87fdf,8.0
2020-07-21,TeamB-48bfd4ea-e9e2-45b5-befc-3383cae87fdf,8.5
2020-07-22,TeamB-48bfd4ea-e9e2-45b5-befc-3383cae87fdf,8.0
2020-07-23,TeamB-48bfd4ea-e9e2-45b5-befc-3383cae87fdf,8.5
2020-07-24,TeamB-48bfd4ea-e9e2-45b5-befc-3383cae87fdf,8.5
2020-07-25,TeamB-48bfd4ea-e9e2-45b5-befc-3383cae87fdf,8.5
2020-07-26,TeamB-48bfd4ea-e9e2-45b5-befc-3383cae87fdf,8.0
2020-07-27,TeamB-48bfd4ea-e9e2-45b5-befc-3383cae87fdf,7.0
2020-07-28,TeamB-48bfd4ea-e9e2-45b5-befc-3383cae87fdf,8.5
2020-07-29,TeamB-48bfd4ea-e9e2-45b5-befc-3383cae87fdf,8.0
2020-07-30,TeamB-48bfd4ea-e9e2-45b5-befc-3383cae87fdf,8.0
2020-07-31,TeamB-48bfd4ea-e9e2-45b5-befc-3383cae87fdf,8.0
2020-08-01,TeamB-48bfd4ea-e9e2-45b5-befc-3383cae87fdf,7.5
2020-08-02,TeamB-48bfd4ea-e9e2-45b5-befc-3383cae87fdf,8.0
2020-08-03,TeamB-48bfd4ea-e9e2-45b5-befc-3383cae87fdf,8.0
2020-08-04,TeamB-48bfd4ea-e9e2-45b5-befc-3383cae87fdf,8.0
2020-08-05,TeamB-48bfd4ea-e9e2-45b5-befc-3383cae87fdf,7.5
2020-08-06,TeamB-48bfd4ea-e9e2-45b5-befc-3383cae87fdf,8.0
2020-08-07,TeamB-48bfd4ea-e9e2-45b5-befc-3383cae87fdf,8.0
2020-08-08,TeamB-48bfd4ea-e9e2-45b5-befc-3383cae87fdf,8.0
2020-08-09,TeamB-48bfd4ea-e9e2-45b5-befc-3383cae87fdf,8.0
2020-08-10,TeamB-48bfd4ea-e9e2-45b5-befc-3383cae87fdf,8.0
2020-08-11,TeamB-48bfd4ea-e9e2-45b5-befc-3383cae87fdf,8.0
2020-08-12,TeamB-48bfd4ea-e9e2-45b5-befc-3383cae87fdf,8.0
2020-08-13,TeamB-48bfd4ea-e9e2-45b5-befc-3383cae87fdf,8.0
2020-08-14,TeamB-48bfd4ea-e9e2-45b5-befc-3383cae87fdf,8.0
2020-08-15,TeamB-48bfd4ea-e9e2-45b5-befc-3383cae87fdf,8.0
2020-08-16,TeamB-48bfd4ea-e9e2-45b5-befc-3383cae87fdf,8.5
2020-08-17,TeamB-48bfd4ea-e9e2-45b5-befc-3383cae87fdf,8.0
2020-08-18,TeamB-48bfd4ea-e9e2-45b5-befc-3383cae87fdf,8.0
2020-08-19,TeamB-48bfd4ea-e9e2-45b5-befc-3383cae87fdf,8.0
2020-08-20,TeamB-48bfd4ea-e9e2-45b5-befc-3383cae87fdf,8.0
2020-08-21,TeamB-48bfd4ea-e9e2-45b5-befc-3383cae87fdf,8.0
2020-08-22,TeamB-48bfd4ea-e9e2-45b5-befc-3383cae87fdf,8.0
2020-08-23,TeamB-48bfd4ea-e9e2-45b5-befc-3383cae87fdf,8.0
2020-08-24,TeamB-48bfd4ea-e9e2-45b5-befc-3383cae87fdf,8.0
2020-08-25,TeamB-48bfd4ea-e9e2-45b5-befc-3383cae87fdf,8.0
2020-08-26,TeamB-48bfd4ea-e9e2-45b5-befc-3383cae87fdf,8.0
2020-08-28,TeamB-48bfd4ea-e9e2-45b5-befc-3383cae87fdf,8.0
2020-08-29,TeamB-48bfd4ea-e9e2-45b5-befc-3383cae87fdf,8.0
2020-08-30,TeamB-48bfd4ea-e9e2-45b5-befc-3383cae87fdf,8.0
2020-09-01,TeamB-48bfd4ea-e9e2-45b5-befc-3383cae87fdf,8.0
2020-09-02,TeamB-48bfd4ea-e9e2-45b5-befc-3383cae87fdf,8.0
2020-09-03,TeamB-48bfd4ea-e9e2-45b5-befc-3383cae87fdf,8.0
2020-09-04,TeamB-48bfd4ea-e9e2-45b5-befc-3383cae87fdf,8.0
2020-09-05,TeamB-48bfd4ea-e9e2-45b5-befc-3383cae87fdf,8.0
2020-09-06,TeamB-48bfd4ea-e9e2-45b5-befc-3383cae87fdf,8.0
2020-09-07,TeamB-48bfd4ea-e9e2-45b5-befc-3383cae87fdf,8.0
2020-09-08,TeamB-48bfd4ea-e9e2-45b5-befc-3383cae87fdf,8.0
2020-09-09,TeamB-48bfd4ea-e9e2-45b5-befc-3383cae87fdf,8.0
2020-09-10,TeamB-48bfd4ea-e9e2-45b5-befc-3383cae87fdf,8.0
2020-09-11,TeamB-48bfd4ea-e9e2-45b5-befc-3383cae87fdf,8.0
2020-09-12,TeamB-48bfd4ea-e9e2-45b5-befc-3383cae87fdf,8.0
2020-09-13,TeamB-48bfd4ea-e9e2-45b5-befc-3383cae87fdf,7.0
2020-09-14,TeamB-48bfd4ea-e9e2-45b5-befc-3383cae87fdf,8.0
2020-09-15,TeamB-48bfd4ea-e9e2-45b5-befc-3383cae87fdf,8.0
2020-09-16,TeamB-48bfd4ea-e9e2-45b5-befc-3383cae87fdf,8.0
2020-09-17,TeamB-48bfd4ea-e9e2-45b5-befc-3383cae87fdf,8.0
2020-09-18,TeamB-48bfd4ea-e9e2-45b5-befc-3383cae87fdf,6.0
2020-09-19,TeamB-48bfd4ea-e9e2-45b5-befc-3383cae87fdf,8.0
2020-09-20,TeamB-48bfd4ea-e9e2-45b5-befc-3383cae87fdf,8.0
2020-09-21,TeamB-48bfd4ea-e9e2-45b5-befc-3383cae87fdf,8.0
2020-09-22,TeamB-48bfd4ea-e9e2-45b5-befc-3383cae87fdf,8.0
2020-09-23,TeamB-48bfd4ea-e9e2-45b5-befc-3383cae87fdf,8.0
2020-09-24,TeamB-48bfd4ea-e9e2-45b5-befc-3383cae87fdf,8.0
2020-09-25,TeamB-48bfd4ea-e9e2-45b5-befc-3383cae87fdf,8.0
2020-09-26,TeamB-48bfd4ea-e9e2-45b5-befc-3383cae87fdf,8.0
2020-09-27,TeamB-48bfd4ea-e9e2-45b5-befc-3383cae87fdf,8.0
2020-09-28,TeamB-48bfd4ea-e9e2-45b5-befc-3383cae87fdf,8.0
2020-09-29,TeamB-48bfd4ea-e9e2-45b5-befc-3383cae87fdf,8.0
2020-09-30,TeamB-48bfd4ea-e9e2-45b5-befc-3383cae87fdf,8.0
2020-10-01,TeamB-48bfd4ea-e9e2-45b5-befc-3383cae87fdf,8.0
2020-10-02,TeamB-48bfd4ea-e9e2-45b5-befc-3383cae87fdf,8.0
2020-10-03,TeamB-48bfd4ea-e9e2-45b5-befc-3383cae87fdf,8.0
2020-10-04,TeamB-48bfd4ea-e9e2-45b5-befc-3383cae87fdf,8.0
2020-10-05,TeamB-48bfd4ea-e9e2-45b5-befc-3383cae87fdf,8.0
2020-10-06,TeamB-48bfd4ea-e9e2-45b5-befc-3383cae87fdf,8.0
2020-10-07,TeamB-48bfd4ea-e9e2-45b5-befc-3383cae87fdf,8.0
2020-10-09,TeamB-48bfd4ea-e9e2-45b5-befc-3383cae87fdf,8.0
2020-10-10,TeamB-48bfd4ea-e9e2-45b5-befc-3383cae87fdf,8.0
2020-10-12,TeamB-48bfd4ea-e9e2-45b5-befc-3383cae87fdf,8.0
2020-10-13,TeamB-48bfd4ea-e9e2-45b5-befc-3383cae87fdf,8.0
2020-10-14,TeamB-48bfd4ea-e9e2-45b5-befc-3383cae87fdf,8.0
2020-10-16,TeamB-48bfd4ea-e9e2-45b5-befc-3383cae87fdf,8.0
2020-10-17,TeamB-48bfd4ea-e9e2-45b5-befc-3383cae87fdf,8.0
2020-10-18,TeamB-48bfd4ea-e9e2-45b5-befc-3383cae87fdf,8.0
2020-10-19,TeamB-48bfd4ea-e9e2-45b5-befc-3383cae87fdf,8.0
2020-10-21,TeamB-48bfd4ea-e9e2-45b5-befc-3383cae87fdf,8.0
2020-10-22,TeamB-48bfd4ea-e9e2-45b5-befc-3383cae87fdf,8.0
2020-10-23,TeamB-48bfd4ea-e9e2-45b5-befc-3383cae87fdf,8.0
2020-10-24,TeamB-48bfd4ea-e9e2-45b5-befc-3383cae87fdf,8.0
2020-10-25,TeamB-48bfd4ea-e9e2-45b5-befc-3383cae87fdf,8.0
2020-10-26,TeamB-48bfd4ea-e9e2-45b5-befc-3383cae87fdf,8.0
2020-10-27,TeamB-48bfd4ea-e9e2-45b5-befc-3383cae87fdf,8.0
2020-10-28,TeamB-48bfd4ea-e9e2-45b5-befc-3383cae87fdf,8.0
2020-10-29,TeamB-48bfd4ea-e9e2-45b5-befc-3383cae87fdf,8.0
2020-10-30,TeamB-48bfd4ea-e9e2-45b5-befc-3383cae87fdf,8.0
2020-10-31,TeamB-48bfd4ea-e9e2-45b5-befc-3383cae87fdf,8.0
2020-11-01,TeamB-48bfd4ea-e9e2-45b5-befc-3383cae87fdf,8.0
2020-11-02,TeamB-48bfd4ea-e9e2-45b5-befc-3383cae87fdf,5.0
2020-11-03,TeamB-48bfd4ea-e9e2-45b5-befc-3383cae87fdf,8.0
2020-11-04,TeamB-48bfd4ea-e9e2-45b5-befc-3383cae87fdf,8.0
2020-11-05,TeamB-48bfd4ea-e9e2-45b5-befc-3383cae87fdf,8.0
2020-11-06,TeamB-48bfd4ea-e9e2-45b5-befc-3383cae87fdf,8.0
2020-11-08,TeamB-48bfd4ea-e9e2-45b5-befc-3383cae87fdf,8.0
2020-11-09,TeamB-48bfd4ea-e9e2-45b5-befc-3383cae87fdf,8.0
2020-11-10,TeamB-48bfd4ea-e9e2-45b5-befc-3383cae87fdf,8.0
2020-11-12,TeamB-48bfd4ea-e9e2-45b5-befc-3383cae87fdf,8.0
2020-11-13,TeamB-48bfd4ea-e9e2-45b5-befc-3383cae87fdf,8.0
2020-11-15,TeamB-48bfd4ea-e9e2-45b5-befc-3383cae87fdf,8.0
2020-11-16,TeamB-48bfd4ea-e9e2-45b5-befc-3383cae87fdf,7.5
2020-11-19,TeamB-48bfd4ea-e9e2-45b5-befc-3383cae87fdf,8.0
2020-11-20,TeamB-48bfd4ea-e9e2-45b5-befc-3383cae87fdf,8.0
2020-11-21,TeamB-48bfd4ea-e9e2-45b5-befc-3383cae87fdf,8.0
2020-11-22,TeamB-48bfd4ea-e9e2-45b5-befc-3383cae87fdf,8.0
2020-11-23,TeamB-48bfd4ea-e9e2-45b5-befc-3383cae87fdf,8.0
2020-11-24,TeamB-48bfd4ea-e9e2-45b5-befc-3383cae87fdf,8.0
2020-11-25,TeamB-48bfd4ea-e9e2-45b5-befc-3383cae87fdf,8.0
2020-11-26,TeamB-48bfd4ea-e9e2-45b5-befc-3383cae87fdf,8.0
2020-11-27,TeamB-48bfd4ea-e9e2-45b5-befc-3383cae87fdf,8.0
2020-11-28,TeamB-48bfd4ea-e9e2-45b5-befc-3383cae87fdf,8.0
2020-11-29,TeamB-48bfd4ea-e9e2-45b5-befc-3383cae87fdf,8.0
2020-11-30,TeamB-48bfd4ea-e9e2-45b5-befc-3383cae87fdf,8.0
2020-12-01,TeamB-48bfd4ea-e9e2-45b5-befc-3383cae87fdf,8.0
2020-12-02,TeamB-48bfd4ea-e9e2-45b5-befc-3383cae87fdf,8.0
2020-12-03,TeamB-48bfd4ea-e9e2-45b5-befc-3383cae87fdf,8.0
2020-12-04,TeamB-48bfd4ea-e9e2-45b5-befc-3383cae87fdf,8.0
2020-12-05,TeamB-48bfd4ea-e9e2-45b5-befc-3383cae87fdf,8.0
2020-12-06,TeamB-48bfd4ea-e9e2-45b5-befc-3383cae87fdf,8.0
2020-12-07,TeamB-48bfd4ea-e9e2-45b5-befc-3383cae87fdf,4.5
2020-12-08,TeamB-48bfd4ea-e9e2-45b5-befc-3383cae87fdf,8.0
2020-12-09,TeamB-48bfd4ea-e9e2-45b5-befc-3383cae87fdf,8.0
2020-12-10,TeamB-48bfd4ea-e9e2-45b5-befc-3383cae87fdf,8.0
2020-12-11,TeamB-48bfd4ea-e9e2-45b5-befc-3383cae87fdf,8.0
2020-12-12,TeamB-48bfd4ea-e9e2-45b5-befc-3383cae87fdf,8.0
2020-12-13,TeamB-48bfd4ea-e9e2-45b5-befc-3383cae87fdf,8.0
2020-12-14,TeamB-48bfd4ea-e9e2-45b5-befc-3383cae87fdf,6.0
2021-01-14,TeamB-48bfd4ea-e9e2-45b5-befc-3383cae87fdf,6.5
2021-01-15,TeamB-48bfd4ea-e9e2-45b5-befc-3383cae87fdf,8.0
2021-01-16,TeamB-48bfd4ea-e9e2-45b5-befc-3383cae87fdf,8.0
2021-01-17,TeamB-48bfd4ea-e9e2-45b5-befc-3383cae87fdf,8.0
2021-01-18,TeamB-48bfd4ea-e9e2-45b5-befc-3383cae87fdf,8.0
2021-01-19,TeamB-48bfd4ea-e9e2-45b5-befc-3383cae87fdf,8.0
2021-01-20,TeamB-48bfd4ea-e9e2-45b5-befc-3383cae87fdf,8.0
2021-01-21,TeamB-48bfd4ea-e9e2-45b5-befc-3383cae87fdf,8.0
2021-01-22,TeamB-48bfd4ea-e9e2-45b5-befc-3383cae87fdf,8.0
2021-01-23,TeamB-48bfd4ea-e9e2-45b5-befc-3383cae87fdf,8.0
2021-01-24,TeamB-48bfd4ea-e9e2-45b5-befc-3383cae87fdf,8.0
2021-01-25,TeamB-48bfd4ea-e9e2-45b5-befc-3383cae87fdf,8.0
2021-01-26,TeamB-48bfd4ea-e9e2-45b5-befc-3383cae87fdf,8.0
2021-01-27,TeamB-48bfd4ea-e9e2-45b5-befc-3383cae87fdf,8.0
2021-01-28,TeamB-48bfd4ea-e9e2-45b5-befc-3383cae87fdf,8.0
2021-01-29,TeamB-48bfd4ea-e9e2-45b5-befc-3383cae87fdf,8.0
2021-01-30,TeamB-48bfd4ea-e9e2-45b5-befc-3383cae87fdf,8.0
2021-01-31,TeamB-48bfd4ea-e9e2-45b5-befc-3383cae87fdf,8.0
2021-02-01,TeamB-48bfd4ea-e9e2-45b5-befc-3383cae87fdf,8.0
2021-02-02,TeamB-48bfd4ea-e9e2-45b5-befc-3383cae87fdf,8.0
2021-02-03,TeamB-48bfd4ea-e9e2-45b5-befc-3383cae87fdf,8.0
2021-02-04,TeamB-48bfd4ea-e9e2-45b5-befc-3383cae87fdf,8.0
2021-02-06,TeamB-48bfd4ea-e9e2-45b5-befc-3383cae87fdf,8.0
2021-02-07,TeamB-48bfd4ea-e9e2-45b5-befc-3383cae87fdf,8.0
2021-02-08,TeamB-48bfd4ea-e9e2-45b5-befc-3383cae87fdf,8.0
2021-02-09,TeamB-48bfd4ea-e9e2-45b5-befc-3383cae87fdf,8.0
2021-02-11,TeamB-48bfd4ea-e9e2-45b5-befc-3383cae87fdf,8.0
2021-02-12,TeamB-48bfd4ea-e9e2-45b5-befc-3383cae87fdf,8.0
2021-02-13,TeamB-48bfd4ea-e9e2-45b5-befc-3383cae87fdf,8.0
2021-02-14,TeamB-48bfd4ea-e9e2-45b5-befc-3383cae87fdf,8.0
2021-02-17,TeamB-48bfd4ea-e9e2-45b5-befc-3383cae87fdf,8.0
2021-02-19,TeamB-48bfd4ea-e9e2-45b5-befc-3383cae87fdf,8.0
2021-02-20,TeamB-48bfd4ea-e9e2-45b5-befc-3383cae87fdf,8.0
2021-02-21,TeamB-48bfd4ea-e9e2-45b5-befc-3383cae87fdf,8.0
2021-02-22,TeamB-48bfd4ea-e9e2-45b5-befc-3383cae87fdf,8.0
2021-02-23,TeamB-48bfd4ea-e9e2-45b5-befc-3383cae87fdf,8.0
2021-02-24,TeamB-48bfd4ea-e9e2-45b5-befc-3383cae87fdf,8.0
2021-02-25,TeamB-48bfd4ea-e9e2-45b5-befc-3383cae87fdf,8.0
2021-02-26,TeamB-48bfd4ea-e9e2-45b5-befc-3383cae87fdf,8.0
2021-02-28,TeamB-48bfd4ea-e9e2-45b5-befc-3383cae87fdf,8.0
2021-03-01,TeamB-48bfd4ea-e9e2-45b5-befc-3383cae87fdf,8.0
2021-03-02,TeamB-48bfd4ea-e9e2-45b5-befc-3383cae87fdf,8.0
2021-03-04,TeamB-48bfd4ea-e9e2-45b5-befc-3383cae87fdf,8.0
2021-03-05,TeamB-48bfd4ea-e9e2-45b5-befc-3383cae87fdf,8.0
2021-03-07,TeamB-48bfd4ea-e9e2-45b5-befc-3383cae87fdf,8.0
2021-03-08,TeamB-48bfd4ea-e9e2-45b5-befc-3383cae87fdf,8.0
2021-03-09,TeamB-48bfd4ea-e9e2-45b5-befc-3383cae87fdf,8.0
2021-03-10,TeamB-48bfd4ea-e9e2-45b5-befc-3383cae87fdf,8.0
2021-03-11,TeamB-48bfd4ea-e9e2-45b5-befc-3383cae87fdf,8.0
2021-03-12,TeamB-48bfd4ea-e9e2-45b5-befc-3383cae87fdf,8.0
2021-03-13,TeamB-48bfd4ea-e9e2-45b5-befc-3383cae87fdf,8.0
2021-03-14,TeamB-48bfd4ea-e9e2-45b5-befc-3383cae87fdf,8.0
2021-03-15,TeamB-48bfd4ea-e9e2-45b5-befc-3383cae87fdf,8.0
2021-03-16,TeamB-48bfd4ea-e9e2-45b5-befc-3383cae87fdf,8.0
2021-03-17,TeamB-48bfd4ea-e9e2-45b5-befc-3383cae87fdf,8.0
2021-03-18,TeamB-48bfd4ea-e9e2-45b5-befc-3383cae87fdf,8.0
2021-03-19,TeamB-48bfd4ea-e9e2-45b5-befc-3383cae87fdf,8.0
2021-03-20,TeamB-48bfd4ea-e9e2-45b5-befc-3383cae87fdf,8.0
2021-03-21,TeamB-48bfd4ea-e9e2-45b5-befc-3383cae87fdf,8.0
2021-03-22,TeamB-48bfd4ea-e9e2-45b5-befc-3383cae87fdf,8.0
2021-03-23,TeamB-48bfd4ea-e9e2-45b5-befc-3383cae87fdf,8.0
2021-03-24,TeamB-48bfd4ea-e9e2-45b5-befc-3383cae87fdf,8.0
2021-03-25,TeamB-48bfd4ea-e9e2-45b5-befc-3383cae87fdf,8.0
2021-03-26,TeamB-48bfd4ea-e9e2-45b5-befc-3383cae87fdf,8.0
2021-03-27,TeamB-48bfd4ea-e9e2-45b5-befc-3383cae87fdf,8.0
2021-03-28,TeamB-48bfd4ea-e9e2-45b5-befc-3383cae87fdf,8.0
2021-03-29,TeamB-48bfd4ea-e9e2-45b5-befc-3383cae87fdf,8.0
2021-03-30,TeamB-48bfd4ea-e9e2-45b5-befc-3383cae87fdf,8.0
2021-03-31,TeamB-48bfd4ea-e9e2-45b5-befc-3383cae87fdf,8.0
2021-04-01,TeamB-48bfd4ea-e9e2-45b5-befc-3383cae87fdf,8.0
2021-04-05,TeamB-48bfd4ea-e9e2-45b5-befc-3383cae87fdf,8.0
2021-04-06,TeamB-48bfd4ea-e9e2-45b5-befc-3383cae87fdf,8.0
2021-04-07,TeamB-48bfd4ea-e9e2-45b5-befc-3383cae87fdf,8.0
2021-04-08,TeamB-48bfd4ea-e9e2-45b5-befc-3383cae87fdf,8.0
2021-04-09,TeamB-48bfd4ea-e9e2-45b5-befc-3383cae87fdf,8.0
2021-04-10,TeamB-48bfd4ea-e9e2-45b5-befc-3383cae87fdf,8.0
2021-04-11,TeamB-48bfd4ea-e9e2-45b5-befc-3383cae87fdf,8.0
2021-04-12,TeamB-48bfd4ea-e9e2-45b5-befc-3383cae87fdf,8.0
2021-04-13,TeamB-48bfd4ea-e9e2-45b5-befc-3383cae87fdf,8.0
2021-04-14,TeamB-48bfd4ea-e9e2-45b5-befc-3383cae87fdf,8.0
2021-04-15,TeamB-48bfd4ea-e9e2-45b5-befc-3383cae87fdf,8.0
2021-04-16,TeamB-48bfd4ea-e9e2-45b5-befc-3383cae87fdf,8.0
2021-04-17,TeamB-48bfd4ea-e9e2-45b5-befc-3383cae87fdf,8.0
2021-04-18,TeamB-48bfd4ea-e9e2-45b5-befc-3383cae87fdf,8.0
2021-04-19,TeamB-48bfd4ea-e9e2-45b5-befc-3383cae87fdf,8.0
2021-04-20,TeamB-48bfd4ea-e9e2-45b5-befc-3383cae87fdf,8.0
2021-04-21,TeamB-48bfd4ea-e9e2-45b5-befc-3383cae87fdf,8.0
2021-04-22,TeamB-48bfd4ea-e9e2-45b5-befc-3383cae87fdf,8.0
2021-04-23,TeamB-48bfd4ea-e9e2-45b5-befc-3383cae87fdf,8.0
2021-04-24,TeamB-48bfd4ea-e9e2-45b5-befc-3383cae87fdf,8.0
2021-04-25,TeamB-48bfd4ea-e9e2-45b5-befc-3383cae87fdf,8.0
2021-04-26,TeamB-48bfd4ea-e9e2-45b5-befc-3383cae87fdf,8.0
2021-04-27,TeamB-48bfd4ea-e9e2-45b5-befc-3383cae87fdf,8.0
2021-04-28,TeamB-48bfd4ea-e9e2-45b5-befc-3383cae87fdf,8.0
2021-04-29,TeamB-48bfd4ea-e9e2-45b5-befc-3383cae87fdf,8.0
2021-04-30,TeamB-48bfd4ea-e9e2-45b5-befc-3383cae87fdf,8.0
2021-05-01,TeamB-48bfd4ea-e9e2-45b5-befc-3383cae87fdf,8.0
2021-05-02,TeamB-48bfd4ea-e9e2-45b5-befc-3383cae87fdf,8.0
2021-05-03,TeamB-48bfd4ea-e9e2-45b5-befc-3383cae87fdf,8.0
2021-05-04,TeamB-48bfd4ea-e9e2-45b5-befc-3383cae87fdf,8.0
2021-05-05,TeamB-48bfd4ea-e9e2-45b5-befc-3383cae87fdf,8.0
2021-05-06,TeamB-48bfd4ea-e9e2-45b5-befc-3383cae87fdf,8.0
2021-05-07,TeamB-48bfd4ea-e9e2-45b5-befc-3383cae87fdf,8.0
2021-05-08,TeamB-48bfd4ea-e9e2-45b5-befc-3383cae87fdf,8.0
2021-05-09,TeamB-48bfd4ea-e9e2-45b5-befc-3383cae87fdf,8.0
2021-05-10,TeamB-48bfd4ea-e9e2-45b5-befc-3383cae87fdf,8.0
2021-05-11,TeamB-48bfd4ea-e9e2-45b5-befc-3383cae87fdf,8.0
2021-05-12,TeamB-48bfd4ea-e9e2-45b5-befc-3383cae87fdf,8.0
2021-05-13,TeamB-48bfd4ea-e9e2-45b5-befc-3383cae87fdf,8.0
2021-05-14,TeamB-48bfd4ea-e9e2-45b5-befc-3383cae87fdf,8.0
2021-05-15,TeamB-48bfd4ea-e9e2-45b5-befc-3383cae87fdf,8.0
2021-05-17,TeamB-48bfd4ea-e9e2-45b5-befc-3383cae87fdf,8.0
2021-05-18,TeamB-48bfd4ea-e9e2-45b5-befc-3383cae87fdf,8.0
2021-05-19,TeamB-48bfd4ea-e9e2-45b5-befc-3383cae87fdf,8.0
2021-05-20,TeamB-48bfd4ea-e9e2-45b5-befc-3383cae87fdf,8.0
2021-05-21,TeamB-48bfd4ea-e9e2-45b5-befc-3383cae87fdf,8.0
2021-05-22,TeamB-48bfd4ea-e9e2-45b5-befc-3383cae87fdf,8.0
2021-05-23,TeamB-48bfd4ea-e9e2-45b5-befc-3383cae87fdf,8.0
2021-05-24,TeamB-48bfd4ea-e9e2-45b5-befc-3383cae87fdf,8.0
2021-05-25,TeamB-48bfd4ea-e9e2-45b5-befc-3383cae87fdf,8.0
2021-05-26,TeamB-48bfd4ea-e9e2-45b5-befc-3383cae87fdf,8.0
2021-05-27,TeamB-48bfd4ea-e9e2-45b5-befc-3383cae87fdf,8.0
2021-05-28,TeamB-48bfd4ea-e9e2-45b5-befc-3383cae87fdf,8.0
2021-05-29,TeamB-48bfd4ea-e9e2-45b5-befc-3383cae87fdf,8.0
2021-05-30,TeamB-48bfd4ea-e9e2-45b5-befc-3383cae87fdf,8.0
2021-05-31,TeamB-48bfd4ea-e9e2-45b5-befc-3383cae87fdf,8.0
2021-06-01,TeamB-48bfd4ea-e9e2-45b5-befc-3383cae87fdf,8.0
2021-06-02,TeamB-48bfd4ea-e9e2-45b5-befc-3383cae87fdf,8.0
2021-06-03,TeamB-48bfd4ea-e9e2-45b5-befc-3383cae87fdf,8.0
2021-06-04,TeamB-48bfd4ea-e9e2-45b5-befc-3383cae87fdf,8.0
2021-06-05,TeamB-48bfd4ea-e9e2-45b5-befc-3383cae87fdf,8.0
2021-06-06,TeamB-48bfd4ea-e9e2-45b5-befc-3383cae87fdf,8.0
2021-06-07,TeamB-48bfd4ea-e9e2-45b5-befc-3383cae87fdf,8.0
2021-06-08,TeamB-48bfd4ea-e9e2-45b5-befc-3383cae87fdf,8.0
2021-06-09,TeamB-48bfd4ea-e9e2-45b5-befc-3383cae87fdf,8.0
2021-06-10,TeamB-48bfd4ea-e9e2-45b5-befc-3383cae87fdf,8.0
2021-06-11,TeamB-48bfd4ea-e9e2-45b5-befc-3383cae87fdf,8.0
2021-06-12,TeamB-48bfd4ea-e9e2-45b5-befc-3383cae87fdf,8.0
2021-06-13,TeamB-48bfd4ea-e9e2-45b5-befc-3383cae87fdf,8.0
2021-06-14,TeamB-48bfd4ea-e9e2-45b5-befc-3383cae87fdf,8.0
2021-06-15,TeamB-48bfd4ea-e9e2-45b5-befc-3383cae87fdf,8.0
2021-06-16,TeamB-48bfd4ea-e9e2-45b5-befc-3383cae87fdf,8.0
2021-06-17,TeamB-48bfd4ea-e9e2-45b5-befc-3383cae87fdf,8.0
2021-06-18,TeamB-48bfd4ea-e9e2-45b5-befc-3383cae87fdf,8.0
2021-06-19,TeamB-48bfd4ea-e9e2-45b5-befc-3383cae87fdf,8.0
2021-06-20,TeamB-48bfd4ea-e9e2-45b5-befc-3383cae87fdf,8.0
2021-06-21,TeamB-48bfd4ea-e9e2-45b5-befc-3383cae87fdf,8.0
2021-06-22,TeamB-48bfd4ea-e9e2-45b5-befc-3383cae87fdf,8.0
2021-06-23,TeamB-48bfd4ea-e9e2-45b5-befc-3383cae87fdf,8.0
2021-06-24,TeamB-48bfd4ea-e9e2-45b5-befc-3383cae87fdf,8.0
2021-06-25,TeamB-48bfd4ea-e9e2-45b5-befc-3383cae87fdf,8.0
2021-06-26,TeamB-48bfd4ea-e9e2-45b5-befc-3383cae87fdf,8.0
2021-06-27,TeamB-48bfd4ea-e9e2-45b5-befc-3383cae87fdf,8.0
2021-06-28,TeamB-48bfd4ea-e9e2-45b5-befc-3383cae87fdf,8.0
2021-06-29,TeamB-48bfd4ea-e9e2-45b5-befc-3383cae87fdf,8.0
2021-06-30,TeamB-48bfd4ea-e9e2-45b5-befc-3383cae87fdf,8.0
2021-07-01,TeamB-48bfd4ea-e9e2-45b5-befc-3383cae87fdf,6.5
2021-07-02,TeamB-48bfd4ea-e9e2-45b5-befc-3383cae87fdf,8.0
2021-07-03,TeamB-48bfd4ea-e9e2-45b5-befc-3383cae87fdf,8.0
2021-07-04,TeamB-48bfd4ea-e9e2-45b5-befc-3383cae87fdf,8.0
2021-07-05,TeamB-48bfd4ea-e9e2-45b5-befc-3383cae87fdf,8.0
2021-07-06,TeamB-48bfd4ea-e9e2-45b5-befc-3383cae87fdf,8.0
2021-07-07,TeamB-48bfd4ea-e9e2-45b5-befc-3383cae87fdf,8.0
2021-07-08,TeamB-48bfd4ea-e9e2-45b5-befc-3383cae87fdf,8.0
2021-07-09,TeamB-48bfd4ea-e9e2-45b5-befc-3383cae87fdf,8.0
2021-07-10,TeamB-48bfd4ea-e9e2-45b5-befc-3383cae87fdf,8.0
2021-07-11,TeamB-48bfd4ea-e9e2-45b5-befc-3383cae87fdf,7.5
2021-07-12,TeamB-48bfd4ea-e9e2-45b5-befc-3383cae87fdf,8.0
2021-07-13,TeamB-48bfd4ea-e9e2-45b5-befc-3383cae87fdf,8.0
2021-07-14,TeamB-48bfd4ea-e9e2-45b5-befc-3383cae87fdf,8.0
2021-07-31,TeamB-48bfd4ea-e9e2-45b5-befc-3383cae87fdf,8.0
2021-08-01,TeamB-48bfd4ea-e9e2-45b5-befc-3383cae87fdf,8.0
2021-08-02,TeamB-48bfd4ea-e9e2-45b5-befc-3383cae87fdf,8.0
2021-08-03,TeamB-48bfd4ea-e9e2-45b5-befc-3383cae87fdf,8.0
2021-08-04,TeamB-48bfd4ea-e9e2-45b5-befc-3383cae87fdf,8.0
2021-08-05,TeamB-48bfd4ea-e9e2-45b5-befc-3383cae87fdf,8.0
2021-08-06,TeamB-48bfd4ea-e9e2-45b5-befc-3383cae87fdf,8.0
2021-08-07,TeamB-48bfd4ea-e9e2-45b5-befc-3383cae87fdf,8.0
2021-08-08,TeamB-48bfd4ea-e9e2-45b5-befc-3383cae87fdf,8.0
2021-08-09,TeamB-48bfd4ea-e9e2-45b5-befc-3383cae87fdf,8.0
2021-08-10,TeamB-48bfd4ea-e9e2-45b5-befc-3383cae87fdf,8.0
2021-08-11,TeamB-48bfd4ea-e9e2-45b5-befc-3383cae87fdf,8.0
2021-08-12,TeamB-48bfd4ea-e9e2-45b5-befc-3383cae87fdf,7.0
2021-08-13,TeamB-48bfd4ea-e9e2-45b5-befc-3383cae87fdf,8.0
2021-08-14,TeamB-48bfd4ea-e9e2-45b5-befc-3383cae87fdf,8.0
2021-08-15,TeamB-48bfd4ea-e9e2-45b5-befc-3383cae87fdf,8.0
2021-08-16,TeamB-48bfd4ea-e9e2-45b5-befc-3383cae87fdf,8.0
2021-08-17,TeamB-48bfd4ea-e9e2-45b5-befc-3383cae87fdf,8.0
2021-08-18,TeamB-48bfd4ea-e9e2-45b5-befc-3383cae87fdf,8.0
2021-08-19,TeamB-48bfd4ea-e9e2-45b5-befc-3383cae87fdf,8.0
2021-08-20,TeamB-48bfd4ea-e9e2-45b5-befc-3383cae87fdf,8.0
2021-08-21,TeamB-48bfd4ea-e9e2-45b5-befc-3383cae87fdf,8.0
2021-08-22,TeamB-48bfd4ea-e9e2-45b5-befc-3383cae87fdf,8.0
2021-08-23,TeamB-48bfd4ea-e9e2-45b5-befc-3383cae87fdf,8.0
2021-08-24,TeamB-48bfd4ea-e9e2-45b5-befc-3383cae87fdf,8.0
2021-08-25,TeamB-48bfd4ea-e9e2-45b5-befc-3383cae87fdf,8.0
2021-08-26,TeamB-48bfd4ea-e9e2-45b5-befc-3383cae87fdf,8.0
2021-08-27,TeamB-48bfd4ea-e9e2-45b5-befc-3383cae87fdf,8.0
2021-08-28,TeamB-48bfd4ea-e9e2-45b5-befc-3383cae87fdf,8.0
2021-08-29,TeamB-48bfd4ea-e9e2-45b5-befc-3383cae87fdf,8.0
2021-08-30,TeamB-48bfd4ea-e9e2-45b5-befc-3383cae87fdf,8.0
2021-08-31,TeamB-48bfd4ea-e9e2-45b5-befc-3383cae87fdf,8.0
2021-09-01,TeamB-48bfd4ea-e9e2-45b5-befc-3383cae87fdf,8.0
2021-09-02,TeamB-48bfd4ea-e9e2-45b5-befc-3383cae87fdf,8.0
2021-09-03,TeamB-48bfd4ea-e9e2-45b5-befc-3383cae87fdf,8.0
2021-09-04,TeamB-48bfd4ea-e9e2-45b5-befc-3383cae87fdf,8.0
2021-09-05,TeamB-48bfd4ea-e9e2-45b5-befc-3383cae87fdf,7.0
2021-09-06,TeamB-48bfd4ea-e9e2-45b5-befc-3383cae87fdf,8.0
2021-09-07,TeamB-48bfd4ea-e9e2-45b5-befc-3383cae87fdf,8.0
2021-09-08,TeamB-48bfd4ea-e9e2-45b5-befc-3383cae87fdf,8.0
2021-09-09,TeamB-48bfd4ea-e9e2-45b5-befc-3383cae87fdf,8.0
2021-09-10,TeamB-48bfd4ea-e9e2-45b5-befc-3383cae87fdf,8.0
2021-09-11,TeamB-48bfd4ea-e9e2-45b5-befc-3383cae87fdf,8.0
2021-09-12,TeamB-48bfd4ea-e9e2-45b5-befc-3383cae87fdf,8.0
2021-09-13,TeamB-48bfd4ea-e9e2-45b5-befc-3383cae87fdf,8.0
2021-09-14,TeamB-48bfd4ea-e9e2-45b5-befc-3383cae87fdf,8.0
2021-09-15,TeamB-48bfd4ea-e9e2-45b5-befc-3383cae87fdf,8.0
2021-09-16,TeamB-48bfd4ea-e9e2-45b5-befc-3383cae87fdf,8.0
2021-09-17,TeamB-48bfd4ea-e9e2-45b5-befc-3383cae87fdf,8.0
2021-09-18,TeamB-48bfd4ea-e9e2-45b5-befc-3383cae87fdf,8.0
2021-09-19,TeamB-48bfd4ea-e9e2-45b5-befc-3383cae87fdf,8.0
2021-09-20,TeamB-48bfd4ea-e9e2-45b5-befc-3383cae87fdf,8.0
2021-09-21,TeamB-48bfd4ea-e9e2-45b5-befc-3383cae87fdf,8.0
2021-09-22,TeamB-48bfd4ea-e9e2-45b5-befc-3383cae87fdf,8.0
2021-09-23,TeamB-48bfd4ea-e9e2-45b5-befc-3383cae87fdf,8.0
2021-09-24,TeamB-48bfd4ea-e9e2-45b5-befc-3383cae87fdf,8.0
2021-09-25,TeamB-48bfd4ea-e9e2-45b5-befc-3383cae87fdf,8.0
2021-09-26,TeamB-48bfd4ea-e9e2-45b5-befc-3383cae87fdf,8.0
2021-09-27,TeamB-48bfd4ea-e9e2-45b5-befc-3383cae87fdf,8.0
2021-09-28,TeamB-48bfd4ea-e9e2-45b5-befc-3383cae87fdf,8.0
2021-09-29,TeamB-48bfd4ea-e9e2-45b5-befc-3383cae87fdf,8.0
2021-09-30,TeamB-48bfd4ea-e9e2-45b5-befc-3383cae87fdf,8.0
2021-10-05,TeamB-48bfd4ea-e9e2-45b5-befc-3383cae87fdf,8.0
2021-10-06,TeamB-48bfd4ea-e9e2-45b5-befc-3383cae87fdf,6.0
2021-10-07,TeamB-48bfd4ea-e9e2-45b5-befc-3383cae87fdf,6.0
2021-10-08,TeamB-48bfd4ea-e9e2-45b5-befc-3383cae87fdf,6.5
2021-10-09,TeamB-48bfd4ea-e9e2-45b5-befc-3383cae87fdf,6.0
2021-10-10,TeamB-48bfd4ea-e9e2-45b5-befc-3383cae87fdf,8.0
2021-10-12,TeamB-48bfd4ea-e9e2-45b5-befc-3383cae87fdf,7.5
2021-10-13,TeamB-48bfd4ea-e9e2-45b5-befc-3383cae87fdf,8.0
2021-10-15,TeamB-48bfd4ea-e9e2-45b5-befc-3383cae87fdf,8.0
2021-10-26,TeamB-48bfd4ea-e9e2-45b5-befc-3383cae87fdf,8.0
2021-10-27,TeamB-48bfd4ea-e9e2-45b5-befc-3383cae87fdf,8.0
2021-10-28,TeamB-48bfd4ea-e9e2-45b5-befc-3383cae87fdf,8.0
2021-10-29,TeamB-48bfd4ea-e9e2-45b5-befc-3383cae87fdf,8.0
2021-10-30,TeamB-48bfd4ea-e9e2-45b5-befc-3383cae87fdf,8.0
2021-10-31,TeamB-48bfd4ea-e9e2-45b5-befc-3383cae87fdf,7.5
2021-11-02,TeamB-48bfd4ea-e9e2-45b5-befc-3383cae87fdf,8.0
2021-11-03,TeamB-48bfd4ea-e9e2-45b5-befc-3383cae87fdf,7.0
2021-11-04,TeamB-48bfd4ea-e9e2-45b5-befc-3383cae87fdf,8.0
2021-11-05,TeamB-48bfd4ea-e9e2-45b5-befc-3383cae87fdf,8.0
2021-11-06,TeamB-48bfd4ea-e9e2-45b5-befc-3383cae87fdf,8.0
2021-11-07,TeamB-48bfd4ea-e9e2-45b5-befc-3383cae87fdf,8.0
2021-11-09,TeamB-48bfd4ea-e9e2-45b5-befc-3383cae87fdf,8.0
2021-11-10,TeamB-48bfd4ea-e9e2-45b5-befc-3383cae87fdf,8.0
2021-11-12,TeamB-48bfd4ea-e9e2-45b5-befc-3383cae87fdf,8.0
2021-11-13,TeamB-48bfd4ea-e9e2-45b5-befc-3383cae87fdf,7.0
2021-02-05,TeamB-4b1e23d2-4204-4e16-9991-e0490649079b,8.5
2021-02-07,TeamB-4b1e23d2-4204-4e16-9991-e0490649079b,8.0
2021-02-08,TeamB-4b1e23d2-4204-4e16-9991-e0490649079b,8.5
2021-02-12,TeamB-4b1e23d2-4204-4e16-9991-e0490649079b,8.0
2021-02-15,TeamB-4b1e23d2-4204-4e16-9991-e0490649079b,8.0
2021-02-16,TeamB-4b1e23d2-4204-4e16-9991-e0490649079b,8.0
2021-02-20,TeamB-4b1e23d2-4204-4e16-9991-e0490649079b,8.5
2021-02-24,TeamB-4b1e23d2-4204-4e16-9991-e0490649079b,8.0
2021-02-26,TeamB-4b1e23d2-4204-4e16-9991-e0490649079b,8.0
2021-03-01,TeamB-4b1e23d2-4204-4e16-9991-e0490649079b,8.0
2021-03-02,TeamB-4b1e23d2-4204-4e16-9991-e0490649079b,8.0
2021-03-04,TeamB-4b1e23d2-4204-4e16-9991-e0490649079b,8.0
2021-03-05,TeamB-4b1e23d2-4204-4e16-9991-e0490649079b,8.5
2021-03-06,TeamB-4b1e23d2-4204-4e16-9991-e0490649079b,8.0
2021-03-08,TeamB-4b1e23d2-4204-4e16-9991-e0490649079b,8.0
2021-03-11,TeamB-4b1e23d2-4204-4e16-9991-e0490649079b,8.0
2021-03-12,TeamB-4b1e23d2-4204-4e16-9991-e0490649079b,8.0
2021-03-13,TeamB-4b1e23d2-4204-4e16-9991-e0490649079b,7.5
2021-03-15,TeamB-4b1e23d2-4204-4e16-9991-e0490649079b,8.0
2021-03-16,TeamB-4b1e23d2-4204-4e16-9991-e0490649079b,8.0
2021-03-18,TeamB-4b1e23d2-4204-4e16-9991-e0490649079b,7.5
2021-03-19,TeamB-4b1e23d2-4204-4e16-9991-e0490649079b,8.0
2021-03-20,TeamB-4b1e23d2-4204-4e16-9991-e0490649079b,7.5
2021-03-22,TeamB-4b1e23d2-4204-4e16-9991-e0490649079b,8.0
2021-03-23,TeamB-4b1e23d2-4204-4e16-9991-e0490649079b,8.5
2021-03-25,TeamB-4b1e23d2-4204-4e16-9991-e0490649079b,8.0
2021-03-26,TeamB-4b1e23d2-4204-4e16-9991-e0490649079b,8.5
2021-03-27,TeamB-4b1e23d2-4204-4e16-9991-e0490649079b,9.0
2021-03-29,TeamB-4b1e23d2-4204-4e16-9991-e0490649079b,8.5
2021-03-30,TeamB-4b1e23d2-4204-4e16-9991-e0490649079b,8.0
2021-03-31,TeamB-4b1e23d2-4204-4e16-9991-e0490649079b,8.0
2021-04-06,TeamB-4b1e23d2-4204-4e16-9991-e0490649079b,9.0
2021-04-09,TeamB-4b1e23d2-4204-4e16-9991-e0490649079b,8.0
2021-04-10,TeamB-4b1e23d2-4204-4e16-9991-e0490649079b,8.0
2021-04-12,TeamB-4b1e23d2-4204-4e16-9991-e0490649079b,9.0
2021-04-13,TeamB-4b1e23d2-4204-4e16-9991-e0490649079b,9.0
2021-04-15,TeamB-4b1e23d2-4204-4e16-9991-e0490649079b,8.0
2021-04-16,TeamB-4b1e23d2-4204-4e16-9991-e0490649079b,8.5
2021-04-17,TeamB-4b1e23d2-4204-4e16-9991-e0490649079b,8.5
2021-04-19,TeamB-4b1e23d2-4204-4e16-9991-e0490649079b,8.0
2021-04-20,TeamB-4b1e23d2-4204-4e16-9991-e0490649079b,8.0
2021-04-21,TeamB-4b1e23d2-4204-4e16-9991-e0490649079b,8.0
2021-04-23,TeamB-4b1e23d2-4204-4e16-9991-e0490649079b,8.0
2021-04-26,TeamB-4b1e23d2-4204-4e16-9991-e0490649079b,8.0
2021-04-27,TeamB-4b1e23d2-4204-4e16-9991-e0490649079b,8.0
2021-04-29,TeamB-4b1e23d2-4204-4e16-9991-e0490649079b,8.0
2021-04-30,TeamB-4b1e23d2-4204-4e16-9991-e0490649079b,8.0
2021-05-01,TeamB-4b1e23d2-4204-4e16-9991-e0490649079b,8.0
2021-05-03,TeamB-4b1e23d2-4204-4e16-9991-e0490649079b,8.0
2021-05-04,TeamB-4b1e23d2-4204-4e16-9991-e0490649079b,8.0
2021-05-05,TeamB-4b1e23d2-4204-4e16-9991-e0490649079b,8.5
2021-05-07,TeamB-4b1e23d2-4204-4e16-9991-e0490649079b,8.0
2021-05-10,TeamB-4b1e23d2-4204-4e16-9991-e0490649079b,7.5
2021-05-11,TeamB-4b1e23d2-4204-4e16-9991-e0490649079b,8.0
2021-05-14,TeamB-4b1e23d2-4204-4e16-9991-e0490649079b,8.0
2021-05-15,TeamB-4b1e23d2-4204-4e16-9991-e0490649079b,8.0
2021-05-18,TeamB-4b1e23d2-4204-4e16-9991-e0490649079b,8.0
2021-05-19,TeamB-4b1e23d2-4204-4e16-9991-e0490649079b,8.5
2021-05-21,TeamB-4b1e23d2-4204-4e16-9991-e0490649079b,8.5
2021-05-24,TeamB-4b1e23d2-4204-4e16-9991-e0490649079b,8.0
2021-05-25,TeamB-4b1e23d2-4204-4e16-9991-e0490649079b,8.0
2021-05-26,TeamB-4b1e23d2-4204-4e16-9991-e0490649079b,8.0
2021-05-28,TeamB-4b1e23d2-4204-4e16-9991-e0490649079b,8.5
2021-05-31,TeamB-4b1e23d2-4204-4e16-9991-e0490649079b,7.0
2021-06-01,TeamB-4b1e23d2-4204-4e16-9991-e0490649079b,8.5
2021-06-02,TeamB-4b1e23d2-4204-4e16-9991-e0490649079b,8.0
2021-06-04,TeamB-4b1e23d2-4204-4e16-9991-e0490649079b,9.0
2021-06-05,TeamB-4b1e23d2-4204-4e16-9991-e0490649079b,8.5
2021-06-17,TeamB-4b1e23d2-4204-4e16-9991-e0490649079b,8.5
2021-06-18,TeamB-4b1e23d2-4204-4e16-9991-e0490649079b,7.5
2021-06-20,TeamB-4b1e23d2-4204-4e16-9991-e0490649079b,7.0
2021-06-21,TeamB-4b1e23d2-4204-4e16-9991-e0490649079b,8.0
2021-06-22,TeamB-4b1e23d2-4204-4e16-9991-e0490649079b,9.0
2021-06-23,TeamB-4b1e23d2-4204-4e16-9991-e0490649079b,7.5
2021-06-25,TeamB-4b1e23d2-4204-4e16-9991-e0490649079b,8.0
2021-06-27,TeamB-4b1e23d2-4204-4e16-9991-e0490649079b,7.0
2021-06-29,TeamB-4b1e23d2-4204-4e16-9991-e0490649079b,9.0
2021-07-01,TeamB-4b1e23d2-4204-4e16-9991-e0490649079b,8.0
2021-07-03,TeamB-4b1e23d2-4204-4e16-9991-e0490649079b,8.5
2021-07-04,TeamB-4b1e23d2-4204-4e16-9991-e0490649079b,8.0
2021-07-06,TeamB-4b1e23d2-4204-4e16-9991-e0490649079b,8.0
2021-07-07,TeamB-4b1e23d2-4204-4e16-9991-e0490649079b,8.0
2021-07-09,TeamB-4b1e23d2-4204-4e16-9991-e0490649079b,8.0
2021-07-11,TeamB-4b1e23d2-4204-4e16-9991-e0490649079b,8.5
2021-07-13,TeamB-4b1e23d2-4204-4e16-9991-e0490649079b,8.5
2021-07-14,TeamB-4b1e23d2-4204-4e16-9991-e0490649079b,8.5
2021-08-02,TeamB-4b1e23d2-4204-4e16-9991-e0490649079b,9.0
2021-08-03,TeamB-4b1e23d2-4204-4e16-9991-e0490649079b,8.5
2021-08-05,TeamB-4b1e23d2-4204-4e16-9991-e0490649079b,8.0
2021-08-06,TeamB-4b1e23d2-4204-4e16-9991-e0490649079b,8.0
2021-08-07,TeamB-4b1e23d2-4204-4e16-9991-e0490649079b,8.5
2021-08-08,TeamB-4b1e23d2-4204-4e16-9991-e0490649079b,9.0
2021-08-10,TeamB-4b1e23d2-4204-4e16-9991-e0490649079b,8.5
2021-08-11,TeamB-4b1e23d2-4204-4e16-9991-e0490649079b,8.5
2021-08-13,TeamB-4b1e23d2-4204-4e16-9991-e0490649079b,8.0
2021-08-15,TeamB-4b1e23d2-4204-4e16-9991-e0490649079b,7.5
2021-08-20,TeamB-4b1e23d2-4204-4e16-9991-e0490649079b,8.5
2021-08-23,TeamB-4b1e23d2-4204-4e16-9991-e0490649079b,8.0
2021-08-26,TeamB-4b1e23d2-4204-4e16-9991-e0490649079b,8.5
2021-08-28,TeamB-4b1e23d2-4204-4e16-9991-e0490649079b,8.5
2021-08-30,TeamB-4b1e23d2-4204-4e16-9991-e0490649079b,9.0
2021-08-31,TeamB-4b1e23d2-4204-4e16-9991-e0490649079b,9.0
2021-09-03,TeamB-4b1e23d2-4204-4e16-9991-e0490649079b,8.0
2021-09-05,TeamB-4b1e23d2-4204-4e16-9991-e0490649079b,8.0
2021-09-07,TeamB-4b1e23d2-4204-4e16-9991-e0490649079b,7.5
2021-09-08,TeamB-4b1e23d2-4204-4e16-9991-e0490649079b,9.0
2021-09-10,TeamB-4b1e23d2-4204-4e16-9991-e0490649079b,8.0
2021-09-11,TeamB-4b1e23d2-4204-4e16-9991-e0490649079b,9.0
2021-09-24,TeamB-4b1e23d2-4204-4e16-9991-e0490649079b,8.0
2021-09-25,TeamB-4b1e23d2-4204-4e16-9991-e0490649079b,8.5
2021-09-26,TeamB-4b1e23d2-4204-4e16-9991-e0490649079b,8.0
2021-09-28,TeamB-4b1e23d2-4204-4e16-9991-e0490649079b,7.5
2021-09-29,TeamB-4b1e23d2-4204-4e16-9991-e0490649079b,7.0
2021-10-01,TeamB-4b1e23d2-4204-4e16-9991-e0490649079b,8.0
2021-10-02,TeamB-4b1e23d2-4204-4e16-9991-e0490649079b,8.5
2021-10-05,TeamB-4b1e23d2-4204-4e16-9991-e0490649079b,6.5
2021-10-06,TeamB-4b1e23d2-4204-4e16-9991-e0490649079b,9.0
2021-10-08,TeamB-4b1e23d2-4204-4e16-9991-e0490649079b,8.5
2021-10-12,TeamB-4b1e23d2-4204-4e16-9991-e0490649079b,8.0
2021-10-13,TeamB-4b1e23d2-4204-4e16-9991-e0490649079b,8.0
2021-10-15,TeamB-4b1e23d2-4204-4e16-9991-e0490649079b,7.5
2021-10-17,TeamB-4b1e23d2-4204-4e16-9991-e0490649079b,9.0
2021-11-06,TeamB-4b1e23d2-4204-4e16-9991-e0490649079b,9.0
2021-11-09,TeamB-4b1e23d2-4204-4e16-9991-e0490649079b,8.5
2020-01-09,TeamB-4d54416a-8e5f-42c0-8dd0-12700569908f,8.0
2020-01-10,TeamB-4d54416a-8e5f-42c0-8dd0-12700569908f,8.0
2020-03-26,TeamB-4d54416a-8e5f-42c0-8dd0-12700569908f,9.0
2020-03-27,TeamB-4d54416a-8e5f-42c0-8dd0-12700569908f,8.5
2020-03-28,TeamB-4d54416a-8e5f-42c0-8dd0-12700569908f,8.0
2020-03-30,TeamB-4d54416a-8e5f-42c0-8dd0-12700569908f,6.5
2020-03-31,TeamB-4d54416a-8e5f-42c0-8dd0-12700569908f,6.0
2020-04-01,TeamB-4d54416a-8e5f-42c0-8dd0-12700569908f,7.0
2020-04-02,TeamB-4d54416a-8e5f-42c0-8dd0-12700569908f,9.0
2020-04-03,TeamB-4d54416a-8e5f-42c0-8dd0-12700569908f,7.0
2020-04-05,TeamB-4d54416a-8e5f-42c0-8dd0-12700569908f,9.0
2020-04-06,TeamB-4d54416a-8e5f-42c0-8dd0-12700569908f,9.0
2020-04-07,TeamB-4d54416a-8e5f-42c0-8dd0-12700569908f,9.0
2020-04-08,TeamB-4d54416a-8e5f-42c0-8dd0-12700569908f,9.0
2020-04-09,TeamB-4d54416a-8e5f-42c0-8dd0-12700569908f,9.0
2020-04-11,TeamB-4d54416a-8e5f-42c0-8dd0-12700569908f,8.5
2020-04-12,TeamB-4d54416a-8e5f-42c0-8dd0-12700569908f,9.0
2020-04-13,TeamB-4d54416a-8e5f-42c0-8dd0-12700569908f,9.0
2020-04-14,TeamB-4d54416a-8e5f-42c0-8dd0-12700569908f,9.0
2020-04-15,TeamB-4d54416a-8e5f-42c0-8dd0-12700569908f,9.0
2020-04-16,TeamB-4d54416a-8e5f-42c0-8dd0-12700569908f,8.5
2020-04-17,TeamB-4d54416a-8e5f-42c0-8dd0-12700569908f,7.5
2020-04-19,TeamB-4d54416a-8e5f-42c0-8dd0-12700569908f,9.0
2020-04-20,TeamB-4d54416a-8e5f-42c0-8dd0-12700569908f,7.0
2020-04-21,TeamB-4d54416a-8e5f-42c0-8dd0-12700569908f,8.0
2020-04-22,TeamB-4d54416a-8e5f-42c0-8dd0-12700569908f,8.5
2020-04-23,TeamB-4d54416a-8e5f-42c0-8dd0-12700569908f,9.0
2020-04-24,TeamB-4d54416a-8e5f-42c0-8dd0-12700569908f,9.0
2020-04-25,TeamB-4d54416a-8e5f-42c0-8dd0-12700569908f,9.0
2020-04-26,TeamB-4d54416a-8e5f-42c0-8dd0-12700569908f,8.5
2020-04-28,TeamB-4d54416a-8e5f-42c0-8dd0-12700569908f,8.5
2020-04-29,TeamB-4d54416a-8e5f-42c0-8dd0-12700569908f,8.5
2020-04-30,TeamB-4d54416a-8e5f-42c0-8dd0-12700569908f,8.5
2020-05-01,TeamB-4d54416a-8e5f-42c0-8dd0-12700569908f,10.0
2020-05-03,TeamB-4d54416a-8e5f-42c0-8dd0-12700569908f,9.0
2020-05-04,TeamB-4d54416a-8e5f-42c0-8dd0-12700569908f,8.0
2020-05-05,TeamB-4d54416a-8e5f-42c0-8dd0-12700569908f,8.5
2020-05-06,TeamB-4d54416a-8e5f-42c0-8dd0-12700569908f,8.0
2020-05-07,TeamB-4d54416a-8e5f-42c0-8dd0-12700569908f,9.0
2020-05-08,TeamB-4d54416a-8e5f-42c0-8dd0-12700569908f,8.5
2020-05-09,TeamB-4d54416a-8e5f-42c0-8dd0-12700569908f,9.0
2020-05-10,TeamB-4d54416a-8e5f-42c0-8dd0-12700569908f,9.0
2020-05-11,TeamB-4d54416a-8e5f-42c0-8dd0-12700569908f,7.5
2020-05-12,TeamB-4d54416a-8e5f-42c0-8dd0-12700569908f,8.0
2020-05-14,TeamB-4d54416a-8e5f-42c0-8dd0-12700569908f,8.5
2020-05-15,TeamB-4d54416a-8e5f-42c0-8dd0-12700569908f,7.5
2020-05-19,TeamB-4d54416a-8e5f-42c0-8dd0-12700569908f,8.5
2020-05-20,TeamB-4d54416a-8e5f-42c0-8dd0-12700569908f,10.0
2020-05-21,TeamB-4d54416a-8e5f-42c0-8dd0-12700569908f,10.0
2020-05-22,TeamB-4d54416a-8e5f-42c0-8dd0-12700569908f,10.0
2020-05-23,TeamB-4d54416a-8e5f-42c0-8dd0-12700569908f,10.0
2021-07-11,TeamB-4d54416a-8e5f-42c0-8dd0-12700569908f,7.0
2021-07-13,TeamB-4d54416a-8e5f-42c0-8dd0-12700569908f,6.5
2021-07-18,TeamB-4d54416a-8e5f-42c0-8dd0-12700569908f,7.5
2021-07-19,TeamB-4d54416a-8e5f-42c0-8dd0-12700569908f,7.5
2021-07-20,TeamB-4d54416a-8e5f-42c0-8dd0-12700569908f,9.0
2021-07-22,TeamB-4d54416a-8e5f-42c0-8dd0-12700569908f,9.0
2021-07-23,TeamB-4d54416a-8e5f-42c0-8dd0-12700569908f,6.0
2021-07-26,TeamB-4d54416a-8e5f-42c0-8dd0-12700569908f,7.0
2021-07-27,TeamB-4d54416a-8e5f-42c0-8dd0-12700569908f,8.0
2021-07-29,TeamB-4d54416a-8e5f-42c0-8dd0-12700569908f,8.0
2021-07-31,TeamB-4d54416a-8e5f-42c0-8dd0-12700569908f,6.5
2021-08-01,TeamB-4d54416a-8e5f-42c0-8dd0-12700569908f,9.0
2021-08-02,TeamB-4d54416a-8e5f-42c0-8dd0-12700569908f,9.0
2021-08-03,TeamB-4d54416a-8e5f-42c0-8dd0-12700569908f,7.0
2021-08-05,TeamB-4d54416a-8e5f-42c0-8dd0-12700569908f,9.0
2021-08-06,TeamB-4d54416a-8e5f-42c0-8dd0-12700569908f,9.0
2021-08-08,TeamB-4d54416a-8e5f-42c0-8dd0-12700569908f,7.0
2021-08-10,TeamB-4d54416a-8e5f-42c0-8dd0-12700569908f,9.0
2021-08-11,TeamB-4d54416a-8e5f-42c0-8dd0-12700569908f,9.0
2021-08-13,TeamB-4d54416a-8e5f-42c0-8dd0-12700569908f,8.5
2021-08-15,TeamB-4d54416a-8e5f-42c0-8dd0-12700569908f,8.5
2021-08-17,TeamB-4d54416a-8e5f-42c0-8dd0-12700569908f,6.0
2021-08-18,TeamB-4d54416a-8e5f-42c0-8dd0-12700569908f,8.5
2021-08-19,TeamB-4d54416a-8e5f-42c0-8dd0-12700569908f,8.5
2021-08-20,TeamB-4d54416a-8e5f-42c0-8dd0-12700569908f,8.5
2021-08-21,TeamB-4d54416a-8e5f-42c0-8dd0-12700569908f,8.0
2021-08-23,TeamB-4d54416a-8e5f-42c0-8dd0-12700569908f,8.0
2021-08-24,TeamB-4d54416a-8e5f-42c0-8dd0-12700569908f,6.5
2021-08-26,TeamB-4d54416a-8e5f-42c0-8dd0-12700569908f,8.5
2021-08-30,TeamB-4d54416a-8e5f-42c0-8dd0-12700569908f,9.0
2021-09-01,TeamB-4d54416a-8e5f-42c0-8dd0-12700569908f,8.0
2021-09-03,TeamB-4d54416a-8e5f-42c0-8dd0-12700569908f,8.0
2021-09-04,TeamB-4d54416a-8e5f-42c0-8dd0-12700569908f,9.0
2021-09-05,TeamB-4d54416a-8e5f-42c0-8dd0-12700569908f,8.5
2021-09-07,TeamB-4d54416a-8e5f-42c0-8dd0-12700569908f,7.5
2021-09-08,TeamB-4d54416a-8e5f-42c0-8dd0-12700569908f,8.5
2021-09-09,TeamB-4d54416a-8e5f-42c0-8dd0-12700569908f,2.0
2021-09-10,TeamB-4d54416a-8e5f-42c0-8dd0-12700569908f,10.0
2021-09-11,TeamB-4d54416a-8e5f-42c0-8dd0-12700569908f,7.5
2021-09-12,TeamB-4d54416a-8e5f-42c0-8dd0-12700569908f,8.0
2021-09-14,TeamB-4d54416a-8e5f-42c0-8dd0-12700569908f,8.5
2021-09-16,TeamB-4d54416a-8e5f-42c0-8dd0-12700569908f,8.0
2021-09-17,TeamB-4d54416a-8e5f-42c0-8dd0-12700569908f,8.0
2021-09-18,TeamB-4d54416a-8e5f-42c0-8dd0-12700569908f,8.5
2021-09-21,TeamB-4d54416a-8e5f-42c0-8dd0-12700569908f,8.0
2021-09-22,TeamB-4d54416a-8e5f-42c0-8dd0-12700569908f,8.5
2021-09-24,TeamB-4d54416a-8e5f-42c0-8dd0-12700569908f,8.5
2021-09-25,TeamB-4d54416a-8e5f-42c0-8dd0-12700569908f,9.0
2021-09-26,TeamB-4d54416a-8e5f-42c0-8dd0-12700569908f,9.0
2021-09-28,TeamB-4d54416a-8e5f-42c0-8dd0-12700569908f,8.5
2021-09-29,TeamB-4d54416a-8e5f-42c0-8dd0-12700569908f,8.5
2021-09-30,TeamB-4d54416a-8e5f-42c0-8dd0-12700569908f,8.5
2021-10-01,TeamB-4d54416a-8e5f-42c0-8dd0-12700569908f,9.0
2021-10-02,TeamB-4d54416a-8e5f-42c0-8dd0-12700569908f,9.0
2021-10-03,TeamB-4d54416a-8e5f-42c0-8dd0-12700569908f,9.0
2021-10-04,TeamB-4d54416a-8e5f-42c0-8dd0-12700569908f,8.5
2021-10-05,TeamB-4d54416a-8e5f-42c0-8dd0-12700569908f,8.5
2021-10-06,TeamB-4d54416a-8e5f-42c0-8dd0-12700569908f,8.0
2021-10-07,TeamB-4d54416a-8e5f-42c0-8dd0-12700569908f,8.5
2021-10-08,TeamB-4d54416a-8e5f-42c0-8dd0-12700569908f,7.0
2021-10-09,TeamB-4d54416a-8e5f-42c0-8dd0-12700569908f,8.0
2021-10-11,TeamB-4d54416a-8e5f-42c0-8dd0-12700569908f,5.0
2021-10-12,TeamB-4d54416a-8e5f-42c0-8dd0-12700569908f,6.0
2021-10-13,TeamB-4d54416a-8e5f-42c0-8dd0-12700569908f,8.0
2021-10-14,TeamB-4d54416a-8e5f-42c0-8dd0-12700569908f,8.5
2021-10-15,TeamB-4d54416a-8e5f-42c0-8dd0-12700569908f,7.5
2021-10-16,TeamB-4d54416a-8e5f-42c0-8dd0-12700569908f,8.5
2021-10-17,TeamB-4d54416a-8e5f-42c0-8dd0-12700569908f,8.5
2021-10-18,TeamB-4d54416a-8e5f-42c0-8dd0-12700569908f,9.0
2021-10-19,TeamB-4d54416a-8e5f-42c0-8dd0-12700569908f,8.5
2021-10-20,TeamB-4d54416a-8e5f-42c0-8dd0-12700569908f,8.0
2021-10-21,TeamB-4d54416a-8e5f-42c0-8dd0-12700569908f,9.0
2021-10-22,TeamB-4d54416a-8e5f-42c0-8dd0-12700569908f,9.0
2021-10-25,TeamB-4d54416a-8e5f-42c0-8dd0-12700569908f,8.5
2021-10-26,TeamB-4d54416a-8e5f-42c0-8dd0-12700569908f,8.5
2021-10-27,TeamB-4d54416a-8e5f-42c0-8dd0-12700569908f,8.0
2021-10-28,TeamB-4d54416a-8e5f-42c0-8dd0-12700569908f,8.5
2021-10-29,TeamB-4d54416a-8e5f-42c0-8dd0-12700569908f,8.0
2021-10-30,TeamB-4d54416a-8e5f-42c0-8dd0-12700569908f,7.0
2021-11-01,TeamB-4d54416a-8e5f-42c0-8dd0-12700569908f,5.0
2021-11-02,TeamB-4d54416a-8e5f-42c0-8dd0-12700569908f,8.5
2021-11-03,TeamB-4d54416a-8e5f-42c0-8dd0-12700569908f,8.5
2021-11-04,TeamB-4d54416a-8e5f-42c0-8dd0-12700569908f,8.0
2021-11-06,TeamB-4d54416a-8e5f-42c0-8dd0-12700569908f,8.5
2021-11-07,TeamB-4d54416a-8e5f-42c0-8dd0-12700569908f,9.0
2021-11-08,TeamB-4d54416a-8e5f-42c0-8dd0-12700569908f,7.0
2021-11-09,TeamB-4d54416a-8e5f-42c0-8dd0-12700569908f,5.0
2021-11-11,TeamB-4d54416a-8e5f-42c0-8dd0-12700569908f,9.0
2021-11-12,TeamB-4d54416a-8e5f-42c0-8dd0-12700569908f,8.0
2021-07-07,TeamB-5a921187-19c7-8df4-8f4f-f31e78de5857,9.0
2021-07-08,TeamB-5a921187-19c7-8df4-8f4f-f31e78de5857,9.0
2021-07-09,TeamB-5a921187-19c7-8df4-8f4f-f31e78de5857,9.0
2021-07-11,TeamB-5a921187-19c7-8df4-8f4f-f31e78de5857,8.5
2021-07-13,TeamB-5a921187-19c7-8df4-8f4f-f31e78de5857,7.0
2021-08-03,TeamB-5a921187-19c7-8df4-8f4f-f31e78de5857,8.0
2021-08-04,TeamB-5a921187-19c7-8df4-8f4f-f31e78de5857,9.0
2021-08-05,TeamB-5a921187-19c7-8df4-8f4f-f31e78de5857,8.0
2021-08-06,TeamB-5a921187-19c7-8df4-8f4f-f31e78de5857,8.0
2021-08-07,TeamB-5a921187-19c7-8df4-8f4f-f31e78de5857,7.5
2021-08-08,TeamB-5a921187-19c7-8df4-8f4f-f31e78de5857,6.0
2021-08-11,TeamB-5a921187-19c7-8df4-8f4f-f31e78de5857,8.0
2021-08-12,TeamB-5a921187-19c7-8df4-8f4f-f31e78de5857,8.5
2021-08-13,TeamB-5a921187-19c7-8df4-8f4f-f31e78de5857,8.5
2021-08-14,TeamB-5a921187-19c7-8df4-8f4f-f31e78de5857,7.5
2021-08-15,TeamB-5a921187-19c7-8df4-8f4f-f31e78de5857,7.5
2021-08-16,TeamB-5a921187-19c7-8df4-8f4f-f31e78de5857,8.5
2021-08-17,TeamB-5a921187-19c7-8df4-8f4f-f31e78de5857,8.0
2021-08-18,TeamB-5a921187-19c7-8df4-8f4f-f31e78de5857,7.0
2021-08-19,TeamB-5a921187-19c7-8df4-8f4f-f31e78de5857,8.0
2021-08-20,TeamB-5a921187-19c7-8df4-8f4f-f31e78de5857,8.5
2021-08-21,TeamB-5a921187-19c7-8df4-8f4f-f31e78de5857,6.0
2021-08-22,TeamB-5a921187-19c7-8df4-8f4f-f31e78de5857,8.0
2021-08-23,TeamB-5a921187-19c7-8df4-8f4f-f31e78de5857,8.0
2021-08-25,TeamB-5a921187-19c7-8df4-8f4f-f31e78de5857,8.0
2021-08-26,TeamB-5a921187-19c7-8df4-8f4f-f31e78de5857,8.0
2021-08-27,TeamB-5a921187-19c7-8df4-8f4f-f31e78de5857,7.0
2021-08-28,TeamB-5a921187-19c7-8df4-8f4f-f31e78de5857,8.0
2021-08-29,TeamB-5a921187-19c7-8df4-8f4f-f31e78de5857,8.0
2021-08-30,TeamB-5a921187-19c7-8df4-8f4f-f31e78de5857,8.0
2021-09-02,TeamB-5a921187-19c7-8df4-8f4f-f31e78de5857,7.0
2021-09-03,TeamB-5a921187-19c7-8df4-8f4f-f31e78de5857,8.0
2021-09-04,TeamB-5a921187-19c7-8df4-8f4f-f31e78de5857,8.0
2021-09-06,TeamB-5a921187-19c7-8df4-8f4f-f31e78de5857,8.0
2021-09-07,TeamB-5a921187-19c7-8df4-8f4f-f31e78de5857,8.0
2021-09-08,TeamB-5a921187-19c7-8df4-8f4f-f31e78de5857,7.0
2021-09-09,TeamB-5a921187-19c7-8df4-8f4f-f31e78de5857,5.0
2021-09-10,TeamB-5a921187-19c7-8df4-8f4f-f31e78de5857,8.5
2021-09-11,TeamB-5a921187-19c7-8df4-8f4f-f31e78de5857,7.0
2021-09-12,TeamB-5a921187-19c7-8df4-8f4f-f31e78de5857,4.5
2021-09-13,TeamB-5a921187-19c7-8df4-8f4f-f31e78de5857,9.0
2021-09-14,TeamB-5a921187-19c7-8df4-8f4f-f31e78de5857,8.0
2021-09-21,TeamB-5a921187-19c7-8df4-8f4f-f31e78de5857,8.0
2021-09-22,TeamB-5a921187-19c7-8df4-8f4f-f31e78de5857,8.0
2021-09-23,TeamB-5a921187-19c7-8df4-8f4f-f31e78de5857,8.0
2021-09-25,TeamB-5a921187-19c7-8df4-8f4f-f31e78de5857,6.0
2021-09-27,TeamB-5a921187-19c7-8df4-8f4f-f31e78de5857,8.0
2021-09-29,TeamB-5a921187-19c7-8df4-8f4f-f31e78de5857,8.0
2021-09-30,TeamB-5a921187-19c7-8df4-8f4f-f31e78de5857,8.5
2021-10-01,TeamB-5a921187-19c7-8df4-8f4f-f31e78de5857,8.0
2021-10-02,TeamB-5a921187-19c7-8df4-8f4f-f31e78de5857,8.0
2021-10-06,TeamB-5a921187-19c7-8df4-8f4f-f31e78de5857,8.0
2021-10-08,TeamB-5a921187-19c7-8df4-8f4f-f31e78de5857,8.0
2021-10-09,TeamB-5a921187-19c7-8df4-8f4f-f31e78de5857,8.0
2021-10-10,TeamB-5a921187-19c7-8df4-8f4f-f31e78de5857,7.0
2021-10-12,TeamB-5a921187-19c7-8df4-8f4f-f31e78de5857,7.0
2021-10-13,TeamB-5a921187-19c7-8df4-8f4f-f31e78de5857,8.0
2021-10-14,TeamB-5a921187-19c7-8df4-8f4f-f31e78de5857,8.0
2021-10-19,TeamB-5a921187-19c7-8df4-8f4f-f31e78de5857,8.0
2021-10-28,TeamB-5a921187-19c7-8df4-8f4f-f31e78de5857,8.0
2021-10-29,TeamB-5a921187-19c7-8df4-8f4f-f31e78de5857,8.0
2021-10-30,TeamB-5a921187-19c7-8df4-8f4f-f31e78de5857,8.0
2021-10-31,TeamB-5a921187-19c7-8df4-8f4f-f31e78de5857,8.0
2021-11-01,TeamB-5a921187-19c7-8df4-8f4f-f31e78de5857,6.5
2021-11-02,TeamB-5a921187-19c7-8df4-8f4f-f31e78de5857,8.0
2021-11-03,TeamB-5a921187-19c7-8df4-8f4f-f31e78de5857,8.0
2021-11-04,TeamB-5a921187-19c7-8df4-8f4f-f31e78de5857,8.0
2021-11-08,TeamB-5a921187-19c7-8df4-8f4f-f31e78de5857,8.0
2021-11-09,TeamB-5a921187-19c7-8df4-8f4f-f31e78de5857,8.0
2021-11-11,TeamB-5a921187-19c7-8df4-8f4f-f31e78de5857,8.0
2021-11-13,TeamB-5a921187-19c7-8df4-8f4f-f31e78de5857,8.0
2021-11-15,TeamB-5a921187-19c7-8df4-8f4f-f31e78de5857,8.0
2021-01-14,TeamB-5eba590a-cecb-400f-a92e-08224c7e2e59,9.0
2021-01-17,TeamB-5eba590a-cecb-400f-a92e-08224c7e2e59,9.0
2021-01-20,TeamB-5eba590a-cecb-400f-a92e-08224c7e2e59,8.0
2021-01-21,TeamB-5eba590a-cecb-400f-a92e-08224c7e2e59,9.0
2021-01-22,TeamB-5eba590a-cecb-400f-a92e-08224c7e2e59,7.0
2021-01-23,TeamB-5eba590a-cecb-400f-a92e-08224c7e2e59,9.0
2021-01-24,TeamB-5eba590a-cecb-400f-a92e-08224c7e2e59,9.0
2021-01-25,TeamB-5eba590a-cecb-400f-a92e-08224c7e2e59,8.5
2021-01-26,TeamB-5eba590a-cecb-400f-a92e-08224c7e2e59,9.0
2021-01-27,TeamB-5eba590a-cecb-400f-a92e-08224c7e2e59,8.0
2021-01-29,TeamB-5eba590a-cecb-400f-a92e-08224c7e2e59,9.0
2021-01-30,TeamB-5eba590a-cecb-400f-a92e-08224c7e2e59,8.5
2021-01-31,TeamB-5eba590a-cecb-400f-a92e-08224c7e2e59,8.0
2021-02-01,TeamB-5eba590a-cecb-400f-a92e-08224c7e2e59,8.5
2021-02-02,TeamB-5eba590a-cecb-400f-a92e-08224c7e2e59,8.0
2021-02-03,TeamB-5eba590a-cecb-400f-a92e-08224c7e2e59,9.0
2021-02-04,TeamB-5eba590a-cecb-400f-a92e-08224c7e2e59,8.5
2021-02-05,TeamB-5eba590a-cecb-400f-a92e-08224c7e2e59,8.0
2021-02-07,TeamB-5eba590a-cecb-400f-a92e-08224c7e2e59,9.0
2021-02-12,TeamB-5eba590a-cecb-400f-a92e-08224c7e2e59,8.0
2021-02-14,TeamB-5eba590a-cecb-400f-a92e-08224c7e2e59,8.5
2021-02-15,TeamB-5eba590a-cecb-400f-a92e-08224c7e2e59,10.0
2021-02-16,TeamB-5eba590a-cecb-400f-a92e-08224c7e2e59,8.5
2021-02-17,TeamB-5eba590a-cecb-400f-a92e-08224c7e2e59,8.0
2021-02-18,TeamB-5eba590a-cecb-400f-a92e-08224c7e2e59,8.5
2021-02-19,TeamB-5eba590a-cecb-400f-a92e-08224c7e2e59,8.0
2021-02-20,TeamB-5eba590a-cecb-400f-a92e-08224c7e2e59,9.0
2021-02-21,TeamB-5eba590a-cecb-400f-a92e-08224c7e2e59,8.5
2021-02-22,TeamB-5eba590a-cecb-400f-a92e-08224c7e2e59,8.0
2021-02-23,TeamB-5eba590a-cecb-400f-a92e-08224c7e2e59,9.0
2021-02-24,TeamB-5eba590a-cecb-400f-a92e-08224c7e2e59,8.0
2021-02-25,TeamB-5eba590a-cecb-400f-a92e-08224c7e2e59,9.0
2021-03-03,TeamB-5eba590a-cecb-400f-a92e-08224c7e2e59,8.0
2021-03-05,TeamB-5eba590a-cecb-400f-a92e-08224c7e2e59,7.0
2021-03-08,TeamB-5eba590a-cecb-400f-a92e-08224c7e2e59,8.0
2021-03-09,TeamB-5eba590a-cecb-400f-a92e-08224c7e2e59,8.0
2021-03-12,TeamB-5eba590a-cecb-400f-a92e-08224c7e2e59,9.0
2021-03-13,TeamB-5eba590a-cecb-400f-a92e-08224c7e2e59,8.0
2021-03-14,TeamB-5eba590a-cecb-400f-a92e-08224c7e2e59,8.0
2021-03-15,TeamB-5eba590a-cecb-400f-a92e-08224c7e2e59,8.0
2021-03-16,TeamB-5eba590a-cecb-400f-a92e-08224c7e2e59,8.5
2021-03-17,TeamB-5eba590a-cecb-400f-a92e-08224c7e2e59,9.0
2021-03-18,TeamB-5eba590a-cecb-400f-a92e-08224c7e2e59,8.0
2021-03-19,TeamB-5eba590a-cecb-400f-a92e-08224c7e2e59,8.5
2021-03-20,TeamB-5eba590a-cecb-400f-a92e-08224c7e2e59,8.0
2021-03-21,TeamB-5eba590a-cecb-400f-a92e-08224c7e2e59,10.0
2021-03-22,TeamB-5eba590a-cecb-400f-a92e-08224c7e2e59,9.0
2021-03-23,TeamB-5eba590a-cecb-400f-a92e-08224c7e2e59,8.0
2021-03-25,TeamB-5eba590a-cecb-400f-a92e-08224c7e2e59,8.0
2021-03-26,TeamB-5eba590a-cecb-400f-a92e-08224c7e2e59,8.0
2021-03-27,TeamB-5eba590a-cecb-400f-a92e-08224c7e2e59,9.0
2021-03-29,TeamB-5eba590a-cecb-400f-a92e-08224c7e2e59,8.0
2021-03-30,TeamB-5eba590a-cecb-400f-a92e-08224c7e2e59,8.5
2021-03-31,TeamB-5eba590a-cecb-400f-a92e-08224c7e2e59,8.0
2021-04-06,TeamB-5eba590a-cecb-400f-a92e-08224c7e2e59,7.5
2021-04-08,TeamB-5eba590a-cecb-400f-a92e-08224c7e2e59,8.5
2021-04-09,TeamB-5eba590a-cecb-400f-a92e-08224c7e2e59,8.5
2021-04-10,TeamB-5eba590a-cecb-400f-a92e-08224c7e2e59,9.0
2021-04-12,TeamB-5eba590a-cecb-400f-a92e-08224c7e2e59,7.5
2021-04-15,TeamB-5eba590a-cecb-400f-a92e-08224c7e2e59,9.0
2021-04-16,TeamB-5eba590a-cecb-400f-a92e-08224c7e2e59,8.5
2021-04-17,TeamB-5eba590a-cecb-400f-a92e-08224c7e2e59,8.5
2021-04-20,TeamB-5eba590a-cecb-400f-a92e-08224c7e2e59,8.0
2021-04-21,TeamB-5eba590a-cecb-400f-a92e-08224c7e2e59,8.0
2021-04-26,TeamB-5eba590a-cecb-400f-a92e-08224c7e2e59,8.0
2021-04-27,TeamB-5eba590a-cecb-400f-a92e-08224c7e2e59,8.5
2021-04-29,TeamB-5eba590a-cecb-400f-a92e-08224c7e2e59,8.5
2021-04-30,TeamB-5eba590a-cecb-400f-a92e-08224c7e2e59,7.5
2021-05-01,TeamB-5eba590a-cecb-400f-a92e-08224c7e2e59,8.0
2021-05-03,TeamB-5eba590a-cecb-400f-a92e-08224c7e2e59,8.0
2021-05-04,TeamB-5eba590a-cecb-400f-a92e-08224c7e2e59,8.5
2021-05-05,TeamB-5eba590a-cecb-400f-a92e-08224c7e2e59,8.0
2021-05-06,TeamB-5eba590a-cecb-400f-a92e-08224c7e2e59,7.5
2021-05-07,TeamB-5eba590a-cecb-400f-a92e-08224c7e2e59,8.0
2021-05-08,TeamB-5eba590a-cecb-400f-a92e-08224c7e2e59,8.5
2021-05-10,TeamB-5eba590a-cecb-400f-a92e-08224c7e2e59,8.0
2021-05-11,TeamB-5eba590a-cecb-400f-a92e-08224c7e2e59,8.5
2021-05-12,TeamB-5eba590a-cecb-400f-a92e-08224c7e2e59,8.5
2021-05-14,TeamB-5eba590a-cecb-400f-a92e-08224c7e2e59,8.5
2021-05-15,TeamB-5eba590a-cecb-400f-a92e-08224c7e2e59,9.0
2021-05-18,TeamB-5eba590a-cecb-400f-a92e-08224c7e2e59,7.5
2021-05-19,TeamB-5eba590a-cecb-400f-a92e-08224c7e2e59,7.0
2021-05-21,TeamB-5eba590a-cecb-400f-a92e-08224c7e2e59,8.0
2021-05-22,TeamB-5eba590a-cecb-400f-a92e-08224c7e2e59,9.0
2021-05-24,TeamB-5eba590a-cecb-400f-a92e-08224c7e2e59,8.5
2021-05-25,TeamB-5eba590a-cecb-400f-a92e-08224c7e2e59,8.0
2021-05-26,TeamB-5eba590a-cecb-400f-a92e-08224c7e2e59,9.0
2021-05-29,TeamB-5eba590a-cecb-400f-a92e-08224c7e2e59,9.0
2021-06-01,TeamB-5eba590a-cecb-400f-a92e-08224c7e2e59,8.5
2021-06-02,TeamB-5eba590a-cecb-400f-a92e-08224c7e2e59,7.5
2021-06-04,TeamB-5eba590a-cecb-400f-a92e-08224c7e2e59,8.5
2021-06-05,TeamB-5eba590a-cecb-400f-a92e-08224c7e2e59,8.5
2021-06-07,TeamB-5eba590a-cecb-400f-a92e-08224c7e2e59,7.5
2021-06-08,TeamB-5eba590a-cecb-400f-a92e-08224c7e2e59,9.0
2021-06-09,TeamB-5eba590a-cecb-400f-a92e-08224c7e2e59,9.0
2021-06-14,TeamB-5eba590a-cecb-400f-a92e-08224c7e2e59,8.0
2021-06-15,TeamB-5eba590a-cecb-400f-a92e-08224c7e2e59,9.0
2021-06-17,TeamB-5eba590a-cecb-400f-a92e-08224c7e2e59,8.5
2021-06-18,TeamB-5eba590a-cecb-400f-a92e-08224c7e2e59,7.5
2021-06-20,TeamB-5eba590a-cecb-400f-a92e-08224c7e2e59,9.0
2021-06-21,TeamB-5eba590a-cecb-400f-a92e-08224c7e2e59,7.0
2021-06-23,TeamB-5eba590a-cecb-400f-a92e-08224c7e2e59,8.5
2021-06-25,TeamB-5eba590a-cecb-400f-a92e-08224c7e2e59,8.5
2021-06-26,TeamB-5eba590a-cecb-400f-a92e-08224c7e2e59,8.5
2021-06-27,TeamB-5eba590a-cecb-400f-a92e-08224c7e2e59,8.0
2021-06-29,TeamB-5eba590a-cecb-400f-a92e-08224c7e2e59,8.0
2021-06-30,TeamB-5eba590a-cecb-400f-a92e-08224c7e2e59,9.0
2021-07-01,TeamB-5eba590a-cecb-400f-a92e-08224c7e2e59,8.5
2021-07-03,TeamB-5eba590a-cecb-400f-a92e-08224c7e2e59,8.0
2021-07-04,TeamB-5eba590a-cecb-400f-a92e-08224c7e2e59,9.0
2021-07-06,TeamB-5eba590a-cecb-400f-a92e-08224c7e2e59,7.0
2021-07-07,TeamB-5eba590a-cecb-400f-a92e-08224c7e2e59,8.5
2021-07-09,TeamB-5eba590a-cecb-400f-a92e-08224c7e2e59,8.5
2021-07-11,TeamB-5eba590a-cecb-400f-a92e-08224c7e2e59,8.0
2021-07-13,TeamB-5eba590a-cecb-400f-a92e-08224c7e2e59,8.5
2021-07-14,TeamB-5eba590a-cecb-400f-a92e-08224c7e2e59,8.5
2021-08-01,TeamB-5eba590a-cecb-400f-a92e-08224c7e2e59,8.0
2021-08-02,TeamB-5eba590a-cecb-400f-a92e-08224c7e2e59,8.5
2021-08-03,TeamB-5eba590a-cecb-400f-a92e-08224c7e2e59,8.5
2021-08-05,TeamB-5eba590a-cecb-400f-a92e-08224c7e2e59,8.5
2021-08-06,TeamB-5eba590a-cecb-400f-a92e-08224c7e2e59,8.5
2021-08-07,TeamB-5eba590a-cecb-400f-a92e-08224c7e2e59,9.0
2021-08-08,TeamB-5eba590a-cecb-400f-a92e-08224c7e2e59,8.0
2021-08-10,TeamB-5eba590a-cecb-400f-a92e-08224c7e2e59,8.5
2021-08-11,TeamB-5eba590a-cecb-400f-a92e-08224c7e2e59,9.0
2021-08-13,TeamB-5eba590a-cecb-400f-a92e-08224c7e2e59,8.5
2021-08-18,TeamB-5eba590a-cecb-400f-a92e-08224c7e2e59,8.5
2021-08-20,TeamB-5eba590a-cecb-400f-a92e-08224c7e2e59,8.5
2021-08-21,TeamB-5eba590a-cecb-400f-a92e-08224c7e2e59,8.5
2021-08-23,TeamB-5eba590a-cecb-400f-a92e-08224c7e2e59,9.0
2021-08-24,TeamB-5eba590a-cecb-400f-a92e-08224c7e2e59,8.5
2021-08-26,TeamB-5eba590a-cecb-400f-a92e-08224c7e2e59,8.5
2021-08-27,TeamB-5eba590a-cecb-400f-a92e-08224c7e2e59,9.0
2021-08-28,TeamB-5eba590a-cecb-400f-a92e-08224c7e2e59,8.5
2021-09-01,TeamB-5eba590a-cecb-400f-a92e-08224c7e2e59,8.5
2021-09-03,TeamB-5eba590a-cecb-400f-a92e-08224c7e2e59,8.0
2021-09-08,TeamB-5eba590a-cecb-400f-a92e-08224c7e2e59,9.0
2021-09-11,TeamB-5eba590a-cecb-400f-a92e-08224c7e2e59,9.0
2021-09-21,TeamB-5eba590a-cecb-400f-a92e-08224c7e2e59,8.5
2021-09-25,TeamB-5eba590a-cecb-400f-a92e-08224c7e2e59,8.5
2021-09-28,TeamB-5eba590a-cecb-400f-a92e-08224c7e2e59,8.5
2021-09-29,TeamB-5eba590a-cecb-400f-a92e-08224c7e2e59,8.0
2021-10-01,TeamB-5eba590a-cecb-400f-a92e-08224c7e2e59,8.5
2021-10-02,TeamB-5eba590a-cecb-400f-a92e-08224c7e2e59,8.5
2021-10-06,TeamB-5eba590a-cecb-400f-a92e-08224c7e2e59,8.0
2021-10-09,TeamB-5eba590a-cecb-400f-a92e-08224c7e2e59,8.0
2021-10-10,TeamB-5eba590a-cecb-400f-a92e-08224c7e2e59,8.0
2021-10-12,TeamB-5eba590a-cecb-400f-a92e-08224c7e2e59,8.0
2021-08-08,TeamB-6d568bee-175f-4dcb-9d3a-0f3e8f35de07,7.0
2021-08-09,TeamB-6d568bee-175f-4dcb-9d3a-0f3e8f35de07,7.0
2021-08-10,TeamB-6d568bee-175f-4dcb-9d3a-0f3e8f35de07,11.0
2021-08-11,TeamB-6d568bee-175f-4dcb-9d3a-0f3e8f35de07,10.0
2021-08-12,TeamB-6d568bee-175f-4dcb-9d3a-0f3e8f35de07,6.0
2021-08-13,TeamB-6d568bee-175f-4dcb-9d3a-0f3e8f35de07,9.0
2021-08-14,TeamB-6d568bee-175f-4dcb-9d3a-0f3e8f35de07,8.0
2021-08-15,TeamB-6d568bee-175f-4dcb-9d3a-0f3e8f35de07,8.5
2021-08-16,TeamB-6d568bee-175f-4dcb-9d3a-0f3e8f35de07,12.0
2021-08-17,TeamB-6d568bee-175f-4dcb-9d3a-0f3e8f35de07,7.0
2021-08-18,TeamB-6d568bee-175f-4dcb-9d3a-0f3e8f35de07,8.0
2021-08-19,TeamB-6d568bee-175f-4dcb-9d3a-0f3e8f35de07,7.0
2021-08-20,TeamB-6d568bee-175f-4dcb-9d3a-0f3e8f35de07,9.0
2021-08-21,TeamB-6d568bee-175f-4dcb-9d3a-0f3e8f35de07,8.0
2021-08-22,TeamB-6d568bee-175f-4dcb-9d3a-0f3e8f35de07,10.0
2021-08-23,TeamB-6d568bee-175f-4dcb-9d3a-0f3e8f35de07,10.0
2021-08-24,TeamB-6d568bee-175f-4dcb-9d3a-0f3e8f35de07,9.0
2021-08-25,TeamB-6d568bee-175f-4dcb-9d3a-0f3e8f35de07,8.0
2021-08-26,TeamB-6d568bee-175f-4dcb-9d3a-0f3e8f35de07,8.5
2021-08-27,TeamB-6d568bee-175f-4dcb-9d3a-0f3e8f35de07,9.0
2021-08-28,TeamB-6d568bee-175f-4dcb-9d3a-0f3e8f35de07,8.0
2021-08-29,TeamB-6d568bee-175f-4dcb-9d3a-0f3e8f35de07,10.0
2021-08-30,TeamB-6d568bee-175f-4dcb-9d3a-0f3e8f35de07,9.0
2021-08-31,TeamB-6d568bee-175f-4dcb-9d3a-0f3e8f35de07,10.0
2021-09-01,TeamB-6d568bee-175f-4dcb-9d3a-0f3e8f35de07,9.0
2021-09-02,TeamB-6d568bee-175f-4dcb-9d3a-0f3e8f35de07,7.0
2021-09-03,TeamB-6d568bee-175f-4dcb-9d3a-0f3e8f35de07,10.0
2021-09-04,TeamB-6d568bee-175f-4dcb-9d3a-0f3e8f35de07,8.0
2021-09-05,TeamB-6d568bee-175f-4dcb-9d3a-0f3e8f35de07,7.5
2021-09-06,TeamB-6d568bee-175f-4dcb-9d3a-0f3e8f35de07,7.0
2021-09-07,TeamB-6d568bee-175f-4dcb-9d3a-0f3e8f35de07,7.5
2021-09-08,TeamB-6d568bee-175f-4dcb-9d3a-0f3e8f35de07,8.0
2021-09-10,TeamB-6d568bee-175f-4dcb-9d3a-0f3e8f35de07,7.0
2021-09-11,TeamB-6d568bee-175f-4dcb-9d3a-0f3e8f35de07,8.0
2021-09-12,TeamB-6d568bee-175f-4dcb-9d3a-0f3e8f35de07,7.0
2021-09-13,TeamB-6d568bee-175f-4dcb-9d3a-0f3e8f35de07,8.0
2021-09-14,TeamB-6d568bee-175f-4dcb-9d3a-0f3e8f35de07,8.0
2021-09-15,TeamB-6d568bee-175f-4dcb-9d3a-0f3e8f35de07,7.5
2021-09-16,TeamB-6d568bee-175f-4dcb-9d3a-0f3e8f35de07,7.0
2021-09-17,TeamB-6d568bee-175f-4dcb-9d3a-0f3e8f35de07,7.5
2021-09-18,TeamB-6d568bee-175f-4dcb-9d3a-0f3e8f35de07,7.0
2021-09-19,TeamB-6d568bee-175f-4dcb-9d3a-0f3e8f35de07,7.0
2021-09-20,TeamB-6d568bee-175f-4dcb-9d3a-0f3e8f35de07,7.0
2021-09-21,TeamB-6d568bee-175f-4dcb-9d3a-0f3e8f35de07,10.0
2021-09-22,TeamB-6d568bee-175f-4dcb-9d3a-0f3e8f35de07,7.5
2021-09-23,TeamB-6d568bee-175f-4dcb-9d3a-0f3e8f35de07,10.0
2021-09-24,TeamB-6d568bee-175f-4dcb-9d3a-0f3e8f35de07,9.0
2021-09-25,TeamB-6d568bee-175f-4dcb-9d3a-0f3e8f35de07,7.0
2021-09-26,TeamB-6d568bee-175f-4dcb-9d3a-0f3e8f35de07,8.0
2021-09-27,TeamB-6d568bee-175f-4dcb-9d3a-0f3e8f35de07,9.0
2021-09-28,TeamB-6d568bee-175f-4dcb-9d3a-0f3e8f35de07,8.0
2021-09-29,TeamB-6d568bee-175f-4dcb-9d3a-0f3e8f35de07,7.0
2021-09-30,TeamB-6d568bee-175f-4dcb-9d3a-0f3e8f35de07,7.0
2021-10-01,TeamB-6d568bee-175f-4dcb-9d3a-0f3e8f35de07,7.0
2021-10-02,TeamB-6d568bee-175f-4dcb-9d3a-0f3e8f35de07,8.0
2021-10-03,TeamB-6d568bee-175f-4dcb-9d3a-0f3e8f35de07,12.0
2021-10-04,TeamB-6d568bee-175f-4dcb-9d3a-0f3e8f35de07,7.0
2021-10-05,TeamB-6d568bee-175f-4dcb-9d3a-0f3e8f35de07,7.0
2021-10-06,TeamB-6d568bee-175f-4dcb-9d3a-0f3e8f35de07,7.0
2021-10-07,TeamB-6d568bee-175f-4dcb-9d3a-0f3e8f35de07,8.0
2021-10-08,TeamB-6d568bee-175f-4dcb-9d3a-0f3e8f35de07,8.0
2021-10-09,TeamB-6d568bee-175f-4dcb-9d3a-0f3e8f35de07,8.0
2021-10-10,TeamB-6d568bee-175f-4dcb-9d3a-0f3e8f35de07,7.0
2021-10-11,TeamB-6d568bee-175f-4dcb-9d3a-0f3e8f35de07,8.0
2021-10-12,TeamB-6d568bee-175f-4dcb-9d3a-0f3e8f35de07,7.0
2021-10-13,TeamB-6d568bee-175f-4dcb-9d3a-0f3e8f35de07,7.0
2021-10-14,TeamB-6d568bee-175f-4dcb-9d3a-0f3e8f35de07,7.0
2021-10-15,TeamB-6d568bee-175f-4dcb-9d3a-0f3e8f35de07,7.0
2021-10-16,TeamB-6d568bee-175f-4dcb-9d3a-0f3e8f35de07,6.0
2021-10-17,TeamB-6d568bee-175f-4dcb-9d3a-0f3e8f35de07,7.0
2021-10-18,TeamB-6d568bee-175f-4dcb-9d3a-0f3e8f35de07,8.0
2021-10-19,TeamB-6d568bee-175f-4dcb-9d3a-0f3e8f35de07,8.0
2021-10-20,TeamB-6d568bee-175f-4dcb-9d3a-0f3e8f35de07,8.0
2021-10-21,TeamB-6d568bee-175f-4dcb-9d3a-0f3e8f35de07,7.0
2021-10-22,TeamB-6d568bee-175f-4dcb-9d3a-0f3e8f35de07,7.0
2021-10-23,TeamB-6d568bee-175f-4dcb-9d3a-0f3e8f35de07,7.0
2021-10-24,TeamB-6d568bee-175f-4dcb-9d3a-0f3e8f35de07,6.0
2021-10-25,TeamB-6d568bee-175f-4dcb-9d3a-0f3e8f35de07,7.0
2021-10-26,TeamB-6d568bee-175f-4dcb-9d3a-0f3e8f35de07,7.0
2021-10-27,TeamB-6d568bee-175f-4dcb-9d3a-0f3e8f35de07,9.0
2021-10-28,TeamB-6d568bee-175f-4dcb-9d3a-0f3e8f35de07,7.0
2021-10-29,TeamB-6d568bee-175f-4dcb-9d3a-0f3e8f35de07,8.0
2021-10-30,TeamB-6d568bee-175f-4dcb-9d3a-0f3e8f35de07,8.0
2021-10-31,TeamB-6d568bee-175f-4dcb-9d3a-0f3e8f35de07,8.0
2021-11-01,TeamB-6d568bee-175f-4dcb-9d3a-0f3e8f35de07,7.0
2021-11-02,TeamB-6d568bee-175f-4dcb-9d3a-0f3e8f35de07,8.0
2021-11-03,TeamB-6d568bee-175f-4dcb-9d3a-0f3e8f35de07,7.0
2021-11-04,TeamB-6d568bee-175f-4dcb-9d3a-0f3e8f35de07,8.0
2021-11-05,TeamB-6d568bee-175f-4dcb-9d3a-0f3e8f35de07,7.0
2021-11-06,TeamB-6d568bee-175f-4dcb-9d3a-0f3e8f35de07,8.0
2021-11-07,TeamB-6d568bee-175f-4dcb-9d3a-0f3e8f35de07,7.0
2021-11-08,TeamB-6d568bee-175f-4dcb-9d3a-0f3e8f35de07,7.0
2021-11-09,TeamB-6d568bee-175f-4dcb-9d3a-0f3e8f35de07,8.0
2021-11-10,TeamB-6d568bee-175f-4dcb-9d3a-0f3e8f35de07,8.0
2021-11-11,TeamB-6d568bee-175f-4dcb-9d3a-0f3e8f35de07,7.0
2021-11-12,TeamB-6d568bee-175f-4dcb-9d3a-0f3e8f35de07,7.0
2020-01-09,TeamB-70b74270-f655-43cc-a188-1ebc7a828b95,7.5
2020-01-10,TeamB-70b74270-f655-43cc-a188-1ebc7a828b95,9.0
2020-01-12,TeamB-70b74270-f655-43cc-a188-1ebc7a828b95,10.0
2020-01-13,TeamB-70b74270-f655-43cc-a188-1ebc7a828b95,9.0
2020-01-14,TeamB-70b74270-f655-43cc-a188-1ebc7a828b95,8.0
2020-01-15,TeamB-70b74270-f655-43cc-a188-1ebc7a828b95,7.5
2020-01-16,TeamB-70b74270-f655-43cc-a188-1ebc7a828b95,8.0
2020-01-17,TeamB-70b74270-f655-43cc-a188-1ebc7a828b95,11.0
2020-01-18,TeamB-70b74270-f655-43cc-a188-1ebc7a828b95,9.0
2020-01-19,TeamB-70b74270-f655-43cc-a188-1ebc7a828b95,10.0
2020-01-20,TeamB-70b74270-f655-43cc-a188-1ebc7a828b95,9.0
2020-01-21,TeamB-70b74270-f655-43cc-a188-1ebc7a828b95,8.0
2020-01-22,TeamB-70b74270-f655-43cc-a188-1ebc7a828b95,11.0
2020-01-23,TeamB-70b74270-f655-43cc-a188-1ebc7a828b95,7.0
2020-01-24,TeamB-70b74270-f655-43cc-a188-1ebc7a828b95,9.0
2020-01-25,TeamB-70b74270-f655-43cc-a188-1ebc7a828b95,10.0
2020-01-26,TeamB-70b74270-f655-43cc-a188-1ebc7a828b95,9.0
2020-01-27,TeamB-70b74270-f655-43cc-a188-1ebc7a828b95,9.0
2020-01-28,TeamB-70b74270-f655-43cc-a188-1ebc7a828b95,7.0
2020-01-29,TeamB-70b74270-f655-43cc-a188-1ebc7a828b95,10.0
2020-01-30,TeamB-70b74270-f655-43cc-a188-1ebc7a828b95,8.0
2020-01-31,TeamB-70b74270-f655-43cc-a188-1ebc7a828b95,9.0
2020-02-01,TeamB-70b74270-f655-43cc-a188-1ebc7a828b95,6.0
2020-02-02,TeamB-70b74270-f655-43cc-a188-1ebc7a828b95,8.5
2020-02-03,TeamB-70b74270-f655-43cc-a188-1ebc7a828b95,9.0
2020-02-04,TeamB-70b74270-f655-43cc-a188-1ebc7a828b95,7.5
2020-02-05,TeamB-70b74270-f655-43cc-a188-1ebc7a828b95,9.0
2020-02-06,TeamB-70b74270-f655-43cc-a188-1ebc7a828b95,7.0
2020-02-07,TeamB-70b74270-f655-43cc-a188-1ebc7a828b95,8.0
2020-02-08,TeamB-70b74270-f655-43cc-a188-1ebc7a828b95,8.0
2020-02-09,TeamB-70b74270-f655-43cc-a188-1ebc7a828b95,8.5
2020-02-10,TeamB-70b74270-f655-43cc-a188-1ebc7a828b95,9.0
2020-02-11,TeamB-70b74270-f655-43cc-a188-1ebc7a828b95,6.0
2020-02-12,TeamB-70b74270-f655-43cc-a188-1ebc7a828b95,7.5
2020-02-13,TeamB-70b74270-f655-43cc-a188-1ebc7a828b95,8.0
2020-02-14,TeamB-70b74270-f655-43cc-a188-1ebc7a828b95,10.0
2020-02-15,TeamB-70b74270-f655-43cc-a188-1ebc7a828b95,8.0
2020-02-16,TeamB-70b74270-f655-43cc-a188-1ebc7a828b95,10.0
2020-02-17,TeamB-70b74270-f655-43cc-a188-1ebc7a828b95,7.0
2020-02-18,TeamB-70b74270-f655-43cc-a188-1ebc7a828b95,7.0
2020-02-19,TeamB-70b74270-f655-43cc-a188-1ebc7a828b95,9.0
2020-02-20,TeamB-70b74270-f655-43cc-a188-1ebc7a828b95,8.5
2020-02-21,TeamB-70b74270-f655-43cc-a188-1ebc7a828b95,9.0
2020-02-22,TeamB-70b74270-f655-43cc-a188-1ebc7a828b95,5.5
2020-02-23,TeamB-70b74270-f655-43cc-a188-1ebc7a828b95,7.5
2020-02-24,TeamB-70b74270-f655-43cc-a188-1ebc7a828b95,7.5
2020-02-25,TeamB-70b74270-f655-43cc-a188-1ebc7a828b95,8.0
2020-02-26,TeamB-70b74270-f655-43cc-a188-1ebc7a828b95,9.0
2020-02-27,TeamB-70b74270-f655-43cc-a188-1ebc7a828b95,8.5
2020-02-28,TeamB-70b74270-f655-43cc-a188-1ebc7a828b95,7.0
2020-02-29,TeamB-70b74270-f655-43cc-a188-1ebc7a828b95,4.5
2020-03-01,TeamB-70b74270-f655-43cc-a188-1ebc7a828b95,9.0
2020-03-02,TeamB-70b74270-f655-43cc-a188-1ebc7a828b95,9.0
2020-03-03,TeamB-70b74270-f655-43cc-a188-1ebc7a828b95,9.0
2020-03-04,TeamB-70b74270-f655-43cc-a188-1ebc7a828b95,9.0
2020-03-05,TeamB-70b74270-f655-43cc-a188-1ebc7a828b95,9.0
2020-03-06,TeamB-70b74270-f655-43cc-a188-1ebc7a828b95,9.0
2020-03-07,TeamB-70b74270-f655-43cc-a188-1ebc7a828b95,9.0
2020-03-08,TeamB-70b74270-f655-43cc-a188-1ebc7a828b95,9.0
2020-03-09,TeamB-70b74270-f655-43cc-a188-1ebc7a828b95,8.5
2020-03-10,TeamB-70b74270-f655-43cc-a188-1ebc7a828b95,9.0
2020-03-11,TeamB-70b74270-f655-43cc-a188-1ebc7a828b95,8.5
2020-03-12,TeamB-70b74270-f655-43cc-a188-1ebc7a828b95,3.0
2020-03-13,TeamB-70b74270-f655-43cc-a188-1ebc7a828b95,9.0
2020-03-14,TeamB-70b74270-f655-43cc-a188-1ebc7a828b95,10.0
2020-03-15,TeamB-70b74270-f655-43cc-a188-1ebc7a828b95,10.0
2020-03-16,TeamB-70b74270-f655-43cc-a188-1ebc7a828b95,9.0
2020-03-17,TeamB-70b74270-f655-43cc-a188-1ebc7a828b95,9.0
2020-03-20,TeamB-70b74270-f655-43cc-a188-1ebc7a828b95,9.0
2020-03-21,TeamB-70b74270-f655-43cc-a188-1ebc7a828b95,10.0
2020-03-22,TeamB-70b74270-f655-43cc-a188-1ebc7a828b95,9.0
2020-03-23,TeamB-70b74270-f655-43cc-a188-1ebc7a828b95,8.5
2020-03-24,TeamB-70b74270-f655-43cc-a188-1ebc7a828b95,10.0
2020-03-25,TeamB-70b74270-f655-43cc-a188-1ebc7a828b95,9.0
2020-03-26,TeamB-70b74270-f655-43cc-a188-1ebc7a828b95,8.5
2020-03-27,TeamB-70b74270-f655-43cc-a188-1ebc7a828b95,8.5
2020-03-28,TeamB-70b74270-f655-43cc-a188-1ebc7a828b95,10.0
2020-03-29,TeamB-70b74270-f655-43cc-a188-1ebc7a828b95,9.0
2020-03-30,TeamB-70b74270-f655-43cc-a188-1ebc7a828b95,8.0
2020-03-31,TeamB-70b74270-f655-43cc-a188-1ebc7a828b95,10.0
2020-04-01,TeamB-70b74270-f655-43cc-a188-1ebc7a828b95,9.0
2020-04-02,TeamB-70b74270-f655-43cc-a188-1ebc7a828b95,9.0
2020-04-03,TeamB-70b74270-f655-43cc-a188-1ebc7a828b95,8.0
2020-04-04,TeamB-70b74270-f655-43cc-a188-1ebc7a828b95,8.5
2020-04-05,TeamB-70b74270-f655-43cc-a188-1ebc7a828b95,10.0
2020-04-06,TeamB-70b74270-f655-43cc-a188-1ebc7a828b95,9.0
2020-04-07,TeamB-70b74270-f655-43cc-a188-1ebc7a828b95,9.0
2020-04-08,TeamB-70b74270-f655-43cc-a188-1ebc7a828b95,8.0
2020-04-09,TeamB-70b74270-f655-43cc-a188-1ebc7a828b95,7.5
2020-04-10,TeamB-70b74270-f655-43cc-a188-1ebc7a828b95,9.0
2020-04-13,TeamB-70b74270-f655-43cc-a188-1ebc7a828b95,10.0
2020-04-14,TeamB-70b74270-f655-43cc-a188-1ebc7a828b95,10.0
2020-04-15,TeamB-70b74270-f655-43cc-a188-1ebc7a828b95,9.0
2020-04-16,TeamB-70b74270-f655-43cc-a188-1ebc7a828b95,10.0
2020-04-17,TeamB-70b74270-f655-43cc-a188-1ebc7a828b95,8.5
2020-04-23,TeamB-70b74270-f655-43cc-a188-1ebc7a828b95,9.0
2020-04-24,TeamB-70b74270-f655-43cc-a188-1ebc7a828b95,10.0
2020-04-25,TeamB-70b74270-f655-43cc-a188-1ebc7a828b95,9.0
2020-04-26,TeamB-70b74270-f655-43cc-a188-1ebc7a828b95,9.0
2020-04-27,TeamB-70b74270-f655-43cc-a188-1ebc7a828b95,9.0
2020-04-28,TeamB-70b74270-f655-43cc-a188-1ebc7a828b95,9.0
2020-04-29,TeamB-70b74270-f655-43cc-a188-1ebc7a828b95,9.0
2020-04-30,TeamB-70b74270-f655-43cc-a188-1ebc7a828b95,8.0
2020-05-01,TeamB-70b74270-f655-43cc-a188-1ebc7a828b95,8.5
2020-05-19,TeamB-70b74270-f655-43cc-a188-1ebc7a828b95,9.0
2020-05-20,TeamB-70b74270-f655-43cc-a188-1ebc7a828b95,9.0
2020-05-21,TeamB-70b74270-f655-43cc-a188-1ebc7a828b95,9.0
2020-05-22,TeamB-70b74270-f655-43cc-a188-1ebc7a828b95,9.0
2020-05-23,TeamB-70b74270-f655-43cc-a188-1ebc7a828b95,9.0
2020-05-25,TeamB-70b74270-f655-43cc-a188-1ebc7a828b95,9.0
2020-05-26,TeamB-70b74270-f655-43cc-a188-1ebc7a828b95,8.5
2020-05-27,TeamB-70b74270-f655-43cc-a188-1ebc7a828b95,8.5
2020-05-28,TeamB-70b74270-f655-43cc-a188-1ebc7a828b95,8.5
2020-05-29,TeamB-70b74270-f655-43cc-a188-1ebc7a828b95,9.0
2020-05-30,TeamB-70b74270-f655-43cc-a188-1ebc7a828b95,8.0
2020-05-31,TeamB-70b74270-f655-43cc-a188-1ebc7a828b95,9.0
2020-06-01,TeamB-70b74270-f655-43cc-a188-1ebc7a828b95,8.5
2020-06-02,TeamB-70b74270-f655-43cc-a188-1ebc7a828b95,8.5
2020-06-03,TeamB-70b74270-f655-43cc-a188-1ebc7a828b95,9.0
2020-06-04,TeamB-70b74270-f655-43cc-a188-1ebc7a828b95,9.0
2020-06-05,TeamB-70b74270-f655-43cc-a188-1ebc7a828b95,9.0
2020-06-06,TeamB-70b74270-f655-43cc-a188-1ebc7a828b95,8.0
2020-06-07,TeamB-70b74270-f655-43cc-a188-1ebc7a828b95,9.0
2020-06-08,TeamB-70b74270-f655-43cc-a188-1ebc7a828b95,9.0
2020-06-09,TeamB-70b74270-f655-43cc-a188-1ebc7a828b95,9.0
2020-06-10,TeamB-70b74270-f655-43cc-a188-1ebc7a828b95,8.0
2020-06-11,TeamB-70b74270-f655-43cc-a188-1ebc7a828b95,9.0
2020-06-12,TeamB-70b74270-f655-43cc-a188-1ebc7a828b95,9.0
2020-06-13,TeamB-70b74270-f655-43cc-a188-1ebc7a828b95,8.5
2020-06-15,TeamB-70b74270-f655-43cc-a188-1ebc7a828b95,9.0
2020-06-16,TeamB-70b74270-f655-43cc-a188-1ebc7a828b95,9.0
2020-06-17,TeamB-70b74270-f655-43cc-a188-1ebc7a828b95,8.5
2020-06-18,TeamB-70b74270-f655-43cc-a188-1ebc7a828b95,8.5
2020-06-19,TeamB-70b74270-f655-43cc-a188-1ebc7a828b95,7.5
2020-06-20,TeamB-70b74270-f655-43cc-a188-1ebc7a828b95,8.0
2020-06-21,TeamB-70b74270-f655-43cc-a188-1ebc7a828b95,9.0
2020-06-23,TeamB-70b74270-f655-43cc-a188-1ebc7a828b95,8.5
2020-06-24,TeamB-70b74270-f655-43cc-a188-1ebc7a828b95,8.0
2020-06-25,TeamB-70b74270-f655-43cc-a188-1ebc7a828b95,8.5
2020-06-26,TeamB-70b74270-f655-43cc-a188-1ebc7a828b95,9.0
2020-06-27,TeamB-70b74270-f655-43cc-a188-1ebc7a828b95,9.0
2020-06-28,TeamB-70b74270-f655-43cc-a188-1ebc7a828b95,8.5
2020-06-29,TeamB-70b74270-f655-43cc-a188-1ebc7a828b95,8.5
2020-06-30,TeamB-70b74270-f655-43cc-a188-1ebc7a828b95,9.0
2020-07-02,TeamB-70b74270-f655-43cc-a188-1ebc7a828b95,7.5
2020-07-03,TeamB-70b74270-f655-43cc-a188-1ebc7a828b95,8.5
2020-07-04,TeamB-70b74270-f655-43cc-a188-1ebc7a828b95,8.0
2020-07-05,TeamB-70b74270-f655-43cc-a188-1ebc7a828b95,8.0
2020-07-06,TeamB-70b74270-f655-43cc-a188-1ebc7a828b95,8.0
2020-07-07,TeamB-70b74270-f655-43cc-a188-1ebc7a828b95,9.0
2020-07-08,TeamB-70b74270-f655-43cc-a188-1ebc7a828b95,8.5
2020-07-09,TeamB-70b74270-f655-43cc-a188-1ebc7a828b95,9.0
2020-07-10,TeamB-70b74270-f655-43cc-a188-1ebc7a828b95,9.0
2020-07-11,TeamB-70b74270-f655-43cc-a188-1ebc7a828b95,6.0
2020-07-12,TeamB-70b74270-f655-43cc-a188-1ebc7a828b95,9.0
2020-07-13,TeamB-70b74270-f655-43cc-a188-1ebc7a828b95,8.5
2020-07-14,TeamB-70b74270-f655-43cc-a188-1ebc7a828b95,9.0
2020-07-15,TeamB-70b74270-f655-43cc-a188-1ebc7a828b95,8.0
2020-07-17,TeamB-70b74270-f655-43cc-a188-1ebc7a828b95,9.0
2020-07-18,TeamB-70b74270-f655-43cc-a188-1ebc7a828b95,8.0
2020-07-19,TeamB-70b74270-f655-43cc-a188-1ebc7a828b95,10.0
2020-07-20,TeamB-70b74270-f655-43cc-a188-1ebc7a828b95,9.0
2020-07-21,TeamB-70b74270-f655-43cc-a188-1ebc7a828b95,9.0
2020-07-22,TeamB-70b74270-f655-43cc-a188-1ebc7a828b95,8.5
2020-07-23,TeamB-70b74270-f655-43cc-a188-1ebc7a828b95,9.0
2020-07-24,TeamB-70b74270-f655-43cc-a188-1ebc7a828b95,9.0
2020-07-25,TeamB-70b74270-f655-43cc-a188-1ebc7a828b95,9.0
2020-07-26,TeamB-70b74270-f655-43cc-a188-1ebc7a828b95,9.0
2020-07-27,TeamB-70b74270-f655-43cc-a188-1ebc7a828b95,7.0
2020-07-28,TeamB-70b74270-f655-43cc-a188-1ebc7a828b95,10.0
2020-07-29,TeamB-70b74270-f655-43cc-a188-1ebc7a828b95,9.0
2020-07-30,TeamB-70b74270-f655-43cc-a188-1ebc7a828b95,9.0
2020-07-31,TeamB-70b74270-f655-43cc-a188-1ebc7a828b95,6.5
2020-08-01,TeamB-70b74270-f655-43cc-a188-1ebc7a828b95,8.0
2020-08-02,TeamB-70b74270-f655-43cc-a188-1ebc7a828b95,10.0
2020-08-03,TeamB-70b74270-f655-43cc-a188-1ebc7a828b95,8.0
2020-08-04,TeamB-70b74270-f655-43cc-a188-1ebc7a828b95,9.0
2020-08-05,TeamB-70b74270-f655-43cc-a188-1ebc7a828b95,9.0
2020-08-06,TeamB-70b74270-f655-43cc-a188-1ebc7a828b95,9.0
2020-08-07,TeamB-70b74270-f655-43cc-a188-1ebc7a828b95,9.0
2020-08-08,TeamB-70b74270-f655-43cc-a188-1ebc7a828b95,5.5
2020-08-09,TeamB-70b74270-f655-43cc-a188-1ebc7a828b95,8.0
2020-08-10,TeamB-70b74270-f655-43cc-a188-1ebc7a828b95,8.0
2020-08-11,TeamB-70b74270-f655-43cc-a188-1ebc7a828b95,9.0
2020-08-12,TeamB-70b74270-f655-43cc-a188-1ebc7a828b95,9.0
2020-08-13,TeamB-70b74270-f655-43cc-a188-1ebc7a828b95,9.0
2020-08-14,TeamB-70b74270-f655-43cc-a188-1ebc7a828b95,9.0
2020-08-15,TeamB-70b74270-f655-43cc-a188-1ebc7a828b95,8.0
2020-08-16,TeamB-70b74270-f655-43cc-a188-1ebc7a828b95,9.0
2020-08-17,TeamB-70b74270-f655-43cc-a188-1ebc7a828b95,10.0
2020-08-18,TeamB-70b74270-f655-43cc-a188-1ebc7a828b95,9.0
2020-08-19,TeamB-70b74270-f655-43cc-a188-1ebc7a828b95,9.0
2020-08-20,TeamB-70b74270-f655-43cc-a188-1ebc7a828b95,9.0
2020-08-21,TeamB-70b74270-f655-43cc-a188-1ebc7a828b95,9.0
2020-08-22,TeamB-70b74270-f655-43cc-a188-1ebc7a828b95,9.0
2020-08-23,TeamB-70b74270-f655-43cc-a188-1ebc7a828b95,9.0
2020-08-24,TeamB-70b74270-f655-43cc-a188-1ebc7a828b95,9.0
2020-08-25,TeamB-70b74270-f655-43cc-a188-1ebc7a828b95,9.0
2020-08-26,TeamB-70b74270-f655-43cc-a188-1ebc7a828b95,9.0
2020-08-27,TeamB-70b74270-f655-43cc-a188-1ebc7a828b95,9.0
2020-08-28,TeamB-70b74270-f655-43cc-a188-1ebc7a828b95,9.0
2020-08-29,TeamB-70b74270-f655-43cc-a188-1ebc7a828b95,9.0
2020-08-30,TeamB-70b74270-f655-43cc-a188-1ebc7a828b95,9.0
2020-08-31,TeamB-70b74270-f655-43cc-a188-1ebc7a828b95,9.0
2020-09-01,TeamB-70b74270-f655-43cc-a188-1ebc7a828b95,9.0
2020-09-02,TeamB-70b74270-f655-43cc-a188-1ebc7a828b95,9.0
2020-09-03,TeamB-70b74270-f655-43cc-a188-1ebc7a828b95,9.0
2020-09-04,TeamB-70b74270-f655-43cc-a188-1ebc7a828b95,9.0
2020-09-05,TeamB-70b74270-f655-43cc-a188-1ebc7a828b95,9.0
2020-09-07,TeamB-70b74270-f655-43cc-a188-1ebc7a828b95,9.0
2020-09-08,TeamB-70b74270-f655-43cc-a188-1ebc7a828b95,9.0
2020-09-09,TeamB-70b74270-f655-43cc-a188-1ebc7a828b95,8.0
2020-09-10,TeamB-70b74270-f655-43cc-a188-1ebc7a828b95,8.0
2020-09-11,TeamB-70b74270-f655-43cc-a188-1ebc7a828b95,10.0
2020-09-12,TeamB-70b74270-f655-43cc-a188-1ebc7a828b95,8.0
2020-09-13,TeamB-70b74270-f655-43cc-a188-1ebc7a828b95,9.0
2020-09-14,TeamB-70b74270-f655-43cc-a188-1ebc7a828b95,8.5
2020-09-15,TeamB-70b74270-f655-43cc-a188-1ebc7a828b95,8.0
2020-09-16,TeamB-70b74270-f655-43cc-a188-1ebc7a828b95,8.0
2020-09-17,TeamB-70b74270-f655-43cc-a188-1ebc7a828b95,8.5
2020-09-18,TeamB-70b74270-f655-43cc-a188-1ebc7a828b95,7.5
2020-09-19,TeamB-70b74270-f655-43cc-a188-1ebc7a828b95,10.0
2020-09-20,TeamB-70b74270-f655-43cc-a188-1ebc7a828b95,10.0
2020-09-21,TeamB-70b74270-f655-43cc-a188-1ebc7a828b95,9.0
2020-09-22,TeamB-70b74270-f655-43cc-a188-1ebc7a828b95,8.5
2020-09-23,TeamB-70b74270-f655-43cc-a188-1ebc7a828b95,10.0
2020-09-24,TeamB-70b74270-f655-43cc-a188-1ebc7a828b95,9.0
2020-09-25,TeamB-70b74270-f655-43cc-a188-1ebc7a828b95,9.0
2020-09-26,TeamB-70b74270-f655-43cc-a188-1ebc7a828b95,8.0
2020-09-27,TeamB-70b74270-f655-43cc-a188-1ebc7a828b95,9.0
2020-09-28,TeamB-70b74270-f655-43cc-a188-1ebc7a828b95,9.0
2020-09-29,TeamB-70b74270-f655-43cc-a188-1ebc7a828b95,8.5
2020-09-30,TeamB-70b74270-f655-43cc-a188-1ebc7a828b95,9.0
2020-10-01,TeamB-70b74270-f655-43cc-a188-1ebc7a828b95,8.0
2020-10-02,TeamB-70b74270-f655-43cc-a188-1ebc7a828b95,7.0
2020-10-03,TeamB-70b74270-f655-43cc-a188-1ebc7a828b95,9.0
2020-10-04,TeamB-70b74270-f655-43cc-a188-1ebc7a828b95,10.0
2020-10-05,TeamB-70b74270-f655-43cc-a188-1ebc7a828b95,9.0
2020-10-06,TeamB-70b74270-f655-43cc-a188-1ebc7a828b95,9.0
2020-10-07,TeamB-70b74270-f655-43cc-a188-1ebc7a828b95,8.0
2020-10-08,TeamB-70b74270-f655-43cc-a188-1ebc7a828b95,9.0
2020-10-09,TeamB-70b74270-f655-43cc-a188-1ebc7a828b95,9.0
2020-10-10,TeamB-70b74270-f655-43cc-a188-1ebc7a828b95,8.0
2020-10-11,TeamB-70b74270-f655-43cc-a188-1ebc7a828b95,8.5
2020-10-12,TeamB-70b74270-f655-43cc-a188-1ebc7a828b95,9.0
2020-10-13,TeamB-70b74270-f655-43cc-a188-1ebc7a828b95,9.0
2020-10-14,TeamB-70b74270-f655-43cc-a188-1ebc7a828b95,9.0
2020-10-15,TeamB-70b74270-f655-43cc-a188-1ebc7a828b95,10.0
2020-10-16,TeamB-70b74270-f655-43cc-a188-1ebc7a828b95,10.0
2020-10-17,TeamB-70b74270-f655-43cc-a188-1ebc7a828b95,8.5
2020-10-18,TeamB-70b74270-f655-43cc-a188-1ebc7a828b95,9.0
2020-10-19,TeamB-70b74270-f655-43cc-a188-1ebc7a828b95,2.0
2020-10-20,TeamB-70b74270-f655-43cc-a188-1ebc7a828b95,10.0
2020-10-22,TeamB-70b74270-f655-43cc-a188-1ebc7a828b95,9.0
2020-10-23,TeamB-70b74270-f655-43cc-a188-1ebc7a828b95,9.0
2020-10-24,TeamB-70b74270-f655-43cc-a188-1ebc7a828b95,8.0
2020-10-25,TeamB-70b74270-f655-43cc-a188-1ebc7a828b95,8.5
2020-10-26,TeamB-70b74270-f655-43cc-a188-1ebc7a828b95,8.0
2020-10-27,TeamB-70b74270-f655-43cc-a188-1ebc7a828b95,8.0
2020-10-28,TeamB-70b74270-f655-43cc-a188-1ebc7a828b95,3.0
2020-10-29,TeamB-70b74270-f655-43cc-a188-1ebc7a828b95,9.0
2020-10-30,TeamB-70b74270-f655-43cc-a188-1ebc7a828b95,9.0
2020-10-31,TeamB-70b74270-f655-43cc-a188-1ebc7a828b95,7.5
2020-11-01,TeamB-70b74270-f655-43cc-a188-1ebc7a828b95,9.0
2020-11-02,TeamB-70b74270-f655-43cc-a188-1ebc7a828b95,8.0
2020-11-03,TeamB-70b74270-f655-43cc-a188-1ebc7a828b95,10.0
2020-11-04,TeamB-70b74270-f655-43cc-a188-1ebc7a828b95,9.0
2020-11-05,TeamB-70b74270-f655-43cc-a188-1ebc7a828b95,8.5
2020-11-06,TeamB-70b74270-f655-43cc-a188-1ebc7a828b95,8.0
2020-11-07,TeamB-70b74270-f655-43cc-a188-1ebc7a828b95,9.0
2020-11-08,TeamB-70b74270-f655-43cc-a188-1ebc7a828b95,9.0
2020-11-09,TeamB-70b74270-f655-43cc-a188-1ebc7a828b95,9.0
2020-11-10,TeamB-70b74270-f655-43cc-a188-1ebc7a828b95,9.0
2020-11-11,TeamB-70b74270-f655-43cc-a188-1ebc7a828b95,9.0
2020-11-12,TeamB-70b74270-f655-43cc-a188-1ebc7a828b95,9.0
2020-11-13,TeamB-70b74270-f655-43cc-a188-1ebc7a828b95,9.0
2020-11-14,TeamB-70b74270-f655-43cc-a188-1ebc7a828b95,9.0
2020-11-15,TeamB-70b74270-f655-43cc-a188-1ebc7a828b95,8.0
2020-11-16,TeamB-70b74270-f655-43cc-a188-1ebc7a828b95,7.0
2020-11-17,TeamB-70b74270-f655-43cc-a188-1ebc7a828b95,9.0
2020-11-18,TeamB-70b74270-f655-43cc-a188-1ebc7a828b95,5.0
2020-11-20,TeamB-70b74270-f655-43cc-a188-1ebc7a828b95,8.5
2020-11-21,TeamB-70b74270-f655-43cc-a188-1ebc7a828b95,9.0
2020-11-22,TeamB-70b74270-f655-43cc-a188-1ebc7a828b95,8.0
2020-11-24,TeamB-70b74270-f655-43cc-a188-1ebc7a828b95,9.0
2021-01-14,TeamB-70b74270-f655-43cc-a188-1ebc7a828b95,9.0
2021-01-15,TeamB-70b74270-f655-43cc-a188-1ebc7a828b95,9.0
2021-01-17,TeamB-70b74270-f655-43cc-a188-1ebc7a828b95,9.0
2021-01-18,TeamB-70b74270-f655-43cc-a188-1ebc7a828b95,7.5
2021-01-19,TeamB-70b74270-f655-43cc-a188-1ebc7a828b95,11.0
2021-01-20,TeamB-70b74270-f655-43cc-a188-1ebc7a828b95,8.0
2021-01-21,TeamB-70b74270-f655-43cc-a188-1ebc7a828b95,9.0
2021-01-22,TeamB-70b74270-f655-43cc-a188-1ebc7a828b95,10.0
2021-01-23,TeamB-70b74270-f655-43cc-a188-1ebc7a828b95,9.0
2021-01-24,TeamB-70b74270-f655-43cc-a188-1ebc7a828b95,9.0
2021-01-25,TeamB-70b74270-f655-43cc-a188-1ebc7a828b95,10.0
2021-01-26,TeamB-70b74270-f655-43cc-a188-1ebc7a828b95,10.0
2021-01-27,TeamB-70b74270-f655-43cc-a188-1ebc7a828b95,9.0
2021-01-28,TeamB-70b74270-f655-43cc-a188-1ebc7a828b95,9.0
2021-01-29,TeamB-70b74270-f655-43cc-a188-1ebc7a828b95,10.0
2021-01-30,TeamB-70b74270-f655-43cc-a188-1ebc7a828b95,9.0
2021-02-01,TeamB-70b74270-f655-43cc-a188-1ebc7a828b95,9.0
2021-02-02,TeamB-70b74270-f655-43cc-a188-1ebc7a828b95,9.0
2021-02-03,TeamB-70b74270-f655-43cc-a188-1ebc7a828b95,9.0
2021-02-04,TeamB-70b74270-f655-43cc-a188-1ebc7a828b95,10.0
2021-02-05,TeamB-70b74270-f655-43cc-a188-1ebc7a828b95,10.0
2021-02-07,TeamB-70b74270-f655-43cc-a188-1ebc7a828b95,9.0
2021-02-08,TeamB-70b74270-f655-43cc-a188-1ebc7a828b95,9.0
2021-02-09,TeamB-70b74270-f655-43cc-a188-1ebc7a828b95,9.0
2021-02-10,TeamB-70b74270-f655-43cc-a188-1ebc7a828b95,9.0
2021-02-11,TeamB-70b74270-f655-43cc-a188-1ebc7a828b95,7.0
2021-02-12,TeamB-70b74270-f655-43cc-a188-1ebc7a828b95,8.5
2021-02-13,TeamB-70b74270-f655-43cc-a188-1ebc7a828b95,9.0
2021-02-14,TeamB-70b74270-f655-43cc-a188-1ebc7a828b95,9.0
2021-02-15,TeamB-70b74270-f655-43cc-a188-1ebc7a828b95,9.0
2021-02-16,TeamB-70b74270-f655-43cc-a188-1ebc7a828b95,9.0
2021-02-17,TeamB-70b74270-f655-43cc-a188-1ebc7a828b95,9.0
2021-02-18,TeamB-70b74270-f655-43cc-a188-1ebc7a828b95,8.0
2021-02-19,TeamB-70b74270-f655-43cc-a188-1ebc7a828b95,8.0
2021-02-20,TeamB-70b74270-f655-43cc-a188-1ebc7a828b95,9.0
2021-02-21,TeamB-70b74270-f655-43cc-a188-1ebc7a828b95,9.0
2021-02-22,TeamB-70b74270-f655-43cc-a188-1ebc7a828b95,8.0
2021-02-23,TeamB-70b74270-f655-43cc-a188-1ebc7a828b95,9.0
2021-02-24,TeamB-70b74270-f655-43cc-a188-1ebc7a828b95,8.0
2021-02-25,TeamB-70b74270-f655-43cc-a188-1ebc7a828b95,8.0
2021-02-26,TeamB-70b74270-f655-43cc-a188-1ebc7a828b95,8.0
2021-02-27,TeamB-70b74270-f655-43cc-a188-1ebc7a828b95,7.0
2021-02-28,TeamB-70b74270-f655-43cc-a188-1ebc7a828b95,10.0
2021-03-01,TeamB-70b74270-f655-43cc-a188-1ebc7a828b95,8.0
2021-03-02,TeamB-70b74270-f655-43cc-a188-1ebc7a828b95,9.0
2021-03-03,TeamB-70b74270-f655-43cc-a188-1ebc7a828b95,8.5
2021-03-04,TeamB-70b74270-f655-43cc-a188-1ebc7a828b95,8.0
2021-03-05,TeamB-70b74270-f655-43cc-a188-1ebc7a828b95,10.0
2021-03-06,TeamB-70b74270-f655-43cc-a188-1ebc7a828b95,9.0
2021-03-07,TeamB-70b74270-f655-43cc-a188-1ebc7a828b95,10.0
2021-03-08,TeamB-70b74270-f655-43cc-a188-1ebc7a828b95,8.5
2021-03-09,TeamB-70b74270-f655-43cc-a188-1ebc7a828b95,7.5
2021-03-10,TeamB-70b74270-f655-43cc-a188-1ebc7a828b95,8.0
2021-03-11,TeamB-70b74270-f655-43cc-a188-1ebc7a828b95,9.0
2021-03-12,TeamB-70b74270-f655-43cc-a188-1ebc7a828b95,9.0
2021-03-13,TeamB-70b74270-f655-43cc-a188-1ebc7a828b95,9.0
2021-03-14,TeamB-70b74270-f655-43cc-a188-1ebc7a828b95,10.0
2021-03-15,TeamB-70b74270-f655-43cc-a188-1ebc7a828b95,9.0
2021-03-16,TeamB-70b74270-f655-43cc-a188-1ebc7a828b95,9.0
2021-03-17,TeamB-70b74270-f655-43cc-a188-1ebc7a828b95,9.0
2021-03-18,TeamB-70b74270-f655-43cc-a188-1ebc7a828b95,6.5
2021-03-19,TeamB-70b74270-f655-43cc-a188-1ebc7a828b95,9.0
2021-03-20,TeamB-70b74270-f655-43cc-a188-1ebc7a828b95,7.0
2021-03-21,TeamB-70b74270-f655-43cc-a188-1ebc7a828b95,9.0
2021-03-22,TeamB-70b74270-f655-43cc-a188-1ebc7a828b95,9.0
2021-03-23,TeamB-70b74270-f655-43cc-a188-1ebc7a828b95,8.0
2021-03-24,TeamB-70b74270-f655-43cc-a188-1ebc7a828b95,8.0
2021-03-25,TeamB-70b74270-f655-43cc-a188-1ebc7a828b95,9.0
2021-03-26,TeamB-70b74270-f655-43cc-a188-1ebc7a828b95,9.0
2021-03-27,TeamB-70b74270-f655-43cc-a188-1ebc7a828b95,9.0
2021-03-28,TeamB-70b74270-f655-43cc-a188-1ebc7a828b95,10.0
2021-03-29,TeamB-70b74270-f655-43cc-a188-1ebc7a828b95,9.0
2021-03-30,TeamB-70b74270-f655-43cc-a188-1ebc7a828b95,9.0
2021-03-31,TeamB-70b74270-f655-43cc-a188-1ebc7a828b95,9.0
2021-04-01,TeamB-70b74270-f655-43cc-a188-1ebc7a828b95,9.0
2021-04-02,TeamB-70b74270-f655-43cc-a188-1ebc7a828b95,9.0
2021-04-04,TeamB-70b74270-f655-43cc-a188-1ebc7a828b95,8.5
2021-04-05,TeamB-70b74270-f655-43cc-a188-1ebc7a828b95,9.0
2021-04-06,TeamB-70b74270-f655-43cc-a188-1ebc7a828b95,9.0
2021-04-07,TeamB-70b74270-f655-43cc-a188-1ebc7a828b95,9.0
2021-04-08,TeamB-70b74270-f655-43cc-a188-1ebc7a828b95,10.0
2021-04-09,TeamB-70b74270-f655-43cc-a188-1ebc7a828b95,6.0
2021-04-10,TeamB-70b74270-f655-43cc-a188-1ebc7a828b95,9.0
2021-04-11,TeamB-70b74270-f655-43cc-a188-1ebc7a828b95,9.0
2021-04-12,TeamB-70b74270-f655-43cc-a188-1ebc7a828b95,9.0
2021-04-13,TeamB-70b74270-f655-43cc-a188-1ebc7a828b95,9.0
2021-04-15,TeamB-70b74270-f655-43cc-a188-1ebc7a828b95,9.0
2021-04-17,TeamB-70b74270-f655-43cc-a188-1ebc7a828b95,9.0
2021-04-18,TeamB-70b74270-f655-43cc-a188-1ebc7a828b95,9.0
2021-04-19,TeamB-70b74270-f655-43cc-a188-1ebc7a828b95,10.0
2021-04-20,TeamB-70b74270-f655-43cc-a188-1ebc7a828b95,9.0
2021-04-21,TeamB-70b74270-f655-43cc-a188-1ebc7a828b95,10.0
2021-04-22,TeamB-70b74270-f655-43cc-a188-1ebc7a828b95,8.0
2021-04-23,TeamB-70b74270-f655-43cc-a188-1ebc7a828b95,9.0
2021-04-24,TeamB-70b74270-f655-43cc-a188-1ebc7a828b95,9.0
2021-04-25,TeamB-70b74270-f655-43cc-a188-1ebc7a828b95,9.0
2021-04-26,TeamB-70b74270-f655-43cc-a188-1ebc7a828b95,9.0
2021-04-27,TeamB-70b74270-f655-43cc-a188-1ebc7a828b95,9.0
2021-04-28,TeamB-70b74270-f655-43cc-a188-1ebc7a828b95,8.5
2021-04-30,TeamB-70b74270-f655-43cc-a188-1ebc7a828b95,9.0
2021-05-02,TeamB-70b74270-f655-43cc-a188-1ebc7a828b95,9.0
2021-05-03,TeamB-70b74270-f655-43cc-a188-1ebc7a828b95,8.0
2021-05-04,TeamB-70b74270-f655-43cc-a188-1ebc7a828b95,9.0
2021-05-05,TeamB-70b74270-f655-43cc-a188-1ebc7a828b95,10.0
2021-05-06,TeamB-70b74270-f655-43cc-a188-1ebc7a828b95,8.0
2021-05-07,TeamB-70b74270-f655-43cc-a188-1ebc7a828b95,9.0
2021-05-08,TeamB-70b74270-f655-43cc-a188-1ebc7a828b95,9.0
2021-05-09,TeamB-70b74270-f655-43cc-a188-1ebc7a828b95,9.0
2021-05-10,TeamB-70b74270-f655-43cc-a188-1ebc7a828b95,10.0
2021-05-11,TeamB-70b74270-f655-43cc-a188-1ebc7a828b95,7.5
2021-05-12,TeamB-70b74270-f655-43cc-a188-1ebc7a828b95,9.0
2021-05-13,TeamB-70b74270-f655-43cc-a188-1ebc7a828b95,9.0
2021-05-14,TeamB-70b74270-f655-43cc-a188-1ebc7a828b95,9.0
2021-05-15,TeamB-70b74270-f655-43cc-a188-1ebc7a828b95,9.0
2021-05-16,TeamB-70b74270-f655-43cc-a188-1ebc7a828b95,9.0
2021-05-18,TeamB-70b74270-f655-43cc-a188-1ebc7a828b95,9.0
2021-05-19,TeamB-70b74270-f655-43cc-a188-1ebc7a828b95,9.0
2021-05-20,TeamB-70b74270-f655-43cc-a188-1ebc7a828b95,9.0
2021-05-21,TeamB-70b74270-f655-43cc-a188-1ebc7a828b95,9.0
2021-05-22,TeamB-70b74270-f655-43cc-a188-1ebc7a828b95,9.0
2021-05-23,TeamB-70b74270-f655-43cc-a188-1ebc7a828b95,9.0
2021-05-24,TeamB-70b74270-f655-43cc-a188-1ebc7a828b95,9.0
2021-05-25,TeamB-70b74270-f655-43cc-a188-1ebc7a828b95,9.0
2021-05-26,TeamB-70b74270-f655-43cc-a188-1ebc7a828b95,8.5
2021-05-27,TeamB-70b74270-f655-43cc-a188-1ebc7a828b95,10.0
2021-05-28,TeamB-70b74270-f655-43cc-a188-1ebc7a828b95,9.0
2021-05-29,TeamB-70b74270-f655-43cc-a188-1ebc7a828b95,9.0
2021-05-30,TeamB-70b74270-f655-43cc-a188-1ebc7a828b95,8.5
2021-05-31,TeamB-70b74270-f655-43cc-a188-1ebc7a828b95,8.5
2021-06-01,TeamB-70b74270-f655-43cc-a188-1ebc7a828b95,9.0
2021-06-02,TeamB-70b74270-f655-43cc-a188-1ebc7a828b95,10.0
2021-06-03,TeamB-70b74270-f655-43cc-a188-1ebc7a828b95,9.0
2021-06-04,TeamB-70b74270-f655-43cc-a188-1ebc7a828b95,9.0
2021-06-05,TeamB-70b74270-f655-43cc-a188-1ebc7a828b95,9.0
2021-06-06,TeamB-70b74270-f655-43cc-a188-1ebc7a828b95,8.0
2021-06-07,TeamB-70b74270-f655-43cc-a188-1ebc7a828b95,9.0
2021-06-08,TeamB-70b74270-f655-43cc-a188-1ebc7a828b95,9.0
2021-06-09,TeamB-70b74270-f655-43cc-a188-1ebc7a828b95,9.0
2021-06-10,TeamB-70b74270-f655-43cc-a188-1ebc7a828b95,9.0
2021-06-11,TeamB-70b74270-f655-43cc-a188-1ebc7a828b95,8.0
2021-06-12,TeamB-70b74270-f655-43cc-a188-1ebc7a828b95,9.0
2021-06-13,TeamB-70b74270-f655-43cc-a188-1ebc7a828b95,7.0
2021-06-14,TeamB-70b74270-f655-43cc-a188-1ebc7a828b95,9.0
2021-06-15,TeamB-70b74270-f655-43cc-a188-1ebc7a828b95,9.0
2021-06-16,TeamB-70b74270-f655-43cc-a188-1ebc7a828b95,6.0
2021-06-19,TeamB-70b74270-f655-43cc-a188-1ebc7a828b95,9.0
2021-06-20,TeamB-70b74270-f655-43cc-a188-1ebc7a828b95,10.0
2021-06-21,TeamB-70b74270-f655-43cc-a188-1ebc7a828b95,9.0
2021-06-22,TeamB-70b74270-f655-43cc-a188-1ebc7a828b95,9.0
2021-06-23,TeamB-70b74270-f655-43cc-a188-1ebc7a828b95,9.0
2021-06-24,TeamB-70b74270-f655-43cc-a188-1ebc7a828b95,9.0
2021-06-25,TeamB-70b74270-f655-43cc-a188-1ebc7a828b95,9.0
2021-06-26,TeamB-70b74270-f655-43cc-a188-1ebc7a828b95,8.5
2021-06-27,TeamB-70b74270-f655-43cc-a188-1ebc7a828b95,7.5
2021-06-29,TeamB-70b74270-f655-43cc-a188-1ebc7a828b95,8.5
2021-06-30,TeamB-70b74270-f655-43cc-a188-1ebc7a828b95,9.0
2021-07-01,TeamB-70b74270-f655-43cc-a188-1ebc7a828b95,9.0
2021-07-02,TeamB-70b74270-f655-43cc-a188-1ebc7a828b95,7.0
2021-07-03,TeamB-70b74270-f655-43cc-a188-1ebc7a828b95,9.0
2021-07-04,TeamB-70b74270-f655-43cc-a188-1ebc7a828b95,9.0
2021-07-05,TeamB-70b74270-f655-43cc-a188-1ebc7a828b95,7.0
2021-07-06,TeamB-70b74270-f655-43cc-a188-1ebc7a828b95,8.0
2021-07-07,TeamB-70b74270-f655-43cc-a188-1ebc7a828b95,9.0
2021-07-08,TeamB-70b74270-f655-43cc-a188-1ebc7a828b95,9.0
2021-07-09,TeamB-70b74270-f655-43cc-a188-1ebc7a828b95,9.0
2021-07-12,TeamB-70b74270-f655-43cc-a188-1ebc7a828b95,9.0
2021-07-13,TeamB-70b74270-f655-43cc-a188-1ebc7a828b95,8.5
2021-07-14,TeamB-70b74270-f655-43cc-a188-1ebc7a828b95,9.0
2021-08-02,TeamB-70b74270-f655-43cc-a188-1ebc7a828b95,8.5
2021-08-03,TeamB-70b74270-f655-43cc-a188-1ebc7a828b95,8.0
2021-08-04,TeamB-70b74270-f655-43cc-a188-1ebc7a828b95,9.0
2021-08-05,TeamB-70b74270-f655-43cc-a188-1ebc7a828b95,8.5
2021-08-06,TeamB-70b74270-f655-43cc-a188-1ebc7a828b95,8.5
2021-08-07,TeamB-70b74270-f655-43cc-a188-1ebc7a828b95,9.0
2021-08-08,TeamB-70b74270-f655-43cc-a188-1ebc7a828b95,8.5
2021-08-09,TeamB-70b74270-f655-43cc-a188-1ebc7a828b95,7.0
2021-08-10,TeamB-70b74270-f655-43cc-a188-1ebc7a828b95,9.0
2021-08-11,TeamB-70b74270-f655-43cc-a188-1ebc7a828b95,10.0
2021-08-12,TeamB-70b74270-f655-43cc-a188-1ebc7a828b95,9.0
2021-08-13,TeamB-70b74270-f655-43cc-a188-1ebc7a828b95,9.0
2021-08-14,TeamB-70b74270-f655-43cc-a188-1ebc7a828b95,7.5
2021-08-15,TeamB-70b74270-f655-43cc-a188-1ebc7a828b95,8.5
2021-08-17,TeamB-70b74270-f655-43cc-a188-1ebc7a828b95,6.0
2021-08-18,TeamB-70b74270-f655-43cc-a188-1ebc7a828b95,9.0
2021-08-19,TeamB-70b74270-f655-43cc-a188-1ebc7a828b95,9.0
2021-08-20,TeamB-70b74270-f655-43cc-a188-1ebc7a828b95,8.5
2021-08-21,TeamB-70b74270-f655-43cc-a188-1ebc7a828b95,9.0
2021-08-22,TeamB-70b74270-f655-43cc-a188-1ebc7a828b95,7.0
2021-08-23,TeamB-70b74270-f655-43cc-a188-1ebc7a828b95,9.0
2021-08-24,TeamB-70b74270-f655-43cc-a188-1ebc7a828b95,9.0
2021-08-25,TeamB-70b74270-f655-43cc-a188-1ebc7a828b95,9.0
2021-08-26,TeamB-70b74270-f655-43cc-a188-1ebc7a828b95,10.0
2021-08-27,TeamB-70b74270-f655-43cc-a188-1ebc7a828b95,9.0
2021-08-28,TeamB-70b74270-f655-43cc-a188-1ebc7a828b95,9.0
2021-08-29,TeamB-70b74270-f655-43cc-a188-1ebc7a828b95,7.0
2021-08-30,TeamB-70b74270-f655-43cc-a188-1ebc7a828b95,8.5
2021-08-31,TeamB-70b74270-f655-43cc-a188-1ebc7a828b95,10.0
2021-09-01,TeamB-70b74270-f655-43cc-a188-1ebc7a828b95,9.0
2021-09-04,TeamB-70b74270-f655-43cc-a188-1ebc7a828b95,9.0
2021-09-05,TeamB-70b74270-f655-43cc-a188-1ebc7a828b95,8.0
2021-09-06,TeamB-70b74270-f655-43cc-a188-1ebc7a828b95,9.0
2021-09-07,TeamB-70b74270-f655-43cc-a188-1ebc7a828b95,9.0
2021-09-09,TeamB-70b74270-f655-43cc-a188-1ebc7a828b95,6.0
2021-09-10,TeamB-70b74270-f655-43cc-a188-1ebc7a828b95,4.5
2021-09-11,TeamB-70b74270-f655-43cc-a188-1ebc7a828b95,9.0
2021-09-12,TeamB-70b74270-f655-43cc-a188-1ebc7a828b95,9.0
2021-09-13,TeamB-70b74270-f655-43cc-a188-1ebc7a828b95,9.0
2021-09-14,TeamB-70b74270-f655-43cc-a188-1ebc7a828b95,9.0
2021-09-15,TeamB-70b74270-f655-43cc-a188-1ebc7a828b95,8.5
2021-09-17,TeamB-70b74270-f655-43cc-a188-1ebc7a828b95,9.0
2021-09-20,TeamB-70b74270-f655-43cc-a188-1ebc7a828b95,8.5
2021-09-22,TeamB-70b74270-f655-43cc-a188-1ebc7a828b95,3.0
2021-09-23,TeamB-70b74270-f655-43cc-a188-1ebc7a828b95,10.0
2021-09-24,TeamB-70b74270-f655-43cc-a188-1ebc7a828b95,9.0
2021-09-25,TeamB-70b74270-f655-43cc-a188-1ebc7a828b95,9.0
2021-09-27,TeamB-70b74270-f655-43cc-a188-1ebc7a828b95,8.0
2021-09-28,TeamB-70b74270-f655-43cc-a188-1ebc7a828b95,9.0
2021-09-30,TeamB-70b74270-f655-43cc-a188-1ebc7a828b95,10.0
2021-10-01,TeamB-70b74270-f655-43cc-a188-1ebc7a828b95,9.0
2021-10-02,TeamB-70b74270-f655-43cc-a188-1ebc7a828b95,9.0
2021-10-03,TeamB-70b74270-f655-43cc-a188-1ebc7a828b95,7.0
2021-10-04,TeamB-70b74270-f655-43cc-a188-1ebc7a828b95,9.0
2021-10-05,TeamB-70b74270-f655-43cc-a188-1ebc7a828b95,10.0
2021-10-06,TeamB-70b74270-f655-43cc-a188-1ebc7a828b95,8.0
2021-10-08,TeamB-70b74270-f655-43cc-a188-1ebc7a828b95,9.0
2021-10-09,TeamB-70b74270-f655-43cc-a188-1ebc7a828b95,9.0
2021-10-10,TeamB-70b74270-f655-43cc-a188-1ebc7a828b95,6.5
2021-10-11,TeamB-70b74270-f655-43cc-a188-1ebc7a828b95,9.0
2021-10-13,TeamB-70b74270-f655-43cc-a188-1ebc7a828b95,9.0
2021-10-15,TeamB-70b74270-f655-43cc-a188-1ebc7a828b95,5.0
2021-10-16,TeamB-70b74270-f655-43cc-a188-1ebc7a828b95,6.0
2021-10-17,TeamB-70b74270-f655-43cc-a188-1ebc7a828b95,7.0
2021-10-18,TeamB-70b74270-f655-43cc-a188-1ebc7a828b95,4.0
2021-10-29,TeamB-70b74270-f655-43cc-a188-1ebc7a828b95,9.0
2021-10-30,TeamB-70b74270-f655-43cc-a188-1ebc7a828b95,7.5
2021-10-31,TeamB-70b74270-f655-43cc-a188-1ebc7a828b95,8.5
2020-01-09,TeamB-789547e7-1325-4153-a98d-5ecd497f3668,6.0
2020-01-14,TeamB-789547e7-1325-4153-a98d-5ecd497f3668,7.0
2020-01-16,TeamB-789547e7-1325-4153-a98d-5ecd497f3668,5.5
2020-01-17,TeamB-789547e7-1325-4153-a98d-5ecd497f3668,6.5
2020-01-20,TeamB-789547e7-1325-4153-a98d-5ecd497f3668,10.0
2020-01-21,TeamB-789547e7-1325-4153-a98d-5ecd497f3668,5.5
2020-01-22,TeamB-789547e7-1325-4153-a98d-5ecd497f3668,8.5
2020-01-23,TeamB-789547e7-1325-4153-a98d-5ecd497f3668,7.5
2020-01-24,TeamB-789547e7-1325-4153-a98d-5ecd497f3668,10.0
2020-01-25,TeamB-789547e7-1325-4153-a98d-5ecd497f3668,9.0
2020-01-26,TeamB-789547e7-1325-4153-a98d-5ecd497f3668,8.5
2020-01-27,TeamB-789547e7-1325-4153-a98d-5ecd497f3668,7.0
2020-01-28,TeamB-789547e7-1325-4153-a98d-5ecd497f3668,6.0
2020-01-30,TeamB-789547e7-1325-4153-a98d-5ecd497f3668,7.0
2020-02-01,TeamB-789547e7-1325-4153-a98d-5ecd497f3668,8.0
2020-02-02,TeamB-789547e7-1325-4153-a98d-5ecd497f3668,8.0
2020-02-03,TeamB-789547e7-1325-4153-a98d-5ecd497f3668,7.0
2020-02-04,TeamB-789547e7-1325-4153-a98d-5ecd497f3668,6.0
2020-02-06,TeamB-789547e7-1325-4153-a98d-5ecd497f3668,6.5
2020-02-07,TeamB-789547e7-1325-4153-a98d-5ecd497f3668,8.5
2020-02-08,TeamB-789547e7-1325-4153-a98d-5ecd497f3668,8.0
2020-02-11,TeamB-789547e7-1325-4153-a98d-5ecd497f3668,7.0
2020-02-13,TeamB-789547e7-1325-4153-a98d-5ecd497f3668,7.5
2020-02-14,TeamB-789547e7-1325-4153-a98d-5ecd497f3668,7.0
2020-02-15,TeamB-789547e7-1325-4153-a98d-5ecd497f3668,9.0
2020-02-17,TeamB-789547e7-1325-4153-a98d-5ecd497f3668,7.5
2020-02-18,TeamB-789547e7-1325-4153-a98d-5ecd497f3668,7.5
2020-02-19,TeamB-789547e7-1325-4153-a98d-5ecd497f3668,8.0
2020-02-20,TeamB-789547e7-1325-4153-a98d-5ecd497f3668,8.0
2020-02-22,TeamB-789547e7-1325-4153-a98d-5ecd497f3668,4.5
2020-02-23,TeamB-789547e7-1325-4153-a98d-5ecd497f3668,9.0
2020-02-24,TeamB-789547e7-1325-4153-a98d-5ecd497f3668,8.5
2020-02-25,TeamB-789547e7-1325-4153-a98d-5ecd497f3668,8.0
2020-02-26,TeamB-789547e7-1325-4153-a98d-5ecd497f3668,8.5
2020-02-27,TeamB-789547e7-1325-4153-a98d-5ecd497f3668,8.0
2020-02-28,TeamB-789547e7-1325-4153-a98d-5ecd497f3668,7.0
2020-02-29,TeamB-789547e7-1325-4153-a98d-5ecd497f3668,9.0
2020-03-01,TeamB-789547e7-1325-4153-a98d-5ecd497f3668,8.0
2020-03-02,TeamB-789547e7-1325-4153-a98d-5ecd497f3668,8.0
2020-03-03,TeamB-789547e7-1325-4153-a98d-5ecd497f3668,6.0
2020-03-04,TeamB-789547e7-1325-4153-a98d-5ecd497f3668,8.0
2020-03-05,TeamB-789547e7-1325-4153-a98d-5ecd497f3668,6.5
2020-03-06,TeamB-789547e7-1325-4153-a98d-5ecd497f3668,8.5
2020-03-07,TeamB-789547e7-1325-4153-a98d-5ecd497f3668,8.5
2020-03-08,TeamB-789547e7-1325-4153-a98d-5ecd497f3668,7.0
2020-03-09,TeamB-789547e7-1325-4153-a98d-5ecd497f3668,10.0
2020-03-10,TeamB-789547e7-1325-4153-a98d-5ecd497f3668,7.0
2020-03-11,TeamB-789547e7-1325-4153-a98d-5ecd497f3668,8.0
2020-03-12,TeamB-789547e7-1325-4153-a98d-5ecd497f3668,6.5
2020-03-13,TeamB-789547e7-1325-4153-a98d-5ecd497f3668,7.5
2020-03-14,TeamB-789547e7-1325-4153-a98d-5ecd497f3668,7.0
2020-03-15,TeamB-789547e7-1325-4153-a98d-5ecd497f3668,9.0
2020-03-16,TeamB-789547e7-1325-4153-a98d-5ecd497f3668,8.5
2020-03-17,TeamB-789547e7-1325-4153-a98d-5ecd497f3668,7.0
2020-03-18,TeamB-789547e7-1325-4153-a98d-5ecd497f3668,8.5
2020-03-19,TeamB-789547e7-1325-4153-a98d-5ecd497f3668,7.0
2020-03-20,TeamB-789547e7-1325-4153-a98d-5ecd497f3668,7.0
2020-03-21,TeamB-789547e7-1325-4153-a98d-5ecd497f3668,8.0
2020-03-22,TeamB-789547e7-1325-4153-a98d-5ecd497f3668,8.0
2020-03-23,TeamB-789547e7-1325-4153-a98d-5ecd497f3668,6.5
2020-03-24,TeamB-789547e7-1325-4153-a98d-5ecd497f3668,8.0
2020-03-25,TeamB-789547e7-1325-4153-a98d-5ecd497f3668,7.5
2020-03-26,TeamB-789547e7-1325-4153-a98d-5ecd497f3668,7.5
2020-03-27,TeamB-789547e7-1325-4153-a98d-5ecd497f3668,7.5
2020-03-28,TeamB-789547e7-1325-4153-a98d-5ecd497f3668,8.5
2020-03-29,TeamB-789547e7-1325-4153-a98d-5ecd497f3668,10.0
2020-03-30,TeamB-789547e7-1325-4153-a98d-5ecd497f3668,9.0
2020-03-31,TeamB-789547e7-1325-4153-a98d-5ecd497f3668,8.5
2020-04-01,TeamB-789547e7-1325-4153-a98d-5ecd497f3668,6.0
2020-04-02,TeamB-789547e7-1325-4153-a98d-5ecd497f3668,7.0
2020-04-03,TeamB-789547e7-1325-4153-a98d-5ecd497f3668,6.5
2020-04-04,TeamB-789547e7-1325-4153-a98d-5ecd497f3668,7.0
2020-04-05,TeamB-789547e7-1325-4153-a98d-5ecd497f3668,8.0
2020-04-06,TeamB-789547e7-1325-4153-a98d-5ecd497f3668,6.0
2020-04-08,TeamB-789547e7-1325-4153-a98d-5ecd497f3668,8.0
2020-04-09,TeamB-789547e7-1325-4153-a98d-5ecd497f3668,8.0
2020-04-10,TeamB-789547e7-1325-4153-a98d-5ecd497f3668,7.0
2020-04-11,TeamB-789547e7-1325-4153-a98d-5ecd497f3668,8.0
2020-04-13,TeamB-789547e7-1325-4153-a98d-5ecd497f3668,8.0
2020-04-14,TeamB-789547e7-1325-4153-a98d-5ecd497f3668,8.5
2020-04-15,TeamB-789547e7-1325-4153-a98d-5ecd497f3668,8.0
2020-04-16,TeamB-789547e7-1325-4153-a98d-5ecd497f3668,8.0
2020-04-17,TeamB-789547e7-1325-4153-a98d-5ecd497f3668,9.0
2020-04-18,TeamB-789547e7-1325-4153-a98d-5ecd497f3668,7.5
2020-04-19,TeamB-789547e7-1325-4153-a98d-5ecd497f3668,9.0
2020-04-20,TeamB-789547e7-1325-4153-a98d-5ecd497f3668,7.5
2020-04-21,TeamB-789547e7-1325-4153-a98d-5ecd497f3668,6.5
2020-04-23,TeamB-789547e7-1325-4153-a98d-5ecd497f3668,6.5
2020-04-24,TeamB-789547e7-1325-4153-a98d-5ecd497f3668,7.0
2020-04-25,TeamB-789547e7-1325-4153-a98d-5ecd497f3668,8.0
2020-04-26,TeamB-789547e7-1325-4153-a98d-5ecd497f3668,8.0
2020-04-27,TeamB-789547e7-1325-4153-a98d-5ecd497f3668,7.5
2020-04-28,TeamB-789547e7-1325-4153-a98d-5ecd497f3668,8.0
2020-04-29,TeamB-789547e7-1325-4153-a98d-5ecd497f3668,7.5
2020-04-30,TeamB-789547e7-1325-4153-a98d-5ecd497f3668,7.0
2020-05-01,TeamB-789547e7-1325-4153-a98d-5ecd497f3668,7.5
2020-05-02,TeamB-789547e7-1325-4153-a98d-5ecd497f3668,7.0
2020-05-03,TeamB-789547e7-1325-4153-a98d-5ecd497f3668,7.0
2020-05-04,TeamB-789547e7-1325-4153-a98d-5ecd497f3668,7.5
2020-05-05,TeamB-789547e7-1325-4153-a98d-5ecd497f3668,7.0
2020-05-06,TeamB-789547e7-1325-4153-a98d-5ecd497f3668,8.0
2020-05-07,TeamB-789547e7-1325-4153-a98d-5ecd497f3668,8.0
2020-05-08,TeamB-789547e7-1325-4153-a98d-5ecd497f3668,8.5
2020-05-09,TeamB-789547e7-1325-4153-a98d-5ecd497f3668,7.0
2020-05-10,TeamB-789547e7-1325-4153-a98d-5ecd497f3668,8.5
2020-05-12,TeamB-789547e7-1325-4153-a98d-5ecd497f3668,4.5
2020-05-14,TeamB-789547e7-1325-4153-a98d-5ecd497f3668,8.5
2020-05-15,TeamB-789547e7-1325-4153-a98d-5ecd497f3668,8.0
2020-05-16,TeamB-789547e7-1325-4153-a98d-5ecd497f3668,7.5
2020-05-17,TeamB-789547e7-1325-4153-a98d-5ecd497f3668,8.0
2020-05-19,TeamB-789547e7-1325-4153-a98d-5ecd497f3668,9.0
2020-05-20,TeamB-789547e7-1325-4153-a98d-5ecd497f3668,8.0
2020-05-21,TeamB-789547e7-1325-4153-a98d-5ecd497f3668,7.0
2020-05-22,TeamB-789547e7-1325-4153-a98d-5ecd497f3668,7.5
2020-05-23,TeamB-789547e7-1325-4153-a98d-5ecd497f3668,7.5
2020-05-24,TeamB-789547e7-1325-4153-a98d-5ecd497f3668,8.0
2020-05-25,TeamB-789547e7-1325-4153-a98d-5ecd497f3668,8.0
2020-05-26,TeamB-789547e7-1325-4153-a98d-5ecd497f3668,6.5
2020-05-27,TeamB-789547e7-1325-4153-a98d-5ecd497f3668,8.0
2020-05-28,TeamB-789547e7-1325-4153-a98d-5ecd497f3668,7.0
2020-05-29,TeamB-789547e7-1325-4153-a98d-5ecd497f3668,8.0
2020-05-30,TeamB-789547e7-1325-4153-a98d-5ecd497f3668,7.0
2020-06-01,TeamB-789547e7-1325-4153-a98d-5ecd497f3668,7.5
2020-06-02,TeamB-789547e7-1325-4153-a98d-5ecd497f3668,8.0
2020-06-03,TeamB-789547e7-1325-4153-a98d-5ecd497f3668,8.0
2020-06-04,TeamB-789547e7-1325-4153-a98d-5ecd497f3668,7.0
2020-06-05,TeamB-789547e7-1325-4153-a98d-5ecd497f3668,7.5
2020-06-06,TeamB-789547e7-1325-4153-a98d-5ecd497f3668,7.0
2020-06-08,TeamB-789547e7-1325-4153-a98d-5ecd497f3668,7.5
2020-06-09,TeamB-789547e7-1325-4153-a98d-5ecd497f3668,7.0
2020-06-10,TeamB-789547e7-1325-4153-a98d-5ecd497f3668,6.0
2020-06-11,TeamB-789547e7-1325-4153-a98d-5ecd497f3668,6.5
2020-06-12,TeamB-789547e7-1325-4153-a98d-5ecd497f3668,8.0
2020-06-13,TeamB-789547e7-1325-4153-a98d-5ecd497f3668,8.0
2020-06-14,TeamB-789547e7-1325-4153-a98d-5ecd497f3668,8.0
2020-06-15,TeamB-789547e7-1325-4153-a98d-5ecd497f3668,7.0
2020-06-16,TeamB-789547e7-1325-4153-a98d-5ecd497f3668,7.5
2020-06-17,TeamB-789547e7-1325-4153-a98d-5ecd497f3668,8.0
2020-06-18,TeamB-789547e7-1325-4153-a98d-5ecd497f3668,9.0
2020-06-19,TeamB-789547e7-1325-4153-a98d-5ecd497f3668,7.5
2020-06-22,TeamB-789547e7-1325-4153-a98d-5ecd497f3668,8.5
2020-06-23,TeamB-789547e7-1325-4153-a98d-5ecd497f3668,7.5
2020-06-24,TeamB-789547e7-1325-4153-a98d-5ecd497f3668,7.0
2020-06-25,TeamB-789547e7-1325-4153-a98d-5ecd497f3668,7.5
2020-06-27,TeamB-789547e7-1325-4153-a98d-5ecd497f3668,7.5
2020-06-28,TeamB-789547e7-1325-4153-a98d-5ecd497f3668,9.0
2020-06-29,TeamB-789547e7-1325-4153-a98d-5ecd497f3668,7.5
2020-06-30,TeamB-789547e7-1325-4153-a98d-5ecd497f3668,8.5
2020-07-01,TeamB-789547e7-1325-4153-a98d-5ecd497f3668,8.0
2020-07-02,TeamB-789547e7-1325-4153-a98d-5ecd497f3668,7.5
2020-07-04,TeamB-789547e7-1325-4153-a98d-5ecd497f3668,8.0
2020-07-06,TeamB-789547e7-1325-4153-a98d-5ecd497f3668,7.0
2020-07-07,TeamB-789547e7-1325-4153-a98d-5ecd497f3668,9.0
2020-07-08,TeamB-789547e7-1325-4153-a98d-5ecd497f3668,5.5
2020-07-09,TeamB-789547e7-1325-4153-a98d-5ecd497f3668,8.0
2020-07-10,TeamB-789547e7-1325-4153-a98d-5ecd497f3668,9.0
2020-07-11,TeamB-789547e7-1325-4153-a98d-5ecd497f3668,7.0
2020-07-14,TeamB-789547e7-1325-4153-a98d-5ecd497f3668,9.0
2020-07-15,TeamB-789547e7-1325-4153-a98d-5ecd497f3668,7.0
2020-07-16,TeamB-789547e7-1325-4153-a98d-5ecd497f3668,6.0
2020-07-17,TeamB-789547e7-1325-4153-a98d-5ecd497f3668,8.0
2020-07-18,TeamB-789547e7-1325-4153-a98d-5ecd497f3668,7.0
2020-07-19,TeamB-789547e7-1325-4153-a98d-5ecd497f3668,8.0
2020-07-20,TeamB-789547e7-1325-4153-a98d-5ecd497f3668,8.0
2020-07-21,TeamB-789547e7-1325-4153-a98d-5ecd497f3668,8.0
2020-07-22,TeamB-789547e7-1325-4153-a98d-5ecd497f3668,8.0
2020-07-23,TeamB-789547e7-1325-4153-a98d-5ecd497f3668,9.0
2020-07-24,TeamB-789547e7-1325-4153-a98d-5ecd497f3668,8.5
2020-07-27,TeamB-789547e7-1325-4153-a98d-5ecd497f3668,6.5
2020-07-28,TeamB-789547e7-1325-4153-a98d-5ecd497f3668,8.5
2020-07-29,TeamB-789547e7-1325-4153-a98d-5ecd497f3668,7.5
2020-07-30,TeamB-789547e7-1325-4153-a98d-5ecd497f3668,8.5
2020-07-31,TeamB-789547e7-1325-4153-a98d-5ecd497f3668,8.0
2020-08-01,TeamB-789547e7-1325-4153-a98d-5ecd497f3668,6.5
2020-08-02,TeamB-789547e7-1325-4153-a98d-5ecd497f3668,9.0
2020-08-03,TeamB-789547e7-1325-4153-a98d-5ecd497f3668,7.0
2020-08-04,TeamB-789547e7-1325-4153-a98d-5ecd497f3668,7.0
2020-08-05,TeamB-789547e7-1325-4153-a98d-5ecd497f3668,8.0
2020-08-06,TeamB-789547e7-1325-4153-a98d-5ecd497f3668,7.0
2020-08-07,TeamB-789547e7-1325-4153-a98d-5ecd497f3668,8.5
2020-08-09,TeamB-789547e7-1325-4153-a98d-5ecd497f3668,8.0
2020-08-10,TeamB-789547e7-1325-4153-a98d-5ecd497f3668,7.0
2020-08-11,TeamB-789547e7-1325-4153-a98d-5ecd497f3668,8.0
2020-08-12,TeamB-789547e7-1325-4153-a98d-5ecd497f3668,8.0
2020-08-13,TeamB-789547e7-1325-4153-a98d-5ecd497f3668,8.0
2020-08-14,TeamB-789547e7-1325-4153-a98d-5ecd497f3668,8.0
2020-08-15,TeamB-789547e7-1325-4153-a98d-5ecd497f3668,6.5
2020-08-16,TeamB-789547e7-1325-4153-a98d-5ecd497f3668,8.0
2020-08-17,TeamB-789547e7-1325-4153-a98d-5ecd497f3668,8.0
2020-08-18,TeamB-789547e7-1325-4153-a98d-5ecd497f3668,8.0
2020-08-19,TeamB-789547e7-1325-4153-a98d-5ecd497f3668,7.5
2020-08-20,TeamB-789547e7-1325-4153-a98d-5ecd497f3668,8.0
2020-08-21,TeamB-789547e7-1325-4153-a98d-5ecd497f3668,8.0
2020-08-22,TeamB-789547e7-1325-4153-a98d-5ecd497f3668,8.0
2020-08-23,TeamB-789547e7-1325-4153-a98d-5ecd497f3668,7.0
2020-08-24,TeamB-789547e7-1325-4153-a98d-5ecd497f3668,8.5
2020-08-25,TeamB-789547e7-1325-4153-a98d-5ecd497f3668,7.5
2020-08-26,TeamB-789547e7-1325-4153-a98d-5ecd497f3668,8.0
2020-08-27,TeamB-789547e7-1325-4153-a98d-5ecd497f3668,8.0
2020-08-28,TeamB-789547e7-1325-4153-a98d-5ecd497f3668,9.0
2020-08-29,TeamB-789547e7-1325-4153-a98d-5ecd497f3668,9.0
2020-08-30,TeamB-789547e7-1325-4153-a98d-5ecd497f3668,8.0
2020-08-31,TeamB-789547e7-1325-4153-a98d-5ecd497f3668,8.0
2020-09-01,TeamB-789547e7-1325-4153-a98d-5ecd497f3668,8.0
2020-09-02,TeamB-789547e7-1325-4153-a98d-5ecd497f3668,8.0
2020-09-03,TeamB-789547e7-1325-4153-a98d-5ecd497f3668,9.0
2020-09-04,TeamB-789547e7-1325-4153-a98d-5ecd497f3668,8.0
2020-09-05,TeamB-789547e7-1325-4153-a98d-5ecd497f3668,7.0
2020-09-06,TeamB-789547e7-1325-4153-a98d-5ecd497f3668,8.0
2020-09-07,TeamB-789547e7-1325-4153-a98d-5ecd497f3668,8.5
2020-09-08,TeamB-789547e7-1325-4153-a98d-5ecd497f3668,8.0
2020-09-10,TeamB-789547e7-1325-4153-a98d-5ecd497f3668,7.5
2020-09-11,TeamB-789547e7-1325-4153-a98d-5ecd497f3668,9.0
2020-09-12,TeamB-789547e7-1325-4153-a98d-5ecd497f3668,8.0
2020-09-13,TeamB-789547e7-1325-4153-a98d-5ecd497f3668,8.5
2020-09-14,TeamB-789547e7-1325-4153-a98d-5ecd497f3668,8.0
2020-09-15,TeamB-789547e7-1325-4153-a98d-5ecd497f3668,8.0
2020-09-16,TeamB-789547e7-1325-4153-a98d-5ecd497f3668,8.0
2020-09-17,TeamB-789547e7-1325-4153-a98d-5ecd497f3668,8.0
2020-09-18,TeamB-789547e7-1325-4153-a98d-5ecd497f3668,7.0
2020-09-20,TeamB-789547e7-1325-4153-a98d-5ecd497f3668,8.0
2020-09-21,TeamB-789547e7-1325-4153-a98d-5ecd497f3668,8.5
2020-09-22,TeamB-789547e7-1325-4153-a98d-5ecd497f3668,6.5
2020-09-23,TeamB-789547e7-1325-4153-a98d-5ecd497f3668,9.0
2020-09-24,TeamB-789547e7-1325-4153-a98d-5ecd497f3668,9.0
2020-09-25,TeamB-789547e7-1325-4153-a98d-5ecd497f3668,9.0
2020-09-26,TeamB-789547e7-1325-4153-a98d-5ecd497f3668,7.5
2020-09-27,TeamB-789547e7-1325-4153-a98d-5ecd497f3668,8.5
2020-09-28,TeamB-789547e7-1325-4153-a98d-5ecd497f3668,8.0
2020-09-29,TeamB-789547e7-1325-4153-a98d-5ecd497f3668,9.0
2020-09-30,TeamB-789547e7-1325-4153-a98d-5ecd497f3668,7.5
2020-10-01,TeamB-789547e7-1325-4153-a98d-5ecd497f3668,8.0
2020-10-02,TeamB-789547e7-1325-4153-a98d-5ecd497f3668,7.0
2020-10-03,TeamB-789547e7-1325-4153-a98d-5ecd497f3668,8.0
2020-10-05,TeamB-789547e7-1325-4153-a98d-5ecd497f3668,8.0
2020-10-06,TeamB-789547e7-1325-4153-a98d-5ecd497f3668,9.0
2020-10-07,TeamB-789547e7-1325-4153-a98d-5ecd497f3668,7.5
2020-10-08,TeamB-789547e7-1325-4153-a98d-5ecd497f3668,8.0
2020-10-09,TeamB-789547e7-1325-4153-a98d-5ecd497f3668,7.5
2020-10-10,TeamB-789547e7-1325-4153-a98d-5ecd497f3668,7.5
2020-10-11,TeamB-789547e7-1325-4153-a98d-5ecd497f3668,7.0
2020-10-12,TeamB-789547e7-1325-4153-a98d-5ecd497f3668,8.5
2020-10-13,TeamB-789547e7-1325-4153-a98d-5ecd497f3668,7.0
2020-10-14,TeamB-789547e7-1325-4153-a98d-5ecd497f3668,7.0
2020-10-15,TeamB-789547e7-1325-4153-a98d-5ecd497f3668,8.0
2020-10-16,TeamB-789547e7-1325-4153-a98d-5ecd497f3668,8.5
2020-10-17,TeamB-789547e7-1325-4153-a98d-5ecd497f3668,7.0
2020-10-18,TeamB-789547e7-1325-4153-a98d-5ecd497f3668,8.0
2020-10-20,TeamB-789547e7-1325-4153-a98d-5ecd497f3668,9.0
2020-10-21,TeamB-789547e7-1325-4153-a98d-5ecd497f3668,8.0
2020-10-22,TeamB-789547e7-1325-4153-a98d-5ecd497f3668,9.0
2020-10-23,TeamB-789547e7-1325-4153-a98d-5ecd497f3668,7.0
2020-10-25,TeamB-789547e7-1325-4153-a98d-5ecd497f3668,6.5
2020-10-26,TeamB-789547e7-1325-4153-a98d-5ecd497f3668,6.5
2020-10-27,TeamB-789547e7-1325-4153-a98d-5ecd497f3668,7.5
2020-10-29,TeamB-789547e7-1325-4153-a98d-5ecd497f3668,8.0
2020-10-30,TeamB-789547e7-1325-4153-a98d-5ecd497f3668,7.0
2020-10-31,TeamB-789547e7-1325-4153-a98d-5ecd497f3668,7.0
2020-11-01,TeamB-789547e7-1325-4153-a98d-5ecd497f3668,8.0
2020-11-02,TeamB-789547e7-1325-4153-a98d-5ecd497f3668,7.0
2020-11-03,TeamB-789547e7-1325-4153-a98d-5ecd497f3668,9.0
2020-11-04,TeamB-789547e7-1325-4153-a98d-5ecd497f3668,8.0
2020-11-05,TeamB-789547e7-1325-4153-a98d-5ecd497f3668,8.0
2020-11-06,TeamB-789547e7-1325-4153-a98d-5ecd497f3668,8.5
2020-11-07,TeamB-789547e7-1325-4153-a98d-5ecd497f3668,7.0
2020-11-08,TeamB-789547e7-1325-4153-a98d-5ecd497f3668,8.5
2020-11-09,TeamB-789547e7-1325-4153-a98d-5ecd497f3668,7.5
2020-11-10,TeamB-789547e7-1325-4153-a98d-5ecd497f3668,9.0
2020-11-11,TeamB-789547e7-1325-4153-a98d-5ecd497f3668,9.0
2020-11-12,TeamB-789547e7-1325-4153-a98d-5ecd497f3668,7.0
2020-11-13,TeamB-789547e7-1325-4153-a98d-5ecd497f3668,8.0
2020-11-14,TeamB-789547e7-1325-4153-a98d-5ecd497f3668,8.0
2020-11-15,TeamB-789547e7-1325-4153-a98d-5ecd497f3668,7.0
2020-11-16,TeamB-789547e7-1325-4153-a98d-5ecd497f3668,7.0
2020-11-20,TeamB-789547e7-1325-4153-a98d-5ecd497f3668,6.0
2020-11-21,TeamB-789547e7-1325-4153-a98d-5ecd497f3668,9.0
2020-11-22,TeamB-789547e7-1325-4153-a98d-5ecd497f3668,8.5
2020-11-23,TeamB-789547e7-1325-4153-a98d-5ecd497f3668,8.0
2020-11-24,TeamB-789547e7-1325-4153-a98d-5ecd497f3668,8.0
2020-11-26,TeamB-789547e7-1325-4153-a98d-5ecd497f3668,5.0
2020-11-28,TeamB-789547e7-1325-4153-a98d-5ecd497f3668,9.0
2020-11-29,TeamB-789547e7-1325-4153-a98d-5ecd497f3668,7.5
2020-11-30,TeamB-789547e7-1325-4153-a98d-5ecd497f3668,7.5
2020-12-01,TeamB-789547e7-1325-4153-a98d-5ecd497f3668,8.0
2020-12-02,TeamB-789547e7-1325-4153-a98d-5ecd497f3668,9.0
2020-12-03,TeamB-789547e7-1325-4153-a98d-5ecd497f3668,9.0
2020-12-04,TeamB-789547e7-1325-4153-a98d-5ecd497f3668,6.0
2020-12-05,TeamB-789547e7-1325-4153-a98d-5ecd497f3668,8.0
2020-12-08,TeamB-789547e7-1325-4153-a98d-5ecd497f3668,7.0
2020-12-09,TeamB-789547e7-1325-4153-a98d-5ecd497f3668,7.0
2020-12-11,TeamB-789547e7-1325-4153-a98d-5ecd497f3668,9.0
2020-12-13,TeamB-789547e7-1325-4153-a98d-5ecd497f3668,6.5
2021-01-15,TeamB-789547e7-1325-4153-a98d-5ecd497f3668,6.5
2021-01-17,TeamB-789547e7-1325-4153-a98d-5ecd497f3668,9.0
2021-01-18,TeamB-789547e7-1325-4153-a98d-5ecd497f3668,8.0
2021-01-19,TeamB-789547e7-1325-4153-a98d-5ecd497f3668,5.5
2021-01-20,TeamB-789547e7-1325-4153-a98d-5ecd497f3668,7.0
2021-01-21,TeamB-789547e7-1325-4153-a98d-5ecd497f3668,9.0
2021-01-22,TeamB-789547e7-1325-4153-a98d-5ecd497f3668,8.0
2021-01-23,TeamB-789547e7-1325-4153-a98d-5ecd497f3668,10.0
2021-01-24,TeamB-789547e7-1325-4153-a98d-5ecd497f3668,8.0
2021-01-25,TeamB-789547e7-1325-4153-a98d-5ecd497f3668,8.0
2021-01-26,TeamB-789547e7-1325-4153-a98d-5ecd497f3668,9.0
2021-01-27,TeamB-789547e7-1325-4153-a98d-5ecd497f3668,8.0
2021-01-29,TeamB-789547e7-1325-4153-a98d-5ecd497f3668,7.5
2021-01-30,TeamB-789547e7-1325-4153-a98d-5ecd497f3668,8.0
2021-01-31,TeamB-789547e7-1325-4153-a98d-5ecd497f3668,8.0
2021-02-01,TeamB-789547e7-1325-4153-a98d-5ecd497f3668,8.5
2021-02-02,TeamB-789547e7-1325-4153-a98d-5ecd497f3668,7.5
2021-02-03,TeamB-789547e7-1325-4153-a98d-5ecd497f3668,10.0
2021-02-04,TeamB-789547e7-1325-4153-a98d-5ecd497f3668,8.5
2021-02-05,TeamB-789547e7-1325-4153-a98d-5ecd497f3668,8.0
2021-02-06,TeamB-789547e7-1325-4153-a98d-5ecd497f3668,8.5
2021-02-07,TeamB-789547e7-1325-4153-a98d-5ecd497f3668,7.5
2021-02-08,TeamB-789547e7-1325-4153-a98d-5ecd497f3668,7.0
2021-02-09,TeamB-789547e7-1325-4153-a98d-5ecd497f3668,8.0
2021-02-11,TeamB-789547e7-1325-4153-a98d-5ecd497f3668,8.0
2021-02-12,TeamB-789547e7-1325-4153-a98d-5ecd497f3668,6.5
2021-02-13,TeamB-789547e7-1325-4153-a98d-5ecd497f3668,7.5
2021-02-14,TeamB-789547e7-1325-4153-a98d-5ecd497f3668,8.5
2021-02-15,TeamB-789547e7-1325-4153-a98d-5ecd497f3668,6.5
2021-02-16,TeamB-789547e7-1325-4153-a98d-5ecd497f3668,8.0
2021-02-17,TeamB-789547e7-1325-4153-a98d-5ecd497f3668,7.5
2021-02-18,TeamB-789547e7-1325-4153-a98d-5ecd497f3668,6.5
2021-02-19,TeamB-789547e7-1325-4153-a98d-5ecd497f3668,8.0
2021-02-20,TeamB-789547e7-1325-4153-a98d-5ecd497f3668,7.5
2021-02-21,TeamB-789547e7-1325-4153-a98d-5ecd497f3668,7.5
2021-02-22,TeamB-789547e7-1325-4153-a98d-5ecd497f3668,7.5
2021-02-23,TeamB-789547e7-1325-4153-a98d-5ecd497f3668,10.0
2021-02-24,TeamB-789547e7-1325-4153-a98d-5ecd497f3668,8.5
2021-02-25,TeamB-789547e7-1325-4153-a98d-5ecd497f3668,9.0
2021-02-26,TeamB-789547e7-1325-4153-a98d-5ecd497f3668,8.0
2021-02-27,TeamB-789547e7-1325-4153-a98d-5ecd497f3668,8.0
2021-02-28,TeamB-789547e7-1325-4153-a98d-5ecd497f3668,9.0
2021-03-01,TeamB-789547e7-1325-4153-a98d-5ecd497f3668,7.0
2021-03-02,TeamB-789547e7-1325-4153-a98d-5ecd497f3668,9.0
2021-03-03,TeamB-789547e7-1325-4153-a98d-5ecd497f3668,8.0
2021-03-04,TeamB-789547e7-1325-4153-a98d-5ecd497f3668,7.5
2021-03-05,TeamB-789547e7-1325-4153-a98d-5ecd497f3668,8.5
2021-03-06,TeamB-789547e7-1325-4153-a98d-5ecd497f3668,8.0
2021-03-07,TeamB-789547e7-1325-4153-a98d-5ecd497f3668,8.5
2021-03-08,TeamB-789547e7-1325-4153-a98d-5ecd497f3668,7.5
2021-03-09,TeamB-789547e7-1325-4153-a98d-5ecd497f3668,8.0
2021-03-10,TeamB-789547e7-1325-4153-a98d-5ecd497f3668,9.0
2021-03-11,TeamB-789547e7-1325-4153-a98d-5ecd497f3668,6.5
2021-03-12,TeamB-789547e7-1325-4153-a98d-5ecd497f3668,8.0
2021-03-13,TeamB-789547e7-1325-4153-a98d-5ecd497f3668,6.5
2021-03-14,TeamB-789547e7-1325-4153-a98d-5ecd497f3668,7.5
2021-03-15,TeamB-789547e7-1325-4153-a98d-5ecd497f3668,4.5
2021-03-16,TeamB-789547e7-1325-4153-a98d-5ecd497f3668,8.0
2021-03-17,TeamB-789547e7-1325-4153-a98d-5ecd497f3668,8.0
2021-03-18,TeamB-789547e7-1325-4153-a98d-5ecd497f3668,8.0
2021-03-19,TeamB-789547e7-1325-4153-a98d-5ecd497f3668,9.0
2021-03-20,TeamB-789547e7-1325-4153-a98d-5ecd497f3668,7.0
2021-03-22,TeamB-789547e7-1325-4153-a98d-5ecd497f3668,8.5
2021-03-23,TeamB-789547e7-1325-4153-a98d-5ecd497f3668,8.0
2021-03-24,TeamB-789547e7-1325-4153-a98d-5ecd497f3668,8.0
2021-03-25,TeamB-789547e7-1325-4153-a98d-5ecd497f3668,8.5
2021-03-26,TeamB-789547e7-1325-4153-a98d-5ecd497f3668,8.0
2021-03-27,TeamB-789547e7-1325-4153-a98d-5ecd497f3668,8.0
2021-03-29,TeamB-789547e7-1325-4153-a98d-5ecd497f3668,8.0
2021-03-30,TeamB-789547e7-1325-4153-a98d-5ecd497f3668,8.0
2021-03-31,TeamB-789547e7-1325-4153-a98d-5ecd497f3668,5.5
2021-04-05,TeamB-789547e7-1325-4153-a98d-5ecd497f3668,9.0
2021-04-06,TeamB-789547e7-1325-4153-a98d-5ecd497f3668,8.0
2021-04-07,TeamB-789547e7-1325-4153-a98d-5ecd497f3668,8.0
2021-04-08,TeamB-789547e7-1325-4153-a98d-5ecd497f3668,8.0
2021-04-09,TeamB-789547e7-1325-4153-a98d-5ecd497f3668,8.0
2021-04-10,TeamB-789547e7-1325-4153-a98d-5ecd497f3668,8.0
2021-04-12,TeamB-789547e7-1325-4153-a98d-5ecd497f3668,8.0
2021-04-13,TeamB-789547e7-1325-4153-a98d-5ecd497f3668,8.0
2021-04-14,TeamB-789547e7-1325-4153-a98d-5ecd497f3668,8.0
2021-04-15,TeamB-789547e7-1325-4153-a98d-5ecd497f3668,8.0
2021-04-16,TeamB-789547e7-1325-4153-a98d-5ecd497f3668,8.0
2021-04-17,TeamB-789547e7-1325-4153-a98d-5ecd497f3668,9.0
2021-04-18,TeamB-789547e7-1325-4153-a98d-5ecd497f3668,8.0
2021-04-19,TeamB-789547e7-1325-4153-a98d-5ecd497f3668,8.0
2021-04-20,TeamB-789547e7-1325-4153-a98d-5ecd497f3668,8.0
2021-04-21,TeamB-789547e7-1325-4153-a98d-5ecd497f3668,8.0
2021-04-22,TeamB-789547e7-1325-4153-a98d-5ecd497f3668,8.0
2021-04-23,TeamB-789547e7-1325-4153-a98d-5ecd497f3668,8.0
2021-04-24,TeamB-789547e7-1325-4153-a98d-5ecd497f3668,8.0
2021-04-25,TeamB-789547e7-1325-4153-a98d-5ecd497f3668,8.0
2021-04-26,TeamB-789547e7-1325-4153-a98d-5ecd497f3668,8.0
2021-04-27,TeamB-789547e7-1325-4153-a98d-5ecd497f3668,8.0
2021-04-28,TeamB-789547e7-1325-4153-a98d-5ecd497f3668,8.0
2021-04-29,TeamB-789547e7-1325-4153-a98d-5ecd497f3668,8.0
2021-04-30,TeamB-789547e7-1325-4153-a98d-5ecd497f3668,8.0
2021-05-01,TeamB-789547e7-1325-4153-a98d-5ecd497f3668,8.0
2021-05-02,TeamB-789547e7-1325-4153-a98d-5ecd497f3668,8.0
2021-05-03,TeamB-789547e7-1325-4153-a98d-5ecd497f3668,8.0
2021-05-04,TeamB-789547e7-1325-4153-a98d-5ecd497f3668,8.0
2021-05-05,TeamB-789547e7-1325-4153-a98d-5ecd497f3668,8.0
2021-05-06,TeamB-789547e7-1325-4153-a98d-5ecd497f3668,6.0
2021-05-07,TeamB-789547e7-1325-4153-a98d-5ecd497f3668,8.0
2021-05-08,TeamB-789547e7-1325-4153-a98d-5ecd497f3668,8.0
2021-05-09,TeamB-789547e7-1325-4153-a98d-5ecd497f3668,8.0
2021-05-10,TeamB-789547e7-1325-4153-a98d-5ecd497f3668,8.0
2021-05-11,TeamB-789547e7-1325-4153-a98d-5ecd497f3668,9.0
2021-05-12,TeamB-789547e7-1325-4153-a98d-5ecd497f3668,8.0
2021-05-13,TeamB-789547e7-1325-4153-a98d-5ecd497f3668,8.0
2021-05-14,TeamB-789547e7-1325-4153-a98d-5ecd497f3668,7.0
2021-05-15,TeamB-789547e7-1325-4153-a98d-5ecd497f3668,8.5
2021-05-16,TeamB-789547e7-1325-4153-a98d-5ecd497f3668,8.0
2021-05-17,TeamB-789547e7-1325-4153-a98d-5ecd497f3668,7.0
2021-05-18,TeamB-789547e7-1325-4153-a98d-5ecd497f3668,8.0
2021-05-19,TeamB-789547e7-1325-4153-a98d-5ecd497f3668,8.0
2021-05-21,TeamB-789547e7-1325-4153-a98d-5ecd497f3668,8.0
2021-05-22,TeamB-789547e7-1325-4153-a98d-5ecd497f3668,8.0
2021-05-23,TeamB-789547e7-1325-4153-a98d-5ecd497f3668,10.0
2021-05-24,TeamB-789547e7-1325-4153-a98d-5ecd497f3668,6.0
2021-05-25,TeamB-789547e7-1325-4153-a98d-5ecd497f3668,8.0
2021-05-26,TeamB-789547e7-1325-4153-a98d-5ecd497f3668,8.5
2021-05-27,TeamB-789547e7-1325-4153-a98d-5ecd497f3668,8.0
2021-05-28,TeamB-789547e7-1325-4153-a98d-5ecd497f3668,8.0
2021-05-29,TeamB-789547e7-1325-4153-a98d-5ecd497f3668,8.5
2021-05-31,TeamB-789547e7-1325-4153-a98d-5ecd497f3668,7.0
2021-06-01,TeamB-789547e7-1325-4153-a98d-5ecd497f3668,8.0
2021-06-02,TeamB-789547e7-1325-4153-a98d-5ecd497f3668,7.0
2021-06-03,TeamB-789547e7-1325-4153-a98d-5ecd497f3668,8.0
2021-06-04,TeamB-789547e7-1325-4153-a98d-5ecd497f3668,8.0
2021-06-05,TeamB-789547e7-1325-4153-a98d-5ecd497f3668,8.0
2021-06-07,TeamB-789547e7-1325-4153-a98d-5ecd497f3668,8.0
2021-06-08,TeamB-789547e7-1325-4153-a98d-5ecd497f3668,9.0
2021-06-09,TeamB-789547e7-1325-4153-a98d-5ecd497f3668,8.5
2021-06-10,TeamB-789547e7-1325-4153-a98d-5ecd497f3668,7.0
2021-06-11,TeamB-789547e7-1325-4153-a98d-5ecd497f3668,7.0
2021-06-12,TeamB-789547e7-1325-4153-a98d-5ecd497f3668,8.0
2021-06-13,TeamB-789547e7-1325-4153-a98d-5ecd497f3668,9.0
2021-06-14,TeamB-789547e7-1325-4153-a98d-5ecd497f3668,7.0
2021-06-15,TeamB-789547e7-1325-4153-a98d-5ecd497f3668,8.0
2021-06-16,TeamB-789547e7-1325-4153-a98d-5ecd497f3668,9.0
2021-06-17,TeamB-789547e7-1325-4153-a98d-5ecd497f3668,7.5
2021-06-18,TeamB-789547e7-1325-4153-a98d-5ecd497f3668,7.5
2021-06-19,TeamB-789547e7-1325-4153-a98d-5ecd497f3668,8.0
2021-06-20,TeamB-789547e7-1325-4153-a98d-5ecd497f3668,8.0
2021-06-21,TeamB-789547e7-1325-4153-a98d-5ecd497f3668,5.5
2021-06-22,TeamB-789547e7-1325-4153-a98d-5ecd497f3668,8.0
2021-06-23,TeamB-789547e7-1325-4153-a98d-5ecd497f3668,7.0
2021-06-25,TeamB-789547e7-1325-4153-a98d-5ecd497f3668,8.5
2021-06-26,TeamB-789547e7-1325-4153-a98d-5ecd497f3668,8.0
2021-06-27,TeamB-789547e7-1325-4153-a98d-5ecd497f3668,8.5
2021-06-28,TeamB-789547e7-1325-4153-a98d-5ecd497f3668,8.0
2021-06-29,TeamB-789547e7-1325-4153-a98d-5ecd497f3668,9.0
2021-06-30,TeamB-789547e7-1325-4153-a98d-5ecd497f3668,8.0
2021-07-01,TeamB-789547e7-1325-4153-a98d-5ecd497f3668,7.0
2021-07-02,TeamB-789547e7-1325-4153-a98d-5ecd497f3668,8.0
2021-07-03,TeamB-789547e7-1325-4153-a98d-5ecd497f3668,8.5
2021-07-04,TeamB-789547e7-1325-4153-a98d-5ecd497f3668,8.0
2021-07-05,TeamB-789547e7-1325-4153-a98d-5ecd497f3668,8.5
2021-07-06,TeamB-789547e7-1325-4153-a98d-5ecd497f3668,6.5
2021-07-07,TeamB-789547e7-1325-4153-a98d-5ecd497f3668,7.0
2021-07-08,TeamB-789547e7-1325-4153-a98d-5ecd497f3668,8.0
2021-07-09,TeamB-789547e7-1325-4153-a98d-5ecd497f3668,8.0
2021-07-10,TeamB-789547e7-1325-4153-a98d-5ecd497f3668,6.0
2021-07-12,TeamB-789547e7-1325-4153-a98d-5ecd497f3668,8.0
2021-07-13,TeamB-789547e7-1325-4153-a98d-5ecd497f3668,8.0
2021-07-14,TeamB-789547e7-1325-4153-a98d-5ecd497f3668,8.0
2021-07-15,TeamB-789547e7-1325-4153-a98d-5ecd497f3668,8.0
2021-08-01,TeamB-789547e7-1325-4153-a98d-5ecd497f3668,9.0
2021-08-02,TeamB-789547e7-1325-4153-a98d-5ecd497f3668,8.0
2021-08-03,TeamB-789547e7-1325-4153-a98d-5ecd497f3668,8.0
2021-08-04,TeamB-789547e7-1325-4153-a98d-5ecd497f3668,7.0
2021-08-05,TeamB-789547e7-1325-4153-a98d-5ecd497f3668,8.0
2021-08-06,TeamB-789547e7-1325-4153-a98d-5ecd497f3668,8.0
2021-08-07,TeamB-789547e7-1325-4153-a98d-5ecd497f3668,8.0
2021-08-09,TeamB-789547e7-1325-4153-a98d-5ecd497f3668,8.0
2021-08-10,TeamB-789547e7-1325-4153-a98d-5ecd497f3668,8.0
2021-08-11,TeamB-789547e7-1325-4153-a98d-5ecd497f3668,8.0
2021-08-12,TeamB-789547e7-1325-4153-a98d-5ecd497f3668,8.0
2021-08-13,TeamB-789547e7-1325-4153-a98d-5ecd497f3668,6.0
2021-08-14,TeamB-789547e7-1325-4153-a98d-5ecd497f3668,8.5
2021-08-16,TeamB-789547e7-1325-4153-a98d-5ecd497f3668,8.0
2021-08-18,TeamB-789547e7-1325-4153-a98d-5ecd497f3668,8.0
2021-08-19,TeamB-789547e7-1325-4153-a98d-5ecd497f3668,8.0
2021-08-20,TeamB-789547e7-1325-4153-a98d-5ecd497f3668,8.0
2021-08-21,TeamB-789547e7-1325-4153-a98d-5ecd497f3668,7.0
2021-08-22,TeamB-789547e7-1325-4153-a98d-5ecd497f3668,6.0
2021-08-23,TeamB-789547e7-1325-4153-a98d-5ecd497f3668,6.5
2021-08-24,TeamB-789547e7-1325-4153-a98d-5ecd497f3668,7.0
2021-08-25,TeamB-789547e7-1325-4153-a98d-5ecd497f3668,8.5
2021-08-26,TeamB-789547e7-1325-4153-a98d-5ecd497f3668,8.0
2021-08-27,TeamB-789547e7-1325-4153-a98d-5ecd497f3668,8.0
2021-08-28,TeamB-789547e7-1325-4153-a98d-5ecd497f3668,8.0
2021-08-29,TeamB-789547e7-1325-4153-a98d-5ecd497f3668,8.5
2021-08-30,TeamB-789547e7-1325-4153-a98d-5ecd497f3668,8.0
2021-08-31,TeamB-789547e7-1325-4153-a98d-5ecd497f3668,8.0
2021-09-01,TeamB-789547e7-1325-4153-a98d-5ecd497f3668,8.5
2021-09-02,TeamB-789547e7-1325-4153-a98d-5ecd497f3668,8.0
2021-09-03,TeamB-789547e7-1325-4153-a98d-5ecd497f3668,8.0
2021-09-04,TeamB-789547e7-1325-4153-a98d-5ecd497f3668,8.0
2021-09-05,TeamB-789547e7-1325-4153-a98d-5ecd497f3668,8.0
2021-09-06,TeamB-789547e7-1325-4153-a98d-5ecd497f3668,8.0
2021-09-07,TeamB-789547e7-1325-4153-a98d-5ecd497f3668,7.0
2021-09-08,TeamB-789547e7-1325-4153-a98d-5ecd497f3668,8.0
2021-09-09,TeamB-789547e7-1325-4153-a98d-5ecd497f3668,8.0
2021-09-10,TeamB-789547e7-1325-4153-a98d-5ecd497f3668,8.5
2021-09-13,TeamB-789547e7-1325-4153-a98d-5ecd497f3668,8.5
2021-09-14,TeamB-789547e7-1325-4153-a98d-5ecd497f3668,9.0
2021-09-15,TeamB-789547e7-1325-4153-a98d-5ecd497f3668,10.0
2021-09-16,TeamB-789547e7-1325-4153-a98d-5ecd497f3668,9.0
2021-09-17,TeamB-789547e7-1325-4153-a98d-5ecd497f3668,9.0
2021-09-21,TeamB-789547e7-1325-4153-a98d-5ecd497f3668,8.5
2021-09-22,TeamB-789547e7-1325-4153-a98d-5ecd497f3668,7.5
2021-09-23,TeamB-789547e7-1325-4153-a98d-5ecd497f3668,9.0
2021-09-24,TeamB-789547e7-1325-4153-a98d-5ecd497f3668,9.0
2021-09-25,TeamB-789547e7-1325-4153-a98d-5ecd497f3668,7.5
2021-09-26,TeamB-789547e7-1325-4153-a98d-5ecd497f3668,8.0
2021-09-27,TeamB-789547e7-1325-4153-a98d-5ecd497f3668,8.0
2021-09-28,TeamB-789547e7-1325-4153-a98d-5ecd497f3668,8.5
2021-09-29,TeamB-789547e7-1325-4153-a98d-5ecd497f3668,8.0
2021-09-30,TeamB-789547e7-1325-4153-a98d-5ecd497f3668,8.0
2021-10-01,TeamB-789547e7-1325-4153-a98d-5ecd497f3668,8.5
2021-10-02,TeamB-789547e7-1325-4153-a98d-5ecd497f3668,8.5
2021-10-03,TeamB-789547e7-1325-4153-a98d-5ecd497f3668,8.0
2021-10-05,TeamB-789547e7-1325-4153-a98d-5ecd497f3668,8.0
2021-10-06,TeamB-789547e7-1325-4153-a98d-5ecd497f3668,8.0
2021-10-08,TeamB-789547e7-1325-4153-a98d-5ecd497f3668,8.0
2021-10-09,TeamB-789547e7-1325-4153-a98d-5ecd497f3668,8.5
2021-10-10,TeamB-789547e7-1325-4153-a98d-5ecd497f3668,6.5
2021-10-11,TeamB-789547e7-1325-4153-a98d-5ecd497f3668,6.5
2021-10-12,TeamB-789547e7-1325-4153-a98d-5ecd497f3668,7.0
2021-10-13,TeamB-789547e7-1325-4153-a98d-5ecd497f3668,6.5
2021-10-14,TeamB-789547e7-1325-4153-a98d-5ecd497f3668,8.0
2021-10-15,TeamB-789547e7-1325-4153-a98d-5ecd497f3668,8.0
2021-10-16,TeamB-789547e7-1325-4153-a98d-5ecd497f3668,5.5
2021-10-17,TeamB-789547e7-1325-4153-a98d-5ecd497f3668,8.0
2021-10-18,TeamB-789547e7-1325-4153-a98d-5ecd497f3668,8.0
2021-10-22,TeamB-789547e7-1325-4153-a98d-5ecd497f3668,7.5
2021-10-24,TeamB-789547e7-1325-4153-a98d-5ecd497f3668,8.0
2021-10-25,TeamB-789547e7-1325-4153-a98d-5ecd497f3668,8.0
2021-10-26,TeamB-789547e7-1325-4153-a98d-5ecd497f3668,7.0
2021-10-27,TeamB-789547e7-1325-4153-a98d-5ecd497f3668,6.5
2021-10-28,TeamB-789547e7-1325-4153-a98d-5ecd497f3668,8.0
2021-10-29,TeamB-789547e7-1325-4153-a98d-5ecd497f3668,6.5
2021-10-30,TeamB-789547e7-1325-4153-a98d-5ecd497f3668,8.0
2021-10-31,TeamB-789547e7-1325-4153-a98d-5ecd497f3668,7.5
2021-11-01,TeamB-789547e7-1325-4153-a98d-5ecd497f3668,4.0
2021-11-02,TeamB-789547e7-1325-4153-a98d-5ecd497f3668,8.0
2021-11-03,TeamB-789547e7-1325-4153-a98d-5ecd497f3668,8.0
2021-11-04,TeamB-789547e7-1325-4153-a98d-5ecd497f3668,8.5
2021-11-05,TeamB-789547e7-1325-4153-a98d-5ecd497f3668,8.0
2021-11-07,TeamB-789547e7-1325-4153-a98d-5ecd497f3668,8.5
2021-11-09,TeamB-789547e7-1325-4153-a98d-5ecd497f3668,8.0
2021-11-10,TeamB-789547e7-1325-4153-a98d-5ecd497f3668,8.0
2021-11-11,TeamB-789547e7-1325-4153-a98d-5ecd497f3668,8.0
2020-01-22,TeamB-7ab47f4e-6eca-4793-880f-6a0dad3459c3,7.5
2020-01-23,TeamB-7ab47f4e-6eca-4793-880f-6a0dad3459c3,8.0
2020-01-24,TeamB-7ab47f4e-6eca-4793-880f-6a0dad3459c3,7.5
2020-01-25,TeamB-7ab47f4e-6eca-4793-880f-6a0dad3459c3,11.0
2020-01-26,TeamB-7ab47f4e-6eca-4793-880f-6a0dad3459c3,4.0
2020-01-27,TeamB-7ab47f4e-6eca-4793-880f-6a0dad3459c3,7.5
2020-01-28,TeamB-7ab47f4e-6eca-4793-880f-6a0dad3459c3,8.0
2020-01-29,TeamB-7ab47f4e-6eca-4793-880f-6a0dad3459c3,8.0
2020-01-30,TeamB-7ab47f4e-6eca-4793-880f-6a0dad3459c3,8.0
2020-01-31,TeamB-7ab47f4e-6eca-4793-880f-6a0dad3459c3,9.0
2020-02-01,TeamB-7ab47f4e-6eca-4793-880f-6a0dad3459c3,9.0
2020-02-02,TeamB-7ab47f4e-6eca-4793-880f-6a0dad3459c3,8.0
2020-02-04,TeamB-7ab47f4e-6eca-4793-880f-6a0dad3459c3,7.5
2020-02-05,TeamB-7ab47f4e-6eca-4793-880f-6a0dad3459c3,7.5
2020-02-06,TeamB-7ab47f4e-6eca-4793-880f-6a0dad3459c3,8.0
2020-02-07,TeamB-7ab47f4e-6eca-4793-880f-6a0dad3459c3,7.5
2020-02-08,TeamB-7ab47f4e-6eca-4793-880f-6a0dad3459c3,10.0
2020-02-10,TeamB-7ab47f4e-6eca-4793-880f-6a0dad3459c3,9.0
2020-02-12,TeamB-7ab47f4e-6eca-4793-880f-6a0dad3459c3,8.5
2020-02-13,TeamB-7ab47f4e-6eca-4793-880f-6a0dad3459c3,7.5
2020-02-14,TeamB-7ab47f4e-6eca-4793-880f-6a0dad3459c3,7.0
2020-02-16,TeamB-7ab47f4e-6eca-4793-880f-6a0dad3459c3,9.0
2020-02-18,TeamB-7ab47f4e-6eca-4793-880f-6a0dad3459c3,5.0
2020-02-24,TeamB-7ab47f4e-6eca-4793-880f-6a0dad3459c3,7.0
2020-02-25,TeamB-7ab47f4e-6eca-4793-880f-6a0dad3459c3,8.0
2020-03-09,TeamB-7ab47f4e-6eca-4793-880f-6a0dad3459c3,8.0
2020-03-10,TeamB-7ab47f4e-6eca-4793-880f-6a0dad3459c3,8.5
2020-03-12,TeamB-7ab47f4e-6eca-4793-880f-6a0dad3459c3,7.5
2020-03-13,TeamB-7ab47f4e-6eca-4793-880f-6a0dad3459c3,10.0
2020-03-14,TeamB-7ab47f4e-6eca-4793-880f-6a0dad3459c3,10.0
2020-03-17,TeamB-7ab47f4e-6eca-4793-880f-6a0dad3459c3,9.0
2020-03-22,TeamB-7ab47f4e-6eca-4793-880f-6a0dad3459c3,9.0
2021-01-21,TeamB-7ab47f4e-6eca-4793-880f-6a0dad3459c3,9.0
2021-01-22,TeamB-7ab47f4e-6eca-4793-880f-6a0dad3459c3,7.0
2021-01-23,TeamB-7ab47f4e-6eca-4793-880f-6a0dad3459c3,10.0
2021-01-24,TeamB-7ab47f4e-6eca-4793-880f-6a0dad3459c3,10.0
2021-01-25,TeamB-7ab47f4e-6eca-4793-880f-6a0dad3459c3,7.0
2021-01-26,TeamB-7ab47f4e-6eca-4793-880f-6a0dad3459c3,7.0
2021-01-28,TeamB-7ab47f4e-6eca-4793-880f-6a0dad3459c3,8.0
2021-01-30,TeamB-7ab47f4e-6eca-4793-880f-6a0dad3459c3,7.0
2021-01-31,TeamB-7ab47f4e-6eca-4793-880f-6a0dad3459c3,9.0
2021-02-02,TeamB-7ab47f4e-6eca-4793-880f-6a0dad3459c3,8.0
2021-02-04,TeamB-7ab47f4e-6eca-4793-880f-6a0dad3459c3,8.0
2021-02-05,TeamB-7ab47f4e-6eca-4793-880f-6a0dad3459c3,8.0
2021-02-06,TeamB-7ab47f4e-6eca-4793-880f-6a0dad3459c3,9.0
2021-02-07,TeamB-7ab47f4e-6eca-4793-880f-6a0dad3459c3,9.0
2021-02-08,TeamB-7ab47f4e-6eca-4793-880f-6a0dad3459c3,9.0
2021-02-09,TeamB-7ab47f4e-6eca-4793-880f-6a0dad3459c3,7.5
2021-02-13,TeamB-7ab47f4e-6eca-4793-880f-6a0dad3459c3,9.0
2021-02-23,TeamB-7ab47f4e-6eca-4793-880f-6a0dad3459c3,9.0
2021-02-24,TeamB-7ab47f4e-6eca-4793-880f-6a0dad3459c3,11.0
2021-02-25,TeamB-7ab47f4e-6eca-4793-880f-6a0dad3459c3,8.5
2021-03-02,TeamB-7ab47f4e-6eca-4793-880f-6a0dad3459c3,8.0
2021-03-03,TeamB-7ab47f4e-6eca-4793-880f-6a0dad3459c3,10.0
2021-03-04,TeamB-7ab47f4e-6eca-4793-880f-6a0dad3459c3,7.5
2021-03-05,TeamB-7ab47f4e-6eca-4793-880f-6a0dad3459c3,6.5
2021-03-06,TeamB-7ab47f4e-6eca-4793-880f-6a0dad3459c3,7.5
2021-03-08,TeamB-7ab47f4e-6eca-4793-880f-6a0dad3459c3,5.5
2021-03-09,TeamB-7ab47f4e-6eca-4793-880f-6a0dad3459c3,8.0
2021-03-10,TeamB-7ab47f4e-6eca-4793-880f-6a0dad3459c3,9.0
2021-03-11,TeamB-7ab47f4e-6eca-4793-880f-6a0dad3459c3,6.5
2021-03-12,TeamB-7ab47f4e-6eca-4793-880f-6a0dad3459c3,8.0
2021-03-13,TeamB-7ab47f4e-6eca-4793-880f-6a0dad3459c3,6.0
2021-03-14,TeamB-7ab47f4e-6eca-4793-880f-6a0dad3459c3,8.0
2021-03-15,TeamB-7ab47f4e-6eca-4793-880f-6a0dad3459c3,7.5
2021-03-16,TeamB-7ab47f4e-6eca-4793-880f-6a0dad3459c3,8.0
2021-03-18,TeamB-7ab47f4e-6eca-4793-880f-6a0dad3459c3,5.5
2021-03-19,TeamB-7ab47f4e-6eca-4793-880f-6a0dad3459c3,8.5
2021-03-20,TeamB-7ab47f4e-6eca-4793-880f-6a0dad3459c3,6.0
2021-03-21,TeamB-7ab47f4e-6eca-4793-880f-6a0dad3459c3,10.0
2021-03-22,TeamB-7ab47f4e-6eca-4793-880f-6a0dad3459c3,9.0
2021-03-23,TeamB-7ab47f4e-6eca-4793-880f-6a0dad3459c3,5.0
2021-03-25,TeamB-7ab47f4e-6eca-4793-880f-6a0dad3459c3,8.0
2021-03-26,TeamB-7ab47f4e-6eca-4793-880f-6a0dad3459c3,5.0
2021-03-31,TeamB-7ab47f4e-6eca-4793-880f-6a0dad3459c3,7.5
2021-04-08,TeamB-7ab47f4e-6eca-4793-880f-6a0dad3459c3,6.0
2021-04-10,TeamB-7ab47f4e-6eca-4793-880f-6a0dad3459c3,8.0
2021-04-12,TeamB-7ab47f4e-6eca-4793-880f-6a0dad3459c3,9.0
2021-04-15,TeamB-7ab47f4e-6eca-4793-880f-6a0dad3459c3,5.5
2021-04-16,TeamB-7ab47f4e-6eca-4793-880f-6a0dad3459c3,7.5
2021-04-17,TeamB-7ab47f4e-6eca-4793-880f-6a0dad3459c3,8.5
2021-04-19,TeamB-7ab47f4e-6eca-4793-880f-6a0dad3459c3,9.0
2021-04-26,TeamB-7ab47f4e-6eca-4793-880f-6a0dad3459c3,9.0
2021-04-27,TeamB-7ab47f4e-6eca-4793-880f-6a0dad3459c3,8.5
2021-04-28,TeamB-7ab47f4e-6eca-4793-880f-6a0dad3459c3,7.5
2021-04-29,TeamB-7ab47f4e-6eca-4793-880f-6a0dad3459c3,8.0
2021-04-30,TeamB-7ab47f4e-6eca-4793-880f-6a0dad3459c3,10.0
2021-05-01,TeamB-7ab47f4e-6eca-4793-880f-6a0dad3459c3,9.0
2021-05-03,TeamB-7ab47f4e-6eca-4793-880f-6a0dad3459c3,7.0
2021-05-04,TeamB-7ab47f4e-6eca-4793-880f-6a0dad3459c3,7.0
2021-05-05,TeamB-7ab47f4e-6eca-4793-880f-6a0dad3459c3,7.5
2021-05-06,TeamB-7ab47f4e-6eca-4793-880f-6a0dad3459c3,7.5
2021-05-07,TeamB-7ab47f4e-6eca-4793-880f-6a0dad3459c3,9.0
2021-05-08,TeamB-7ab47f4e-6eca-4793-880f-6a0dad3459c3,9.0
2021-05-10,TeamB-7ab47f4e-6eca-4793-880f-6a0dad3459c3,7.5
2021-05-11,TeamB-7ab47f4e-6eca-4793-880f-6a0dad3459c3,9.0
2021-05-12,TeamB-7ab47f4e-6eca-4793-880f-6a0dad3459c3,8.5
2021-05-14,TeamB-7ab47f4e-6eca-4793-880f-6a0dad3459c3,9.0
2021-05-21,TeamB-7ab47f4e-6eca-4793-880f-6a0dad3459c3,8.5
2021-05-24,TeamB-7ab47f4e-6eca-4793-880f-6a0dad3459c3,8.5
2021-05-25,TeamB-7ab47f4e-6eca-4793-880f-6a0dad3459c3,7.0
2021-05-26,TeamB-7ab47f4e-6eca-4793-880f-6a0dad3459c3,9.0
2021-05-29,TeamB-7ab47f4e-6eca-4793-880f-6a0dad3459c3,9.0
2021-05-31,TeamB-7ab47f4e-6eca-4793-880f-6a0dad3459c3,7.0
2021-06-01,TeamB-7ab47f4e-6eca-4793-880f-6a0dad3459c3,9.0
2021-06-02,TeamB-7ab47f4e-6eca-4793-880f-6a0dad3459c3,7.5
2021-06-04,TeamB-7ab47f4e-6eca-4793-880f-6a0dad3459c3,8.5
2021-06-07,TeamB-7ab47f4e-6eca-4793-880f-6a0dad3459c3,9.0
2021-06-17,TeamB-7ab47f4e-6eca-4793-880f-6a0dad3459c3,8.5
2021-06-21,TeamB-7ab47f4e-6eca-4793-880f-6a0dad3459c3,8.0
2021-06-22,TeamB-7ab47f4e-6eca-4793-880f-6a0dad3459c3,10.0
2021-06-25,TeamB-7ab47f4e-6eca-4793-880f-6a0dad3459c3,9.0
2021-07-06,TeamB-7ab47f4e-6eca-4793-880f-6a0dad3459c3,6.0
2021-07-07,TeamB-7ab47f4e-6eca-4793-880f-6a0dad3459c3,9.0
2021-07-09,TeamB-7ab47f4e-6eca-4793-880f-6a0dad3459c3,8.0
2021-07-13,TeamB-7ab47f4e-6eca-4793-880f-6a0dad3459c3,7.0
2021-08-01,TeamB-7ab47f4e-6eca-4793-880f-6a0dad3459c3,8.5
2021-08-02,TeamB-7ab47f4e-6eca-4793-880f-6a0dad3459c3,9.0
2021-08-04,TeamB-7ab47f4e-6eca-4793-880f-6a0dad3459c3,7.5
2021-08-06,TeamB-7ab47f4e-6eca-4793-880f-6a0dad3459c3,9.0
2021-08-11,TeamB-7ab47f4e-6eca-4793-880f-6a0dad3459c3,8.5
2021-08-24,TeamB-7ab47f4e-6eca-4793-880f-6a0dad3459c3,7.5
2021-09-16,TeamB-7ab47f4e-6eca-4793-880f-6a0dad3459c3,7.0
2021-09-26,TeamB-7ab47f4e-6eca-4793-880f-6a0dad3459c3,7.0
2021-10-13,TeamB-7ab47f4e-6eca-4793-880f-6a0dad3459c3,8.5
2021-10-14,TeamB-7ab47f4e-6eca-4793-880f-6a0dad3459c3,4.0
2021-10-17,TeamB-7ab47f4e-6eca-4793-880f-6a0dad3459c3,10.0
2021-10-31,TeamB-7ab47f4e-6eca-4793-880f-6a0dad3459c3,8.5
2021-11-04,TeamB-7ab47f4e-6eca-4793-880f-6a0dad3459c3,7.0
2021-01-12,TeamB-7d41e602-eece-328b-ff7b-118e820865d6,9.0
2021-01-13,TeamB-7d41e602-eece-328b-ff7b-118e820865d6,9.0
2021-01-14,TeamB-7d41e602-eece-328b-ff7b-118e820865d6,9.0
2021-01-15,TeamB-7d41e602-eece-328b-ff7b-118e820865d6,9.0
2021-01-16,TeamB-7d41e602-eece-328b-ff7b-118e820865d6,9.0
2021-01-17,TeamB-7d41e602-eece-328b-ff7b-118e820865d6,9.0
2021-01-18,TeamB-7d41e602-eece-328b-ff7b-118e820865d6,8.5
2021-01-19,TeamB-7d41e602-eece-328b-ff7b-118e820865d6,9.0
2021-01-20,TeamB-7d41e602-eece-328b-ff7b-118e820865d6,8.5
2021-01-21,TeamB-7d41e602-eece-328b-ff7b-118e820865d6,9.0
2021-01-22,TeamB-7d41e602-eece-328b-ff7b-118e820865d6,8.5
2021-01-23,TeamB-7d41e602-eece-328b-ff7b-118e820865d6,8.5
2021-01-24,TeamB-7d41e602-eece-328b-ff7b-118e820865d6,8.5
2021-01-25,TeamB-7d41e602-eece-328b-ff7b-118e820865d6,8.5
2021-01-26,TeamB-7d41e602-eece-328b-ff7b-118e820865d6,8.5
2021-01-27,TeamB-7d41e602-eece-328b-ff7b-118e820865d6,8.5
2021-01-28,TeamB-7d41e602-eece-328b-ff7b-118e820865d6,8.5
2021-01-29,TeamB-7d41e602-eece-328b-ff7b-118e820865d6,8.0
2021-01-30,TeamB-7d41e602-eece-328b-ff7b-118e820865d6,8.5
2021-01-31,TeamB-7d41e602-eece-328b-ff7b-118e820865d6,8.5
2021-02-01,TeamB-7d41e602-eece-328b-ff7b-118e820865d6,8.5
2021-02-02,TeamB-7d41e602-eece-328b-ff7b-118e820865d6,8.5
2021-02-03,TeamB-7d41e602-eece-328b-ff7b-118e820865d6,8.5
2021-02-04,TeamB-7d41e602-eece-328b-ff7b-118e820865d6,8.5
2021-02-05,TeamB-7d41e602-eece-328b-ff7b-118e820865d6,8.5
2021-02-06,TeamB-7d41e602-eece-328b-ff7b-118e820865d6,8.5
2021-02-07,TeamB-7d41e602-eece-328b-ff7b-118e820865d6,9.0
2021-02-08,TeamB-7d41e602-eece-328b-ff7b-118e820865d6,8.5
2021-02-09,TeamB-7d41e602-eece-328b-ff7b-118e820865d6,8.5
2021-02-10,TeamB-7d41e602-eece-328b-ff7b-118e820865d6,8.5
2021-02-11,TeamB-7d41e602-eece-328b-ff7b-118e820865d6,8.5
2021-02-12,TeamB-7d41e602-eece-328b-ff7b-118e820865d6,8.5
2021-02-13,TeamB-7d41e602-eece-328b-ff7b-118e820865d6,8.5
2021-02-14,TeamB-7d41e602-eece-328b-ff7b-118e820865d6,8.5
2021-02-15,TeamB-7d41e602-eece-328b-ff7b-118e820865d6,9.0
2021-02-16,TeamB-7d41e602-eece-328b-ff7b-118e820865d6,9.0
2021-02-17,TeamB-7d41e602-eece-328b-ff7b-118e820865d6,8.5
2021-02-18,TeamB-7d41e602-eece-328b-ff7b-118e820865d6,8.5
2021-02-19,TeamB-7d41e602-eece-328b-ff7b-118e820865d6,8.5
2021-02-20,TeamB-7d41e602-eece-328b-ff7b-118e820865d6,8.5
2021-02-21,TeamB-7d41e602-eece-328b-ff7b-118e820865d6,8.5
2021-02-22,TeamB-7d41e602-eece-328b-ff7b-118e820865d6,8.5
2021-02-23,TeamB-7d41e602-eece-328b-ff7b-118e820865d6,8.5
2021-02-24,TeamB-7d41e602-eece-328b-ff7b-118e820865d6,9.0
2021-02-25,TeamB-7d41e602-eece-328b-ff7b-118e820865d6,9.0
2021-02-26,TeamB-7d41e602-eece-328b-ff7b-118e820865d6,8.5
2021-02-27,TeamB-7d41e602-eece-328b-ff7b-118e820865d6,8.5
2021-03-01,TeamB-7d41e602-eece-328b-ff7b-118e820865d6,8.5
2021-03-02,TeamB-7d41e602-eece-328b-ff7b-118e820865d6,9.0
2021-03-03,TeamB-7d41e602-eece-328b-ff7b-118e820865d6,8.5
2021-03-04,TeamB-7d41e602-eece-328b-ff7b-118e820865d6,8.5
2021-03-05,TeamB-7d41e602-eece-328b-ff7b-118e820865d6,8.5
2021-03-06,TeamB-7d41e602-eece-328b-ff7b-118e820865d6,8.5
2021-03-07,TeamB-7d41e602-eece-328b-ff7b-118e820865d6,8.5
2021-03-08,TeamB-7d41e602-eece-328b-ff7b-118e820865d6,8.5
2021-03-09,TeamB-7d41e602-eece-328b-ff7b-118e820865d6,8.5
2021-03-10,TeamB-7d41e602-eece-328b-ff7b-118e820865d6,8.5
2021-03-11,TeamB-7d41e602-eece-328b-ff7b-118e820865d6,9.0
2021-03-12,TeamB-7d41e602-eece-328b-ff7b-118e820865d6,8.5
2021-03-13,TeamB-7d41e602-eece-328b-ff7b-118e820865d6,8.5
2021-03-14,TeamB-7d41e602-eece-328b-ff7b-118e820865d6,8.5
2021-03-15,TeamB-7d41e602-eece-328b-ff7b-118e820865d6,8.5
2021-03-16,TeamB-7d41e602-eece-328b-ff7b-118e820865d6,8.5
2021-03-17,TeamB-7d41e602-eece-328b-ff7b-118e820865d6,8.5
2021-03-18,TeamB-7d41e602-eece-328b-ff7b-118e820865d6,8.5
2021-03-19,TeamB-7d41e602-eece-328b-ff7b-118e820865d6,9.0
2021-03-20,TeamB-7d41e602-eece-328b-ff7b-118e820865d6,8.0
2021-03-21,TeamB-7d41e602-eece-328b-ff7b-118e820865d6,8.5
2021-03-22,TeamB-7d41e602-eece-328b-ff7b-118e820865d6,9.0
2021-03-23,TeamB-7d41e602-eece-328b-ff7b-118e820865d6,8.5
2021-03-24,TeamB-7d41e602-eece-328b-ff7b-118e820865d6,8.0
2021-03-25,TeamB-7d41e602-eece-328b-ff7b-118e820865d6,8.5
2021-03-26,TeamB-7d41e602-eece-328b-ff7b-118e820865d6,8.0
2021-03-27,TeamB-7d41e602-eece-328b-ff7b-118e820865d6,9.0
2021-03-28,TeamB-7d41e602-eece-328b-ff7b-118e820865d6,8.5
2021-03-29,TeamB-7d41e602-eece-328b-ff7b-118e820865d6,8.5
2021-03-30,TeamB-7d41e602-eece-328b-ff7b-118e820865d6,8.5
2021-03-31,TeamB-7d41e602-eece-328b-ff7b-118e820865d6,9.0
2021-04-01,TeamB-7d41e602-eece-328b-ff7b-118e820865d6,9.0
2021-04-02,TeamB-7d41e602-eece-328b-ff7b-118e820865d6,9.0
2021-04-03,TeamB-7d41e602-eece-328b-ff7b-118e820865d6,9.0
2021-04-04,TeamB-7d41e602-eece-328b-ff7b-118e820865d6,9.0
2021-04-05,TeamB-7d41e602-eece-328b-ff7b-118e820865d6,8.5
2021-04-06,TeamB-7d41e602-eece-328b-ff7b-118e820865d6,8.5
2021-04-07,TeamB-7d41e602-eece-328b-ff7b-118e820865d6,8.5
2021-04-08,TeamB-7d41e602-eece-328b-ff7b-118e820865d6,8.5
2021-04-09,TeamB-7d41e602-eece-328b-ff7b-118e820865d6,8.5
2021-04-10,TeamB-7d41e602-eece-328b-ff7b-118e820865d6,8.5
2021-04-11,TeamB-7d41e602-eece-328b-ff7b-118e820865d6,9.0
2021-04-12,TeamB-7d41e602-eece-328b-ff7b-118e820865d6,9.0
2021-04-13,TeamB-7d41e602-eece-328b-ff7b-118e820865d6,8.5
2021-04-14,TeamB-7d41e602-eece-328b-ff7b-118e820865d6,8.5
2021-04-15,TeamB-7d41e602-eece-328b-ff7b-118e820865d6,8.5
2021-04-16,TeamB-7d41e602-eece-328b-ff7b-118e820865d6,8.5
2021-04-17,TeamB-7d41e602-eece-328b-ff7b-118e820865d6,8.5
2021-04-18,TeamB-7d41e602-eece-328b-ff7b-118e820865d6,8.5
2021-04-19,TeamB-7d41e602-eece-328b-ff7b-118e820865d6,8.5
2021-04-20,TeamB-7d41e602-eece-328b-ff7b-118e820865d6,8.5
2021-04-21,TeamB-7d41e602-eece-328b-ff7b-118e820865d6,8.5
2021-04-22,TeamB-7d41e602-eece-328b-ff7b-118e820865d6,8.5
2021-04-23,TeamB-7d41e602-eece-328b-ff7b-118e820865d6,8.5
2021-04-24,TeamB-7d41e602-eece-328b-ff7b-118e820865d6,8.5
2021-04-25,TeamB-7d41e602-eece-328b-ff7b-118e820865d6,8.5
2021-04-26,TeamB-7d41e602-eece-328b-ff7b-118e820865d6,8.5
2021-04-27,TeamB-7d41e602-eece-328b-ff7b-118e820865d6,8.5
2021-04-28,TeamB-7d41e602-eece-328b-ff7b-118e820865d6,8.5
2021-04-29,TeamB-7d41e602-eece-328b-ff7b-118e820865d6,8.5
2021-04-30,TeamB-7d41e602-eece-328b-ff7b-118e820865d6,8.5
2021-05-01,TeamB-7d41e602-eece-328b-ff7b-118e820865d6,8.5
2021-05-02,TeamB-7d41e602-eece-328b-ff7b-118e820865d6,8.0
2021-05-03,TeamB-7d41e602-eece-328b-ff7b-118e820865d6,8.5
2021-05-04,TeamB-7d41e602-eece-328b-ff7b-118e820865d6,9.0
2021-05-05,TeamB-7d41e602-eece-328b-ff7b-118e820865d6,8.5
2021-05-06,TeamB-7d41e602-eece-328b-ff7b-118e820865d6,9.0
2021-05-07,TeamB-7d41e602-eece-328b-ff7b-118e820865d6,9.0
2021-05-08,TeamB-7d41e602-eece-328b-ff7b-118e820865d6,9.0
2021-05-09,TeamB-7d41e602-eece-328b-ff7b-118e820865d6,7.5
2021-05-10,TeamB-7d41e602-eece-328b-ff7b-118e820865d6,9.0
2021-05-11,TeamB-7d41e602-eece-328b-ff7b-118e820865d6,8.5
2021-05-12,TeamB-7d41e602-eece-328b-ff7b-118e820865d6,8.5
2021-05-14,TeamB-7d41e602-eece-328b-ff7b-118e820865d6,8.5
2021-05-15,TeamB-7d41e602-eece-328b-ff7b-118e820865d6,8.5
2021-05-16,TeamB-7d41e602-eece-328b-ff7b-118e820865d6,8.5
2021-05-17,TeamB-7d41e602-eece-328b-ff7b-118e820865d6,8.0
2021-05-18,TeamB-7d41e602-eece-328b-ff7b-118e820865d6,8.5
2021-05-19,TeamB-7d41e602-eece-328b-ff7b-118e820865d6,9.0
2021-05-20,TeamB-7d41e602-eece-328b-ff7b-118e820865d6,8.5
2021-05-21,TeamB-7d41e602-eece-328b-ff7b-118e820865d6,8.5
2021-05-22,TeamB-7d41e602-eece-328b-ff7b-118e820865d6,9.0
2021-05-23,TeamB-7d41e602-eece-328b-ff7b-118e820865d6,8.5
2021-05-24,TeamB-7d41e602-eece-328b-ff7b-118e820865d6,9.0
2021-05-25,TeamB-7d41e602-eece-328b-ff7b-118e820865d6,9.0
2021-05-26,TeamB-7d41e602-eece-328b-ff7b-118e820865d6,8.5
2021-05-27,TeamB-7d41e602-eece-328b-ff7b-118e820865d6,8.5
2021-05-28,TeamB-7d41e602-eece-328b-ff7b-118e820865d6,9.0
2021-05-29,TeamB-7d41e602-eece-328b-ff7b-118e820865d6,8.5
2021-05-30,TeamB-7d41e602-eece-328b-ff7b-118e820865d6,8.0
2021-05-31,TeamB-7d41e602-eece-328b-ff7b-118e820865d6,8.5
2021-06-01,TeamB-7d41e602-eece-328b-ff7b-118e820865d6,8.5
2021-06-02,TeamB-7d41e602-eece-328b-ff7b-118e820865d6,9.0
2021-06-03,TeamB-7d41e602-eece-328b-ff7b-118e820865d6,8.0
2021-06-04,TeamB-7d41e602-eece-328b-ff7b-118e820865d6,8.5
2021-06-05,TeamB-7d41e602-eece-328b-ff7b-118e820865d6,8.5
2021-06-06,TeamB-7d41e602-eece-328b-ff7b-118e820865d6,8.0
2021-06-07,TeamB-7d41e602-eece-328b-ff7b-118e820865d6,8.0
2021-06-08,TeamB-7d41e602-eece-328b-ff7b-118e820865d6,8.0
2021-06-09,TeamB-7d41e602-eece-328b-ff7b-118e820865d6,8.5
2021-06-10,TeamB-7d41e602-eece-328b-ff7b-118e820865d6,8.0
2021-06-11,TeamB-7d41e602-eece-328b-ff7b-118e820865d6,8.5
2021-06-12,TeamB-7d41e602-eece-328b-ff7b-118e820865d6,8.5
2021-06-13,TeamB-7d41e602-eece-328b-ff7b-118e820865d6,8.5
2021-06-14,TeamB-7d41e602-eece-328b-ff7b-118e820865d6,9.0
2021-06-15,TeamB-7d41e602-eece-328b-ff7b-118e820865d6,8.5
2021-06-16,TeamB-7d41e602-eece-328b-ff7b-118e820865d6,8.5
2021-06-17,TeamB-7d41e602-eece-328b-ff7b-118e820865d6,8.5
2021-06-18,TeamB-7d41e602-eece-328b-ff7b-118e820865d6,9.0
2021-06-19,TeamB-7d41e602-eece-328b-ff7b-118e820865d6,8.5
2021-06-20,TeamB-7d41e602-eece-328b-ff7b-118e820865d6,9.0
2021-06-21,TeamB-7d41e602-eece-328b-ff7b-118e820865d6,9.0
2021-06-22,TeamB-7d41e602-eece-328b-ff7b-118e820865d6,8.5
2021-06-23,TeamB-7d41e602-eece-328b-ff7b-118e820865d6,7.5
2021-06-24,TeamB-7d41e602-eece-328b-ff7b-118e820865d6,8.5
2021-06-25,TeamB-7d41e602-eece-328b-ff7b-118e820865d6,8.0
2021-06-26,TeamB-7d41e602-eece-328b-ff7b-118e820865d6,8.5
2021-06-27,TeamB-7d41e602-eece-328b-ff7b-118e820865d6,7.5
2021-06-28,TeamB-7d41e602-eece-328b-ff7b-118e820865d6,8.5
2021-06-29,TeamB-7d41e602-eece-328b-ff7b-118e820865d6,9.0
2021-06-30,TeamB-7d41e602-eece-328b-ff7b-118e820865d6,9.0
2021-07-01,TeamB-7d41e602-eece-328b-ff7b-118e820865d6,7.0
2021-07-02,TeamB-7d41e602-eece-328b-ff7b-118e820865d6,9.0
2021-07-03,TeamB-7d41e602-eece-328b-ff7b-118e820865d6,8.5
2021-07-04,TeamB-7d41e602-eece-328b-ff7b-118e820865d6,9.0
2021-07-05,TeamB-7d41e602-eece-328b-ff7b-118e820865d6,7.0
2021-07-06,TeamB-7d41e602-eece-328b-ff7b-118e820865d6,8.5
2021-07-07,TeamB-7d41e602-eece-328b-ff7b-118e820865d6,9.0
2021-07-08,TeamB-7d41e602-eece-328b-ff7b-118e820865d6,8.5
2021-07-09,TeamB-7d41e602-eece-328b-ff7b-118e820865d6,8.0
2021-07-10,TeamB-7d41e602-eece-328b-ff7b-118e820865d6,8.0
2021-07-11,TeamB-7d41e602-eece-328b-ff7b-118e820865d6,8.0
2021-07-12,TeamB-7d41e602-eece-328b-ff7b-118e820865d6,8.0
2021-07-13,TeamB-7d41e602-eece-328b-ff7b-118e820865d6,9.0
2021-07-14,TeamB-7d41e602-eece-328b-ff7b-118e820865d6,9.0
2021-07-15,TeamB-7d41e602-eece-328b-ff7b-118e820865d6,4.0
2021-07-16,TeamB-7d41e602-eece-328b-ff7b-118e820865d6,9.0
2021-07-17,TeamB-7d41e602-eece-328b-ff7b-118e820865d6,8.0
2021-07-18,TeamB-7d41e602-eece-328b-ff7b-118e820865d6,8.0
2021-07-19,TeamB-7d41e602-eece-328b-ff7b-118e820865d6,8.0
2021-07-20,TeamB-7d41e602-eece-328b-ff7b-118e820865d6,8.0
2021-07-23,TeamB-7d41e602-eece-328b-ff7b-118e820865d6,8.0
2021-07-24,TeamB-7d41e602-eece-328b-ff7b-118e820865d6,8.0
2021-07-25,TeamB-7d41e602-eece-328b-ff7b-118e820865d6,8.5
2021-07-26,TeamB-7d41e602-eece-328b-ff7b-118e820865d6,8.0
2021-07-27,TeamB-7d41e602-eece-328b-ff7b-118e820865d6,8.0
2021-07-28,TeamB-7d41e602-eece-328b-ff7b-118e820865d6,8.0
2021-07-29,TeamB-7d41e602-eece-328b-ff7b-118e820865d6,9.0
2021-07-30,TeamB-7d41e602-eece-328b-ff7b-118e820865d6,9.0
2021-07-31,TeamB-7d41e602-eece-328b-ff7b-118e820865d6,8.0
2021-08-01,TeamB-7d41e602-eece-328b-ff7b-118e820865d6,8.0
2021-08-02,TeamB-7d41e602-eece-328b-ff7b-118e820865d6,8.0
2021-08-03,TeamB-7d41e602-eece-328b-ff7b-118e820865d6,8.5
2021-08-04,TeamB-7d41e602-eece-328b-ff7b-118e820865d6,8.5
2021-08-05,TeamB-7d41e602-eece-328b-ff7b-118e820865d6,8.5
2021-08-06,TeamB-7d41e602-eece-328b-ff7b-118e820865d6,8.5
2021-08-07,TeamB-7d41e602-eece-328b-ff7b-118e820865d6,9.0
2021-08-08,TeamB-7d41e602-eece-328b-ff7b-118e820865d6,8.0
2021-08-09,TeamB-7d41e602-eece-328b-ff7b-118e820865d6,8.0
2021-08-10,TeamB-7d41e602-eece-328b-ff7b-118e820865d6,8.5
2021-08-11,TeamB-7d41e602-eece-328b-ff7b-118e820865d6,8.0
2021-08-12,TeamB-7d41e602-eece-328b-ff7b-118e820865d6,8.0
2021-08-13,TeamB-7d41e602-eece-328b-ff7b-118e820865d6,8.0
2021-08-14,TeamB-7d41e602-eece-328b-ff7b-118e820865d6,8.0
2021-08-15,TeamB-7d41e602-eece-328b-ff7b-118e820865d6,8.5
2021-08-16,TeamB-7d41e602-eece-328b-ff7b-118e820865d6,8.5
2021-08-17,TeamB-7d41e602-eece-328b-ff7b-118e820865d6,7.5
2021-08-18,TeamB-7d41e602-eece-328b-ff7b-118e820865d6,8.5
2021-08-19,TeamB-7d41e602-eece-328b-ff7b-118e820865d6,8.0
2021-08-20,TeamB-7d41e602-eece-328b-ff7b-118e820865d6,8.5
2021-08-21,TeamB-7d41e602-eece-328b-ff7b-118e820865d6,8.0
2021-08-22,TeamB-7d41e602-eece-328b-ff7b-118e820865d6,7.0
2021-08-23,TeamB-7d41e602-eece-328b-ff7b-118e820865d6,8.0
2021-08-24,TeamB-7d41e602-eece-328b-ff7b-118e820865d6,8.0
2021-08-25,TeamB-7d41e602-eece-328b-ff7b-118e820865d6,8.5
2021-08-26,TeamB-7d41e602-eece-328b-ff7b-118e820865d6,8.5
2021-08-27,TeamB-7d41e602-eece-328b-ff7b-118e820865d6,7.5
2021-08-28,TeamB-7d41e602-eece-328b-ff7b-118e820865d6,7.5
2021-08-29,TeamB-7d41e602-eece-328b-ff7b-118e820865d6,7.5
2021-08-30,TeamB-7d41e602-eece-328b-ff7b-118e820865d6,8.5
2021-08-31,TeamB-7d41e602-eece-328b-ff7b-118e820865d6,8.5
2021-09-01,TeamB-7d41e602-eece-328b-ff7b-118e820865d6,8.5
2021-09-02,TeamB-7d41e602-eece-328b-ff7b-118e820865d6,8.0
2021-09-03,TeamB-7d41e602-eece-328b-ff7b-118e820865d6,8.5
2021-09-04,TeamB-7d41e602-eece-328b-ff7b-118e820865d6,9.0
2021-09-05,TeamB-7d41e602-eece-328b-ff7b-118e820865d6,8.5
2021-09-06,TeamB-7d41e602-eece-328b-ff7b-118e820865d6,8.5
2021-09-07,TeamB-7d41e602-eece-328b-ff7b-118e820865d6,8.5
2021-09-08,TeamB-7d41e602-eece-328b-ff7b-118e820865d6,8.0
2021-09-09,TeamB-7d41e602-eece-328b-ff7b-118e820865d6,7.5
2021-09-10,TeamB-7d41e602-eece-328b-ff7b-118e820865d6,9.0
2021-09-11,TeamB-7d41e602-eece-328b-ff7b-118e820865d6,8.5
2021-09-12,TeamB-7d41e602-eece-328b-ff7b-118e820865d6,7.5
2021-09-13,TeamB-7d41e602-eece-328b-ff7b-118e820865d6,9.0
2021-09-14,TeamB-7d41e602-eece-328b-ff7b-118e820865d6,8.0
2021-09-15,TeamB-7d41e602-eece-328b-ff7b-118e820865d6,8.0
2021-09-16,TeamB-7d41e602-eece-328b-ff7b-118e820865d6,8.0
2021-09-17,TeamB-7d41e602-eece-328b-ff7b-118e820865d6,8.0
2021-09-18,TeamB-7d41e602-eece-328b-ff7b-118e820865d6,8.0
2021-09-19,TeamB-7d41e602-eece-328b-ff7b-118e820865d6,8.0
2021-09-20,TeamB-7d41e602-eece-328b-ff7b-118e820865d6,8.5
2021-09-21,TeamB-7d41e602-eece-328b-ff7b-118e820865d6,9.0
2021-09-22,TeamB-7d41e602-eece-328b-ff7b-118e820865d6,8.5
2021-09-23,TeamB-7d41e602-eece-328b-ff7b-118e820865d6,8.5
2021-09-24,TeamB-7d41e602-eece-328b-ff7b-118e820865d6,8.5
2021-09-25,TeamB-7d41e602-eece-328b-ff7b-118e820865d6,8.5
2021-09-26,TeamB-7d41e602-eece-328b-ff7b-118e820865d6,8.0
2021-09-27,TeamB-7d41e602-eece-328b-ff7b-118e820865d6,8.5
2021-09-28,TeamB-7d41e602-eece-328b-ff7b-118e820865d6,8.5
2021-09-29,TeamB-7d41e602-eece-328b-ff7b-118e820865d6,8.5
2021-09-30,TeamB-7d41e602-eece-328b-ff7b-118e820865d6,8.0
2021-10-01,TeamB-7d41e602-eece-328b-ff7b-118e820865d6,9.0
2021-10-02,TeamB-7d41e602-eece-328b-ff7b-118e820865d6,8.0
2021-10-03,TeamB-7d41e602-eece-328b-ff7b-118e820865d6,8.0
2021-10-04,TeamB-7d41e602-eece-328b-ff7b-118e820865d6,8.5
2021-10-05,TeamB-7d41e602-eece-328b-ff7b-118e820865d6,8.5
2021-10-06,TeamB-7d41e602-eece-328b-ff7b-118e820865d6,8.5
2021-10-07,TeamB-7d41e602-eece-328b-ff7b-118e820865d6,8.5
2021-10-08,TeamB-7d41e602-eece-328b-ff7b-118e820865d6,8.5
2021-10-09,TeamB-7d41e602-eece-328b-ff7b-118e820865d6,8.0
2021-10-10,TeamB-7d41e602-eece-328b-ff7b-118e820865d6,8.5
2021-10-11,TeamB-7d41e602-eece-328b-ff7b-118e820865d6,8.0
2021-10-12,TeamB-7d41e602-eece-328b-ff7b-118e820865d6,8.5
2021-10-13,TeamB-7d41e602-eece-328b-ff7b-118e820865d6,8.5
2021-10-14,TeamB-7d41e602-eece-328b-ff7b-118e820865d6,8.0
2021-10-15,TeamB-7d41e602-eece-328b-ff7b-118e820865d6,8.5
2021-10-16,TeamB-7d41e602-eece-328b-ff7b-118e820865d6,7.5
2021-10-17,TeamB-7d41e602-eece-328b-ff7b-118e820865d6,8.5
2021-10-18,TeamB-7d41e602-eece-328b-ff7b-118e820865d6,8.0
2021-10-19,TeamB-7d41e602-eece-328b-ff7b-118e820865d6,8.0
2021-10-20,TeamB-7d41e602-eece-328b-ff7b-118e820865d6,8.5
2021-10-21,TeamB-7d41e602-eece-328b-ff7b-118e820865d6,8.0
2021-10-22,TeamB-7d41e602-eece-328b-ff7b-118e820865d6,7.5
2021-10-23,TeamB-7d41e602-eece-328b-ff7b-118e820865d6,8.5
2021-10-24,TeamB-7d41e602-eece-328b-ff7b-118e820865d6,8.5
2021-10-25,TeamB-7d41e602-eece-328b-ff7b-118e820865d6,8.5
2021-10-26,TeamB-7d41e602-eece-328b-ff7b-118e820865d6,9.0
2021-10-27,TeamB-7d41e602-eece-328b-ff7b-118e820865d6,8.5
2021-10-28,TeamB-7d41e602-eece-328b-ff7b-118e820865d6,8.5
2021-10-29,TeamB-7d41e602-eece-328b-ff7b-118e820865d6,8.5
2021-10-30,TeamB-7d41e602-eece-328b-ff7b-118e820865d6,8.5
2021-10-31,TeamB-7d41e602-eece-328b-ff7b-118e820865d6,8.5
2021-11-01,TeamB-7d41e602-eece-328b-ff7b-118e820865d6,5.5
2021-11-02,TeamB-7d41e602-eece-328b-ff7b-118e820865d6,9.0
2021-11-03,TeamB-7d41e602-eece-328b-ff7b-118e820865d6,8.5
2021-11-04,TeamB-7d41e602-eece-328b-ff7b-118e820865d6,8.5
2021-11-05,TeamB-7d41e602-eece-328b-ff7b-118e820865d6,8.5
2021-11-06,TeamB-7d41e602-eece-328b-ff7b-118e820865d6,8.5
2021-11-07,TeamB-7d41e602-eece-328b-ff7b-118e820865d6,9.0
2021-11-08,TeamB-7d41e602-eece-328b-ff7b-118e820865d6,8.0
2021-11-09,TeamB-7d41e602-eece-328b-ff7b-118e820865d6,9.0
2021-11-10,TeamB-7d41e602-eece-328b-ff7b-118e820865d6,8.5
2021-11-11,TeamB-7d41e602-eece-328b-ff7b-118e820865d6,9.0
2021-11-12,TeamB-7d41e602-eece-328b-ff7b-118e820865d6,8.5
2021-11-13,TeamB-7d41e602-eece-328b-ff7b-118e820865d6,8.5
2021-11-14,TeamB-7d41e602-eece-328b-ff7b-118e820865d6,6.0
2021-11-15,TeamB-7d41e602-eece-328b-ff7b-118e820865d6,9.0
2021-11-16,TeamB-7d41e602-eece-328b-ff7b-118e820865d6,8.0
2020-09-24,TeamB-9c845827-99f9-47f4-977d-2200a107a013,9.0
2020-09-26,TeamB-9c845827-99f9-47f4-977d-2200a107a013,8.0
2020-09-30,TeamB-9c845827-99f9-47f4-977d-2200a107a013,8.0
2020-10-01,TeamB-9c845827-99f9-47f4-977d-2200a107a013,8.0
2020-10-02,TeamB-9c845827-99f9-47f4-977d-2200a107a013,8.0
2020-10-07,TeamB-9c845827-99f9-47f4-977d-2200a107a013,8.0
2020-10-11,TeamB-9c845827-99f9-47f4-977d-2200a107a013,8.0
2021-01-21,TeamB-9c845827-99f9-47f4-977d-2200a107a013,8.0
2021-01-24,TeamB-9c845827-99f9-47f4-977d-2200a107a013,8.0
2021-01-27,TeamB-9c845827-99f9-47f4-977d-2200a107a013,8.0
2021-02-01,TeamB-9c845827-99f9-47f4-977d-2200a107a013,8.5
2021-02-08,TeamB-9c845827-99f9-47f4-977d-2200a107a013,8.5
2021-02-23,TeamB-9c845827-99f9-47f4-977d-2200a107a013,8.5
2021-03-02,TeamB-9c845827-99f9-47f4-977d-2200a107a013,8.5
2021-03-05,TeamB-9c845827-99f9-47f4-977d-2200a107a013,8.5
2021-03-06,TeamB-9c845827-99f9-47f4-977d-2200a107a013,8.5
2021-03-11,TeamB-9c845827-99f9-47f4-977d-2200a107a013,8.5
2021-03-12,TeamB-9c845827-99f9-47f4-977d-2200a107a013,8.5
2021-03-19,TeamB-9c845827-99f9-47f4-977d-2200a107a013,8.5
2021-03-22,TeamB-9c845827-99f9-47f4-977d-2200a107a013,8.5
2021-03-25,TeamB-9c845827-99f9-47f4-977d-2200a107a013,8.5
2021-03-29,TeamB-9c845827-99f9-47f4-977d-2200a107a013,8.5
2021-03-30,TeamB-9c845827-99f9-47f4-977d-2200a107a013,8.5
2020-01-23,TeamB-a7126274-c2d2-4f4e-9b67-35d376aefacc,7.5
2020-01-24,TeamB-a7126274-c2d2-4f4e-9b67-35d376aefacc,6.0
2020-01-25,TeamB-a7126274-c2d2-4f4e-9b67-35d376aefacc,8.0
2020-01-26,TeamB-a7126274-c2d2-4f4e-9b67-35d376aefacc,8.5
2020-01-27,TeamB-a7126274-c2d2-4f4e-9b67-35d376aefacc,5.5
2020-01-28,TeamB-a7126274-c2d2-4f4e-9b67-35d376aefacc,7.5
2020-01-29,TeamB-a7126274-c2d2-4f4e-9b67-35d376aefacc,5.5
2020-01-30,TeamB-a7126274-c2d2-4f4e-9b67-35d376aefacc,8.0
2020-02-02,TeamB-a7126274-c2d2-4f4e-9b67-35d376aefacc,7.5
2020-02-03,TeamB-a7126274-c2d2-4f4e-9b67-35d376aefacc,7.0
2020-02-04,TeamB-a7126274-c2d2-4f4e-9b67-35d376aefacc,4.0
2020-02-06,TeamB-a7126274-c2d2-4f4e-9b67-35d376aefacc,5.5
2020-02-13,TeamB-a7126274-c2d2-4f4e-9b67-35d376aefacc,5.5
2020-02-17,TeamB-a7126274-c2d2-4f4e-9b67-35d376aefacc,6.0
2020-02-19,TeamB-a7126274-c2d2-4f4e-9b67-35d376aefacc,7.5
2020-02-24,TeamB-a7126274-c2d2-4f4e-9b67-35d376aefacc,6.0
2020-02-27,TeamB-a7126274-c2d2-4f4e-9b67-35d376aefacc,7.5
2020-03-01,TeamB-a7126274-c2d2-4f4e-9b67-35d376aefacc,7.5
2020-03-02,TeamB-a7126274-c2d2-4f4e-9b67-35d376aefacc,9.0
2020-03-03,TeamB-a7126274-c2d2-4f4e-9b67-35d376aefacc,5.5
2020-03-05,TeamB-a7126274-c2d2-4f4e-9b67-35d376aefacc,3.0
2020-03-06,TeamB-a7126274-c2d2-4f4e-9b67-35d376aefacc,8.5
2020-03-09,TeamB-a7126274-c2d2-4f4e-9b67-35d376aefacc,8.0
2020-03-10,TeamB-a7126274-c2d2-4f4e-9b67-35d376aefacc,5.5
2020-03-12,TeamB-a7126274-c2d2-4f4e-9b67-35d376aefacc,8.0
2020-03-13,TeamB-a7126274-c2d2-4f4e-9b67-35d376aefacc,4.0
2020-03-15,TeamB-a7126274-c2d2-4f4e-9b67-35d376aefacc,9.0
2020-03-16,TeamB-a7126274-c2d2-4f4e-9b67-35d376aefacc,9.0
2020-03-17,TeamB-a7126274-c2d2-4f4e-9b67-35d376aefacc,8.5
2020-03-18,TeamB-a7126274-c2d2-4f4e-9b67-35d376aefacc,7.5
2020-03-21,TeamB-a7126274-c2d2-4f4e-9b67-35d376aefacc,7.5
2020-03-22,TeamB-a7126274-c2d2-4f4e-9b67-35d376aefacc,7.5
2020-03-23,TeamB-a7126274-c2d2-4f4e-9b67-35d376aefacc,7.5
2020-03-24,TeamB-a7126274-c2d2-4f4e-9b67-35d376aefacc,7.5
2020-03-25,TeamB-a7126274-c2d2-4f4e-9b67-35d376aefacc,8.0
2020-03-26,TeamB-a7126274-c2d2-4f4e-9b67-35d376aefacc,7.5
2020-03-27,TeamB-a7126274-c2d2-4f4e-9b67-35d376aefacc,7.5
2020-03-28,TeamB-a7126274-c2d2-4f4e-9b67-35d376aefacc,7.5
2020-03-29,TeamB-a7126274-c2d2-4f4e-9b67-35d376aefacc,7.5
2020-03-30,TeamB-a7126274-c2d2-4f4e-9b67-35d376aefacc,9.0
2020-03-31,TeamB-a7126274-c2d2-4f4e-9b67-35d376aefacc,5.5
2020-04-02,TeamB-a7126274-c2d2-4f4e-9b67-35d376aefacc,7.5
2020-04-05,TeamB-a7126274-c2d2-4f4e-9b67-35d376aefacc,11.0
2020-04-15,TeamB-a7126274-c2d2-4f4e-9b67-35d376aefacc,9.0
2020-04-16,TeamB-a7126274-c2d2-4f4e-9b67-35d376aefacc,7.5
2020-04-17,TeamB-a7126274-c2d2-4f4e-9b67-35d376aefacc,7.5
2020-04-18,TeamB-a7126274-c2d2-4f4e-9b67-35d376aefacc,8.5
2020-04-20,TeamB-a7126274-c2d2-4f4e-9b67-35d376aefacc,8.5
2020-05-19,TeamB-a7126274-c2d2-4f4e-9b67-35d376aefacc,9.0
2020-05-20,TeamB-a7126274-c2d2-4f4e-9b67-35d376aefacc,9.0
2020-05-21,TeamB-a7126274-c2d2-4f4e-9b67-35d376aefacc,9.0
2020-05-22,TeamB-a7126274-c2d2-4f4e-9b67-35d376aefacc,9.0
2020-05-24,TeamB-a7126274-c2d2-4f4e-9b67-35d376aefacc,7.5
2020-05-25,TeamB-a7126274-c2d2-4f4e-9b67-35d376aefacc,7.5
2020-05-26,TeamB-a7126274-c2d2-4f4e-9b67-35d376aefacc,9.0
2020-05-28,TeamB-a7126274-c2d2-4f4e-9b67-35d376aefacc,7.5
2020-05-29,TeamB-a7126274-c2d2-4f4e-9b67-35d376aefacc,7.0
2020-05-31,TeamB-a7126274-c2d2-4f4e-9b67-35d376aefacc,5.5
2020-06-01,TeamB-a7126274-c2d2-4f4e-9b67-35d376aefacc,7.5
2020-06-02,TeamB-a7126274-c2d2-4f4e-9b67-35d376aefacc,5.5
2020-06-03,TeamB-a7126274-c2d2-4f4e-9b67-35d376aefacc,5.5
2020-06-04,TeamB-a7126274-c2d2-4f4e-9b67-35d376aefacc,8.0
2020-06-05,TeamB-a7126274-c2d2-4f4e-9b67-35d376aefacc,5.5
2020-06-07,TeamB-a7126274-c2d2-4f4e-9b67-35d376aefacc,6.0
2020-06-08,TeamB-a7126274-c2d2-4f4e-9b67-35d376aefacc,7.5
2020-06-09,TeamB-a7126274-c2d2-4f4e-9b67-35d376aefacc,7.5
2020-06-10,TeamB-a7126274-c2d2-4f4e-9b67-35d376aefacc,7.5
2020-06-11,TeamB-a7126274-c2d2-4f4e-9b67-35d376aefacc,7.5
2020-06-12,TeamB-a7126274-c2d2-4f4e-9b67-35d376aefacc,6.0
2020-06-15,TeamB-a7126274-c2d2-4f4e-9b67-35d376aefacc,7.5
2020-06-16,TeamB-a7126274-c2d2-4f4e-9b67-35d376aefacc,7.5
2020-06-17,TeamB-a7126274-c2d2-4f4e-9b67-35d376aefacc,7.5
2020-06-18,TeamB-a7126274-c2d2-4f4e-9b67-35d376aefacc,7.5
2020-06-19,TeamB-a7126274-c2d2-4f4e-9b67-35d376aefacc,8.0
2020-06-21,TeamB-a7126274-c2d2-4f4e-9b67-35d376aefacc,8.5
2020-06-22,TeamB-a7126274-c2d2-4f4e-9b67-35d376aefacc,7.0
2020-06-23,TeamB-a7126274-c2d2-4f4e-9b67-35d376aefacc,5.5
2020-06-24,TeamB-a7126274-c2d2-4f4e-9b67-35d376aefacc,7.5
2020-06-25,TeamB-a7126274-c2d2-4f4e-9b67-35d376aefacc,4.5
2020-06-26,TeamB-a7126274-c2d2-4f4e-9b67-35d376aefacc,7.5
2020-06-27,TeamB-a7126274-c2d2-4f4e-9b67-35d376aefacc,7.5
2020-06-28,TeamB-a7126274-c2d2-4f4e-9b67-35d376aefacc,6.5
2020-06-29,TeamB-a7126274-c2d2-4f4e-9b67-35d376aefacc,7.0
2020-06-30,TeamB-a7126274-c2d2-4f4e-9b67-35d376aefacc,7.0
2020-07-01,TeamB-a7126274-c2d2-4f4e-9b67-35d376aefacc,8.5
2020-07-03,TeamB-a7126274-c2d2-4f4e-9b67-35d376aefacc,6.0
2020-07-04,TeamB-a7126274-c2d2-4f4e-9b67-35d376aefacc,6.0
2020-07-06,TeamB-a7126274-c2d2-4f4e-9b67-35d376aefacc,5.5
2020-07-07,TeamB-a7126274-c2d2-4f4e-9b67-35d376aefacc,4.0
2020-07-11,TeamB-a7126274-c2d2-4f4e-9b67-35d376aefacc,7.5
2020-07-13,TeamB-a7126274-c2d2-4f4e-9b67-35d376aefacc,7.5
2020-07-14,TeamB-a7126274-c2d2-4f4e-9b67-35d376aefacc,7.5
2020-07-17,TeamB-a7126274-c2d2-4f4e-9b67-35d376aefacc,7.0
2020-07-18,TeamB-a7126274-c2d2-4f4e-9b67-35d376aefacc,7.5
2020-07-20,TeamB-a7126274-c2d2-4f4e-9b67-35d376aefacc,6.0
2020-07-21,TeamB-a7126274-c2d2-4f4e-9b67-35d376aefacc,3.0
2020-07-22,TeamB-a7126274-c2d2-4f4e-9b67-35d376aefacc,6.0
2020-07-23,TeamB-a7126274-c2d2-4f4e-9b67-35d376aefacc,6.0
2020-07-24,TeamB-a7126274-c2d2-4f4e-9b67-35d376aefacc,6.0
2020-07-28,TeamB-a7126274-c2d2-4f4e-9b67-35d376aefacc,7.0
2020-07-31,TeamB-a7126274-c2d2-4f4e-9b67-35d376aefacc,6.0
2020-08-02,TeamB-a7126274-c2d2-4f4e-9b67-35d376aefacc,6.0
2020-08-03,TeamB-a7126274-c2d2-4f4e-9b67-35d376aefacc,6.0
2020-08-04,TeamB-a7126274-c2d2-4f4e-9b67-35d376aefacc,6.0
2020-08-06,TeamB-a7126274-c2d2-4f4e-9b67-35d376aefacc,6.0
2020-08-07,TeamB-a7126274-c2d2-4f4e-9b67-35d376aefacc,7.5
2020-08-10,TeamB-a7126274-c2d2-4f4e-9b67-35d376aefacc,6.0
2020-08-12,TeamB-a7126274-c2d2-4f4e-9b67-35d376aefacc,7.5
2020-08-14,TeamB-a7126274-c2d2-4f4e-9b67-35d376aefacc,6.0
2020-08-15,TeamB-a7126274-c2d2-4f4e-9b67-35d376aefacc,5.5
2020-08-16,TeamB-a7126274-c2d2-4f4e-9b67-35d376aefacc,7.5
2020-08-21,TeamB-a7126274-c2d2-4f4e-9b67-35d376aefacc,7.5
2020-08-22,TeamB-a7126274-c2d2-4f4e-9b67-35d376aefacc,8.0
2020-09-22,TeamB-a7126274-c2d2-4f4e-9b67-35d376aefacc,8.0
2020-09-24,TeamB-a7126274-c2d2-4f4e-9b67-35d376aefacc,7.5
2020-11-05,TeamB-a7126274-c2d2-4f4e-9b67-35d376aefacc,7.5
2020-11-12,TeamB-a7126274-c2d2-4f4e-9b67-35d376aefacc,7.0
2020-11-15,TeamB-a7126274-c2d2-4f4e-9b67-35d376aefacc,6.0
2021-01-17,TeamB-a7126274-c2d2-4f4e-9b67-35d376aefacc,9.0
2021-01-20,TeamB-a7126274-c2d2-4f4e-9b67-35d376aefacc,6.0
2021-01-22,TeamB-a7126274-c2d2-4f4e-9b67-35d376aefacc,3.0
2021-03-03,TeamB-a7126274-c2d2-4f4e-9b67-35d376aefacc,7.0
2021-07-06,TeamB-a7126274-c2d2-4f4e-9b67-35d376aefacc,4.5
2021-07-07,TeamB-a7126274-c2d2-4f4e-9b67-35d376aefacc,8.0
2021-07-09,TeamB-a7126274-c2d2-4f4e-9b67-35d376aefacc,4.5
2021-07-11,TeamB-a7126274-c2d2-4f4e-9b67-35d376aefacc,5.5
2021-07-13,TeamB-a7126274-c2d2-4f4e-9b67-35d376aefacc,7.0
2021-07-14,TeamB-a7126274-c2d2-4f4e-9b67-35d376aefacc,5.5
2021-08-02,TeamB-a7126274-c2d2-4f4e-9b67-35d376aefacc,7.5
2021-08-03,TeamB-a7126274-c2d2-4f4e-9b67-35d376aefacc,7.5
2021-08-05,TeamB-a7126274-c2d2-4f4e-9b67-35d376aefacc,7.5
2021-08-10,TeamB-a7126274-c2d2-4f4e-9b67-35d376aefacc,7.5
2020-02-04,TeamB-ab5ec6e5-b0f3-401e-8dc5-aa6c5070e255,8.0
2020-02-05,TeamB-ab5ec6e5-b0f3-401e-8dc5-aa6c5070e255,9.0
2020-02-06,TeamB-ab5ec6e5-b0f3-401e-8dc5-aa6c5070e255,8.0
2020-02-07,TeamB-ab5ec6e5-b0f3-401e-8dc5-aa6c5070e255,8.0
2020-02-08,TeamB-ab5ec6e5-b0f3-401e-8dc5-aa6c5070e255,7.5
2020-02-09,TeamB-ab5ec6e5-b0f3-401e-8dc5-aa6c5070e255,8.0
2020-02-10,TeamB-ab5ec6e5-b0f3-401e-8dc5-aa6c5070e255,8.0
2020-02-11,TeamB-ab5ec6e5-b0f3-401e-8dc5-aa6c5070e255,7.0
2020-02-12,TeamB-ab5ec6e5-b0f3-401e-8dc5-aa6c5070e255,8.0
2020-02-13,TeamB-ab5ec6e5-b0f3-401e-8dc5-aa6c5070e255,7.0
2020-02-14,TeamB-ab5ec6e5-b0f3-401e-8dc5-aa6c5070e255,8.0
2020-02-15,TeamB-ab5ec6e5-b0f3-401e-8dc5-aa6c5070e255,8.5
2020-02-17,TeamB-ab5ec6e5-b0f3-401e-8dc5-aa6c5070e255,8.5
2020-02-18,TeamB-ab5ec6e5-b0f3-401e-8dc5-aa6c5070e255,7.5
2020-02-19,TeamB-ab5ec6e5-b0f3-401e-8dc5-aa6c5070e255,8.0
2020-02-20,TeamB-ab5ec6e5-b0f3-401e-8dc5-aa6c5070e255,8.5
2020-02-21,TeamB-ab5ec6e5-b0f3-401e-8dc5-aa6c5070e255,9.0
2020-02-22,TeamB-ab5ec6e5-b0f3-401e-8dc5-aa6c5070e255,2.0
2020-02-23,TeamB-ab5ec6e5-b0f3-401e-8dc5-aa6c5070e255,8.0
2020-02-24,TeamB-ab5ec6e5-b0f3-401e-8dc5-aa6c5070e255,8.5
2020-02-25,TeamB-ab5ec6e5-b0f3-401e-8dc5-aa6c5070e255,10.0
2020-02-26,TeamB-ab5ec6e5-b0f3-401e-8dc5-aa6c5070e255,9.0
2020-02-27,TeamB-ab5ec6e5-b0f3-401e-8dc5-aa6c5070e255,7.0
2020-02-28,TeamB-ab5ec6e5-b0f3-401e-8dc5-aa6c5070e255,6.0
2020-02-29,TeamB-ab5ec6e5-b0f3-401e-8dc5-aa6c5070e255,8.0
2020-03-01,TeamB-ab5ec6e5-b0f3-401e-8dc5-aa6c5070e255,8.0
2020-03-02,TeamB-ab5ec6e5-b0f3-401e-8dc5-aa6c5070e255,8.5
2020-03-03,TeamB-ab5ec6e5-b0f3-401e-8dc5-aa6c5070e255,8.0
2020-03-04,TeamB-ab5ec6e5-b0f3-401e-8dc5-aa6c5070e255,8.5
2020-03-05,TeamB-ab5ec6e5-b0f3-401e-8dc5-aa6c5070e255,5.5
2020-03-07,TeamB-ab5ec6e5-b0f3-401e-8dc5-aa6c5070e255,8.0
2020-03-08,TeamB-ab5ec6e5-b0f3-401e-8dc5-aa6c5070e255,6.5
2020-03-09,TeamB-ab5ec6e5-b0f3-401e-8dc5-aa6c5070e255,7.5
2020-03-10,TeamB-ab5ec6e5-b0f3-401e-8dc5-aa6c5070e255,8.0
2020-03-11,TeamB-ab5ec6e5-b0f3-401e-8dc5-aa6c5070e255,7.0
2020-03-12,TeamB-ab5ec6e5-b0f3-401e-8dc5-aa6c5070e255,2.0
2020-03-13,TeamB-ab5ec6e5-b0f3-401e-8dc5-aa6c5070e255,10.0
2020-03-14,TeamB-ab5ec6e5-b0f3-401e-8dc5-aa6c5070e255,9.0
2020-03-15,TeamB-ab5ec6e5-b0f3-401e-8dc5-aa6c5070e255,9.0
2020-03-16,TeamB-ab5ec6e5-b0f3-401e-8dc5-aa6c5070e255,9.0
2020-03-17,TeamB-ab5ec6e5-b0f3-401e-8dc5-aa6c5070e255,9.0
2020-03-18,TeamB-ab5ec6e5-b0f3-401e-8dc5-aa6c5070e255,7.0
2020-03-19,TeamB-ab5ec6e5-b0f3-401e-8dc5-aa6c5070e255,7.0
2020-03-20,TeamB-ab5ec6e5-b0f3-401e-8dc5-aa6c5070e255,8.5
2020-03-21,TeamB-ab5ec6e5-b0f3-401e-8dc5-aa6c5070e255,8.0
2020-03-22,TeamB-ab5ec6e5-b0f3-401e-8dc5-aa6c5070e255,9.0
2020-03-23,TeamB-ab5ec6e5-b0f3-401e-8dc5-aa6c5070e255,8.5
2020-03-24,TeamB-ab5ec6e5-b0f3-401e-8dc5-aa6c5070e255,7.5
2020-03-25,TeamB-ab5ec6e5-b0f3-401e-8dc5-aa6c5070e255,7.5
2020-03-26,TeamB-ab5ec6e5-b0f3-401e-8dc5-aa6c5070e255,7.5
2020-03-27,TeamB-ab5ec6e5-b0f3-401e-8dc5-aa6c5070e255,8.0
2020-03-28,TeamB-ab5ec6e5-b0f3-401e-8dc5-aa6c5070e255,7.0
2020-03-29,TeamB-ab5ec6e5-b0f3-401e-8dc5-aa6c5070e255,7.0
2020-03-30,TeamB-ab5ec6e5-b0f3-401e-8dc5-aa6c5070e255,5.5
2020-03-31,TeamB-ab5ec6e5-b0f3-401e-8dc5-aa6c5070e255,7.5
2020-04-01,TeamB-ab5ec6e5-b0f3-401e-8dc5-aa6c5070e255,7.0
2020-04-02,TeamB-ab5ec6e5-b0f3-401e-8dc5-aa6c5070e255,7.5
2020-04-03,TeamB-ab5ec6e5-b0f3-401e-8dc5-aa6c5070e255,7.0
2020-04-04,TeamB-ab5ec6e5-b0f3-401e-8dc5-aa6c5070e255,7.5
2020-04-05,TeamB-ab5ec6e5-b0f3-401e-8dc5-aa6c5070e255,7.0
2020-04-06,TeamB-ab5ec6e5-b0f3-401e-8dc5-aa6c5070e255,7.0
2020-04-07,TeamB-ab5ec6e5-b0f3-401e-8dc5-aa6c5070e255,7.0
2020-04-08,TeamB-ab5ec6e5-b0f3-401e-8dc5-aa6c5070e255,7.0
2020-04-09,TeamB-ab5ec6e5-b0f3-401e-8dc5-aa6c5070e255,7.0
2020-04-10,TeamB-ab5ec6e5-b0f3-401e-8dc5-aa6c5070e255,7.5
2020-04-11,TeamB-ab5ec6e5-b0f3-401e-8dc5-aa6c5070e255,7.5
2020-04-12,TeamB-ab5ec6e5-b0f3-401e-8dc5-aa6c5070e255,7.5
2020-04-13,TeamB-ab5ec6e5-b0f3-401e-8dc5-aa6c5070e255,6.5
2020-04-14,TeamB-ab5ec6e5-b0f3-401e-8dc5-aa6c5070e255,6.5
2020-04-15,TeamB-ab5ec6e5-b0f3-401e-8dc5-aa6c5070e255,7.0
2020-04-16,TeamB-ab5ec6e5-b0f3-401e-8dc5-aa6c5070e255,7.0
2020-04-17,TeamB-ab5ec6e5-b0f3-401e-8dc5-aa6c5070e255,7.0
2020-04-18,TeamB-ab5ec6e5-b0f3-401e-8dc5-aa6c5070e255,7.5
2020-04-19,TeamB-ab5ec6e5-b0f3-401e-8dc5-aa6c5070e255,7.0
2020-04-20,TeamB-ab5ec6e5-b0f3-401e-8dc5-aa6c5070e255,7.0
2020-04-21,TeamB-ab5ec6e5-b0f3-401e-8dc5-aa6c5070e255,7.0
2020-04-22,TeamB-ab5ec6e5-b0f3-401e-8dc5-aa6c5070e255,7.5
2020-04-23,TeamB-ab5ec6e5-b0f3-401e-8dc5-aa6c5070e255,6.5
2020-04-24,TeamB-ab5ec6e5-b0f3-401e-8dc5-aa6c5070e255,7.0
2020-04-25,TeamB-ab5ec6e5-b0f3-401e-8dc5-aa6c5070e255,8.0
2020-04-26,TeamB-ab5ec6e5-b0f3-401e-8dc5-aa6c5070e255,8.0
2020-04-28,TeamB-ab5ec6e5-b0f3-401e-8dc5-aa6c5070e255,7.0
2020-04-29,TeamB-ab5ec6e5-b0f3-401e-8dc5-aa6c5070e255,6.0
2020-04-30,TeamB-ab5ec6e5-b0f3-401e-8dc5-aa6c5070e255,6.0
2020-05-01,TeamB-ab5ec6e5-b0f3-401e-8dc5-aa6c5070e255,6.0
2020-05-02,TeamB-ab5ec6e5-b0f3-401e-8dc5-aa6c5070e255,7.0
2020-05-03,TeamB-ab5ec6e5-b0f3-401e-8dc5-aa6c5070e255,6.0
2020-05-05,TeamB-ab5ec6e5-b0f3-401e-8dc5-aa6c5070e255,7.0
2020-05-06,TeamB-ab5ec6e5-b0f3-401e-8dc5-aa6c5070e255,7.0
2020-05-07,TeamB-ab5ec6e5-b0f3-401e-8dc5-aa6c5070e255,7.5
2020-05-08,TeamB-ab5ec6e5-b0f3-401e-8dc5-aa6c5070e255,7.0
2020-05-09,TeamB-ab5ec6e5-b0f3-401e-8dc5-aa6c5070e255,7.5
2020-05-11,TeamB-ab5ec6e5-b0f3-401e-8dc5-aa6c5070e255,7.0
2020-05-14,TeamB-ab5ec6e5-b0f3-401e-8dc5-aa6c5070e255,5.5
2020-05-15,TeamB-ab5ec6e5-b0f3-401e-8dc5-aa6c5070e255,7.5
2020-08-10,TeamB-ab5ec6e5-b0f3-401e-8dc5-aa6c5070e255,8.0
2020-08-11,TeamB-ab5ec6e5-b0f3-401e-8dc5-aa6c5070e255,8.0
2020-08-12,TeamB-ab5ec6e5-b0f3-401e-8dc5-aa6c5070e255,8.0
2020-08-13,TeamB-ab5ec6e5-b0f3-401e-8dc5-aa6c5070e255,8.0
2020-08-14,TeamB-ab5ec6e5-b0f3-401e-8dc5-aa6c5070e255,8.0
2020-08-15,TeamB-ab5ec6e5-b0f3-401e-8dc5-aa6c5070e255,7.0
2020-08-16,TeamB-ab5ec6e5-b0f3-401e-8dc5-aa6c5070e255,7.0
2020-08-17,TeamB-ab5ec6e5-b0f3-401e-8dc5-aa6c5070e255,8.0
2020-08-18,TeamB-ab5ec6e5-b0f3-401e-8dc5-aa6c5070e255,6.5
2020-08-19,TeamB-ab5ec6e5-b0f3-401e-8dc5-aa6c5070e255,7.0
2020-08-20,TeamB-ab5ec6e5-b0f3-401e-8dc5-aa6c5070e255,7.0
2020-08-21,TeamB-ab5ec6e5-b0f3-401e-8dc5-aa6c5070e255,8.0
2020-08-22,TeamB-ab5ec6e5-b0f3-401e-8dc5-aa6c5070e255,7.5
2020-08-24,TeamB-ab5ec6e5-b0f3-401e-8dc5-aa6c5070e255,8.5
2020-08-25,TeamB-ab5ec6e5-b0f3-401e-8dc5-aa6c5070e255,8.0
2020-08-26,TeamB-ab5ec6e5-b0f3-401e-8dc5-aa6c5070e255,7.5
2020-08-27,TeamB-ab5ec6e5-b0f3-401e-8dc5-aa6c5070e255,4.0
2020-08-28,TeamB-ab5ec6e5-b0f3-401e-8dc5-aa6c5070e255,8.0
2020-08-29,TeamB-ab5ec6e5-b0f3-401e-8dc5-aa6c5070e255,8.0
2020-08-30,TeamB-ab5ec6e5-b0f3-401e-8dc5-aa6c5070e255,8.0
2020-08-31,TeamB-ab5ec6e5-b0f3-401e-8dc5-aa6c5070e255,8.0
2020-09-01,TeamB-ab5ec6e5-b0f3-401e-8dc5-aa6c5070e255,7.5
2020-09-02,TeamB-ab5ec6e5-b0f3-401e-8dc5-aa6c5070e255,7.5
2020-09-03,TeamB-ab5ec6e5-b0f3-401e-8dc5-aa6c5070e255,8.0
2020-09-04,TeamB-ab5ec6e5-b0f3-401e-8dc5-aa6c5070e255,8.0
2020-09-05,TeamB-ab5ec6e5-b0f3-401e-8dc5-aa6c5070e255,7.0
2020-09-07,TeamB-ab5ec6e5-b0f3-401e-8dc5-aa6c5070e255,8.0
2020-09-08,TeamB-ab5ec6e5-b0f3-401e-8dc5-aa6c5070e255,8.0
2020-09-09,TeamB-ab5ec6e5-b0f3-401e-8dc5-aa6c5070e255,7.5
2020-09-10,TeamB-ab5ec6e5-b0f3-401e-8dc5-aa6c5070e255,4.0
2020-09-11,TeamB-ab5ec6e5-b0f3-401e-8dc5-aa6c5070e255,8.0
2020-09-12,TeamB-ab5ec6e5-b0f3-401e-8dc5-aa6c5070e255,7.5
2020-09-13,TeamB-ab5ec6e5-b0f3-401e-8dc5-aa6c5070e255,10.0
2020-09-14,TeamB-ab5ec6e5-b0f3-401e-8dc5-aa6c5070e255,8.0
2020-09-15,TeamB-ab5ec6e5-b0f3-401e-8dc5-aa6c5070e255,6.5
2020-09-16,TeamB-ab5ec6e5-b0f3-401e-8dc5-aa6c5070e255,7.0
2020-09-17,TeamB-ab5ec6e5-b0f3-401e-8dc5-aa6c5070e255,8.0
2020-09-18,TeamB-ab5ec6e5-b0f3-401e-8dc5-aa6c5070e255,7.0
2020-09-19,TeamB-ab5ec6e5-b0f3-401e-8dc5-aa6c5070e255,8.0
2020-09-20,TeamB-ab5ec6e5-b0f3-401e-8dc5-aa6c5070e255,7.5
2020-09-22,TeamB-ab5ec6e5-b0f3-401e-8dc5-aa6c5070e255,8.0
2020-09-23,TeamB-ab5ec6e5-b0f3-401e-8dc5-aa6c5070e255,9.0
2020-09-24,TeamB-ab5ec6e5-b0f3-401e-8dc5-aa6c5070e255,5.5
2020-09-25,TeamB-ab5ec6e5-b0f3-401e-8dc5-aa6c5070e255,7.5
2020-09-26,TeamB-ab5ec6e5-b0f3-401e-8dc5-aa6c5070e255,7.0
2020-09-27,TeamB-ab5ec6e5-b0f3-401e-8dc5-aa6c5070e255,8.0
2020-09-28,TeamB-ab5ec6e5-b0f3-401e-8dc5-aa6c5070e255,6.5
2020-09-29,TeamB-ab5ec6e5-b0f3-401e-8dc5-aa6c5070e255,9.0
2020-09-30,TeamB-ab5ec6e5-b0f3-401e-8dc5-aa6c5070e255,8.0
2020-10-01,TeamB-ab5ec6e5-b0f3-401e-8dc5-aa6c5070e255,8.0
2020-10-03,TeamB-ab5ec6e5-b0f3-401e-8dc5-aa6c5070e255,8.0
2020-10-05,TeamB-ab5ec6e5-b0f3-401e-8dc5-aa6c5070e255,8.0
2020-10-06,TeamB-ab5ec6e5-b0f3-401e-8dc5-aa6c5070e255,8.0
2020-10-07,TeamB-ab5ec6e5-b0f3-401e-8dc5-aa6c5070e255,7.0
2020-10-08,TeamB-ab5ec6e5-b0f3-401e-8dc5-aa6c5070e255,6.5
2020-10-09,TeamB-ab5ec6e5-b0f3-401e-8dc5-aa6c5070e255,8.0
2020-10-10,TeamB-ab5ec6e5-b0f3-401e-8dc5-aa6c5070e255,6.5
2020-10-11,TeamB-ab5ec6e5-b0f3-401e-8dc5-aa6c5070e255,7.0
2020-10-12,TeamB-ab5ec6e5-b0f3-401e-8dc5-aa6c5070e255,8.0
2020-10-13,TeamB-ab5ec6e5-b0f3-401e-8dc5-aa6c5070e255,8.0
2020-10-14,TeamB-ab5ec6e5-b0f3-401e-8dc5-aa6c5070e255,8.0
2020-10-15,TeamB-ab5ec6e5-b0f3-401e-8dc5-aa6c5070e255,8.0
2020-10-16,TeamB-ab5ec6e5-b0f3-401e-8dc5-aa6c5070e255,8.5
2020-10-17,TeamB-ab5ec6e5-b0f3-401e-8dc5-aa6c5070e255,8.0
2020-10-19,TeamB-ab5ec6e5-b0f3-401e-8dc5-aa6c5070e255,7.5
2020-10-20,TeamB-ab5ec6e5-b0f3-401e-8dc5-aa6c5070e255,8.0
2020-10-21,TeamB-ab5ec6e5-b0f3-401e-8dc5-aa6c5070e255,8.0
2020-10-22,TeamB-ab5ec6e5-b0f3-401e-8dc5-aa6c5070e255,8.0
2020-10-23,TeamB-ab5ec6e5-b0f3-401e-8dc5-aa6c5070e255,7.5
2020-10-24,TeamB-ab5ec6e5-b0f3-401e-8dc5-aa6c5070e255,8.0
2020-10-26,TeamB-ab5ec6e5-b0f3-401e-8dc5-aa6c5070e255,8.0
2020-10-27,TeamB-ab5ec6e5-b0f3-401e-8dc5-aa6c5070e255,8.0
2020-10-28,TeamB-ab5ec6e5-b0f3-401e-8dc5-aa6c5070e255,8.0
2020-10-29,TeamB-ab5ec6e5-b0f3-401e-8dc5-aa6c5070e255,8.0
2020-10-30,TeamB-ab5ec6e5-b0f3-401e-8dc5-aa6c5070e255,8.0
2020-10-31,TeamB-ab5ec6e5-b0f3-401e-8dc5-aa6c5070e255,5.0
2020-11-01,TeamB-ab5ec6e5-b0f3-401e-8dc5-aa6c5070e255,8.0
2020-11-02,TeamB-ab5ec6e5-b0f3-401e-8dc5-aa6c5070e255,8.0
2020-11-03,TeamB-ab5ec6e5-b0f3-401e-8dc5-aa6c5070e255,8.0
2020-11-04,TeamB-ab5ec6e5-b0f3-401e-8dc5-aa6c5070e255,8.5
2020-11-05,TeamB-ab5ec6e5-b0f3-401e-8dc5-aa6c5070e255,8.0
2020-11-06,TeamB-ab5ec6e5-b0f3-401e-8dc5-aa6c5070e255,8.0
2020-11-07,TeamB-ab5ec6e5-b0f3-401e-8dc5-aa6c5070e255,8.0
2020-11-09,TeamB-ab5ec6e5-b0f3-401e-8dc5-aa6c5070e255,9.0
2020-11-10,TeamB-ab5ec6e5-b0f3-401e-8dc5-aa6c5070e255,6.5
2020-11-11,TeamB-ab5ec6e5-b0f3-401e-8dc5-aa6c5070e255,9.0
2020-11-13,TeamB-ab5ec6e5-b0f3-401e-8dc5-aa6c5070e255,8.0
2020-11-14,TeamB-ab5ec6e5-b0f3-401e-8dc5-aa6c5070e255,8.0
2020-11-15,TeamB-ab5ec6e5-b0f3-401e-8dc5-aa6c5070e255,7.0
2020-11-16,TeamB-ab5ec6e5-b0f3-401e-8dc5-aa6c5070e255,6.0
2020-11-17,TeamB-ab5ec6e5-b0f3-401e-8dc5-aa6c5070e255,8.0
2020-11-21,TeamB-ab5ec6e5-b0f3-401e-8dc5-aa6c5070e255,8.0
2020-11-22,TeamB-ab5ec6e5-b0f3-401e-8dc5-aa6c5070e255,8.0
2020-11-23,TeamB-ab5ec6e5-b0f3-401e-8dc5-aa6c5070e255,8.0
2020-11-24,TeamB-ab5ec6e5-b0f3-401e-8dc5-aa6c5070e255,8.0
2020-11-25,TeamB-ab5ec6e5-b0f3-401e-8dc5-aa6c5070e255,7.0
2020-11-26,TeamB-ab5ec6e5-b0f3-401e-8dc5-aa6c5070e255,7.5
2020-11-27,TeamB-ab5ec6e5-b0f3-401e-8dc5-aa6c5070e255,7.0
2020-11-28,TeamB-ab5ec6e5-b0f3-401e-8dc5-aa6c5070e255,8.5
2020-11-29,TeamB-ab5ec6e5-b0f3-401e-8dc5-aa6c5070e255,7.5
2020-11-30,TeamB-ab5ec6e5-b0f3-401e-8dc5-aa6c5070e255,8.0
2020-12-01,TeamB-ab5ec6e5-b0f3-401e-8dc5-aa6c5070e255,7.5
2020-12-02,TeamB-ab5ec6e5-b0f3-401e-8dc5-aa6c5070e255,8.5
2020-12-03,TeamB-ab5ec6e5-b0f3-401e-8dc5-aa6c5070e255,8.5
2020-12-04,TeamB-ab5ec6e5-b0f3-401e-8dc5-aa6c5070e255,7.0
2020-12-07,TeamB-ab5ec6e5-b0f3-401e-8dc5-aa6c5070e255,4.5
2020-12-08,TeamB-ab5ec6e5-b0f3-401e-8dc5-aa6c5070e255,8.0
2020-12-09,TeamB-ab5ec6e5-b0f3-401e-8dc5-aa6c5070e255,7.0
2020-12-10,TeamB-ab5ec6e5-b0f3-401e-8dc5-aa6c5070e255,11.0
2020-12-11,TeamB-ab5ec6e5-b0f3-401e-8dc5-aa6c5070e255,8.5
2020-12-12,TeamB-ab5ec6e5-b0f3-401e-8dc5-aa6c5070e255,8.0
2020-12-13,TeamB-ab5ec6e5-b0f3-401e-8dc5-aa6c5070e255,8.0
2021-01-12,TeamB-ab5ec6e5-b0f3-401e-8dc5-aa6c5070e255,5.0
2021-01-13,TeamB-ab5ec6e5-b0f3-401e-8dc5-aa6c5070e255,7.5
2021-01-14,TeamB-ab5ec6e5-b0f3-401e-8dc5-aa6c5070e255,7.0
2021-01-15,TeamB-ab5ec6e5-b0f3-401e-8dc5-aa6c5070e255,10.0
2021-01-16,TeamB-ab5ec6e5-b0f3-401e-8dc5-aa6c5070e255,7.0
2021-01-17,TeamB-ab5ec6e5-b0f3-401e-8dc5-aa6c5070e255,7.0
2021-01-18,TeamB-ab5ec6e5-b0f3-401e-8dc5-aa6c5070e255,7.0
2021-01-19,TeamB-ab5ec6e5-b0f3-401e-8dc5-aa6c5070e255,6.5
2021-01-20,TeamB-ab5ec6e5-b0f3-401e-8dc5-aa6c5070e255,7.5
2021-01-21,TeamB-ab5ec6e5-b0f3-401e-8dc5-aa6c5070e255,8.5
2021-01-22,TeamB-ab5ec6e5-b0f3-401e-8dc5-aa6c5070e255,4.5
2021-01-23,TeamB-ab5ec6e5-b0f3-401e-8dc5-aa6c5070e255,9.0
2021-01-24,TeamB-ab5ec6e5-b0f3-401e-8dc5-aa6c5070e255,8.5
2021-01-25,TeamB-ab5ec6e5-b0f3-401e-8dc5-aa6c5070e255,8.0
2021-01-26,TeamB-ab5ec6e5-b0f3-401e-8dc5-aa6c5070e255,7.0
2021-01-27,TeamB-ab5ec6e5-b0f3-401e-8dc5-aa6c5070e255,7.5
2021-01-28,TeamB-ab5ec6e5-b0f3-401e-8dc5-aa6c5070e255,7.5
2021-01-29,TeamB-ab5ec6e5-b0f3-401e-8dc5-aa6c5070e255,6.5
2021-01-30,TeamB-ab5ec6e5-b0f3-401e-8dc5-aa6c5070e255,8.0
2021-01-31,TeamB-ab5ec6e5-b0f3-401e-8dc5-aa6c5070e255,8.0
2021-02-01,TeamB-ab5ec6e5-b0f3-401e-8dc5-aa6c5070e255,8.0
2021-02-02,TeamB-ab5ec6e5-b0f3-401e-8dc5-aa6c5070e255,7.5
2021-02-03,TeamB-ab5ec6e5-b0f3-401e-8dc5-aa6c5070e255,8.0
2021-02-04,TeamB-ab5ec6e5-b0f3-401e-8dc5-aa6c5070e255,8.5
2021-02-05,TeamB-ab5ec6e5-b0f3-401e-8dc5-aa6c5070e255,5.0
2021-02-06,TeamB-ab5ec6e5-b0f3-401e-8dc5-aa6c5070e255,8.0
2021-02-08,TeamB-ab5ec6e5-b0f3-401e-8dc5-aa6c5070e255,7.5
2021-02-10,TeamB-ab5ec6e5-b0f3-401e-8dc5-aa6c5070e255,8.0
2021-02-11,TeamB-ab5ec6e5-b0f3-401e-8dc5-aa6c5070e255,8.0
2021-02-12,TeamB-ab5ec6e5-b0f3-401e-8dc5-aa6c5070e255,5.0
2021-02-13,TeamB-ab5ec6e5-b0f3-401e-8dc5-aa6c5070e255,7.5
2021-02-14,TeamB-ab5ec6e5-b0f3-401e-8dc5-aa6c5070e255,6.5
2021-02-15,TeamB-ab5ec6e5-b0f3-401e-8dc5-aa6c5070e255,6.5
2021-02-16,TeamB-ab5ec6e5-b0f3-401e-8dc5-aa6c5070e255,7.5
2021-02-17,TeamB-ab5ec6e5-b0f3-401e-8dc5-aa6c5070e255,7.5
2021-02-18,TeamB-ab5ec6e5-b0f3-401e-8dc5-aa6c5070e255,7.5
2021-02-19,TeamB-ab5ec6e5-b0f3-401e-8dc5-aa6c5070e255,7.5
2021-02-20,TeamB-ab5ec6e5-b0f3-401e-8dc5-aa6c5070e255,8.5
2021-02-22,TeamB-ab5ec6e5-b0f3-401e-8dc5-aa6c5070e255,7.5
2021-02-23,TeamB-ab5ec6e5-b0f3-401e-8dc5-aa6c5070e255,8.0
2021-02-24,TeamB-ab5ec6e5-b0f3-401e-8dc5-aa6c5070e255,8.5
2021-02-25,TeamB-ab5ec6e5-b0f3-401e-8dc5-aa6c5070e255,7.5
2021-02-26,TeamB-ab5ec6e5-b0f3-401e-8dc5-aa6c5070e255,7.0
2021-02-28,TeamB-ab5ec6e5-b0f3-401e-8dc5-aa6c5070e255,11.0
2021-03-01,TeamB-ab5ec6e5-b0f3-401e-8dc5-aa6c5070e255,8.5
2021-03-02,TeamB-ab5ec6e5-b0f3-401e-8dc5-aa6c5070e255,7.0
2021-03-03,TeamB-ab5ec6e5-b0f3-401e-8dc5-aa6c5070e255,7.0
2021-03-04,TeamB-ab5ec6e5-b0f3-401e-8dc5-aa6c5070e255,7.5
2021-03-05,TeamB-ab5ec6e5-b0f3-401e-8dc5-aa6c5070e255,7.0
2021-03-06,TeamB-ab5ec6e5-b0f3-401e-8dc5-aa6c5070e255,7.0
2021-03-07,TeamB-ab5ec6e5-b0f3-401e-8dc5-aa6c5070e255,6.5
2021-03-08,TeamB-ab5ec6e5-b0f3-401e-8dc5-aa6c5070e255,7.0
2021-03-09,TeamB-ab5ec6e5-b0f3-401e-8dc5-aa6c5070e255,6.0
2021-03-10,TeamB-ab5ec6e5-b0f3-401e-8dc5-aa6c5070e255,8.5
2021-03-11,TeamB-ab5ec6e5-b0f3-401e-8dc5-aa6c5070e255,6.5
2021-03-12,TeamB-ab5ec6e5-b0f3-401e-8dc5-aa6c5070e255,7.0
2021-03-13,TeamB-ab5ec6e5-b0f3-401e-8dc5-aa6c5070e255,7.0
2021-03-15,TeamB-ab5ec6e5-b0f3-401e-8dc5-aa6c5070e255,7.0
2021-03-16,TeamB-ab5ec6e5-b0f3-401e-8dc5-aa6c5070e255,6.5
2021-03-17,TeamB-ab5ec6e5-b0f3-401e-8dc5-aa6c5070e255,6.0
2021-03-18,TeamB-ab5ec6e5-b0f3-401e-8dc5-aa6c5070e255,7.5
2021-03-20,TeamB-ab5ec6e5-b0f3-401e-8dc5-aa6c5070e255,8.0
2021-03-21,TeamB-ab5ec6e5-b0f3-401e-8dc5-aa6c5070e255,6.0
2021-03-22,TeamB-ab5ec6e5-b0f3-401e-8dc5-aa6c5070e255,7.5
2021-03-23,TeamB-ab5ec6e5-b0f3-401e-8dc5-aa6c5070e255,7.5
2021-03-24,TeamB-ab5ec6e5-b0f3-401e-8dc5-aa6c5070e255,7.5
2021-03-25,TeamB-ab5ec6e5-b0f3-401e-8dc5-aa6c5070e255,8.5
2021-03-27,TeamB-ab5ec6e5-b0f3-401e-8dc5-aa6c5070e255,5.5
2021-03-28,TeamB-ab5ec6e5-b0f3-401e-8dc5-aa6c5070e255,4.5
2021-03-29,TeamB-ab5ec6e5-b0f3-401e-8dc5-aa6c5070e255,9.0
2021-03-30,TeamB-ab5ec6e5-b0f3-401e-8dc5-aa6c5070e255,7.0
2021-03-31,TeamB-ab5ec6e5-b0f3-401e-8dc5-aa6c5070e255,4.0
2021-04-06,TeamB-ab5ec6e5-b0f3-401e-8dc5-aa6c5070e255,7.0
2021-04-07,TeamB-ab5ec6e5-b0f3-401e-8dc5-aa6c5070e255,7.5
2021-04-08,TeamB-ab5ec6e5-b0f3-401e-8dc5-aa6c5070e255,7.0
2021-04-09,TeamB-ab5ec6e5-b0f3-401e-8dc5-aa6c5070e255,8.0
2021-04-10,TeamB-ab5ec6e5-b0f3-401e-8dc5-aa6c5070e255,6.0
2021-04-11,TeamB-ab5ec6e5-b0f3-401e-8dc5-aa6c5070e255,5.5
2021-04-12,TeamB-ab5ec6e5-b0f3-401e-8dc5-aa6c5070e255,8.5
2021-04-13,TeamB-ab5ec6e5-b0f3-401e-8dc5-aa6c5070e255,7.5
2021-04-14,TeamB-ab5ec6e5-b0f3-401e-8dc5-aa6c5070e255,7.0
2021-04-15,TeamB-ab5ec6e5-b0f3-401e-8dc5-aa6c5070e255,8.0
2021-04-16,TeamB-ab5ec6e5-b0f3-401e-8dc5-aa6c5070e255,7.5
2021-04-17,TeamB-ab5ec6e5-b0f3-401e-8dc5-aa6c5070e255,8.0
2021-04-18,TeamB-ab5ec6e5-b0f3-401e-8dc5-aa6c5070e255,4.0
2021-04-19,TeamB-ab5ec6e5-b0f3-401e-8dc5-aa6c5070e255,10.0
2021-04-20,TeamB-ab5ec6e5-b0f3-401e-8dc5-aa6c5070e255,7.5
2021-04-21,TeamB-ab5ec6e5-b0f3-401e-8dc5-aa6c5070e255,6.5
2021-04-26,TeamB-ab5ec6e5-b0f3-401e-8dc5-aa6c5070e255,8.0
2021-04-27,TeamB-ab5ec6e5-b0f3-401e-8dc5-aa6c5070e255,7.5
2021-04-28,TeamB-ab5ec6e5-b0f3-401e-8dc5-aa6c5070e255,7.5
2021-04-29,TeamB-ab5ec6e5-b0f3-401e-8dc5-aa6c5070e255,7.5
2021-04-30,TeamB-ab5ec6e5-b0f3-401e-8dc5-aa6c5070e255,7.0
2021-05-01,TeamB-ab5ec6e5-b0f3-401e-8dc5-aa6c5070e255,7.0
2021-05-03,TeamB-ab5ec6e5-b0f3-401e-8dc5-aa6c5070e255,7.5
2021-05-04,TeamB-ab5ec6e5-b0f3-401e-8dc5-aa6c5070e255,8.0
2021-05-05,TeamB-ab5ec6e5-b0f3-401e-8dc5-aa6c5070e255,8.0
2021-05-06,TeamB-ab5ec6e5-b0f3-401e-8dc5-aa6c5070e255,7.5
2021-05-07,TeamB-ab5ec6e5-b0f3-401e-8dc5-aa6c5070e255,7.5
2021-05-08,TeamB-ab5ec6e5-b0f3-401e-8dc5-aa6c5070e255,7.5
2021-05-09,TeamB-ab5ec6e5-b0f3-401e-8dc5-aa6c5070e255,8.0
2021-05-10,TeamB-ab5ec6e5-b0f3-401e-8dc5-aa6c5070e255,8.0
2021-05-11,TeamB-ab5ec6e5-b0f3-401e-8dc5-aa6c5070e255,7.0
2021-05-12,TeamB-ab5ec6e5-b0f3-401e-8dc5-aa6c5070e255,8.0
2021-05-13,TeamB-ab5ec6e5-b0f3-401e-8dc5-aa6c5070e255,7.5
2021-05-14,TeamB-ab5ec6e5-b0f3-401e-8dc5-aa6c5070e255,7.0
2021-05-15,TeamB-ab5ec6e5-b0f3-401e-8dc5-aa6c5070e255,7.0
2021-05-16,TeamB-ab5ec6e5-b0f3-401e-8dc5-aa6c5070e255,9.0
2021-05-18,TeamB-ab5ec6e5-b0f3-401e-8dc5-aa6c5070e255,6.5
2021-05-19,TeamB-ab5ec6e5-b0f3-401e-8dc5-aa6c5070e255,7.0
2021-05-20,TeamB-ab5ec6e5-b0f3-401e-8dc5-aa6c5070e255,6.5
2021-05-21,TeamB-ab5ec6e5-b0f3-401e-8dc5-aa6c5070e255,8.0
2021-05-24,TeamB-ab5ec6e5-b0f3-401e-8dc5-aa6c5070e255,7.0
2021-05-26,TeamB-ab5ec6e5-b0f3-401e-8dc5-aa6c5070e255,8.0
2021-05-27,TeamB-ab5ec6e5-b0f3-401e-8dc5-aa6c5070e255,7.0
2021-05-28,TeamB-ab5ec6e5-b0f3-401e-8dc5-aa6c5070e255,8.0
2021-05-29,TeamB-ab5ec6e5-b0f3-401e-8dc5-aa6c5070e255,8.0
2021-05-31,TeamB-ab5ec6e5-b0f3-401e-8dc5-aa6c5070e255,7.5
2021-06-01,TeamB-ab5ec6e5-b0f3-401e-8dc5-aa6c5070e255,8.5
2021-06-02,TeamB-ab5ec6e5-b0f3-401e-8dc5-aa6c5070e255,8.0
2021-06-04,TeamB-ab5ec6e5-b0f3-401e-8dc5-aa6c5070e255,8.0
2021-06-05,TeamB-ab5ec6e5-b0f3-401e-8dc5-aa6c5070e255,7.5
2021-06-07,TeamB-ab5ec6e5-b0f3-401e-8dc5-aa6c5070e255,7.0
2021-06-08,TeamB-ab5ec6e5-b0f3-401e-8dc5-aa6c5070e255,8.0
2021-06-09,TeamB-ab5ec6e5-b0f3-401e-8dc5-aa6c5070e255,8.0
2021-06-14,TeamB-ab5ec6e5-b0f3-401e-8dc5-aa6c5070e255,7.5
2021-06-15,TeamB-ab5ec6e5-b0f3-401e-8dc5-aa6c5070e255,8.0
2021-06-16,TeamB-ab5ec6e5-b0f3-401e-8dc5-aa6c5070e255,7.0
2021-06-17,TeamB-ab5ec6e5-b0f3-401e-8dc5-aa6c5070e255,8.0
2021-06-18,TeamB-ab5ec6e5-b0f3-401e-8dc5-aa6c5070e255,7.5
2021-06-19,TeamB-ab5ec6e5-b0f3-401e-8dc5-aa6c5070e255,7.0
2021-06-21,TeamB-ab5ec6e5-b0f3-401e-8dc5-aa6c5070e255,8.0
2021-06-22,TeamB-ab5ec6e5-b0f3-401e-8dc5-aa6c5070e255,8.0
2021-06-23,TeamB-ab5ec6e5-b0f3-401e-8dc5-aa6c5070e255,7.0
2021-06-25,TeamB-ab5ec6e5-b0f3-401e-8dc5-aa6c5070e255,7.0
2021-06-26,TeamB-ab5ec6e5-b0f3-401e-8dc5-aa6c5070e255,7.0
2021-06-27,TeamB-ab5ec6e5-b0f3-401e-8dc5-aa6c5070e255,6.0
2021-06-29,TeamB-ab5ec6e5-b0f3-401e-8dc5-aa6c5070e255,9.0
2021-06-30,TeamB-ab5ec6e5-b0f3-401e-8dc5-aa6c5070e255,7.0
2021-07-01,TeamB-ab5ec6e5-b0f3-401e-8dc5-aa6c5070e255,5.0
2021-07-02,TeamB-ab5ec6e5-b0f3-401e-8dc5-aa6c5070e255,9.0
2021-07-03,TeamB-ab5ec6e5-b0f3-401e-8dc5-aa6c5070e255,7.0
2021-07-31,TeamB-ab5ec6e5-b0f3-401e-8dc5-aa6c5070e255,8.0
2021-08-01,TeamB-ab5ec6e5-b0f3-401e-8dc5-aa6c5070e255,10.0
2021-08-02,TeamB-ab5ec6e5-b0f3-401e-8dc5-aa6c5070e255,8.5
2021-08-03,TeamB-ab5ec6e5-b0f3-401e-8dc5-aa6c5070e255,7.5
2021-08-05,TeamB-ab5ec6e5-b0f3-401e-8dc5-aa6c5070e255,7.5
2021-08-06,TeamB-ab5ec6e5-b0f3-401e-8dc5-aa6c5070e255,7.5
2021-08-08,TeamB-ab5ec6e5-b0f3-401e-8dc5-aa6c5070e255,7.0
2021-08-09,TeamB-ab5ec6e5-b0f3-401e-8dc5-aa6c5070e255,7.0
2021-08-10,TeamB-ab5ec6e5-b0f3-401e-8dc5-aa6c5070e255,7.5
2021-08-11,TeamB-ab5ec6e5-b0f3-401e-8dc5-aa6c5070e255,7.5
2021-08-13,TeamB-ab5ec6e5-b0f3-401e-8dc5-aa6c5070e255,8.0
2021-08-14,TeamB-ab5ec6e5-b0f3-401e-8dc5-aa6c5070e255,6.0
2021-08-15,TeamB-ab5ec6e5-b0f3-401e-8dc5-aa6c5070e255,7.5
2021-08-16,TeamB-ab5ec6e5-b0f3-401e-8dc5-aa6c5070e255,6.0
2021-08-17,TeamB-ab5ec6e5-b0f3-401e-8dc5-aa6c5070e255,8.0
2021-08-18,TeamB-ab5ec6e5-b0f3-401e-8dc5-aa6c5070e255,7.0
2021-08-19,TeamB-ab5ec6e5-b0f3-401e-8dc5-aa6c5070e255,10.0
2021-08-20,TeamB-ab5ec6e5-b0f3-401e-8dc5-aa6c5070e255,8.5
2021-08-21,TeamB-ab5ec6e5-b0f3-401e-8dc5-aa6c5070e255,8.0
2021-08-23,TeamB-ab5ec6e5-b0f3-401e-8dc5-aa6c5070e255,7.5
2021-08-24,TeamB-ab5ec6e5-b0f3-401e-8dc5-aa6c5070e255,8.0
2021-08-25,TeamB-ab5ec6e5-b0f3-401e-8dc5-aa6c5070e255,1.0
2021-08-26,TeamB-ab5ec6e5-b0f3-401e-8dc5-aa6c5070e255,8.5
2021-08-27,TeamB-ab5ec6e5-b0f3-401e-8dc5-aa6c5070e255,7.5
2021-08-28,TeamB-ab5ec6e5-b0f3-401e-8dc5-aa6c5070e255,8.0
2021-08-29,TeamB-ab5ec6e5-b0f3-401e-8dc5-aa6c5070e255,6.0
2021-08-31,TeamB-ab5ec6e5-b0f3-401e-8dc5-aa6c5070e255,8.0
2021-09-01,TeamB-ab5ec6e5-b0f3-401e-8dc5-aa6c5070e255,8.0
2021-09-02,TeamB-ab5ec6e5-b0f3-401e-8dc5-aa6c5070e255,8.0
2021-09-03,TeamB-ab5ec6e5-b0f3-401e-8dc5-aa6c5070e255,7.5
2021-09-04,TeamB-ab5ec6e5-b0f3-401e-8dc5-aa6c5070e255,8.5
2021-09-05,TeamB-ab5ec6e5-b0f3-401e-8dc5-aa6c5070e255,7.0
2021-09-06,TeamB-ab5ec6e5-b0f3-401e-8dc5-aa6c5070e255,7.0
2021-09-07,TeamB-ab5ec6e5-b0f3-401e-8dc5-aa6c5070e255,8.0
2021-09-08,TeamB-ab5ec6e5-b0f3-401e-8dc5-aa6c5070e255,8.0
2021-09-10,TeamB-ab5ec6e5-b0f3-401e-8dc5-aa6c5070e255,6.0
2021-09-11,TeamB-ab5ec6e5-b0f3-401e-8dc5-aa6c5070e255,7.5
2021-09-13,TeamB-ab5ec6e5-b0f3-401e-8dc5-aa6c5070e255,8.0
2021-09-17,TeamB-ab5ec6e5-b0f3-401e-8dc5-aa6c5070e255,7.5
2021-09-22,TeamB-ab5ec6e5-b0f3-401e-8dc5-aa6c5070e255,7.0
2021-09-23,TeamB-ab5ec6e5-b0f3-401e-8dc5-aa6c5070e255,7.0
2021-09-24,TeamB-ab5ec6e5-b0f3-401e-8dc5-aa6c5070e255,8.0
2021-09-25,TeamB-ab5ec6e5-b0f3-401e-8dc5-aa6c5070e255,6.0
2021-09-27,TeamB-ab5ec6e5-b0f3-401e-8dc5-aa6c5070e255,4.0
2021-09-28,TeamB-ab5ec6e5-b0f3-401e-8dc5-aa6c5070e255,6.0
2021-09-29,TeamB-ab5ec6e5-b0f3-401e-8dc5-aa6c5070e255,7.0
2021-09-30,TeamB-ab5ec6e5-b0f3-401e-8dc5-aa6c5070e255,7.5
2021-10-01,TeamB-ab5ec6e5-b0f3-401e-8dc5-aa6c5070e255,8.0
2021-10-02,TeamB-ab5ec6e5-b0f3-401e-8dc5-aa6c5070e255,7.0
2021-10-03,TeamB-ab5ec6e5-b0f3-401e-8dc5-aa6c5070e255,7.5
2021-10-04,TeamB-ab5ec6e5-b0f3-401e-8dc5-aa6c5070e255,7.0
2021-10-05,TeamB-ab5ec6e5-b0f3-401e-8dc5-aa6c5070e255,6.0
2021-10-06,TeamB-ab5ec6e5-b0f3-401e-8dc5-aa6c5070e255,7.0
2021-10-08,TeamB-ab5ec6e5-b0f3-401e-8dc5-aa6c5070e255,7.5
2021-10-09,TeamB-ab5ec6e5-b0f3-401e-8dc5-aa6c5070e255,6.5
2021-10-10,TeamB-ab5ec6e5-b0f3-401e-8dc5-aa6c5070e255,6.0
2021-10-11,TeamB-ab5ec6e5-b0f3-401e-8dc5-aa6c5070e255,9.0
2021-10-12,TeamB-ab5ec6e5-b0f3-401e-8dc5-aa6c5070e255,7.5
2021-10-13,TeamB-ab5ec6e5-b0f3-401e-8dc5-aa6c5070e255,8.0
2021-10-14,TeamB-ab5ec6e5-b0f3-401e-8dc5-aa6c5070e255,7.0
2021-10-15,TeamB-ab5ec6e5-b0f3-401e-8dc5-aa6c5070e255,7.5
2021-10-16,TeamB-ab5ec6e5-b0f3-401e-8dc5-aa6c5070e255,6.0
2021-10-17,TeamB-ab5ec6e5-b0f3-401e-8dc5-aa6c5070e255,8.0
2021-10-29,TeamB-ab5ec6e5-b0f3-401e-8dc5-aa6c5070e255,11.0
2021-11-02,TeamB-ab5ec6e5-b0f3-401e-8dc5-aa6c5070e255,8.0
2021-11-03,TeamB-ab5ec6e5-b0f3-401e-8dc5-aa6c5070e255,6.5
2021-11-04,TeamB-ab5ec6e5-b0f3-401e-8dc5-aa6c5070e255,7.0
2020-02-20,TeamB-ab691983-3544-4a0e-8f70-db44d85cb907,8.0
2020-02-23,TeamB-ab691983-3544-4a0e-8f70-db44d85cb907,10.0
2020-02-24,TeamB-ab691983-3544-4a0e-8f70-db44d85cb907,8.5
2020-02-25,TeamB-ab691983-3544-4a0e-8f70-db44d85cb907,7.0
2020-02-26,TeamB-ab691983-3544-4a0e-8f70-db44d85cb907,8.0
2020-02-29,TeamB-ab691983-3544-4a0e-8f70-db44d85cb907,8.0
2020-03-01,TeamB-ab691983-3544-4a0e-8f70-db44d85cb907,10.0
2020-03-02,TeamB-ab691983-3544-4a0e-8f70-db44d85cb907,8.0
2020-03-03,TeamB-ab691983-3544-4a0e-8f70-db44d85cb907,7.5
2020-03-04,TeamB-ab691983-3544-4a0e-8f70-db44d85cb907,9.0
2020-03-06,TeamB-ab691983-3544-4a0e-8f70-db44d85cb907,9.0
2020-03-08,TeamB-ab691983-3544-4a0e-8f70-db44d85cb907,8.5
2020-03-09,TeamB-ab691983-3544-4a0e-8f70-db44d85cb907,7.0
2020-03-10,TeamB-ab691983-3544-4a0e-8f70-db44d85cb907,8.0
2020-03-11,TeamB-ab691983-3544-4a0e-8f70-db44d85cb907,4.0
2020-03-12,TeamB-ab691983-3544-4a0e-8f70-db44d85cb907,7.0
2020-03-13,TeamB-ab691983-3544-4a0e-8f70-db44d85cb907,9.0
2020-03-14,TeamB-ab691983-3544-4a0e-8f70-db44d85cb907,8.0
2020-03-16,TeamB-ab691983-3544-4a0e-8f70-db44d85cb907,8.5
2020-03-17,TeamB-ab691983-3544-4a0e-8f70-db44d85cb907,7.0
2020-03-18,TeamB-ab691983-3544-4a0e-8f70-db44d85cb907,7.0
2020-03-19,TeamB-ab691983-3544-4a0e-8f70-db44d85cb907,7.5
2020-03-20,TeamB-ab691983-3544-4a0e-8f70-db44d85cb907,7.5
2020-03-21,TeamB-ab691983-3544-4a0e-8f70-db44d85cb907,7.0
2020-03-22,TeamB-ab691983-3544-4a0e-8f70-db44d85cb907,9.0
2020-03-23,TeamB-ab691983-3544-4a0e-8f70-db44d85cb907,9.0
2020-03-24,TeamB-ab691983-3544-4a0e-8f70-db44d85cb907,8.0
2020-03-25,TeamB-ab691983-3544-4a0e-8f70-db44d85cb907,8.0
2020-03-26,TeamB-ab691983-3544-4a0e-8f70-db44d85cb907,8.0
2020-03-27,TeamB-ab691983-3544-4a0e-8f70-db44d85cb907,7.0
2020-03-28,TeamB-ab691983-3544-4a0e-8f70-db44d85cb907,8.0
2020-03-31,TeamB-ab691983-3544-4a0e-8f70-db44d85cb907,8.5
2020-04-01,TeamB-ab691983-3544-4a0e-8f70-db44d85cb907,8.0
2020-04-02,TeamB-ab691983-3544-4a0e-8f70-db44d85cb907,7.0
2020-04-03,TeamB-ab691983-3544-4a0e-8f70-db44d85cb907,8.0
2020-04-04,TeamB-ab691983-3544-4a0e-8f70-db44d85cb907,8.0
2020-04-05,TeamB-ab691983-3544-4a0e-8f70-db44d85cb907,7.0
2020-04-06,TeamB-ab691983-3544-4a0e-8f70-db44d85cb907,6.0
2020-04-07,TeamB-ab691983-3544-4a0e-8f70-db44d85cb907,7.0
2020-04-08,TeamB-ab691983-3544-4a0e-8f70-db44d85cb907,8.0
2020-04-09,TeamB-ab691983-3544-4a0e-8f70-db44d85cb907,9.0
2020-04-10,TeamB-ab691983-3544-4a0e-8f70-db44d85cb907,8.0
2020-04-11,TeamB-ab691983-3544-4a0e-8f70-db44d85cb907,6.5
2020-04-13,TeamB-ab691983-3544-4a0e-8f70-db44d85cb907,8.0
2020-04-16,TeamB-ab691983-3544-4a0e-8f70-db44d85cb907,7.5
2020-04-18,TeamB-ab691983-3544-4a0e-8f70-db44d85cb907,8.0
2020-04-21,TeamB-ab691983-3544-4a0e-8f70-db44d85cb907,8.0
2020-04-22,TeamB-ab691983-3544-4a0e-8f70-db44d85cb907,8.5
2020-04-23,TeamB-ab691983-3544-4a0e-8f70-db44d85cb907,8.0
2020-04-24,TeamB-ab691983-3544-4a0e-8f70-db44d85cb907,7.0
2020-04-25,TeamB-ab691983-3544-4a0e-8f70-db44d85cb907,9.0
2020-04-27,TeamB-ab691983-3544-4a0e-8f70-db44d85cb907,8.0
2020-05-06,TeamB-ab691983-3544-4a0e-8f70-db44d85cb907,8.0
2020-05-18,TeamB-ab691983-3544-4a0e-8f70-db44d85cb907,8.5
2020-05-19,TeamB-ab691983-3544-4a0e-8f70-db44d85cb907,8.0
2020-05-20,TeamB-ab691983-3544-4a0e-8f70-db44d85cb907,7.5
2020-05-21,TeamB-ab691983-3544-4a0e-8f70-db44d85cb907,7.0
2020-05-22,TeamB-ab691983-3544-4a0e-8f70-db44d85cb907,8.0
2020-05-23,TeamB-ab691983-3544-4a0e-8f70-db44d85cb907,7.5
2020-05-25,TeamB-ab691983-3544-4a0e-8f70-db44d85cb907,9.0
2020-05-26,TeamB-ab691983-3544-4a0e-8f70-db44d85cb907,8.0
2020-05-28,TeamB-ab691983-3544-4a0e-8f70-db44d85cb907,9.0
2020-05-29,TeamB-ab691983-3544-4a0e-8f70-db44d85cb907,9.0
2020-06-01,TeamB-ab691983-3544-4a0e-8f70-db44d85cb907,7.5
2020-06-02,TeamB-ab691983-3544-4a0e-8f70-db44d85cb907,7.0
2020-06-03,TeamB-ab691983-3544-4a0e-8f70-db44d85cb907,7.5
2020-06-04,TeamB-ab691983-3544-4a0e-8f70-db44d85cb907,5.0
2020-06-05,TeamB-ab691983-3544-4a0e-8f70-db44d85cb907,8.0
2020-06-06,TeamB-ab691983-3544-4a0e-8f70-db44d85cb907,6.0
2020-06-08,TeamB-ab691983-3544-4a0e-8f70-db44d85cb907,11.0
2020-06-09,TeamB-ab691983-3544-4a0e-8f70-db44d85cb907,8.0
2020-06-10,TeamB-ab691983-3544-4a0e-8f70-db44d85cb907,7.5
2020-06-11,TeamB-ab691983-3544-4a0e-8f70-db44d85cb907,8.0
2020-06-13,TeamB-ab691983-3544-4a0e-8f70-db44d85cb907,7.0
2020-06-15,TeamB-ab691983-3544-4a0e-8f70-db44d85cb907,6.0
2020-06-16,TeamB-ab691983-3544-4a0e-8f70-db44d85cb907,8.0
2020-06-17,TeamB-ab691983-3544-4a0e-8f70-db44d85cb907,6.0
2020-06-18,TeamB-ab691983-3544-4a0e-8f70-db44d85cb907,5.0
2020-06-19,TeamB-ab691983-3544-4a0e-8f70-db44d85cb907,8.0
2020-06-22,TeamB-ab691983-3544-4a0e-8f70-db44d85cb907,7.0
2020-06-23,TeamB-ab691983-3544-4a0e-8f70-db44d85cb907,8.0
2020-06-24,TeamB-ab691983-3544-4a0e-8f70-db44d85cb907,3.0
2020-06-25,TeamB-ab691983-3544-4a0e-8f70-db44d85cb907,7.5
2020-07-07,TeamB-ab691983-3544-4a0e-8f70-db44d85cb907,7.0
2020-07-08,TeamB-ab691983-3544-4a0e-8f70-db44d85cb907,6.0
2020-07-17,TeamB-ab691983-3544-4a0e-8f70-db44d85cb907,8.0
2020-07-18,TeamB-ab691983-3544-4a0e-8f70-db44d85cb907,7.0
2020-07-19,TeamB-ab691983-3544-4a0e-8f70-db44d85cb907,7.0
2020-07-20,TeamB-ab691983-3544-4a0e-8f70-db44d85cb907,8.5
2020-07-21,TeamB-ab691983-3544-4a0e-8f70-db44d85cb907,8.0
2020-07-22,TeamB-ab691983-3544-4a0e-8f70-db44d85cb907,7.0
2020-07-23,TeamB-ab691983-3544-4a0e-8f70-db44d85cb907,9.0
2020-07-24,TeamB-ab691983-3544-4a0e-8f70-db44d85cb907,10.0
2020-07-27,TeamB-ab691983-3544-4a0e-8f70-db44d85cb907,8.0
2020-07-28,TeamB-ab691983-3544-4a0e-8f70-db44d85cb907,8.0
2020-07-29,TeamB-ab691983-3544-4a0e-8f70-db44d85cb907,8.0
2020-07-31,TeamB-ab691983-3544-4a0e-8f70-db44d85cb907,7.5
2020-08-01,TeamB-ab691983-3544-4a0e-8f70-db44d85cb907,8.0
2020-08-02,TeamB-ab691983-3544-4a0e-8f70-db44d85cb907,7.0
2020-08-03,TeamB-ab691983-3544-4a0e-8f70-db44d85cb907,8.0
2020-08-04,TeamB-ab691983-3544-4a0e-8f70-db44d85cb907,10.0
2020-08-05,TeamB-ab691983-3544-4a0e-8f70-db44d85cb907,7.0
2020-08-06,TeamB-ab691983-3544-4a0e-8f70-db44d85cb907,8.5
2020-08-07,TeamB-ab691983-3544-4a0e-8f70-db44d85cb907,9.0
2020-08-08,TeamB-ab691983-3544-4a0e-8f70-db44d85cb907,7.0
2020-08-09,TeamB-ab691983-3544-4a0e-8f70-db44d85cb907,8.5
2020-08-10,TeamB-ab691983-3544-4a0e-8f70-db44d85cb907,7.0
2020-08-11,TeamB-ab691983-3544-4a0e-8f70-db44d85cb907,9.0
2020-08-12,TeamB-ab691983-3544-4a0e-8f70-db44d85cb907,9.0
2020-08-13,TeamB-ab691983-3544-4a0e-8f70-db44d85cb907,8.5
2020-08-14,TeamB-ab691983-3544-4a0e-8f70-db44d85cb907,6.0
2020-08-15,TeamB-ab691983-3544-4a0e-8f70-db44d85cb907,8.0
2020-08-16,TeamB-ab691983-3544-4a0e-8f70-db44d85cb907,9.0
2020-08-17,TeamB-ab691983-3544-4a0e-8f70-db44d85cb907,9.0
2020-08-18,TeamB-ab691983-3544-4a0e-8f70-db44d85cb907,7.5
2020-08-19,TeamB-ab691983-3544-4a0e-8f70-db44d85cb907,8.0
2020-08-20,TeamB-ab691983-3544-4a0e-8f70-db44d85cb907,7.0
2020-08-21,TeamB-ab691983-3544-4a0e-8f70-db44d85cb907,8.5
2020-08-24,TeamB-ab691983-3544-4a0e-8f70-db44d85cb907,8.5
2020-08-25,TeamB-ab691983-3544-4a0e-8f70-db44d85cb907,9.0
2020-08-26,TeamB-ab691983-3544-4a0e-8f70-db44d85cb907,9.0
2020-09-02,TeamB-ab691983-3544-4a0e-8f70-db44d85cb907,9.0
2020-09-03,TeamB-ab691983-3544-4a0e-8f70-db44d85cb907,9.0
2020-09-04,TeamB-ab691983-3544-4a0e-8f70-db44d85cb907,8.0
2020-09-07,TeamB-ab691983-3544-4a0e-8f70-db44d85cb907,9.0
2020-09-08,TeamB-ab691983-3544-4a0e-8f70-db44d85cb907,8.5
2020-09-10,TeamB-ab691983-3544-4a0e-8f70-db44d85cb907,8.5
2020-09-11,TeamB-ab691983-3544-4a0e-8f70-db44d85cb907,9.0
2020-09-12,TeamB-ab691983-3544-4a0e-8f70-db44d85cb907,9.0
2020-09-24,TeamB-ab691983-3544-4a0e-8f70-db44d85cb907,7.5
2020-09-25,TeamB-ab691983-3544-4a0e-8f70-db44d85cb907,9.0
2020-09-26,TeamB-ab691983-3544-4a0e-8f70-db44d85cb907,7.5
2020-09-27,TeamB-ab691983-3544-4a0e-8f70-db44d85cb907,9.0
2020-09-28,TeamB-ab691983-3544-4a0e-8f70-db44d85cb907,7.0
2020-09-29,TeamB-ab691983-3544-4a0e-8f70-db44d85cb907,7.0
2020-10-01,TeamB-ab691983-3544-4a0e-8f70-db44d85cb907,9.0
2020-10-02,TeamB-ab691983-3544-4a0e-8f70-db44d85cb907,7.0
2020-10-04,TeamB-ab691983-3544-4a0e-8f70-db44d85cb907,8.0
2020-10-05,TeamB-ab691983-3544-4a0e-8f70-db44d85cb907,8.5
2020-10-07,TeamB-ab691983-3544-4a0e-8f70-db44d85cb907,8.0
2020-10-08,TeamB-ab691983-3544-4a0e-8f70-db44d85cb907,8.0
2020-10-09,TeamB-ab691983-3544-4a0e-8f70-db44d85cb907,9.0
2020-10-11,TeamB-ab691983-3544-4a0e-8f70-db44d85cb907,6.0
2020-10-13,TeamB-ab691983-3544-4a0e-8f70-db44d85cb907,8.0
2020-10-14,TeamB-ab691983-3544-4a0e-8f70-db44d85cb907,8.0
2020-10-15,TeamB-ab691983-3544-4a0e-8f70-db44d85cb907,9.0
2020-10-17,TeamB-ab691983-3544-4a0e-8f70-db44d85cb907,7.0
2020-10-19,TeamB-ab691983-3544-4a0e-8f70-db44d85cb907,6.0
2020-10-21,TeamB-ab691983-3544-4a0e-8f70-db44d85cb907,9.0
2020-10-22,TeamB-ab691983-3544-4a0e-8f70-db44d85cb907,10.0
2020-10-23,TeamB-ab691983-3544-4a0e-8f70-db44d85cb907,8.0
2020-10-24,TeamB-ab691983-3544-4a0e-8f70-db44d85cb907,8.0
2020-10-25,TeamB-ab691983-3544-4a0e-8f70-db44d85cb907,9.0
2020-10-26,TeamB-ab691983-3544-4a0e-8f70-db44d85cb907,8.5
2020-10-28,TeamB-ab691983-3544-4a0e-8f70-db44d85cb907,5.0
2020-10-29,TeamB-ab691983-3544-4a0e-8f70-db44d85cb907,7.0
2020-10-30,TeamB-ab691983-3544-4a0e-8f70-db44d85cb907,9.0
2020-10-31,TeamB-ab691983-3544-4a0e-8f70-db44d85cb907,8.0
2020-11-02,TeamB-ab691983-3544-4a0e-8f70-db44d85cb907,8.5
2020-11-06,TeamB-ab691983-3544-4a0e-8f70-db44d85cb907,7.0
2020-11-08,TeamB-ab691983-3544-4a0e-8f70-db44d85cb907,8.0
2020-11-10,TeamB-ab691983-3544-4a0e-8f70-db44d85cb907,9.0
2020-11-12,TeamB-ab691983-3544-4a0e-8f70-db44d85cb907,8.0
2020-11-14,TeamB-ab691983-3544-4a0e-8f70-db44d85cb907,9.0
2020-11-17,TeamB-ab691983-3544-4a0e-8f70-db44d85cb907,8.0
2020-11-19,TeamB-ab691983-3544-4a0e-8f70-db44d85cb907,8.0
2020-11-20,TeamB-ab691983-3544-4a0e-8f70-db44d85cb907,8.0
2020-11-22,TeamB-ab691983-3544-4a0e-8f70-db44d85cb907,7.5
2020-11-23,TeamB-ab691983-3544-4a0e-8f70-db44d85cb907,7.0
2020-11-24,TeamB-ab691983-3544-4a0e-8f70-db44d85cb907,10.0
2020-11-26,TeamB-ab691983-3544-4a0e-8f70-db44d85cb907,8.0
2020-12-03,TeamB-ab691983-3544-4a0e-8f70-db44d85cb907,8.0
2020-12-04,TeamB-ab691983-3544-4a0e-8f70-db44d85cb907,7.5
2020-12-08,TeamB-ab691983-3544-4a0e-8f70-db44d85cb907,7.0
2020-12-09,TeamB-ab691983-3544-4a0e-8f70-db44d85cb907,8.0
2021-01-17,TeamB-ab691983-3544-4a0e-8f70-db44d85cb907,10.0
2021-01-18,TeamB-ab691983-3544-4a0e-8f70-db44d85cb907,7.0
2021-01-19,TeamB-ab691983-3544-4a0e-8f70-db44d85cb907,10.0
2021-01-20,TeamB-ab691983-3544-4a0e-8f70-db44d85cb907,6.5
2021-01-21,TeamB-ab691983-3544-4a0e-8f70-db44d85cb907,8.0
2021-01-22,TeamB-ab691983-3544-4a0e-8f70-db44d85cb907,7.0
2021-01-23,TeamB-ab691983-3544-4a0e-8f70-db44d85cb907,8.0
2021-01-24,TeamB-ab691983-3544-4a0e-8f70-db44d85cb907,9.0
2021-01-25,TeamB-ab691983-3544-4a0e-8f70-db44d85cb907,9.0
2021-01-26,TeamB-ab691983-3544-4a0e-8f70-db44d85cb907,8.0
2021-01-27,TeamB-ab691983-3544-4a0e-8f70-db44d85cb907,8.0
2021-01-29,TeamB-ab691983-3544-4a0e-8f70-db44d85cb907,10.0
2021-01-30,TeamB-ab691983-3544-4a0e-8f70-db44d85cb907,8.0
2021-02-01,TeamB-ab691983-3544-4a0e-8f70-db44d85cb907,9.0
2021-02-02,TeamB-ab691983-3544-4a0e-8f70-db44d85cb907,8.0
2021-02-03,TeamB-ab691983-3544-4a0e-8f70-db44d85cb907,8.0
2021-02-04,TeamB-ab691983-3544-4a0e-8f70-db44d85cb907,8.5
2021-02-05,TeamB-ab691983-3544-4a0e-8f70-db44d85cb907,9.0
2021-02-07,TeamB-ab691983-3544-4a0e-8f70-db44d85cb907,8.0
2021-02-08,TeamB-ab691983-3544-4a0e-8f70-db44d85cb907,8.0
2021-02-10,TeamB-ab691983-3544-4a0e-8f70-db44d85cb907,7.0
2021-02-12,TeamB-ab691983-3544-4a0e-8f70-db44d85cb907,7.0
2021-02-14,TeamB-ab691983-3544-4a0e-8f70-db44d85cb907,9.0
2021-02-15,TeamB-ab691983-3544-4a0e-8f70-db44d85cb907,10.0
2021-02-16,TeamB-ab691983-3544-4a0e-8f70-db44d85cb907,8.0
2021-02-20,TeamB-ab691983-3544-4a0e-8f70-db44d85cb907,9.0
2021-02-21,TeamB-ab691983-3544-4a0e-8f70-db44d85cb907,9.0
2021-02-22,TeamB-ab691983-3544-4a0e-8f70-db44d85cb907,6.5
2021-02-23,TeamB-ab691983-3544-4a0e-8f70-db44d85cb907,8.5
2021-02-24,TeamB-ab691983-3544-4a0e-8f70-db44d85cb907,9.0
2021-02-25,TeamB-ab691983-3544-4a0e-8f70-db44d85cb907,8.5
2021-02-26,TeamB-ab691983-3544-4a0e-8f70-db44d85cb907,9.0
2021-03-01,TeamB-ab691983-3544-4a0e-8f70-db44d85cb907,9.0
2021-03-02,TeamB-ab691983-3544-4a0e-8f70-db44d85cb907,8.0
2021-03-04,TeamB-ab691983-3544-4a0e-8f70-db44d85cb907,9.0
2021-03-05,TeamB-ab691983-3544-4a0e-8f70-db44d85cb907,9.0
2021-03-06,TeamB-ab691983-3544-4a0e-8f70-db44d85cb907,6.0
2021-03-08,TeamB-ab691983-3544-4a0e-8f70-db44d85cb907,7.0
2021-03-09,TeamB-ab691983-3544-4a0e-8f70-db44d85cb907,10.0
2021-03-11,TeamB-ab691983-3544-4a0e-8f70-db44d85cb907,8.0
2021-03-12,TeamB-ab691983-3544-4a0e-8f70-db44d85cb907,9.0
2021-03-15,TeamB-ab691983-3544-4a0e-8f70-db44d85cb907,9.0
2021-03-18,TeamB-ab691983-3544-4a0e-8f70-db44d85cb907,7.0
2021-03-19,TeamB-ab691983-3544-4a0e-8f70-db44d85cb907,8.0
2021-03-20,TeamB-ab691983-3544-4a0e-8f70-db44d85cb907,6.0
2021-03-22,TeamB-ab691983-3544-4a0e-8f70-db44d85cb907,8.0
2021-03-23,TeamB-ab691983-3544-4a0e-8f70-db44d85cb907,8.0
2021-03-25,TeamB-ab691983-3544-4a0e-8f70-db44d85cb907,9.0
2021-03-27,TeamB-ab691983-3544-4a0e-8f70-db44d85cb907,8.0
2021-03-29,TeamB-ab691983-3544-4a0e-8f70-db44d85cb907,9.0
2021-03-30,TeamB-ab691983-3544-4a0e-8f70-db44d85cb907,8.5
2021-04-09,TeamB-ab691983-3544-4a0e-8f70-db44d85cb907,9.0
2021-04-10,TeamB-ab691983-3544-4a0e-8f70-db44d85cb907,8.0
2021-04-12,TeamB-ab691983-3544-4a0e-8f70-db44d85cb907,9.0
2021-04-16,TeamB-ab691983-3544-4a0e-8f70-db44d85cb907,10.0
2021-04-17,TeamB-ab691983-3544-4a0e-8f70-db44d85cb907,9.0
2021-04-19,TeamB-ab691983-3544-4a0e-8f70-db44d85cb907,9.0
2021-04-20,TeamB-ab691983-3544-4a0e-8f70-db44d85cb907,8.0
2021-04-21,TeamB-ab691983-3544-4a0e-8f70-db44d85cb907,7.0
2021-04-22,TeamB-ab691983-3544-4a0e-8f70-db44d85cb907,9.0
2021-04-26,TeamB-ab691983-3544-4a0e-8f70-db44d85cb907,10.0
2021-04-27,TeamB-ab691983-3544-4a0e-8f70-db44d85cb907,8.0
2021-04-30,TeamB-ab691983-3544-4a0e-8f70-db44d85cb907,8.0
2021-05-06,TeamB-ab691983-3544-4a0e-8f70-db44d85cb907,8.0
2021-05-09,TeamB-ab691983-3544-4a0e-8f70-db44d85cb907,9.0
2021-05-10,TeamB-ab691983-3544-4a0e-8f70-db44d85cb907,7.5
2021-05-11,TeamB-ab691983-3544-4a0e-8f70-db44d85cb907,9.0
2021-05-12,TeamB-ab691983-3544-4a0e-8f70-db44d85cb907,8.0
2021-05-14,TeamB-ab691983-3544-4a0e-8f70-db44d85cb907,8.0
2021-05-15,TeamB-ab691983-3544-4a0e-8f70-db44d85cb907,9.0
2021-05-21,TeamB-ab691983-3544-4a0e-8f70-db44d85cb907,8.0
2021-05-23,TeamB-ab691983-3544-4a0e-8f70-db44d85cb907,10.0
2021-05-24,TeamB-ab691983-3544-4a0e-8f70-db44d85cb907,9.0
2021-05-25,TeamB-ab691983-3544-4a0e-8f70-db44d85cb907,8.0
2021-05-28,TeamB-ab691983-3544-4a0e-8f70-db44d85cb907,9.0
2021-05-29,TeamB-ab691983-3544-4a0e-8f70-db44d85cb907,9.0
2021-05-31,TeamB-ab691983-3544-4a0e-8f70-db44d85cb907,8.0
2021-06-01,TeamB-ab691983-3544-4a0e-8f70-db44d85cb907,9.0
2021-06-04,TeamB-ab691983-3544-4a0e-8f70-db44d85cb907,9.0
2021-06-05,TeamB-ab691983-3544-4a0e-8f70-db44d85cb907,8.0
2021-06-18,TeamB-ab691983-3544-4a0e-8f70-db44d85cb907,9.0
2021-06-21,TeamB-ab691983-3544-4a0e-8f70-db44d85cb907,8.0
2021-06-23,TeamB-ab691983-3544-4a0e-8f70-db44d85cb907,9.0
2021-06-26,TeamB-ab691983-3544-4a0e-8f70-db44d85cb907,9.0
2021-06-30,TeamB-ab691983-3544-4a0e-8f70-db44d85cb907,9.0
2021-07-01,TeamB-ab691983-3544-4a0e-8f70-db44d85cb907,6.0
2021-07-03,TeamB-ab691983-3544-4a0e-8f70-db44d85cb907,8.0
2021-07-06,TeamB-ab691983-3544-4a0e-8f70-db44d85cb907,8.0
2021-07-10,TeamB-ab691983-3544-4a0e-8f70-db44d85cb907,8.0
2021-07-11,TeamB-ab691983-3544-4a0e-8f70-db44d85cb907,8.0
2021-07-13,TeamB-ab691983-3544-4a0e-8f70-db44d85cb907,9.0
2021-08-03,TeamB-ab691983-3544-4a0e-8f70-db44d85cb907,9.0
2021-08-04,TeamB-ab691983-3544-4a0e-8f70-db44d85cb907,9.0
2021-08-05,TeamB-ab691983-3544-4a0e-8f70-db44d85cb907,7.0
2021-08-06,TeamB-ab691983-3544-4a0e-8f70-db44d85cb907,9.0
2021-08-07,TeamB-ab691983-3544-4a0e-8f70-db44d85cb907,9.0
2021-08-08,TeamB-ab691983-3544-4a0e-8f70-db44d85cb907,7.0
2021-08-10,TeamB-ab691983-3544-4a0e-8f70-db44d85cb907,8.0
2021-08-11,TeamB-ab691983-3544-4a0e-8f70-db44d85cb907,9.0
2021-08-12,TeamB-ab691983-3544-4a0e-8f70-db44d85cb907,9.0
2021-08-13,TeamB-ab691983-3544-4a0e-8f70-db44d85cb907,6.0
2021-08-14,TeamB-ab691983-3544-4a0e-8f70-db44d85cb907,8.0
2021-08-15,TeamB-ab691983-3544-4a0e-8f70-db44d85cb907,9.0
2021-08-18,TeamB-ab691983-3544-4a0e-8f70-db44d85cb907,7.0
2021-08-19,TeamB-ab691983-3544-4a0e-8f70-db44d85cb907,7.0
2021-08-20,TeamB-ab691983-3544-4a0e-8f70-db44d85cb907,8.0
2021-08-22,TeamB-ab691983-3544-4a0e-8f70-db44d85cb907,4.5
2021-08-23,TeamB-ab691983-3544-4a0e-8f70-db44d85cb907,10.0
2021-08-24,TeamB-ab691983-3544-4a0e-8f70-db44d85cb907,9.0
2021-08-25,TeamB-ab691983-3544-4a0e-8f70-db44d85cb907,8.0
2021-08-26,TeamB-ab691983-3544-4a0e-8f70-db44d85cb907,9.0
2021-08-28,TeamB-ab691983-3544-4a0e-8f70-db44d85cb907,9.0
2021-08-30,TeamB-ab691983-3544-4a0e-8f70-db44d85cb907,9.0
2021-09-03,TeamB-ab691983-3544-4a0e-8f70-db44d85cb907,7.0
2021-09-05,TeamB-ab691983-3544-4a0e-8f70-db44d85cb907,7.0
2021-09-07,TeamB-ab691983-3544-4a0e-8f70-db44d85cb907,8.0
2021-09-08,TeamB-ab691983-3544-4a0e-8f70-db44d85cb907,9.0
2021-09-09,TeamB-ab691983-3544-4a0e-8f70-db44d85cb907,4.0
2021-09-10,TeamB-ab691983-3544-4a0e-8f70-db44d85cb907,9.0
2021-09-11,TeamB-ab691983-3544-4a0e-8f70-db44d85cb907,7.0
2021-09-29,TeamB-ab691983-3544-4a0e-8f70-db44d85cb907,9.0
2021-10-01,TeamB-ab691983-3544-4a0e-8f70-db44d85cb907,8.0
2021-10-05,TeamB-ab691983-3544-4a0e-8f70-db44d85cb907,9.0
2021-10-09,TeamB-ab691983-3544-4a0e-8f70-db44d85cb907,8.0
2021-10-12,TeamB-ab691983-3544-4a0e-8f70-db44d85cb907,6.0
2021-10-13,TeamB-ab691983-3544-4a0e-8f70-db44d85cb907,7.0
2021-10-15,TeamB-ab691983-3544-4a0e-8f70-db44d85cb907,8.0
2021-10-16,TeamB-ab691983-3544-4a0e-8f70-db44d85cb907,6.0
2021-10-17,TeamB-ab691983-3544-4a0e-8f70-db44d85cb907,8.0
2021-10-29,TeamB-ab691983-3544-4a0e-8f70-db44d85cb907,8.5
2021-11-03,TeamB-ab691983-3544-4a0e-8f70-db44d85cb907,5.0
2020-01-09,TeamB-afc13e53-2c77-48cb-8a78-743663bbb84f,8.0
2020-01-10,TeamB-afc13e53-2c77-48cb-8a78-743663bbb84f,8.0
2020-01-11,TeamB-afc13e53-2c77-48cb-8a78-743663bbb84f,9.0
2020-01-12,TeamB-afc13e53-2c77-48cb-8a78-743663bbb84f,9.0
2020-01-13,TeamB-afc13e53-2c77-48cb-8a78-743663bbb84f,7.5
2020-01-14,TeamB-afc13e53-2c77-48cb-8a78-743663bbb84f,7.0
2020-01-15,TeamB-afc13e53-2c77-48cb-8a78-743663bbb84f,6.5
2020-01-16,TeamB-afc13e53-2c77-48cb-8a78-743663bbb84f,7.0
2020-01-17,TeamB-afc13e53-2c77-48cb-8a78-743663bbb84f,7.0
2020-01-18,TeamB-afc13e53-2c77-48cb-8a78-743663bbb84f,9.0
2020-01-19,TeamB-afc13e53-2c77-48cb-8a78-743663bbb84f,7.5
2020-01-20,TeamB-afc13e53-2c77-48cb-8a78-743663bbb84f,7.5
2020-01-21,TeamB-afc13e53-2c77-48cb-8a78-743663bbb84f,8.0
2020-01-22,TeamB-afc13e53-2c77-48cb-8a78-743663bbb84f,7.5
2020-01-23,TeamB-afc13e53-2c77-48cb-8a78-743663bbb84f,8.5
2020-01-24,TeamB-afc13e53-2c77-48cb-8a78-743663bbb84f,8.5
2020-01-25,TeamB-afc13e53-2c77-48cb-8a78-743663bbb84f,8.0
2020-01-26,TeamB-afc13e53-2c77-48cb-8a78-743663bbb84f,8.5
2020-01-27,TeamB-afc13e53-2c77-48cb-8a78-743663bbb84f,7.5
2020-01-28,TeamB-afc13e53-2c77-48cb-8a78-743663bbb84f,7.5
2020-01-29,TeamB-afc13e53-2c77-48cb-8a78-743663bbb84f,7.0
2020-01-30,TeamB-afc13e53-2c77-48cb-8a78-743663bbb84f,7.0
2020-01-31,TeamB-afc13e53-2c77-48cb-8a78-743663bbb84f,8.0
2020-02-01,TeamB-afc13e53-2c77-48cb-8a78-743663bbb84f,9.0
2020-02-02,TeamB-afc13e53-2c77-48cb-8a78-743663bbb84f,9.0
2020-02-03,TeamB-afc13e53-2c77-48cb-8a78-743663bbb84f,7.5
2020-02-04,TeamB-afc13e53-2c77-48cb-8a78-743663bbb84f,4.5
2020-02-05,TeamB-afc13e53-2c77-48cb-8a78-743663bbb84f,7.5
2020-02-06,TeamB-afc13e53-2c77-48cb-8a78-743663bbb84f,7.0
2020-02-07,TeamB-afc13e53-2c77-48cb-8a78-743663bbb84f,8.5
2020-02-08,TeamB-afc13e53-2c77-48cb-8a78-743663bbb84f,8.5
2020-02-09,TeamB-afc13e53-2c77-48cb-8a78-743663bbb84f,7.5
2020-02-10,TeamB-afc13e53-2c77-48cb-8a78-743663bbb84f,7.5
2020-02-11,TeamB-afc13e53-2c77-48cb-8a78-743663bbb84f,7.5
2020-02-12,TeamB-afc13e53-2c77-48cb-8a78-743663bbb84f,8.0
2020-02-13,TeamB-afc13e53-2c77-48cb-8a78-743663bbb84f,9.0
2020-02-15,TeamB-afc13e53-2c77-48cb-8a78-743663bbb84f,8.0
2020-02-16,TeamB-afc13e53-2c77-48cb-8a78-743663bbb84f,8.5
2020-02-17,TeamB-afc13e53-2c77-48cb-8a78-743663bbb84f,8.0
2020-02-18,TeamB-afc13e53-2c77-48cb-8a78-743663bbb84f,8.0
2020-02-19,TeamB-afc13e53-2c77-48cb-8a78-743663bbb84f,8.0
2020-02-20,TeamB-afc13e53-2c77-48cb-8a78-743663bbb84f,8.0
2020-02-21,TeamB-afc13e53-2c77-48cb-8a78-743663bbb84f,8.5
2020-02-22,TeamB-afc13e53-2c77-48cb-8a78-743663bbb84f,4.0
2020-02-23,TeamB-afc13e53-2c77-48cb-8a78-743663bbb84f,9.0
2020-02-24,TeamB-afc13e53-2c77-48cb-8a78-743663bbb84f,8.5
2020-02-25,TeamB-afc13e53-2c77-48cb-8a78-743663bbb84f,7.0
2020-02-26,TeamB-afc13e53-2c77-48cb-8a78-743663bbb84f,8.0
2020-02-27,TeamB-afc13e53-2c77-48cb-8a78-743663bbb84f,8.0
2020-02-28,TeamB-afc13e53-2c77-48cb-8a78-743663bbb84f,6.5
2020-02-29,TeamB-afc13e53-2c77-48cb-8a78-743663bbb84f,8.0
2020-03-01,TeamB-afc13e53-2c77-48cb-8a78-743663bbb84f,9.0
2020-03-02,TeamB-afc13e53-2c77-48cb-8a78-743663bbb84f,8.5
2020-03-03,TeamB-afc13e53-2c77-48cb-8a78-743663bbb84f,9.0
2020-03-04,TeamB-afc13e53-2c77-48cb-8a78-743663bbb84f,8.5
2020-03-05,TeamB-afc13e53-2c77-48cb-8a78-743663bbb84f,8.5
2020-03-06,TeamB-afc13e53-2c77-48cb-8a78-743663bbb84f,8.5
2020-03-07,TeamB-afc13e53-2c77-48cb-8a78-743663bbb84f,8.0
2020-03-08,TeamB-afc13e53-2c77-48cb-8a78-743663bbb84f,8.0
2020-03-09,TeamB-afc13e53-2c77-48cb-8a78-743663bbb84f,8.0
2020-03-10,TeamB-afc13e53-2c77-48cb-8a78-743663bbb84f,8.5
2020-03-11,TeamB-afc13e53-2c77-48cb-8a78-743663bbb84f,8.0
2020-03-12,TeamB-afc13e53-2c77-48cb-8a78-743663bbb84f,4.0
2020-03-13,TeamB-afc13e53-2c77-48cb-8a78-743663bbb84f,8.5
2020-03-14,TeamB-afc13e53-2c77-48cb-8a78-743663bbb84f,9.0
2020-03-15,TeamB-afc13e53-2c77-48cb-8a78-743663bbb84f,9.0
2020-03-16,TeamB-afc13e53-2c77-48cb-8a78-743663bbb84f,9.0
2020-03-17,TeamB-afc13e53-2c77-48cb-8a78-743663bbb84f,9.0
2020-03-18,TeamB-afc13e53-2c77-48cb-8a78-743663bbb84f,9.0
2020-03-19,TeamB-afc13e53-2c77-48cb-8a78-743663bbb84f,8.5
2020-03-20,TeamB-afc13e53-2c77-48cb-8a78-743663bbb84f,9.0
2020-03-21,TeamB-afc13e53-2c77-48cb-8a78-743663bbb84f,8.0
2020-03-22,TeamB-afc13e53-2c77-48cb-8a78-743663bbb84f,8.5
2020-03-23,TeamB-afc13e53-2c77-48cb-8a78-743663bbb84f,8.0
2020-03-24,TeamB-afc13e53-2c77-48cb-8a78-743663bbb84f,7.0
2020-03-25,TeamB-afc13e53-2c77-48cb-8a78-743663bbb84f,8.0
2020-03-26,TeamB-afc13e53-2c77-48cb-8a78-743663bbb84f,8.0
2020-03-27,TeamB-afc13e53-2c77-48cb-8a78-743663bbb84f,5.0
2020-03-28,TeamB-afc13e53-2c77-48cb-8a78-743663bbb84f,9.0
2020-03-29,TeamB-afc13e53-2c77-48cb-8a78-743663bbb84f,10.0
2020-03-30,TeamB-afc13e53-2c77-48cb-8a78-743663bbb84f,8.0
2020-03-31,TeamB-afc13e53-2c77-48cb-8a78-743663bbb84f,8.5
2020-04-01,TeamB-afc13e53-2c77-48cb-8a78-743663bbb84f,8.0
2020-04-02,TeamB-afc13e53-2c77-48cb-8a78-743663bbb84f,8.0
2020-04-03,TeamB-afc13e53-2c77-48cb-8a78-743663bbb84f,8.5
2020-04-04,TeamB-afc13e53-2c77-48cb-8a78-743663bbb84f,9.0
2020-04-05,TeamB-afc13e53-2c77-48cb-8a78-743663bbb84f,7.5
2020-04-06,TeamB-afc13e53-2c77-48cb-8a78-743663bbb84f,8.5
2020-04-07,TeamB-afc13e53-2c77-48cb-8a78-743663bbb84f,8.5
2020-04-08,TeamB-afc13e53-2c77-48cb-8a78-743663bbb84f,8.0
2020-04-09,TeamB-afc13e53-2c77-48cb-8a78-743663bbb84f,8.0
2020-04-10,TeamB-afc13e53-2c77-48cb-8a78-743663bbb84f,8.5
2020-04-11,TeamB-afc13e53-2c77-48cb-8a78-743663bbb84f,8.0
2020-04-12,TeamB-afc13e53-2c77-48cb-8a78-743663bbb84f,9.0
2020-04-13,TeamB-afc13e53-2c77-48cb-8a78-743663bbb84f,7.5
2020-04-14,TeamB-afc13e53-2c77-48cb-8a78-743663bbb84f,8.0
2020-04-15,TeamB-afc13e53-2c77-48cb-8a78-743663bbb84f,7.5
2020-04-16,TeamB-afc13e53-2c77-48cb-8a78-743663bbb84f,7.5
2020-04-17,TeamB-afc13e53-2c77-48cb-8a78-743663bbb84f,7.5
2020-04-19,TeamB-afc13e53-2c77-48cb-8a78-743663bbb84f,8.0
2020-04-20,TeamB-afc13e53-2c77-48cb-8a78-743663bbb84f,9.0
2020-04-22,TeamB-afc13e53-2c77-48cb-8a78-743663bbb84f,6.5
2020-04-23,TeamB-afc13e53-2c77-48cb-8a78-743663bbb84f,7.5
2020-04-24,TeamB-afc13e53-2c77-48cb-8a78-743663bbb84f,9.0
2020-04-26,TeamB-afc13e53-2c77-48cb-8a78-743663bbb84f,7.5
2020-04-27,TeamB-afc13e53-2c77-48cb-8a78-743663bbb84f,8.5
2020-04-28,TeamB-afc13e53-2c77-48cb-8a78-743663bbb84f,8.0
2020-04-29,TeamB-afc13e53-2c77-48cb-8a78-743663bbb84f,7.0
2020-04-30,TeamB-afc13e53-2c77-48cb-8a78-743663bbb84f,7.0
2020-05-01,TeamB-afc13e53-2c77-48cb-8a78-743663bbb84f,8.0
2020-05-02,TeamB-afc13e53-2c77-48cb-8a78-743663bbb84f,9.0
2020-05-03,TeamB-afc13e53-2c77-48cb-8a78-743663bbb84f,9.0
2020-05-04,TeamB-afc13e53-2c77-48cb-8a78-743663bbb84f,8.5
2020-05-05,TeamB-afc13e53-2c77-48cb-8a78-743663bbb84f,7.0
2020-05-06,TeamB-afc13e53-2c77-48cb-8a78-743663bbb84f,8.5
2020-05-07,TeamB-afc13e53-2c77-48cb-8a78-743663bbb84f,9.0
2020-05-09,TeamB-afc13e53-2c77-48cb-8a78-743663bbb84f,8.5
2020-05-10,TeamB-afc13e53-2c77-48cb-8a78-743663bbb84f,10.0
2020-05-11,TeamB-afc13e53-2c77-48cb-8a78-743663bbb84f,7.5
2020-05-13,TeamB-afc13e53-2c77-48cb-8a78-743663bbb84f,8.5
2020-05-14,TeamB-afc13e53-2c77-48cb-8a78-743663bbb84f,10.0
2020-05-15,TeamB-afc13e53-2c77-48cb-8a78-743663bbb84f,8.5
2020-05-16,TeamB-afc13e53-2c77-48cb-8a78-743663bbb84f,8.5
2020-05-17,TeamB-afc13e53-2c77-48cb-8a78-743663bbb84f,8.5
2020-05-18,TeamB-afc13e53-2c77-48cb-8a78-743663bbb84f,8.0
2020-05-19,TeamB-afc13e53-2c77-48cb-8a78-743663bbb84f,8.5
2020-05-20,TeamB-afc13e53-2c77-48cb-8a78-743663bbb84f,8.5
2020-05-21,TeamB-afc13e53-2c77-48cb-8a78-743663bbb84f,9.0
2020-05-22,TeamB-afc13e53-2c77-48cb-8a78-743663bbb84f,9.0
2020-05-23,TeamB-afc13e53-2c77-48cb-8a78-743663bbb84f,7.5
2020-05-24,TeamB-afc13e53-2c77-48cb-8a78-743663bbb84f,8.5
2020-05-25,TeamB-afc13e53-2c77-48cb-8a78-743663bbb84f,7.0
2020-05-26,TeamB-afc13e53-2c77-48cb-8a78-743663bbb84f,8.0
2020-05-27,TeamB-afc13e53-2c77-48cb-8a78-743663bbb84f,9.0
2020-05-28,TeamB-afc13e53-2c77-48cb-8a78-743663bbb84f,4.0
2020-05-29,TeamB-afc13e53-2c77-48cb-8a78-743663bbb84f,6.5
2020-05-31,TeamB-afc13e53-2c77-48cb-8a78-743663bbb84f,8.0
2020-06-01,TeamB-afc13e53-2c77-48cb-8a78-743663bbb84f,8.0
2020-06-02,TeamB-afc13e53-2c77-48cb-8a78-743663bbb84f,8.5
2020-06-03,TeamB-afc13e53-2c77-48cb-8a78-743663bbb84f,9.0
2020-06-04,TeamB-afc13e53-2c77-48cb-8a78-743663bbb84f,8.5
2020-06-05,TeamB-afc13e53-2c77-48cb-8a78-743663bbb84f,8.0
2020-06-06,TeamB-afc13e53-2c77-48cb-8a78-743663bbb84f,8.0
2020-06-07,TeamB-afc13e53-2c77-48cb-8a78-743663bbb84f,10.0
2020-06-08,TeamB-afc13e53-2c77-48cb-8a78-743663bbb84f,8.0
2020-06-09,TeamB-afc13e53-2c77-48cb-8a78-743663bbb84f,8.0
2020-06-10,TeamB-afc13e53-2c77-48cb-8a78-743663bbb84f,6.5
2020-06-11,TeamB-afc13e53-2c77-48cb-8a78-743663bbb84f,9.0
2020-06-12,TeamB-afc13e53-2c77-48cb-8a78-743663bbb84f,7.0
2020-06-13,TeamB-afc13e53-2c77-48cb-8a78-743663bbb84f,8.0
2020-06-14,TeamB-afc13e53-2c77-48cb-8a78-743663bbb84f,9.0
2020-06-15,TeamB-afc13e53-2c77-48cb-8a78-743663bbb84f,6.0
2020-06-16,TeamB-afc13e53-2c77-48cb-8a78-743663bbb84f,9.0
2020-06-17,TeamB-afc13e53-2c77-48cb-8a78-743663bbb84f,7.5
2020-06-18,TeamB-afc13e53-2c77-48cb-8a78-743663bbb84f,8.0
2020-06-19,TeamB-afc13e53-2c77-48cb-8a78-743663bbb84f,8.0
2020-06-20,TeamB-afc13e53-2c77-48cb-8a78-743663bbb84f,6.5
2020-06-21,TeamB-afc13e53-2c77-48cb-8a78-743663bbb84f,8.0
2020-06-22,TeamB-afc13e53-2c77-48cb-8a78-743663bbb84f,8.0
2020-06-23,TeamB-afc13e53-2c77-48cb-8a78-743663bbb84f,8.5
2020-06-24,TeamB-afc13e53-2c77-48cb-8a78-743663bbb84f,7.0
2020-06-25,TeamB-afc13e53-2c77-48cb-8a78-743663bbb84f,7.5
2020-06-26,TeamB-afc13e53-2c77-48cb-8a78-743663bbb84f,7.0
2020-06-27,TeamB-afc13e53-2c77-48cb-8a78-743663bbb84f,7.0
2020-06-28,TeamB-afc13e53-2c77-48cb-8a78-743663bbb84f,8.0
2020-06-29,TeamB-afc13e53-2c77-48cb-8a78-743663bbb84f,8.0
2020-06-30,TeamB-afc13e53-2c77-48cb-8a78-743663bbb84f,8.0
2020-07-01,TeamB-afc13e53-2c77-48cb-8a78-743663bbb84f,8.0
2020-07-02,TeamB-afc13e53-2c77-48cb-8a78-743663bbb84f,7.0
2020-07-03,TeamB-afc13e53-2c77-48cb-8a78-743663bbb84f,7.0
2020-07-04,TeamB-afc13e53-2c77-48cb-8a78-743663bbb84f,9.0
2020-07-05,TeamB-afc13e53-2c77-48cb-8a78-743663bbb84f,8.0
2020-07-06,TeamB-afc13e53-2c77-48cb-8a78-743663bbb84f,9.0
2020-07-07,TeamB-afc13e53-2c77-48cb-8a78-743663bbb84f,7.0
2020-07-08,TeamB-afc13e53-2c77-48cb-8a78-743663bbb84f,8.0
2020-07-09,TeamB-afc13e53-2c77-48cb-8a78-743663bbb84f,8.0
2020-07-10,TeamB-afc13e53-2c77-48cb-8a78-743663bbb84f,8.5
2020-07-11,TeamB-afc13e53-2c77-48cb-8a78-743663bbb84f,7.5
2020-07-12,TeamB-afc13e53-2c77-48cb-8a78-743663bbb84f,8.0
2020-07-13,TeamB-afc13e53-2c77-48cb-8a78-743663bbb84f,8.5
2020-07-14,TeamB-afc13e53-2c77-48cb-8a78-743663bbb84f,8.5
2020-07-15,TeamB-afc13e53-2c77-48cb-8a78-743663bbb84f,8.0
2020-07-16,TeamB-afc13e53-2c77-48cb-8a78-743663bbb84f,7.5
2020-07-17,TeamB-afc13e53-2c77-48cb-8a78-743663bbb84f,8.0
2020-07-18,TeamB-afc13e53-2c77-48cb-8a78-743663bbb84f,8.0
2020-07-19,TeamB-afc13e53-2c77-48cb-8a78-743663bbb84f,8.5
2020-07-20,TeamB-afc13e53-2c77-48cb-8a78-743663bbb84f,7.5
2020-07-21,TeamB-afc13e53-2c77-48cb-8a78-743663bbb84f,8.5
2020-07-22,TeamB-afc13e53-2c77-48cb-8a78-743663bbb84f,9.0
2020-07-23,TeamB-afc13e53-2c77-48cb-8a78-743663bbb84f,8.0
2020-07-24,TeamB-afc13e53-2c77-48cb-8a78-743663bbb84f,8.0
2020-07-25,TeamB-afc13e53-2c77-48cb-8a78-743663bbb84f,9.0
2020-07-26,TeamB-afc13e53-2c77-48cb-8a78-743663bbb84f,8.0
2020-07-27,TeamB-afc13e53-2c77-48cb-8a78-743663bbb84f,8.0
2020-07-28,TeamB-afc13e53-2c77-48cb-8a78-743663bbb84f,8.5
2020-07-29,TeamB-afc13e53-2c77-48cb-8a78-743663bbb84f,7.0
2020-07-30,TeamB-afc13e53-2c77-48cb-8a78-743663bbb84f,9.0
2020-07-31,TeamB-afc13e53-2c77-48cb-8a78-743663bbb84f,7.5
2020-08-01,TeamB-afc13e53-2c77-48cb-8a78-743663bbb84f,8.0
2020-08-02,TeamB-afc13e53-2c77-48cb-8a78-743663bbb84f,9.0
2020-08-03,TeamB-afc13e53-2c77-48cb-8a78-743663bbb84f,7.5
2020-08-04,TeamB-afc13e53-2c77-48cb-8a78-743663bbb84f,8.5
2020-08-05,TeamB-afc13e53-2c77-48cb-8a78-743663bbb84f,8.0
2020-08-06,TeamB-afc13e53-2c77-48cb-8a78-743663bbb84f,8.5
2020-08-07,TeamB-afc13e53-2c77-48cb-8a78-743663bbb84f,8.0
2020-08-08,TeamB-afc13e53-2c77-48cb-8a78-743663bbb84f,8.0
2020-08-09,TeamB-afc13e53-2c77-48cb-8a78-743663bbb84f,8.5
2020-08-10,TeamB-afc13e53-2c77-48cb-8a78-743663bbb84f,8.0
2020-08-11,TeamB-afc13e53-2c77-48cb-8a78-743663bbb84f,8.5
2020-08-12,TeamB-afc13e53-2c77-48cb-8a78-743663bbb84f,7.0
2020-08-13,TeamB-afc13e53-2c77-48cb-8a78-743663bbb84f,7.0
2020-08-14,TeamB-afc13e53-2c77-48cb-8a78-743663bbb84f,7.0
2020-08-15,TeamB-afc13e53-2c77-48cb-8a78-743663bbb84f,7.5
2020-08-16,TeamB-afc13e53-2c77-48cb-8a78-743663bbb84f,8.5
2020-08-17,TeamB-afc13e53-2c77-48cb-8a78-743663bbb84f,7.0
2020-08-18,TeamB-afc13e53-2c77-48cb-8a78-743663bbb84f,8.5
2020-08-19,TeamB-afc13e53-2c77-48cb-8a78-743663bbb84f,7.5
2020-08-20,TeamB-afc13e53-2c77-48cb-8a78-743663bbb84f,8.0
2020-08-21,TeamB-afc13e53-2c77-48cb-8a78-743663bbb84f,7.0
2020-08-22,TeamB-afc13e53-2c77-48cb-8a78-743663bbb84f,9.0
2020-08-23,TeamB-afc13e53-2c77-48cb-8a78-743663bbb84f,9.0
2020-08-24,TeamB-afc13e53-2c77-48cb-8a78-743663bbb84f,7.0
2020-08-25,TeamB-afc13e53-2c77-48cb-8a78-743663bbb84f,7.0
2020-08-26,TeamB-afc13e53-2c77-48cb-8a78-743663bbb84f,7.5
2020-08-27,TeamB-afc13e53-2c77-48cb-8a78-743663bbb84f,7.5
2020-08-29,TeamB-afc13e53-2c77-48cb-8a78-743663bbb84f,7.5
2020-08-30,TeamB-afc13e53-2c77-48cb-8a78-743663bbb84f,8.0
2020-09-01,TeamB-afc13e53-2c77-48cb-8a78-743663bbb84f,8.0
2020-09-02,TeamB-afc13e53-2c77-48cb-8a78-743663bbb84f,8.5
2020-09-03,TeamB-afc13e53-2c77-48cb-8a78-743663bbb84f,8.0
2020-09-04,TeamB-afc13e53-2c77-48cb-8a78-743663bbb84f,8.0
2020-09-05,TeamB-afc13e53-2c77-48cb-8a78-743663bbb84f,7.5
2020-09-06,TeamB-afc13e53-2c77-48cb-8a78-743663bbb84f,10.0
2020-09-07,TeamB-afc13e53-2c77-48cb-8a78-743663bbb84f,9.0
2020-09-08,TeamB-afc13e53-2c77-48cb-8a78-743663bbb84f,7.5
2020-09-09,TeamB-afc13e53-2c77-48cb-8a78-743663bbb84f,8.0
2020-09-11,TeamB-afc13e53-2c77-48cb-8a78-743663bbb84f,8.0
2020-09-12,TeamB-afc13e53-2c77-48cb-8a78-743663bbb84f,8.5
2020-09-13,TeamB-afc13e53-2c77-48cb-8a78-743663bbb84f,10.0
2020-09-14,TeamB-afc13e53-2c77-48cb-8a78-743663bbb84f,8.0
2020-09-16,TeamB-afc13e53-2c77-48cb-8a78-743663bbb84f,8.5
2020-09-18,TeamB-afc13e53-2c77-48cb-8a78-743663bbb84f,9.0
2020-09-21,TeamB-afc13e53-2c77-48cb-8a78-743663bbb84f,8.0
2020-09-22,TeamB-afc13e53-2c77-48cb-8a78-743663bbb84f,8.0
2020-09-24,TeamB-afc13e53-2c77-48cb-8a78-743663bbb84f,7.5
2020-09-25,TeamB-afc13e53-2c77-48cb-8a78-743663bbb84f,7.0
2020-09-26,TeamB-afc13e53-2c77-48cb-8a78-743663bbb84f,8.0
2020-09-27,TeamB-afc13e53-2c77-48cb-8a78-743663bbb84f,9.0
2020-09-28,TeamB-afc13e53-2c77-48cb-8a78-743663bbb84f,8.5
2020-09-29,TeamB-afc13e53-2c77-48cb-8a78-743663bbb84f,8.5
2020-09-30,TeamB-afc13e53-2c77-48cb-8a78-743663bbb84f,8.0
2020-10-02,TeamB-afc13e53-2c77-48cb-8a78-743663bbb84f,8.0
2020-10-03,TeamB-afc13e53-2c77-48cb-8a78-743663bbb84f,7.0
2020-10-04,TeamB-afc13e53-2c77-48cb-8a78-743663bbb84f,8.5
2020-10-05,TeamB-afc13e53-2c77-48cb-8a78-743663bbb84f,9.0
2020-10-06,TeamB-afc13e53-2c77-48cb-8a78-743663bbb84f,8.0
2020-10-07,TeamB-afc13e53-2c77-48cb-8a78-743663bbb84f,8.5
2020-10-08,TeamB-afc13e53-2c77-48cb-8a78-743663bbb84f,8.0
2020-10-09,TeamB-afc13e53-2c77-48cb-8a78-743663bbb84f,7.0
2020-10-10,TeamB-afc13e53-2c77-48cb-8a78-743663bbb84f,8.5
2020-10-11,TeamB-afc13e53-2c77-48cb-8a78-743663bbb84f,7.5
2020-10-12,TeamB-afc13e53-2c77-48cb-8a78-743663bbb84f,7.0
2020-10-13,TeamB-afc13e53-2c77-48cb-8a78-743663bbb84f,8.5
2020-10-14,TeamB-afc13e53-2c77-48cb-8a78-743663bbb84f,7.0
2020-10-15,TeamB-afc13e53-2c77-48cb-8a78-743663bbb84f,7.5
2020-10-16,TeamB-afc13e53-2c77-48cb-8a78-743663bbb84f,7.0
2020-10-17,TeamB-afc13e53-2c77-48cb-8a78-743663bbb84f,8.0
2020-10-18,TeamB-afc13e53-2c77-48cb-8a78-743663bbb84f,9.0
2020-10-19,TeamB-afc13e53-2c77-48cb-8a78-743663bbb84f,8.0
2020-10-20,TeamB-afc13e53-2c77-48cb-8a78-743663bbb84f,8.0
2020-10-21,TeamB-afc13e53-2c77-48cb-8a78-743663bbb84f,8.5
2020-10-22,TeamB-afc13e53-2c77-48cb-8a78-743663bbb84f,8.0
2020-10-23,TeamB-afc13e53-2c77-48cb-8a78-743663bbb84f,8.5
2020-10-24,TeamB-afc13e53-2c77-48cb-8a78-743663bbb84f,8.0
2020-10-25,TeamB-afc13e53-2c77-48cb-8a78-743663bbb84f,8.0
2020-10-26,TeamB-afc13e53-2c77-48cb-8a78-743663bbb84f,8.0
2020-10-27,TeamB-afc13e53-2c77-48cb-8a78-743663bbb84f,8.0
2020-10-28,TeamB-afc13e53-2c77-48cb-8a78-743663bbb84f,8.0
2020-10-29,TeamB-afc13e53-2c77-48cb-8a78-743663bbb84f,8.0
2020-10-30,TeamB-afc13e53-2c77-48cb-8a78-743663bbb84f,8.0
2020-10-31,TeamB-afc13e53-2c77-48cb-8a78-743663bbb84f,8.0
2020-11-01,TeamB-afc13e53-2c77-48cb-8a78-743663bbb84f,10.0
2020-11-02,TeamB-afc13e53-2c77-48cb-8a78-743663bbb84f,7.5
2020-11-03,TeamB-afc13e53-2c77-48cb-8a78-743663bbb84f,7.5
2020-11-04,TeamB-afc13e53-2c77-48cb-8a78-743663bbb84f,7.5
2020-11-06,TeamB-afc13e53-2c77-48cb-8a78-743663bbb84f,8.0
2020-11-07,TeamB-afc13e53-2c77-48cb-8a78-743663bbb84f,7.5
2020-11-08,TeamB-afc13e53-2c77-48cb-8a78-743663bbb84f,8.0
2020-11-09,TeamB-afc13e53-2c77-48cb-8a78-743663bbb84f,8.0
2020-11-10,TeamB-afc13e53-2c77-48cb-8a78-743663bbb84f,7.5
2020-11-11,TeamB-afc13e53-2c77-48cb-8a78-743663bbb84f,8.0
2020-11-12,TeamB-afc13e53-2c77-48cb-8a78-743663bbb84f,5.0
2020-11-13,TeamB-afc13e53-2c77-48cb-8a78-743663bbb84f,9.0
2020-11-14,TeamB-afc13e53-2c77-48cb-8a78-743663bbb84f,8.5
2020-11-15,TeamB-afc13e53-2c77-48cb-8a78-743663bbb84f,7.5
2020-11-16,TeamB-afc13e53-2c77-48cb-8a78-743663bbb84f,4.5
2020-11-17,TeamB-afc13e53-2c77-48cb-8a78-743663bbb84f,6.0
2020-11-18,TeamB-afc13e53-2c77-48cb-8a78-743663bbb84f,6.0
2020-11-19,TeamB-afc13e53-2c77-48cb-8a78-743663bbb84f,8.0
2020-11-21,TeamB-afc13e53-2c77-48cb-8a78-743663bbb84f,8.0
2020-11-22,TeamB-afc13e53-2c77-48cb-8a78-743663bbb84f,8.5
2020-11-24,TeamB-afc13e53-2c77-48cb-8a78-743663bbb84f,8.0
2020-11-25,TeamB-afc13e53-2c77-48cb-8a78-743663bbb84f,6.0
2020-11-27,TeamB-afc13e53-2c77-48cb-8a78-743663bbb84f,8.0
2020-11-28,TeamB-afc13e53-2c77-48cb-8a78-743663bbb84f,8.0
2020-11-29,TeamB-afc13e53-2c77-48cb-8a78-743663bbb84f,10.0
2020-11-30,TeamB-afc13e53-2c77-48cb-8a78-743663bbb84f,8.0
2020-12-01,TeamB-afc13e53-2c77-48cb-8a78-743663bbb84f,7.5
2020-12-02,TeamB-afc13e53-2c77-48cb-8a78-743663bbb84f,8.0
2020-12-03,TeamB-afc13e53-2c77-48cb-8a78-743663bbb84f,7.5
2020-12-04,TeamB-afc13e53-2c77-48cb-8a78-743663bbb84f,10.0
2020-12-05,TeamB-afc13e53-2c77-48cb-8a78-743663bbb84f,10.0
2020-12-07,TeamB-afc13e53-2c77-48cb-8a78-743663bbb84f,9.0
2020-12-08,TeamB-afc13e53-2c77-48cb-8a78-743663bbb84f,7.0
2020-12-09,TeamB-afc13e53-2c77-48cb-8a78-743663bbb84f,8.0
2020-12-10,TeamB-afc13e53-2c77-48cb-8a78-743663bbb84f,8.0
2020-12-12,TeamB-afc13e53-2c77-48cb-8a78-743663bbb84f,9.0
2021-01-10,TeamB-afc13e53-2c77-48cb-8a78-743663bbb84f,8.5
2021-01-11,TeamB-afc13e53-2c77-48cb-8a78-743663bbb84f,8.0
2021-01-12,TeamB-afc13e53-2c77-48cb-8a78-743663bbb84f,6.5
2021-01-13,TeamB-afc13e53-2c77-48cb-8a78-743663bbb84f,8.5
2021-01-14,TeamB-afc13e53-2c77-48cb-8a78-743663bbb84f,8.0
2021-01-15,TeamB-afc13e53-2c77-48cb-8a78-743663bbb84f,8.0
2021-01-17,TeamB-afc13e53-2c77-48cb-8a78-743663bbb84f,8.5
2021-01-18,TeamB-afc13e53-2c77-48cb-8a78-743663bbb84f,10.0
2021-01-20,TeamB-afc13e53-2c77-48cb-8a78-743663bbb84f,7.0
2021-01-21,TeamB-afc13e53-2c77-48cb-8a78-743663bbb84f,8.0
2021-01-22,TeamB-afc13e53-2c77-48cb-8a78-743663bbb84f,7.5
2021-01-24,TeamB-afc13e53-2c77-48cb-8a78-743663bbb84f,9.0
2021-01-25,TeamB-afc13e53-2c77-48cb-8a78-743663bbb84f,9.0
2021-01-27,TeamB-afc13e53-2c77-48cb-8a78-743663bbb84f,7.5
2021-01-28,TeamB-afc13e53-2c77-48cb-8a78-743663bbb84f,7.5
2021-01-29,TeamB-afc13e53-2c77-48cb-8a78-743663bbb84f,8.0
2021-01-30,TeamB-afc13e53-2c77-48cb-8a78-743663bbb84f,9.0
2021-01-31,TeamB-afc13e53-2c77-48cb-8a78-743663bbb84f,9.0
2021-02-02,TeamB-afc13e53-2c77-48cb-8a78-743663bbb84f,7.5
2021-02-04,TeamB-afc13e53-2c77-48cb-8a78-743663bbb84f,7.5
2021-02-05,TeamB-afc13e53-2c77-48cb-8a78-743663bbb84f,8.0
2021-02-07,TeamB-afc13e53-2c77-48cb-8a78-743663bbb84f,8.0
2021-02-08,TeamB-afc13e53-2c77-48cb-8a78-743663bbb84f,9.0
2021-02-09,TeamB-afc13e53-2c77-48cb-8a78-743663bbb84f,8.5
2021-02-10,TeamB-afc13e53-2c77-48cb-8a78-743663bbb84f,6.0
2021-02-11,TeamB-afc13e53-2c77-48cb-8a78-743663bbb84f,8.5
2021-02-12,TeamB-afc13e53-2c77-48cb-8a78-743663bbb84f,7.0
2021-02-13,TeamB-afc13e53-2c77-48cb-8a78-743663bbb84f,8.5
2021-02-16,TeamB-afc13e53-2c77-48cb-8a78-743663bbb84f,8.5
2021-02-17,TeamB-afc13e53-2c77-48cb-8a78-743663bbb84f,8.5
2021-02-19,TeamB-afc13e53-2c77-48cb-8a78-743663bbb84f,7.5
2021-02-20,TeamB-afc13e53-2c77-48cb-8a78-743663bbb84f,8.0
2021-02-21,TeamB-afc13e53-2c77-48cb-8a78-743663bbb84f,8.5
2021-02-22,TeamB-afc13e53-2c77-48cb-8a78-743663bbb84f,7.0
2021-02-24,TeamB-afc13e53-2c77-48cb-8a78-743663bbb84f,7.0
2021-02-25,TeamB-afc13e53-2c77-48cb-8a78-743663bbb84f,9.0
2021-02-26,TeamB-afc13e53-2c77-48cb-8a78-743663bbb84f,7.5
2021-03-01,TeamB-afc13e53-2c77-48cb-8a78-743663bbb84f,7.5
2021-03-02,TeamB-afc13e53-2c77-48cb-8a78-743663bbb84f,7.0
2021-03-03,TeamB-afc13e53-2c77-48cb-8a78-743663bbb84f,9.0
2021-03-04,TeamB-afc13e53-2c77-48cb-8a78-743663bbb84f,7.5
2021-03-05,TeamB-afc13e53-2c77-48cb-8a78-743663bbb84f,9.0
2021-03-06,TeamB-afc13e53-2c77-48cb-8a78-743663bbb84f,8.0
2021-03-08,TeamB-afc13e53-2c77-48cb-8a78-743663bbb84f,7.5
2021-03-11,TeamB-afc13e53-2c77-48cb-8a78-743663bbb84f,8.5
2021-03-12,TeamB-afc13e53-2c77-48cb-8a78-743663bbb84f,8.5
2021-03-14,TeamB-afc13e53-2c77-48cb-8a78-743663bbb84f,8.0
2021-03-15,TeamB-afc13e53-2c77-48cb-8a78-743663bbb84f,8.0
2021-03-18,TeamB-afc13e53-2c77-48cb-8a78-743663bbb84f,8.0
2021-03-22,TeamB-afc13e53-2c77-48cb-8a78-743663bbb84f,7.5
2021-03-23,TeamB-afc13e53-2c77-48cb-8a78-743663bbb84f,9.0
2021-03-25,TeamB-afc13e53-2c77-48cb-8a78-743663bbb84f,8.5
2021-03-27,TeamB-afc13e53-2c77-48cb-8a78-743663bbb84f,9.0
2021-03-28,TeamB-afc13e53-2c77-48cb-8a78-743663bbb84f,9.0
2021-03-29,TeamB-afc13e53-2c77-48cb-8a78-743663bbb84f,8.5
2021-03-30,TeamB-afc13e53-2c77-48cb-8a78-743663bbb84f,8.5
2021-04-12,TeamB-afc13e53-2c77-48cb-8a78-743663bbb84f,8.5
2021-04-13,TeamB-afc13e53-2c77-48cb-8a78-743663bbb84f,8.5
2021-04-15,TeamB-afc13e53-2c77-48cb-8a78-743663bbb84f,8.5
2021-04-16,TeamB-afc13e53-2c77-48cb-8a78-743663bbb84f,8.5
2021-04-17,TeamB-afc13e53-2c77-48cb-8a78-743663bbb84f,8.5
2021-04-19,TeamB-afc13e53-2c77-48cb-8a78-743663bbb84f,8.5
2021-04-20,TeamB-afc13e53-2c77-48cb-8a78-743663bbb84f,8.5
2021-04-21,TeamB-afc13e53-2c77-48cb-8a78-743663bbb84f,8.5
2021-04-22,TeamB-afc13e53-2c77-48cb-8a78-743663bbb84f,8.5
2021-04-23,TeamB-afc13e53-2c77-48cb-8a78-743663bbb84f,7.5
2021-04-26,TeamB-afc13e53-2c77-48cb-8a78-743663bbb84f,8.0
2021-04-27,TeamB-afc13e53-2c77-48cb-8a78-743663bbb84f,8.5
2021-04-29,TeamB-afc13e53-2c77-48cb-8a78-743663bbb84f,8.0
2021-05-01,TeamB-afc13e53-2c77-48cb-8a78-743663bbb84f,7.5
2021-05-03,TeamB-afc13e53-2c77-48cb-8a78-743663bbb84f,8.5
2021-05-04,TeamB-afc13e53-2c77-48cb-8a78-743663bbb84f,8.5
2021-05-05,TeamB-afc13e53-2c77-48cb-8a78-743663bbb84f,7.5
2021-05-06,TeamB-afc13e53-2c77-48cb-8a78-743663bbb84f,7.0
2021-05-07,TeamB-afc13e53-2c77-48cb-8a78-743663bbb84f,8.5
2021-05-10,TeamB-afc13e53-2c77-48cb-8a78-743663bbb84f,8.0
2021-05-11,TeamB-afc13e53-2c77-48cb-8a78-743663bbb84f,8.0
2021-05-12,TeamB-afc13e53-2c77-48cb-8a78-743663bbb84f,8.0
2021-05-14,TeamB-afc13e53-2c77-48cb-8a78-743663bbb84f,8.5
2021-05-15,TeamB-afc13e53-2c77-48cb-8a78-743663bbb84f,8.5
2021-05-18,TeamB-afc13e53-2c77-48cb-8a78-743663bbb84f,7.0
2021-05-19,TeamB-afc13e53-2c77-48cb-8a78-743663bbb84f,4.5
2021-05-21,TeamB-afc13e53-2c77-48cb-8a78-743663bbb84f,8.0
2021-05-24,TeamB-afc13e53-2c77-48cb-8a78-743663bbb84f,8.5
2021-05-25,TeamB-afc13e53-2c77-48cb-8a78-743663bbb84f,8.5
2021-05-26,TeamB-afc13e53-2c77-48cb-8a78-743663bbb84f,8.5
2021-05-28,TeamB-afc13e53-2c77-48cb-8a78-743663bbb84f,7.0
2021-05-30,TeamB-afc13e53-2c77-48cb-8a78-743663bbb84f,8.5
2021-05-31,TeamB-afc13e53-2c77-48cb-8a78-743663bbb84f,7.5
2021-06-01,TeamB-afc13e53-2c77-48cb-8a78-743663bbb84f,8.5
2021-06-02,TeamB-afc13e53-2c77-48cb-8a78-743663bbb84f,8.5
2021-06-04,TeamB-afc13e53-2c77-48cb-8a78-743663bbb84f,8.0
2021-06-05,TeamB-afc13e53-2c77-48cb-8a78-743663bbb84f,8.0
2021-06-21,TeamB-afc13e53-2c77-48cb-8a78-743663bbb84f,7.0
2021-06-23,TeamB-afc13e53-2c77-48cb-8a78-743663bbb84f,6.0
2021-06-24,TeamB-afc13e53-2c77-48cb-8a78-743663bbb84f,8.5
2021-06-25,TeamB-afc13e53-2c77-48cb-8a78-743663bbb84f,8.0
2021-06-29,TeamB-afc13e53-2c77-48cb-8a78-743663bbb84f,7.0
2021-06-30,TeamB-afc13e53-2c77-48cb-8a78-743663bbb84f,8.5
2021-07-01,TeamB-afc13e53-2c77-48cb-8a78-743663bbb84f,8.5
2021-07-02,TeamB-afc13e53-2c77-48cb-8a78-743663bbb84f,10.0
2021-07-04,TeamB-afc13e53-2c77-48cb-8a78-743663bbb84f,9.0
2021-07-06,TeamB-afc13e53-2c77-48cb-8a78-743663bbb84f,6.5
2021-07-07,TeamB-afc13e53-2c77-48cb-8a78-743663bbb84f,9.0
2021-07-08,TeamB-afc13e53-2c77-48cb-8a78-743663bbb84f,9.0
2021-07-09,TeamB-afc13e53-2c77-48cb-8a78-743663bbb84f,6.0
2021-07-10,TeamB-afc13e53-2c77-48cb-8a78-743663bbb84f,8.0
2021-07-11,TeamB-afc13e53-2c77-48cb-8a78-743663bbb84f,6.5
2021-07-13,TeamB-afc13e53-2c77-48cb-8a78-743663bbb84f,8.5
2021-07-14,TeamB-afc13e53-2c77-48cb-8a78-743663bbb84f,8.5
2021-07-31,TeamB-afc13e53-2c77-48cb-8a78-743663bbb84f,7.0
2021-08-01,TeamB-afc13e53-2c77-48cb-8a78-743663bbb84f,8.5
2021-08-02,TeamB-afc13e53-2c77-48cb-8a78-743663bbb84f,9.0
2021-08-03,TeamB-afc13e53-2c77-48cb-8a78-743663bbb84f,8.5
2021-08-04,TeamB-afc13e53-2c77-48cb-8a78-743663bbb84f,8.5
2021-08-05,TeamB-afc13e53-2c77-48cb-8a78-743663bbb84f,8.5
2021-08-06,TeamB-afc13e53-2c77-48cb-8a78-743663bbb84f,8.0
2021-08-07,TeamB-afc13e53-2c77-48cb-8a78-743663bbb84f,8.5
2021-08-08,TeamB-afc13e53-2c77-48cb-8a78-743663bbb84f,8.5
2021-08-09,TeamB-afc13e53-2c77-48cb-8a78-743663bbb84f,8.5
2021-08-10,TeamB-afc13e53-2c77-48cb-8a78-743663bbb84f,8.5
2021-08-11,TeamB-afc13e53-2c77-48cb-8a78-743663bbb84f,8.5
2021-08-13,TeamB-afc13e53-2c77-48cb-8a78-743663bbb84f,8.0
2021-08-14,TeamB-afc13e53-2c77-48cb-8a78-743663bbb84f,8.5
2021-08-15,TeamB-afc13e53-2c77-48cb-8a78-743663bbb84f,8.0
2021-08-17,TeamB-afc13e53-2c77-48cb-8a78-743663bbb84f,4.0
2021-08-18,TeamB-afc13e53-2c77-48cb-8a78-743663bbb84f,8.0
2021-08-19,TeamB-afc13e53-2c77-48cb-8a78-743663bbb84f,8.0
2021-08-20,TeamB-afc13e53-2c77-48cb-8a78-743663bbb84f,8.0
2021-08-21,TeamB-afc13e53-2c77-48cb-8a78-743663bbb84f,6.0
2021-08-23,TeamB-afc13e53-2c77-48cb-8a78-743663bbb84f,8.5
2021-08-24,TeamB-afc13e53-2c77-48cb-8a78-743663bbb84f,8.5
2021-08-26,TeamB-afc13e53-2c77-48cb-8a78-743663bbb84f,8.5
2021-08-28,TeamB-afc13e53-2c77-48cb-8a78-743663bbb84f,8.5
2021-08-30,TeamB-afc13e53-2c77-48cb-8a78-743663bbb84f,8.5
2021-09-01,TeamB-afc13e53-2c77-48cb-8a78-743663bbb84f,8.5
2021-09-03,TeamB-afc13e53-2c77-48cb-8a78-743663bbb84f,8.5
2021-09-04,TeamB-afc13e53-2c77-48cb-8a78-743663bbb84f,8.0
2021-09-05,TeamB-afc13e53-2c77-48cb-8a78-743663bbb84f,7.0
2021-09-07,TeamB-afc13e53-2c77-48cb-8a78-743663bbb84f,7.0
2021-09-08,TeamB-afc13e53-2c77-48cb-8a78-743663bbb84f,8.0
2021-09-09,TeamB-afc13e53-2c77-48cb-8a78-743663bbb84f,8.0
2021-09-10,TeamB-afc13e53-2c77-48cb-8a78-743663bbb84f,8.5
2021-09-12,TeamB-afc13e53-2c77-48cb-8a78-743663bbb84f,8.5
2021-09-15,TeamB-afc13e53-2c77-48cb-8a78-743663bbb84f,8.5
2021-09-16,TeamB-afc13e53-2c77-48cb-8a78-743663bbb84f,8.5
2021-09-21,TeamB-afc13e53-2c77-48cb-8a78-743663bbb84f,8.0
2021-09-22,TeamB-afc13e53-2c77-48cb-8a78-743663bbb84f,8.0
2021-09-25,TeamB-afc13e53-2c77-48cb-8a78-743663bbb84f,7.5
2021-09-26,TeamB-afc13e53-2c77-48cb-8a78-743663bbb84f,8.5
2021-09-27,TeamB-afc13e53-2c77-48cb-8a78-743663bbb84f,8.0
2021-09-28,TeamB-afc13e53-2c77-48cb-8a78-743663bbb84f,7.0
2021-09-29,TeamB-afc13e53-2c77-48cb-8a78-743663bbb84f,7.0
2021-10-01,TeamB-afc13e53-2c77-48cb-8a78-743663bbb84f,8.0
2021-10-02,TeamB-afc13e53-2c77-48cb-8a78-743663bbb84f,8.0
2021-10-05,TeamB-afc13e53-2c77-48cb-8a78-743663bbb84f,8.0
2021-10-06,TeamB-afc13e53-2c77-48cb-8a78-743663bbb84f,7.5
2021-10-08,TeamB-afc13e53-2c77-48cb-8a78-743663bbb84f,8.0
2021-10-09,TeamB-afc13e53-2c77-48cb-8a78-743663bbb84f,8.0
2021-10-10,TeamB-afc13e53-2c77-48cb-8a78-743663bbb84f,7.0
2021-10-12,TeamB-afc13e53-2c77-48cb-8a78-743663bbb84f,8.0
2021-10-13,TeamB-afc13e53-2c77-48cb-8a78-743663bbb84f,8.0
2021-10-14,TeamB-afc13e53-2c77-48cb-8a78-743663bbb84f,8.5
2021-10-15,TeamB-afc13e53-2c77-48cb-8a78-743663bbb84f,8.5
2021-10-16,TeamB-afc13e53-2c77-48cb-8a78-743663bbb84f,6.0
2021-10-25,TeamB-afc13e53-2c77-48cb-8a78-743663bbb84f,8.5
2021-11-02,TeamB-afc13e53-2c77-48cb-8a78-743663bbb84f,8.5
2021-11-04,TeamB-afc13e53-2c77-48cb-8a78-743663bbb84f,8.0
2021-11-09,TeamB-afc13e53-2c77-48cb-8a78-743663bbb84f,8.0
2021-11-10,TeamB-afc13e53-2c77-48cb-8a78-743663bbb84f,8.0
2021-11-12,TeamB-afc13e53-2c77-48cb-8a78-743663bbb84f,8.0
2021-01-17,TeamB-d9501f3a-aaa1-4311-8b8b-3a8d3f21480f,5.0
2021-01-18,TeamB-d9501f3a-aaa1-4311-8b8b-3a8d3f21480f,6.0
2021-01-20,TeamB-d9501f3a-aaa1-4311-8b8b-3a8d3f21480f,7.0
2021-01-21,TeamB-d9501f3a-aaa1-4311-8b8b-3a8d3f21480f,7.0
2021-01-24,TeamB-d9501f3a-aaa1-4311-8b8b-3a8d3f21480f,8.0
2021-01-25,TeamB-d9501f3a-aaa1-4311-8b8b-3a8d3f21480f,6.0
2021-01-26,TeamB-d9501f3a-aaa1-4311-8b8b-3a8d3f21480f,7.0
2021-01-27,TeamB-d9501f3a-aaa1-4311-8b8b-3a8d3f21480f,7.0
2021-02-05,TeamB-d9501f3a-aaa1-4311-8b8b-3a8d3f21480f,8.0
2021-03-02,TeamB-d9501f3a-aaa1-4311-8b8b-3a8d3f21480f,7.0
2021-03-04,TeamB-d9501f3a-aaa1-4311-8b8b-3a8d3f21480f,6.0
2021-03-05,TeamB-d9501f3a-aaa1-4311-8b8b-3a8d3f21480f,7.0
2021-03-06,TeamB-d9501f3a-aaa1-4311-8b8b-3a8d3f21480f,6.0
2021-03-08,TeamB-d9501f3a-aaa1-4311-8b8b-3a8d3f21480f,7.0
2021-03-10,TeamB-d9501f3a-aaa1-4311-8b8b-3a8d3f21480f,7.0
2021-03-11,TeamB-d9501f3a-aaa1-4311-8b8b-3a8d3f21480f,7.0
2021-03-12,TeamB-d9501f3a-aaa1-4311-8b8b-3a8d3f21480f,7.0
2021-03-13,TeamB-d9501f3a-aaa1-4311-8b8b-3a8d3f21480f,6.0
2021-03-14,TeamB-d9501f3a-aaa1-4311-8b8b-3a8d3f21480f,7.0
2021-03-15,TeamB-d9501f3a-aaa1-4311-8b8b-3a8d3f21480f,7.0
2021-03-16,TeamB-d9501f3a-aaa1-4311-8b8b-3a8d3f21480f,6.0
2021-03-20,TeamB-d9501f3a-aaa1-4311-8b8b-3a8d3f21480f,6.0
2021-03-22,TeamB-d9501f3a-aaa1-4311-8b8b-3a8d3f21480f,7.0
2021-03-25,TeamB-d9501f3a-aaa1-4311-8b8b-3a8d3f21480f,5.0
2021-03-26,TeamB-d9501f3a-aaa1-4311-8b8b-3a8d3f21480f,7.0
2021-03-27,TeamB-d9501f3a-aaa1-4311-8b8b-3a8d3f21480f,7.0
2021-03-29,TeamB-d9501f3a-aaa1-4311-8b8b-3a8d3f21480f,7.0
2021-03-31,TeamB-d9501f3a-aaa1-4311-8b8b-3a8d3f21480f,7.0
2021-04-08,TeamB-d9501f3a-aaa1-4311-8b8b-3a8d3f21480f,6.0
2021-04-10,TeamB-d9501f3a-aaa1-4311-8b8b-3a8d3f21480f,7.0
2021-04-12,TeamB-d9501f3a-aaa1-4311-8b8b-3a8d3f21480f,7.0
2021-04-15,TeamB-d9501f3a-aaa1-4311-8b8b-3a8d3f21480f,7.0
2021-04-16,TeamB-d9501f3a-aaa1-4311-8b8b-3a8d3f21480f,7.0
2021-04-17,TeamB-d9501f3a-aaa1-4311-8b8b-3a8d3f21480f,7.0
2021-04-18,TeamB-d9501f3a-aaa1-4311-8b8b-3a8d3f21480f,7.0
2021-04-19,TeamB-d9501f3a-aaa1-4311-8b8b-3a8d3f21480f,7.0
2021-04-20,TeamB-d9501f3a-aaa1-4311-8b8b-3a8d3f21480f,7.0
2021-04-29,TeamB-d9501f3a-aaa1-4311-8b8b-3a8d3f21480f,7.0
2021-04-30,TeamB-d9501f3a-aaa1-4311-8b8b-3a8d3f21480f,7.0
2021-05-01,TeamB-d9501f3a-aaa1-4311-8b8b-3a8d3f21480f,7.0
2021-05-03,TeamB-d9501f3a-aaa1-4311-8b8b-3a8d3f21480f,7.0
2021-05-05,TeamB-d9501f3a-aaa1-4311-8b8b-3a8d3f21480f,7.0
2021-05-07,TeamB-d9501f3a-aaa1-4311-8b8b-3a8d3f21480f,7.0
2021-05-11,TeamB-d9501f3a-aaa1-4311-8b8b-3a8d3f21480f,7.0
2021-05-14,TeamB-d9501f3a-aaa1-4311-8b8b-3a8d3f21480f,7.0
2021-05-15,TeamB-d9501f3a-aaa1-4311-8b8b-3a8d3f21480f,6.0
2021-05-21,TeamB-d9501f3a-aaa1-4311-8b8b-3a8d3f21480f,7.0
2021-05-22,TeamB-d9501f3a-aaa1-4311-8b8b-3a8d3f21480f,7.0
2021-05-28,TeamB-d9501f3a-aaa1-4311-8b8b-3a8d3f21480f,7.0
2021-05-31,TeamB-d9501f3a-aaa1-4311-8b8b-3a8d3f21480f,7.0
2021-06-01,TeamB-d9501f3a-aaa1-4311-8b8b-3a8d3f21480f,7.0
2021-06-02,TeamB-d9501f3a-aaa1-4311-8b8b-3a8d3f21480f,7.0
2021-06-20,TeamB-d9501f3a-aaa1-4311-8b8b-3a8d3f21480f,6.0
2021-06-21,TeamB-d9501f3a-aaa1-4311-8b8b-3a8d3f21480f,6.0
2021-06-22,TeamB-d9501f3a-aaa1-4311-8b8b-3a8d3f21480f,7.0
2021-08-06,TeamB-d9501f3a-aaa1-4311-8b8b-3a8d3f21480f,7.0
2021-10-01,TeamB-d9501f3a-aaa1-4311-8b8b-3a8d3f21480f,6.0
2021-10-08,TeamB-d9501f3a-aaa1-4311-8b8b-3a8d3f21480f,7.0
2021-10-10,TeamB-d9501f3a-aaa1-4311-8b8b-3a8d3f21480f,7.0
2021-10-12,TeamB-d9501f3a-aaa1-4311-8b8b-3a8d3f21480f,7.0
2021-10-13,TeamB-d9501f3a-aaa1-4311-8b8b-3a8d3f21480f,7.0
2021-06-02,TeamB-e1f63352-01cb-4688-9486-5c6f1e5cf0cd,8.0
2021-06-03,TeamB-e1f63352-01cb-4688-9486-5c6f1e5cf0cd,8.5
2021-06-04,TeamB-e1f63352-01cb-4688-9486-5c6f1e5cf0cd,9.0
2021-06-05,TeamB-e1f63352-01cb-4688-9486-5c6f1e5cf0cd,9.0
2021-06-07,TeamB-e1f63352-01cb-4688-9486-5c6f1e5cf0cd,8.5
2021-06-20,TeamB-e1f63352-01cb-4688-9486-5c6f1e5cf0cd,8.0
2021-06-21,TeamB-e1f63352-01cb-4688-9486-5c6f1e5cf0cd,8.5
2021-06-22,TeamB-e1f63352-01cb-4688-9486-5c6f1e5cf0cd,10.0
2021-06-23,TeamB-e1f63352-01cb-4688-9486-5c6f1e5cf0cd,9.0
2021-06-25,TeamB-e1f63352-01cb-4688-9486-5c6f1e5cf0cd,9.0
2021-06-26,TeamB-e1f63352-01cb-4688-9486-5c6f1e5cf0cd,9.0
2021-06-29,TeamB-e1f63352-01cb-4688-9486-5c6f1e5cf0cd,8.0
2021-06-30,TeamB-e1f63352-01cb-4688-9486-5c6f1e5cf0cd,9.0
2021-07-01,TeamB-e1f63352-01cb-4688-9486-5c6f1e5cf0cd,9.0
2021-07-03,TeamB-e1f63352-01cb-4688-9486-5c6f1e5cf0cd,8.5
2021-07-04,TeamB-e1f63352-01cb-4688-9486-5c6f1e5cf0cd,8.5
2021-07-06,TeamB-e1f63352-01cb-4688-9486-5c6f1e5cf0cd,8.0
2021-07-07,TeamB-e1f63352-01cb-4688-9486-5c6f1e5cf0cd,8.5
2021-07-09,TeamB-e1f63352-01cb-4688-9486-5c6f1e5cf0cd,9.0
2021-07-11,TeamB-e1f63352-01cb-4688-9486-5c6f1e5cf0cd,7.5
2021-07-31,TeamB-e1f63352-01cb-4688-9486-5c6f1e5cf0cd,7.0
2021-08-01,TeamB-e1f63352-01cb-4688-9486-5c6f1e5cf0cd,7.0
2021-08-02,TeamB-e1f63352-01cb-4688-9486-5c6f1e5cf0cd,7.5
2021-08-03,TeamB-e1f63352-01cb-4688-9486-5c6f1e5cf0cd,9.0
2021-08-05,TeamB-e1f63352-01cb-4688-9486-5c6f1e5cf0cd,9.0
2021-08-06,TeamB-e1f63352-01cb-4688-9486-5c6f1e5cf0cd,8.5
2021-08-07,TeamB-e1f63352-01cb-4688-9486-5c6f1e5cf0cd,9.0
2021-08-08,TeamB-e1f63352-01cb-4688-9486-5c6f1e5cf0cd,9.0
2021-08-11,TeamB-e1f63352-01cb-4688-9486-5c6f1e5cf0cd,9.0
2021-08-13,TeamB-e1f63352-01cb-4688-9486-5c6f1e5cf0cd,9.0
2021-08-18,TeamB-e1f63352-01cb-4688-9486-5c6f1e5cf0cd,9.0
2021-08-20,TeamB-e1f63352-01cb-4688-9486-5c6f1e5cf0cd,9.0
2021-08-21,TeamB-e1f63352-01cb-4688-9486-5c6f1e5cf0cd,9.0
2021-08-24,TeamB-e1f63352-01cb-4688-9486-5c6f1e5cf0cd,8.5
2021-09-08,TeamB-e1f63352-01cb-4688-9486-5c6f1e5cf0cd,9.0
2021-09-22,TeamB-e1f63352-01cb-4688-9486-5c6f1e5cf0cd,7.0
2021-09-24,TeamB-e1f63352-01cb-4688-9486-5c6f1e5cf0cd,8.5
2021-09-25,TeamB-e1f63352-01cb-4688-9486-5c6f1e5cf0cd,8.5
2021-09-29,TeamB-e1f63352-01cb-4688-9486-5c6f1e5cf0cd,7.0
2021-10-05,TeamB-e1f63352-01cb-4688-9486-5c6f1e5cf0cd,8.0
2021-10-06,TeamB-e1f63352-01cb-4688-9486-5c6f1e5cf0cd,8.0
2021-10-12,TeamB-e1f63352-01cb-4688-9486-5c6f1e5cf0cd,8.5
2021-10-13,TeamB-e1f63352-01cb-4688-9486-5c6f1e5cf0cd,8.0
2021-11-04,TeamB-e1f63352-01cb-4688-9486-5c6f1e5cf0cd,7.5
2021-11-07,TeamB-e1f63352-01cb-4688-9486-5c6f1e5cf0cd,8.5
2021-11-09,TeamB-e1f63352-01cb-4688-9486-5c6f1e5cf0cd,8.0
2021-11-12,TeamB-e1f63352-01cb-4688-9486-5c6f1e5cf0cd,6.0
2021-11-18,TeamB-e1f63352-01cb-4688-9486-5c6f1e5cf0cd,7.0
2020-01-14,TeamB-e4321aef-964a-4fdd-88bd-0bd548b0e93b,8.0
2020-01-16,TeamB-e4321aef-964a-4fdd-88bd-0bd548b0e93b,7.5
2020-01-17,TeamB-e4321aef-964a-4fdd-88bd-0bd548b0e93b,8.0
2020-01-18,TeamB-e4321aef-964a-4fdd-88bd-0bd548b0e93b,8.0
2020-01-19,TeamB-e4321aef-964a-4fdd-88bd-0bd548b0e93b,8.0
2020-01-20,TeamB-e4321aef-964a-4fdd-88bd-0bd548b0e93b,8.0
2020-01-21,TeamB-e4321aef-964a-4fdd-88bd-0bd548b0e93b,8.0
2020-01-23,TeamB-e4321aef-964a-4fdd-88bd-0bd548b0e93b,8.0
2020-01-25,TeamB-e4321aef-964a-4fdd-88bd-0bd548b0e93b,8.0
2020-01-26,TeamB-e4321aef-964a-4fdd-88bd-0bd548b0e93b,9.0
2020-01-27,TeamB-e4321aef-964a-4fdd-88bd-0bd548b0e93b,8.0
2020-01-28,TeamB-e4321aef-964a-4fdd-88bd-0bd548b0e93b,7.5
2020-01-30,TeamB-e4321aef-964a-4fdd-88bd-0bd548b0e93b,7.5
2020-02-01,TeamB-e4321aef-964a-4fdd-88bd-0bd548b0e93b,8.0
2020-02-02,TeamB-e4321aef-964a-4fdd-88bd-0bd548b0e93b,8.0
2020-02-03,TeamB-e4321aef-964a-4fdd-88bd-0bd548b0e93b,8.0
2020-02-04,TeamB-e4321aef-964a-4fdd-88bd-0bd548b0e93b,7.0
2020-02-05,TeamB-e4321aef-964a-4fdd-88bd-0bd548b0e93b,7.5
2020-02-06,TeamB-e4321aef-964a-4fdd-88bd-0bd548b0e93b,7.5
2020-02-07,TeamB-e4321aef-964a-4fdd-88bd-0bd548b0e93b,7.0
2020-02-08,TeamB-e4321aef-964a-4fdd-88bd-0bd548b0e93b,8.0
2020-02-09,TeamB-e4321aef-964a-4fdd-88bd-0bd548b0e93b,9.0
2020-02-10,TeamB-e4321aef-964a-4fdd-88bd-0bd548b0e93b,7.5
2020-02-11,TeamB-e4321aef-964a-4fdd-88bd-0bd548b0e93b,7.0
2020-02-12,TeamB-e4321aef-964a-4fdd-88bd-0bd548b0e93b,8.0
2020-02-13,TeamB-e4321aef-964a-4fdd-88bd-0bd548b0e93b,7.0
2020-02-14,TeamB-e4321aef-964a-4fdd-88bd-0bd548b0e93b,8.0
2020-02-15,TeamB-e4321aef-964a-4fdd-88bd-0bd548b0e93b,8.0
2020-02-16,TeamB-e4321aef-964a-4fdd-88bd-0bd548b0e93b,5.5
2020-02-17,TeamB-e4321aef-964a-4fdd-88bd-0bd548b0e93b,7.5
2020-02-18,TeamB-e4321aef-964a-4fdd-88bd-0bd548b0e93b,7.5
2020-02-19,TeamB-e4321aef-964a-4fdd-88bd-0bd548b0e93b,8.0
2020-02-20,TeamB-e4321aef-964a-4fdd-88bd-0bd548b0e93b,8.0
2020-02-21,TeamB-e4321aef-964a-4fdd-88bd-0bd548b0e93b,8.0
2020-02-22,TeamB-e4321aef-964a-4fdd-88bd-0bd548b0e93b,6.0
2020-02-23,TeamB-e4321aef-964a-4fdd-88bd-0bd548b0e93b,8.5
2020-02-24,TeamB-e4321aef-964a-4fdd-88bd-0bd548b0e93b,8.0
2020-02-25,TeamB-e4321aef-964a-4fdd-88bd-0bd548b0e93b,8.0
2020-02-26,TeamB-e4321aef-964a-4fdd-88bd-0bd548b0e93b,8.0
2020-02-27,TeamB-e4321aef-964a-4fdd-88bd-0bd548b0e93b,8.0
2020-02-28,TeamB-e4321aef-964a-4fdd-88bd-0bd548b0e93b,3.0
2020-02-29,TeamB-e4321aef-964a-4fdd-88bd-0bd548b0e93b,9.0
2020-03-01,TeamB-e4321aef-964a-4fdd-88bd-0bd548b0e93b,7.5
2020-03-02,TeamB-e4321aef-964a-4fdd-88bd-0bd548b0e93b,7.0
2020-03-03,TeamB-e4321aef-964a-4fdd-88bd-0bd548b0e93b,9.0
2020-03-04,TeamB-e4321aef-964a-4fdd-88bd-0bd548b0e93b,9.0
2020-03-05,TeamB-e4321aef-964a-4fdd-88bd-0bd548b0e93b,8.0
2020-03-06,TeamB-e4321aef-964a-4fdd-88bd-0bd548b0e93b,8.0
2020-03-07,TeamB-e4321aef-964a-4fdd-88bd-0bd548b0e93b,7.0
2020-03-08,TeamB-e4321aef-964a-4fdd-88bd-0bd548b0e93b,7.0
2020-03-09,TeamB-e4321aef-964a-4fdd-88bd-0bd548b0e93b,7.5
2020-03-10,TeamB-e4321aef-964a-4fdd-88bd-0bd548b0e93b,8.0
2020-03-11,TeamB-e4321aef-964a-4fdd-88bd-0bd548b0e93b,8.0
2020-03-12,TeamB-e4321aef-964a-4fdd-88bd-0bd548b0e93b,8.0
2020-03-13,TeamB-e4321aef-964a-4fdd-88bd-0bd548b0e93b,8.0
2020-03-14,TeamB-e4321aef-964a-4fdd-88bd-0bd548b0e93b,8.0
2020-03-15,TeamB-e4321aef-964a-4fdd-88bd-0bd548b0e93b,8.0
2020-03-16,TeamB-e4321aef-964a-4fdd-88bd-0bd548b0e93b,7.0
2020-03-17,TeamB-e4321aef-964a-4fdd-88bd-0bd548b0e93b,8.0
2020-03-18,TeamB-e4321aef-964a-4fdd-88bd-0bd548b0e93b,8.0
2020-03-19,TeamB-e4321aef-964a-4fdd-88bd-0bd548b0e93b,8.0
2020-03-20,TeamB-e4321aef-964a-4fdd-88bd-0bd548b0e93b,7.0
2020-03-21,TeamB-e4321aef-964a-4fdd-88bd-0bd548b0e93b,7.0
2020-03-22,TeamB-e4321aef-964a-4fdd-88bd-0bd548b0e93b,8.0
2020-03-23,TeamB-e4321aef-964a-4fdd-88bd-0bd548b0e93b,7.5
2020-03-24,TeamB-e4321aef-964a-4fdd-88bd-0bd548b0e93b,8.0
2020-03-25,TeamB-e4321aef-964a-4fdd-88bd-0bd548b0e93b,8.0
2020-03-26,TeamB-e4321aef-964a-4fdd-88bd-0bd548b0e93b,8.0
2020-03-27,TeamB-e4321aef-964a-4fdd-88bd-0bd548b0e93b,7.5
2020-03-28,TeamB-e4321aef-964a-4fdd-88bd-0bd548b0e93b,8.0
2020-03-29,TeamB-e4321aef-964a-4fdd-88bd-0bd548b0e93b,8.0
2020-03-30,TeamB-e4321aef-964a-4fdd-88bd-0bd548b0e93b,7.5
2020-03-31,TeamB-e4321aef-964a-4fdd-88bd-0bd548b0e93b,8.0
2020-04-01,TeamB-e4321aef-964a-4fdd-88bd-0bd548b0e93b,8.0
2020-04-02,TeamB-e4321aef-964a-4fdd-88bd-0bd548b0e93b,8.0
2020-04-03,TeamB-e4321aef-964a-4fdd-88bd-0bd548b0e93b,7.5
2020-04-04,TeamB-e4321aef-964a-4fdd-88bd-0bd548b0e93b,8.0
2020-04-05,TeamB-e4321aef-964a-4fdd-88bd-0bd548b0e93b,8.0
2020-04-06,TeamB-e4321aef-964a-4fdd-88bd-0bd548b0e93b,6.0
2020-04-07,TeamB-e4321aef-964a-4fdd-88bd-0bd548b0e93b,7.5
2020-04-08,TeamB-e4321aef-964a-4fdd-88bd-0bd548b0e93b,7.0
2020-04-09,TeamB-e4321aef-964a-4fdd-88bd-0bd548b0e93b,8.0
2020-04-10,TeamB-e4321aef-964a-4fdd-88bd-0bd548b0e93b,7.5
2020-04-11,TeamB-e4321aef-964a-4fdd-88bd-0bd548b0e93b,7.5
2020-04-12,TeamB-e4321aef-964a-4fdd-88bd-0bd548b0e93b,8.0
2020-04-13,TeamB-e4321aef-964a-4fdd-88bd-0bd548b0e93b,7.0
2020-04-14,TeamB-e4321aef-964a-4fdd-88bd-0bd548b0e93b,7.0
2020-04-15,TeamB-e4321aef-964a-4fdd-88bd-0bd548b0e93b,7.0
2020-04-16,TeamB-e4321aef-964a-4fdd-88bd-0bd548b0e93b,7.0
2020-04-17,TeamB-e4321aef-964a-4fdd-88bd-0bd548b0e93b,7.0
2020-04-18,TeamB-e4321aef-964a-4fdd-88bd-0bd548b0e93b,7.0
2020-04-19,TeamB-e4321aef-964a-4fdd-88bd-0bd548b0e93b,8.0
2020-04-20,TeamB-e4321aef-964a-4fdd-88bd-0bd548b0e93b,7.0
2020-04-21,TeamB-e4321aef-964a-4fdd-88bd-0bd548b0e93b,7.0
2020-04-22,TeamB-e4321aef-964a-4fdd-88bd-0bd548b0e93b,7.0
2020-04-23,TeamB-e4321aef-964a-4fdd-88bd-0bd548b0e93b,7.0
2020-04-24,TeamB-e4321aef-964a-4fdd-88bd-0bd548b0e93b,7.0
2020-04-25,TeamB-e4321aef-964a-4fdd-88bd-0bd548b0e93b,7.0
2020-04-26,TeamB-e4321aef-964a-4fdd-88bd-0bd548b0e93b,7.5
2020-04-27,TeamB-e4321aef-964a-4fdd-88bd-0bd548b0e93b,7.0
2020-04-28,TeamB-e4321aef-964a-4fdd-88bd-0bd548b0e93b,7.0
2020-04-29,TeamB-e4321aef-964a-4fdd-88bd-0bd548b0e93b,7.0
2020-04-30,TeamB-e4321aef-964a-4fdd-88bd-0bd548b0e93b,7.0
2020-05-01,TeamB-e4321aef-964a-4fdd-88bd-0bd548b0e93b,7.5
2020-05-02,TeamB-e4321aef-964a-4fdd-88bd-0bd548b0e93b,7.5
2020-05-03,TeamB-e4321aef-964a-4fdd-88bd-0bd548b0e93b,8.0
2020-05-04,TeamB-e4321aef-964a-4fdd-88bd-0bd548b0e93b,7.5
2020-05-05,TeamB-e4321aef-964a-4fdd-88bd-0bd548b0e93b,7.5
2020-05-06,TeamB-e4321aef-964a-4fdd-88bd-0bd548b0e93b,8.0
2020-05-07,TeamB-e4321aef-964a-4fdd-88bd-0bd548b0e93b,7.5
2020-05-08,TeamB-e4321aef-964a-4fdd-88bd-0bd548b0e93b,7.5
2020-05-09,TeamB-e4321aef-964a-4fdd-88bd-0bd548b0e93b,8.0
2020-05-10,TeamB-e4321aef-964a-4fdd-88bd-0bd548b0e93b,8.0
2020-05-11,TeamB-e4321aef-964a-4fdd-88bd-0bd548b0e93b,7.0
2020-05-12,TeamB-e4321aef-964a-4fdd-88bd-0bd548b0e93b,7.5
2020-05-13,TeamB-e4321aef-964a-4fdd-88bd-0bd548b0e93b,7.5
2020-05-14,TeamB-e4321aef-964a-4fdd-88bd-0bd548b0e93b,7.5
2020-05-15,TeamB-e4321aef-964a-4fdd-88bd-0bd548b0e93b,7.0
2020-05-16,TeamB-e4321aef-964a-4fdd-88bd-0bd548b0e93b,8.0
2020-05-18,TeamB-e4321aef-964a-4fdd-88bd-0bd548b0e93b,6.5
2020-05-19,TeamB-e4321aef-964a-4fdd-88bd-0bd548b0e93b,8.0
2020-05-20,TeamB-e4321aef-964a-4fdd-88bd-0bd548b0e93b,7.5
2020-05-21,TeamB-e4321aef-964a-4fdd-88bd-0bd548b0e93b,7.5
2020-05-22,TeamB-e4321aef-964a-4fdd-88bd-0bd548b0e93b,7.5
2020-05-23,TeamB-e4321aef-964a-4fdd-88bd-0bd548b0e93b,7.0
2020-05-24,TeamB-e4321aef-964a-4fdd-88bd-0bd548b0e93b,8.0
2020-05-25,TeamB-e4321aef-964a-4fdd-88bd-0bd548b0e93b,7.0
2020-05-26,TeamB-e4321aef-964a-4fdd-88bd-0bd548b0e93b,7.5
2020-05-27,TeamB-e4321aef-964a-4fdd-88bd-0bd548b0e93b,7.5
2020-05-28,TeamB-e4321aef-964a-4fdd-88bd-0bd548b0e93b,7.5
2020-05-29,TeamB-e4321aef-964a-4fdd-88bd-0bd548b0e93b,7.5
2020-05-30,TeamB-e4321aef-964a-4fdd-88bd-0bd548b0e93b,7.0
2020-05-31,TeamB-e4321aef-964a-4fdd-88bd-0bd548b0e93b,8.0
2020-06-01,TeamB-e4321aef-964a-4fdd-88bd-0bd548b0e93b,7.0
2020-06-02,TeamB-e4321aef-964a-4fdd-88bd-0bd548b0e93b,7.0
2020-06-03,TeamB-e4321aef-964a-4fdd-88bd-0bd548b0e93b,8.0
2020-06-04,TeamB-e4321aef-964a-4fdd-88bd-0bd548b0e93b,7.5
2020-06-05,TeamB-e4321aef-964a-4fdd-88bd-0bd548b0e93b,7.0
2020-06-06,TeamB-e4321aef-964a-4fdd-88bd-0bd548b0e93b,8.0
2020-06-07,TeamB-e4321aef-964a-4fdd-88bd-0bd548b0e93b,9.0
2020-06-08,TeamB-e4321aef-964a-4fdd-88bd-0bd548b0e93b,7.0
2020-06-09,TeamB-e4321aef-964a-4fdd-88bd-0bd548b0e93b,7.5
2020-06-10,TeamB-e4321aef-964a-4fdd-88bd-0bd548b0e93b,7.5
2020-06-11,TeamB-e4321aef-964a-4fdd-88bd-0bd548b0e93b,8.0
2020-06-12,TeamB-e4321aef-964a-4fdd-88bd-0bd548b0e93b,7.5
2020-06-13,TeamB-e4321aef-964a-4fdd-88bd-0bd548b0e93b,8.0
2020-06-14,TeamB-e4321aef-964a-4fdd-88bd-0bd548b0e93b,7.0
2020-06-15,TeamB-e4321aef-964a-4fdd-88bd-0bd548b0e93b,8.0
2020-06-16,TeamB-e4321aef-964a-4fdd-88bd-0bd548b0e93b,8.0
2020-06-17,TeamB-e4321aef-964a-4fdd-88bd-0bd548b0e93b,7.0
2020-06-18,TeamB-e4321aef-964a-4fdd-88bd-0bd548b0e93b,7.0
2020-06-19,TeamB-e4321aef-964a-4fdd-88bd-0bd548b0e93b,7.0
2020-06-20,TeamB-e4321aef-964a-4fdd-88bd-0bd548b0e93b,8.0
2020-06-21,TeamB-e4321aef-964a-4fdd-88bd-0bd548b0e93b,6.5
2020-06-22,TeamB-e4321aef-964a-4fdd-88bd-0bd548b0e93b,7.5
2020-06-23,TeamB-e4321aef-964a-4fdd-88bd-0bd548b0e93b,8.0
2020-06-24,TeamB-e4321aef-964a-4fdd-88bd-0bd548b0e93b,7.0
2020-06-25,TeamB-e4321aef-964a-4fdd-88bd-0bd548b0e93b,7.0
2020-06-26,TeamB-e4321aef-964a-4fdd-88bd-0bd548b0e93b,8.0
2020-06-27,TeamB-e4321aef-964a-4fdd-88bd-0bd548b0e93b,8.0
2020-06-28,TeamB-e4321aef-964a-4fdd-88bd-0bd548b0e93b,4.5
2020-06-29,TeamB-e4321aef-964a-4fdd-88bd-0bd548b0e93b,8.0
2020-06-30,TeamB-e4321aef-964a-4fdd-88bd-0bd548b0e93b,7.5
2020-07-01,TeamB-e4321aef-964a-4fdd-88bd-0bd548b0e93b,8.5
2020-07-02,TeamB-e4321aef-964a-4fdd-88bd-0bd548b0e93b,7.0
2020-07-03,TeamB-e4321aef-964a-4fdd-88bd-0bd548b0e93b,7.5
2020-07-04,TeamB-e4321aef-964a-4fdd-88bd-0bd548b0e93b,7.5
2020-07-05,TeamB-e4321aef-964a-4fdd-88bd-0bd548b0e93b,7.0
2020-07-06,TeamB-e4321aef-964a-4fdd-88bd-0bd548b0e93b,8.0
2020-07-07,TeamB-e4321aef-964a-4fdd-88bd-0bd548b0e93b,7.5
2020-07-08,TeamB-e4321aef-964a-4fdd-88bd-0bd548b0e93b,7.5
2020-07-09,TeamB-e4321aef-964a-4fdd-88bd-0bd548b0e93b,8.0
2020-07-10,TeamB-e4321aef-964a-4fdd-88bd-0bd548b0e93b,8.0
2020-07-11,TeamB-e4321aef-964a-4fdd-88bd-0bd548b0e93b,4.5
2020-07-12,TeamB-e4321aef-964a-4fdd-88bd-0bd548b0e93b,5.5
2020-07-14,TeamB-e4321aef-964a-4fdd-88bd-0bd548b0e93b,8.0
2020-07-15,TeamB-e4321aef-964a-4fdd-88bd-0bd548b0e93b,7.5
2020-07-16,TeamB-e4321aef-964a-4fdd-88bd-0bd548b0e93b,7.0
2020-07-17,TeamB-e4321aef-964a-4fdd-88bd-0bd548b0e93b,8.0
2020-07-18,TeamB-e4321aef-964a-4fdd-88bd-0bd548b0e93b,6.5
2020-07-19,TeamB-e4321aef-964a-4fdd-88bd-0bd548b0e93b,7.0
2020-07-20,TeamB-e4321aef-964a-4fdd-88bd-0bd548b0e93b,8.0
2020-07-21,TeamB-e4321aef-964a-4fdd-88bd-0bd548b0e93b,8.0
2020-07-22,TeamB-e4321aef-964a-4fdd-88bd-0bd548b0e93b,7.0
2020-07-23,TeamB-e4321aef-964a-4fdd-88bd-0bd548b0e93b,8.0
2020-07-24,TeamB-e4321aef-964a-4fdd-88bd-0bd548b0e93b,8.0
2020-07-25,TeamB-e4321aef-964a-4fdd-88bd-0bd548b0e93b,6.0
2020-07-26,TeamB-e4321aef-964a-4fdd-88bd-0bd548b0e93b,9.0
2020-07-27,TeamB-e4321aef-964a-4fdd-88bd-0bd548b0e93b,7.0
2020-07-28,TeamB-e4321aef-964a-4fdd-88bd-0bd548b0e93b,8.0
2020-07-29,TeamB-e4321aef-964a-4fdd-88bd-0bd548b0e93b,7.5
2020-07-30,TeamB-e4321aef-964a-4fdd-88bd-0bd548b0e93b,9.0
2020-07-31,TeamB-e4321aef-964a-4fdd-88bd-0bd548b0e93b,8.0
2020-08-01,TeamB-e4321aef-964a-4fdd-88bd-0bd548b0e93b,9.0
2020-08-02,TeamB-e4321aef-964a-4fdd-88bd-0bd548b0e93b,6.0
2020-08-03,TeamB-e4321aef-964a-4fdd-88bd-0bd548b0e93b,7.5
2020-08-04,TeamB-e4321aef-964a-4fdd-88bd-0bd548b0e93b,8.0
2020-08-05,TeamB-e4321aef-964a-4fdd-88bd-0bd548b0e93b,8.0
2020-08-06,TeamB-e4321aef-964a-4fdd-88bd-0bd548b0e93b,7.5
2020-08-07,TeamB-e4321aef-964a-4fdd-88bd-0bd548b0e93b,8.0
2020-08-08,TeamB-e4321aef-964a-4fdd-88bd-0bd548b0e93b,6.0
2020-08-09,TeamB-e4321aef-964a-4fdd-88bd-0bd548b0e93b,7.5
2020-08-10,TeamB-e4321aef-964a-4fdd-88bd-0bd548b0e93b,8.0
2020-08-11,TeamB-e4321aef-964a-4fdd-88bd-0bd548b0e93b,7.5
2020-08-12,TeamB-e4321aef-964a-4fdd-88bd-0bd548b0e93b,8.0
2020-08-13,TeamB-e4321aef-964a-4fdd-88bd-0bd548b0e93b,3.0
2020-08-14,TeamB-e4321aef-964a-4fdd-88bd-0bd548b0e93b,8.0
2020-08-15,TeamB-e4321aef-964a-4fdd-88bd-0bd548b0e93b,7.5
2020-08-16,TeamB-e4321aef-964a-4fdd-88bd-0bd548b0e93b,8.0
2020-08-17,TeamB-e4321aef-964a-4fdd-88bd-0bd548b0e93b,7.0
2020-08-18,TeamB-e4321aef-964a-4fdd-88bd-0bd548b0e93b,8.0
2020-08-19,TeamB-e4321aef-964a-4fdd-88bd-0bd548b0e93b,8.0
2020-08-20,TeamB-e4321aef-964a-4fdd-88bd-0bd548b0e93b,7.5
2020-08-21,TeamB-e4321aef-964a-4fdd-88bd-0bd548b0e93b,7.5
2020-08-22,TeamB-e4321aef-964a-4fdd-88bd-0bd548b0e93b,7.5
2020-08-23,TeamB-e4321aef-964a-4fdd-88bd-0bd548b0e93b,6.5
2020-08-25,TeamB-e4321aef-964a-4fdd-88bd-0bd548b0e93b,7.5
2020-08-26,TeamB-e4321aef-964a-4fdd-88bd-0bd548b0e93b,8.0
2020-08-27,TeamB-e4321aef-964a-4fdd-88bd-0bd548b0e93b,6.0
2020-08-28,TeamB-e4321aef-964a-4fdd-88bd-0bd548b0e93b,8.0
2020-08-29,TeamB-e4321aef-964a-4fdd-88bd-0bd548b0e93b,8.0
2020-08-30,TeamB-e4321aef-964a-4fdd-88bd-0bd548b0e93b,8.0
2020-08-31,TeamB-e4321aef-964a-4fdd-88bd-0bd548b0e93b,8.0
2020-09-01,TeamB-e4321aef-964a-4fdd-88bd-0bd548b0e93b,8.0
2020-09-02,TeamB-e4321aef-964a-4fdd-88bd-0bd548b0e93b,8.0
2020-09-03,TeamB-e4321aef-964a-4fdd-88bd-0bd548b0e93b,7.5
2020-09-04,TeamB-e4321aef-964a-4fdd-88bd-0bd548b0e93b,8.0
2020-09-05,TeamB-e4321aef-964a-4fdd-88bd-0bd548b0e93b,8.0
2020-09-06,TeamB-e4321aef-964a-4fdd-88bd-0bd548b0e93b,8.0
2020-09-07,TeamB-e4321aef-964a-4fdd-88bd-0bd548b0e93b,6.0
2020-09-08,TeamB-e4321aef-964a-4fdd-88bd-0bd548b0e93b,8.0
2020-09-09,TeamB-e4321aef-964a-4fdd-88bd-0bd548b0e93b,8.0
2020-09-10,TeamB-e4321aef-964a-4fdd-88bd-0bd548b0e93b,8.0
2020-09-11,TeamB-e4321aef-964a-4fdd-88bd-0bd548b0e93b,8.0
2020-09-12,TeamB-e4321aef-964a-4fdd-88bd-0bd548b0e93b,8.0
2020-09-13,TeamB-e4321aef-964a-4fdd-88bd-0bd548b0e93b,8.0
2020-09-14,TeamB-e4321aef-964a-4fdd-88bd-0bd548b0e93b,8.0
2020-09-15,TeamB-e4321aef-964a-4fdd-88bd-0bd548b0e93b,8.0
2020-09-16,TeamB-e4321aef-964a-4fdd-88bd-0bd548b0e93b,8.0
2020-09-17,TeamB-e4321aef-964a-4fdd-88bd-0bd548b0e93b,7.0
2020-09-21,TeamB-e4321aef-964a-4fdd-88bd-0bd548b0e93b,8.0
2020-09-22,TeamB-e4321aef-964a-4fdd-88bd-0bd548b0e93b,7.5
2020-09-24,TeamB-e4321aef-964a-4fdd-88bd-0bd548b0e93b,8.0
2020-09-25,TeamB-e4321aef-964a-4fdd-88bd-0bd548b0e93b,8.0
2020-09-26,TeamB-e4321aef-964a-4fdd-88bd-0bd548b0e93b,7.5
2020-09-27,TeamB-e4321aef-964a-4fdd-88bd-0bd548b0e93b,8.0
2020-09-28,TeamB-e4321aef-964a-4fdd-88bd-0bd548b0e93b,7.0
2020-09-29,TeamB-e4321aef-964a-4fdd-88bd-0bd548b0e93b,8.0
2020-09-30,TeamB-e4321aef-964a-4fdd-88bd-0bd548b0e93b,8.0
2020-10-01,TeamB-e4321aef-964a-4fdd-88bd-0bd548b0e93b,8.0
2020-10-02,TeamB-e4321aef-964a-4fdd-88bd-0bd548b0e93b,8.0
2020-10-03,TeamB-e4321aef-964a-4fdd-88bd-0bd548b0e93b,6.5
2020-10-04,TeamB-e4321aef-964a-4fdd-88bd-0bd548b0e93b,7.5
2020-10-05,TeamB-e4321aef-964a-4fdd-88bd-0bd548b0e93b,7.5
2020-10-06,TeamB-e4321aef-964a-4fdd-88bd-0bd548b0e93b,8.0
2020-10-07,TeamB-e4321aef-964a-4fdd-88bd-0bd548b0e93b,4.0
2020-10-08,TeamB-e4321aef-964a-4fdd-88bd-0bd548b0e93b,6.0
2020-10-09,TeamB-e4321aef-964a-4fdd-88bd-0bd548b0e93b,7.0
2020-10-10,TeamB-e4321aef-964a-4fdd-88bd-0bd548b0e93b,8.0
2020-10-11,TeamB-e4321aef-964a-4fdd-88bd-0bd548b0e93b,7.0
2020-10-12,TeamB-e4321aef-964a-4fdd-88bd-0bd548b0e93b,8.0
2020-10-13,TeamB-e4321aef-964a-4fdd-88bd-0bd548b0e93b,8.0
2020-10-14,TeamB-e4321aef-964a-4fdd-88bd-0bd548b0e93b,8.0
2020-10-15,TeamB-e4321aef-964a-4fdd-88bd-0bd548b0e93b,8.0
2020-10-16,TeamB-e4321aef-964a-4fdd-88bd-0bd548b0e93b,8.0
2020-10-18,TeamB-e4321aef-964a-4fdd-88bd-0bd548b0e93b,8.0
2020-10-19,TeamB-e4321aef-964a-4fdd-88bd-0bd548b0e93b,6.0
2020-10-20,TeamB-e4321aef-964a-4fdd-88bd-0bd548b0e93b,7.5
2020-10-21,TeamB-e4321aef-964a-4fdd-88bd-0bd548b0e93b,8.0
2020-10-22,TeamB-e4321aef-964a-4fdd-88bd-0bd548b0e93b,8.0
2020-10-23,TeamB-e4321aef-964a-4fdd-88bd-0bd548b0e93b,7.5
2020-10-24,TeamB-e4321aef-964a-4fdd-88bd-0bd548b0e93b,8.0
2020-10-25,TeamB-e4321aef-964a-4fdd-88bd-0bd548b0e93b,7.0
2020-10-26,TeamB-e4321aef-964a-4fdd-88bd-0bd548b0e93b,7.0
2020-10-27,TeamB-e4321aef-964a-4fdd-88bd-0bd548b0e93b,7.0
2020-10-28,TeamB-e4321aef-964a-4fdd-88bd-0bd548b0e93b,8.0
2020-10-29,TeamB-e4321aef-964a-4fdd-88bd-0bd548b0e93b,7.5
2020-10-30,TeamB-e4321aef-964a-4fdd-88bd-0bd548b0e93b,7.5
2020-10-31,TeamB-e4321aef-964a-4fdd-88bd-0bd548b0e93b,8.0
2020-11-01,TeamB-e4321aef-964a-4fdd-88bd-0bd548b0e93b,8.0
2020-11-02,TeamB-e4321aef-964a-4fdd-88bd-0bd548b0e93b,7.0
2020-11-03,TeamB-e4321aef-964a-4fdd-88bd-0bd548b0e93b,8.0
2020-11-04,TeamB-e4321aef-964a-4fdd-88bd-0bd548b0e93b,8.0
2020-11-05,TeamB-e4321aef-964a-4fdd-88bd-0bd548b0e93b,8.0
2020-11-06,TeamB-e4321aef-964a-4fdd-88bd-0bd548b0e93b,8.0
2020-11-07,TeamB-e4321aef-964a-4fdd-88bd-0bd548b0e93b,7.0
2020-11-08,TeamB-e4321aef-964a-4fdd-88bd-0bd548b0e93b,7.0
2020-11-09,TeamB-e4321aef-964a-4fdd-88bd-0bd548b0e93b,7.5
2020-11-10,TeamB-e4321aef-964a-4fdd-88bd-0bd548b0e93b,8.0
2020-11-11,TeamB-e4321aef-964a-4fdd-88bd-0bd548b0e93b,8.0
2020-11-12,TeamB-e4321aef-964a-4fdd-88bd-0bd548b0e93b,4.5
2020-11-13,TeamB-e4321aef-964a-4fdd-88bd-0bd548b0e93b,9.0
2020-11-14,TeamB-e4321aef-964a-4fdd-88bd-0bd548b0e93b,8.0
2020-11-16,TeamB-e4321aef-964a-4fdd-88bd-0bd548b0e93b,8.0
2020-11-17,TeamB-e4321aef-964a-4fdd-88bd-0bd548b0e93b,8.0
2020-11-18,TeamB-e4321aef-964a-4fdd-88bd-0bd548b0e93b,5.0
2020-11-19,TeamB-e4321aef-964a-4fdd-88bd-0bd548b0e93b,7.5
2020-11-20,TeamB-e4321aef-964a-4fdd-88bd-0bd548b0e93b,7.0
2020-11-21,TeamB-e4321aef-964a-4fdd-88bd-0bd548b0e93b,8.0
2020-11-22,TeamB-e4321aef-964a-4fdd-88bd-0bd548b0e93b,8.0
2020-11-23,TeamB-e4321aef-964a-4fdd-88bd-0bd548b0e93b,8.0
2020-11-24,TeamB-e4321aef-964a-4fdd-88bd-0bd548b0e93b,8.0
2020-11-25,TeamB-e4321aef-964a-4fdd-88bd-0bd548b0e93b,8.0
2020-11-26,TeamB-e4321aef-964a-4fdd-88bd-0bd548b0e93b,8.0
2020-11-27,TeamB-e4321aef-964a-4fdd-88bd-0bd548b0e93b,8.0
2020-11-29,TeamB-e4321aef-964a-4fdd-88bd-0bd548b0e93b,8.0
2020-12-01,TeamB-e4321aef-964a-4fdd-88bd-0bd548b0e93b,8.0
2020-12-02,TeamB-e4321aef-964a-4fdd-88bd-0bd548b0e93b,8.5
2020-12-03,TeamB-e4321aef-964a-4fdd-88bd-0bd548b0e93b,8.0
2020-12-04,TeamB-e4321aef-964a-4fdd-88bd-0bd548b0e93b,8.0
2020-12-05,TeamB-e4321aef-964a-4fdd-88bd-0bd548b0e93b,8.0
2020-12-06,TeamB-e4321aef-964a-4fdd-88bd-0bd548b0e93b,8.0
2020-12-07,TeamB-e4321aef-964a-4fdd-88bd-0bd548b0e93b,2.0
2020-12-09,TeamB-e4321aef-964a-4fdd-88bd-0bd548b0e93b,8.0
2020-12-10,TeamB-e4321aef-964a-4fdd-88bd-0bd548b0e93b,9.0
2020-12-11,TeamB-e4321aef-964a-4fdd-88bd-0bd548b0e93b,8.0
2020-12-12,TeamB-e4321aef-964a-4fdd-88bd-0bd548b0e93b,7.5
2020-12-15,TeamB-e4321aef-964a-4fdd-88bd-0bd548b0e93b,8.0
2020-12-17,TeamB-e4321aef-964a-4fdd-88bd-0bd548b0e93b,9.0
2020-12-19,TeamB-e4321aef-964a-4fdd-88bd-0bd548b0e93b,5.0
2020-12-21,TeamB-e4321aef-964a-4fdd-88bd-0bd548b0e93b,7.5
2020-12-22,TeamB-e4321aef-964a-4fdd-88bd-0bd548b0e93b,7.5
2020-12-25,TeamB-e4321aef-964a-4fdd-88bd-0bd548b0e93b,8.0
2020-12-27,TeamB-e4321aef-964a-4fdd-88bd-0bd548b0e93b,8.0
2020-12-28,TeamB-e4321aef-964a-4fdd-88bd-0bd548b0e93b,8.0
2020-12-29,TeamB-e4321aef-964a-4fdd-88bd-0bd548b0e93b,8.0
2020-12-30,TeamB-e4321aef-964a-4fdd-88bd-0bd548b0e93b,5.5
2020-12-31,TeamB-e4321aef-964a-4fdd-88bd-0bd548b0e93b,8.0
2021-01-01,TeamB-e4321aef-964a-4fdd-88bd-0bd548b0e93b,4.5
2021-01-02,TeamB-e4321aef-964a-4fdd-88bd-0bd548b0e93b,8.0
2021-01-04,TeamB-e4321aef-964a-4fdd-88bd-0bd548b0e93b,8.5
2021-01-05,TeamB-e4321aef-964a-4fdd-88bd-0bd548b0e93b,8.0
2021-01-06,TeamB-e4321aef-964a-4fdd-88bd-0bd548b0e93b,8.0
2021-01-07,TeamB-e4321aef-964a-4fdd-88bd-0bd548b0e93b,8.0
2021-01-09,TeamB-e4321aef-964a-4fdd-88bd-0bd548b0e93b,6.0
2021-01-10,TeamB-e4321aef-964a-4fdd-88bd-0bd548b0e93b,8.0
2021-01-11,TeamB-e4321aef-964a-4fdd-88bd-0bd548b0e93b,8.0
2021-01-12,TeamB-e4321aef-964a-4fdd-88bd-0bd548b0e93b,6.0
2021-01-13,TeamB-e4321aef-964a-4fdd-88bd-0bd548b0e93b,8.0
2021-01-14,TeamB-e4321aef-964a-4fdd-88bd-0bd548b0e93b,8.0
2021-01-15,TeamB-e4321aef-964a-4fdd-88bd-0bd548b0e93b,8.0
2021-01-17,TeamB-e4321aef-964a-4fdd-88bd-0bd548b0e93b,9.0
2021-01-18,TeamB-e4321aef-964a-4fdd-88bd-0bd548b0e93b,8.0
2021-01-19,TeamB-e4321aef-964a-4fdd-88bd-0bd548b0e93b,8.0
2021-01-20,TeamB-e4321aef-964a-4fdd-88bd-0bd548b0e93b,8.0
2021-01-21,TeamB-e4321aef-964a-4fdd-88bd-0bd548b0e93b,8.0
2021-01-22,TeamB-e4321aef-964a-4fdd-88bd-0bd548b0e93b,8.0
2021-01-23,TeamB-e4321aef-964a-4fdd-88bd-0bd548b0e93b,8.0
2021-01-24,TeamB-e4321aef-964a-4fdd-88bd-0bd548b0e93b,8.0
2021-01-25,TeamB-e4321aef-964a-4fdd-88bd-0bd548b0e93b,8.0
2021-01-26,TeamB-e4321aef-964a-4fdd-88bd-0bd548b0e93b,7.5
2021-01-27,TeamB-e4321aef-964a-4fdd-88bd-0bd548b0e93b,7.5
2021-01-28,TeamB-e4321aef-964a-4fdd-88bd-0bd548b0e93b,8.0
2021-01-29,TeamB-e4321aef-964a-4fdd-88bd-0bd548b0e93b,8.0
2021-01-30,TeamB-e4321aef-964a-4fdd-88bd-0bd548b0e93b,7.0
2021-01-31,TeamB-e4321aef-964a-4fdd-88bd-0bd548b0e93b,8.0
2021-02-01,TeamB-e4321aef-964a-4fdd-88bd-0bd548b0e93b,8.0
2021-02-03,TeamB-e4321aef-964a-4fdd-88bd-0bd548b0e93b,8.0
2021-02-04,TeamB-e4321aef-964a-4fdd-88bd-0bd548b0e93b,7.5
2021-02-06,TeamB-e4321aef-964a-4fdd-88bd-0bd548b0e93b,8.0
2021-02-07,TeamB-e4321aef-964a-4fdd-88bd-0bd548b0e93b,8.0
2021-02-08,TeamB-e4321aef-964a-4fdd-88bd-0bd548b0e93b,8.0
2021-02-09,TeamB-e4321aef-964a-4fdd-88bd-0bd548b0e93b,8.0
2021-02-10,TeamB-e4321aef-964a-4fdd-88bd-0bd548b0e93b,7.5
2021-02-11,TeamB-e4321aef-964a-4fdd-88bd-0bd548b0e93b,8.0
2021-02-12,TeamB-e4321aef-964a-4fdd-88bd-0bd548b0e93b,8.0
2021-02-13,TeamB-e4321aef-964a-4fdd-88bd-0bd548b0e93b,8.0
2021-02-15,TeamB-e4321aef-964a-4fdd-88bd-0bd548b0e93b,8.0
2021-02-16,TeamB-e4321aef-964a-4fdd-88bd-0bd548b0e93b,7.5
2021-02-17,TeamB-e4321aef-964a-4fdd-88bd-0bd548b0e93b,8.0
2021-02-18,TeamB-e4321aef-964a-4fdd-88bd-0bd548b0e93b,7.5
2021-02-20,TeamB-e4321aef-964a-4fdd-88bd-0bd548b0e93b,8.0
2021-02-21,TeamB-e4321aef-964a-4fdd-88bd-0bd548b0e93b,8.0
2021-02-22,TeamB-e4321aef-964a-4fdd-88bd-0bd548b0e93b,8.0
2021-02-23,TeamB-e4321aef-964a-4fdd-88bd-0bd548b0e93b,8.0
2021-02-24,TeamB-e4321aef-964a-4fdd-88bd-0bd548b0e93b,8.0
2021-02-25,TeamB-e4321aef-964a-4fdd-88bd-0bd548b0e93b,7.5
2021-02-26,TeamB-e4321aef-964a-4fdd-88bd-0bd548b0e93b,8.0
2021-03-01,TeamB-e4321aef-964a-4fdd-88bd-0bd548b0e93b,7.5
2021-03-02,TeamB-e4321aef-964a-4fdd-88bd-0bd548b0e93b,7.5
2021-03-03,TeamB-e4321aef-964a-4fdd-88bd-0bd548b0e93b,7.5
2021-03-04,TeamB-e4321aef-964a-4fdd-88bd-0bd548b0e93b,8.0
2021-03-05,TeamB-e4321aef-964a-4fdd-88bd-0bd548b0e93b,8.0
2021-03-06,TeamB-e4321aef-964a-4fdd-88bd-0bd548b0e93b,8.0
2021-03-08,TeamB-e4321aef-964a-4fdd-88bd-0bd548b0e93b,8.0
2021-03-10,TeamB-e4321aef-964a-4fdd-88bd-0bd548b0e93b,8.0
2021-03-11,TeamB-e4321aef-964a-4fdd-88bd-0bd548b0e93b,8.0
2021-03-12,TeamB-e4321aef-964a-4fdd-88bd-0bd548b0e93b,8.0
2021-03-14,TeamB-e4321aef-964a-4fdd-88bd-0bd548b0e93b,8.0
2021-03-15,TeamB-e4321aef-964a-4fdd-88bd-0bd548b0e93b,8.0
2021-03-16,TeamB-e4321aef-964a-4fdd-88bd-0bd548b0e93b,7.5
2021-03-17,TeamB-e4321aef-964a-4fdd-88bd-0bd548b0e93b,8.0
2021-03-18,TeamB-e4321aef-964a-4fdd-88bd-0bd548b0e93b,8.0
2021-03-19,TeamB-e4321aef-964a-4fdd-88bd-0bd548b0e93b,8.0
2021-03-20,TeamB-e4321aef-964a-4fdd-88bd-0bd548b0e93b,8.0
2021-03-21,TeamB-e4321aef-964a-4fdd-88bd-0bd548b0e93b,8.0
2021-03-22,TeamB-e4321aef-964a-4fdd-88bd-0bd548b0e93b,8.0
2021-03-23,TeamB-e4321aef-964a-4fdd-88bd-0bd548b0e93b,8.0
2021-03-24,TeamB-e4321aef-964a-4fdd-88bd-0bd548b0e93b,8.0
2021-03-25,TeamB-e4321aef-964a-4fdd-88bd-0bd548b0e93b,8.0
2021-03-26,TeamB-e4321aef-964a-4fdd-88bd-0bd548b0e93b,8.0
2021-03-27,TeamB-e4321aef-964a-4fdd-88bd-0bd548b0e93b,8.0
2021-03-28,TeamB-e4321aef-964a-4fdd-88bd-0bd548b0e93b,6.0
2021-03-29,TeamB-e4321aef-964a-4fdd-88bd-0bd548b0e93b,8.0
2021-03-30,TeamB-e4321aef-964a-4fdd-88bd-0bd548b0e93b,7.5
2021-03-31,TeamB-e4321aef-964a-4fdd-88bd-0bd548b0e93b,8.0
2021-04-01,TeamB-e4321aef-964a-4fdd-88bd-0bd548b0e93b,7.5
2021-04-05,TeamB-e4321aef-964a-4fdd-88bd-0bd548b0e93b,7.5
2021-04-06,TeamB-e4321aef-964a-4fdd-88bd-0bd548b0e93b,8.0
2021-04-07,TeamB-e4321aef-964a-4fdd-88bd-0bd548b0e93b,8.0
2021-04-08,TeamB-e4321aef-964a-4fdd-88bd-0bd548b0e93b,7.0
2021-04-09,TeamB-e4321aef-964a-4fdd-88bd-0bd548b0e93b,8.0
2021-04-10,TeamB-e4321aef-964a-4fdd-88bd-0bd548b0e93b,7.5
2021-04-12,TeamB-e4321aef-964a-4fdd-88bd-0bd548b0e93b,7.5
2021-04-13,TeamB-e4321aef-964a-4fdd-88bd-0bd548b0e93b,7.5
2021-04-15,TeamB-e4321aef-964a-4fdd-88bd-0bd548b0e93b,7.5
2021-04-16,TeamB-e4321aef-964a-4fdd-88bd-0bd548b0e93b,7.5
2021-04-17,TeamB-e4321aef-964a-4fdd-88bd-0bd548b0e93b,8.0
2021-04-19,TeamB-e4321aef-964a-4fdd-88bd-0bd548b0e93b,8.0
2021-04-20,TeamB-e4321aef-964a-4fdd-88bd-0bd548b0e93b,8.0
2021-04-22,TeamB-e4321aef-964a-4fdd-88bd-0bd548b0e93b,7.5
2021-04-25,TeamB-e4321aef-964a-4fdd-88bd-0bd548b0e93b,8.0
2021-04-27,TeamB-e4321aef-964a-4fdd-88bd-0bd548b0e93b,8.0
2021-04-28,TeamB-e4321aef-964a-4fdd-88bd-0bd548b0e93b,8.0
2021-04-29,TeamB-e4321aef-964a-4fdd-88bd-0bd548b0e93b,7.5
2021-04-30,TeamB-e4321aef-964a-4fdd-88bd-0bd548b0e93b,8.0
2021-05-03,TeamB-e4321aef-964a-4fdd-88bd-0bd548b0e93b,7.0
2021-05-04,TeamB-e4321aef-964a-4fdd-88bd-0bd548b0e93b,8.0
2021-05-05,TeamB-e4321aef-964a-4fdd-88bd-0bd548b0e93b,8.0
2021-05-07,TeamB-e4321aef-964a-4fdd-88bd-0bd548b0e93b,7.5
2021-05-08,TeamB-e4321aef-964a-4fdd-88bd-0bd548b0e93b,8.0
2021-05-09,TeamB-e4321aef-964a-4fdd-88bd-0bd548b0e93b,8.0
2021-05-10,TeamB-e4321aef-964a-4fdd-88bd-0bd548b0e93b,7.0
2021-05-11,TeamB-e4321aef-964a-4fdd-88bd-0bd548b0e93b,8.0
2021-05-12,TeamB-e4321aef-964a-4fdd-88bd-0bd548b0e93b,8.0
2021-05-13,TeamB-e4321aef-964a-4fdd-88bd-0bd548b0e93b,7.5
2021-05-14,TeamB-e4321aef-964a-4fdd-88bd-0bd548b0e93b,8.0
2021-05-15,TeamB-e4321aef-964a-4fdd-88bd-0bd548b0e93b,8.0
2021-05-17,TeamB-e4321aef-964a-4fdd-88bd-0bd548b0e93b,8.0
2021-05-19,TeamB-e4321aef-964a-4fdd-88bd-0bd548b0e93b,7.5
2021-05-20,TeamB-e4321aef-964a-4fdd-88bd-0bd548b0e93b,7.5
2021-05-21,TeamB-e4321aef-964a-4fdd-88bd-0bd548b0e93b,8.0
2021-05-22,TeamB-e4321aef-964a-4fdd-88bd-0bd548b0e93b,8.0
2021-05-23,TeamB-e4321aef-964a-4fdd-88bd-0bd548b0e93b,7.5
2021-05-24,TeamB-e4321aef-964a-4fdd-88bd-0bd548b0e93b,7.5
2021-05-25,TeamB-e4321aef-964a-4fdd-88bd-0bd548b0e93b,7.5
2021-05-26,TeamB-e4321aef-964a-4fdd-88bd-0bd548b0e93b,8.0
2021-05-27,TeamB-e4321aef-964a-4fdd-88bd-0bd548b0e93b,8.0
2021-05-28,TeamB-e4321aef-964a-4fdd-88bd-0bd548b0e93b,7.5
2021-05-29,TeamB-e4321aef-964a-4fdd-88bd-0bd548b0e93b,8.0
2021-05-31,TeamB-e4321aef-964a-4fdd-88bd-0bd548b0e93b,7.5
2021-06-01,TeamB-e4321aef-964a-4fdd-88bd-0bd548b0e93b,8.0
2021-06-02,TeamB-e4321aef-964a-4fdd-88bd-0bd548b0e93b,8.0
2021-06-03,TeamB-e4321aef-964a-4fdd-88bd-0bd548b0e93b,8.0
2021-06-04,TeamB-e4321aef-964a-4fdd-88bd-0bd548b0e93b,7.5
2021-06-06,TeamB-e4321aef-964a-4fdd-88bd-0bd548b0e93b,7.5
2021-06-08,TeamB-e4321aef-964a-4fdd-88bd-0bd548b0e93b,8.0
2021-06-09,TeamB-e4321aef-964a-4fdd-88bd-0bd548b0e93b,8.0
2021-06-10,TeamB-e4321aef-964a-4fdd-88bd-0bd548b0e93b,8.0
2021-06-11,TeamB-e4321aef-964a-4fdd-88bd-0bd548b0e93b,7.5
2021-06-14,TeamB-e4321aef-964a-4fdd-88bd-0bd548b0e93b,8.0
2021-06-15,TeamB-e4321aef-964a-4fdd-88bd-0bd548b0e93b,7.5
2021-06-17,TeamB-e4321aef-964a-4fdd-88bd-0bd548b0e93b,7.5
2021-06-18,TeamB-e4321aef-964a-4fdd-88bd-0bd548b0e93b,7.5
2021-06-20,TeamB-e4321aef-964a-4fdd-88bd-0bd548b0e93b,8.0
2021-06-21,TeamB-e4321aef-964a-4fdd-88bd-0bd548b0e93b,7.5
2021-06-22,TeamB-e4321aef-964a-4fdd-88bd-0bd548b0e93b,9.0
2021-06-23,TeamB-e4321aef-964a-4fdd-88bd-0bd548b0e93b,4.5
2021-06-24,TeamB-e4321aef-964a-4fdd-88bd-0bd548b0e93b,8.5
2021-06-25,TeamB-e4321aef-964a-4fdd-88bd-0bd548b0e93b,8.0
2021-06-26,TeamB-e4321aef-964a-4fdd-88bd-0bd548b0e93b,8.0
2021-06-27,TeamB-e4321aef-964a-4fdd-88bd-0bd548b0e93b,5.0
2021-06-28,TeamB-e4321aef-964a-4fdd-88bd-0bd548b0e93b,8.0
2021-06-30,TeamB-e4321aef-964a-4fdd-88bd-0bd548b0e93b,6.0
2021-07-01,TeamB-e4321aef-964a-4fdd-88bd-0bd548b0e93b,5.5
2021-07-02,TeamB-e4321aef-964a-4fdd-88bd-0bd548b0e93b,7.0
2021-07-03,TeamB-e4321aef-964a-4fdd-88bd-0bd548b0e93b,8.0
2021-07-04,TeamB-e4321aef-964a-4fdd-88bd-0bd548b0e93b,8.0
2021-07-05,TeamB-e4321aef-964a-4fdd-88bd-0bd548b0e93b,6.0
2021-07-07,TeamB-e4321aef-964a-4fdd-88bd-0bd548b0e93b,8.0
2021-07-09,TeamB-e4321aef-964a-4fdd-88bd-0bd548b0e93b,7.5
2021-07-12,TeamB-e4321aef-964a-4fdd-88bd-0bd548b0e93b,8.0
2021-07-13,TeamB-e4321aef-964a-4fdd-88bd-0bd548b0e93b,6.0
2021-07-15,TeamB-e4321aef-964a-4fdd-88bd-0bd548b0e93b,4.5
2021-07-31,TeamB-e4321aef-964a-4fdd-88bd-0bd548b0e93b,8.0
2021-08-01,TeamB-e4321aef-964a-4fdd-88bd-0bd548b0e93b,8.0
2021-08-02,TeamB-e4321aef-964a-4fdd-88bd-0bd548b0e93b,8.0
2021-08-03,TeamB-e4321aef-964a-4fdd-88bd-0bd548b0e93b,7.0
2021-08-04,TeamB-e4321aef-964a-4fdd-88bd-0bd548b0e93b,8.5
2021-08-05,TeamB-e4321aef-964a-4fdd-88bd-0bd548b0e93b,7.5
2021-08-06,TeamB-e4321aef-964a-4fdd-88bd-0bd548b0e93b,7.5
2021-08-07,TeamB-e4321aef-964a-4fdd-88bd-0bd548b0e93b,8.0
2021-08-08,TeamB-e4321aef-964a-4fdd-88bd-0bd548b0e93b,7.5
2021-08-09,TeamB-e4321aef-964a-4fdd-88bd-0bd548b0e93b,8.0
2021-08-10,TeamB-e4321aef-964a-4fdd-88bd-0bd548b0e93b,7.5
2021-08-11,TeamB-e4321aef-964a-4fdd-88bd-0bd548b0e93b,8.0
2021-08-12,TeamB-e4321aef-964a-4fdd-88bd-0bd548b0e93b,7.0
2021-08-13,TeamB-e4321aef-964a-4fdd-88bd-0bd548b0e93b,8.0
2021-08-14,TeamB-e4321aef-964a-4fdd-88bd-0bd548b0e93b,6.0
2021-08-15,TeamB-e4321aef-964a-4fdd-88bd-0bd548b0e93b,7.5
2021-08-16,TeamB-e4321aef-964a-4fdd-88bd-0bd548b0e93b,8.0
2021-08-17,TeamB-e4321aef-964a-4fdd-88bd-0bd548b0e93b,7.0
2021-08-18,TeamB-e4321aef-964a-4fdd-88bd-0bd548b0e93b,8.0
2021-08-19,TeamB-e4321aef-964a-4fdd-88bd-0bd548b0e93b,8.0
2021-08-20,TeamB-e4321aef-964a-4fdd-88bd-0bd548b0e93b,7.5
2021-08-21,TeamB-e4321aef-964a-4fdd-88bd-0bd548b0e93b,7.5
2021-08-22,TeamB-e4321aef-964a-4fdd-88bd-0bd548b0e93b,5.0
2021-08-23,TeamB-e4321aef-964a-4fdd-88bd-0bd548b0e93b,8.0
2021-08-24,TeamB-e4321aef-964a-4fdd-88bd-0bd548b0e93b,7.5
2021-08-26,TeamB-e4321aef-964a-4fdd-88bd-0bd548b0e93b,7.0
2021-08-27,TeamB-e4321aef-964a-4fdd-88bd-0bd548b0e93b,7.0
2021-08-28,TeamB-e4321aef-964a-4fdd-88bd-0bd548b0e93b,8.0
2021-08-29,TeamB-e4321aef-964a-4fdd-88bd-0bd548b0e93b,7.5
2021-08-30,TeamB-e4321aef-964a-4fdd-88bd-0bd548b0e93b,8.0
2021-08-31,TeamB-e4321aef-964a-4fdd-88bd-0bd548b0e93b,8.0
2021-09-01,TeamB-e4321aef-964a-4fdd-88bd-0bd548b0e93b,8.0
2021-09-03,TeamB-e4321aef-964a-4fdd-88bd-0bd548b0e93b,6.0
2021-09-04,TeamB-e4321aef-964a-4fdd-88bd-0bd548b0e93b,8.0
2021-09-05,TeamB-e4321aef-964a-4fdd-88bd-0bd548b0e93b,6.0
2021-09-07,TeamB-e4321aef-964a-4fdd-88bd-0bd548b0e93b,7.0
2021-09-08,TeamB-e4321aef-964a-4fdd-88bd-0bd548b0e93b,8.0
2021-09-10,TeamB-e4321aef-964a-4fdd-88bd-0bd548b0e93b,6.0
2021-09-13,TeamB-e4321aef-964a-4fdd-88bd-0bd548b0e93b,8.5
2021-09-14,TeamB-e4321aef-964a-4fdd-88bd-0bd548b0e93b,7.5
2021-09-16,TeamB-e4321aef-964a-4fdd-88bd-0bd548b0e93b,8.0
2021-09-17,TeamB-e4321aef-964a-4fdd-88bd-0bd548b0e93b,8.0
2021-09-21,TeamB-e4321aef-964a-4fdd-88bd-0bd548b0e93b,8.0
2021-09-23,TeamB-e4321aef-964a-4fdd-88bd-0bd548b0e93b,7.5
2021-09-24,TeamB-e4321aef-964a-4fdd-88bd-0bd548b0e93b,8.0
2021-09-25,TeamB-e4321aef-964a-4fdd-88bd-0bd548b0e93b,7.5
2021-09-26,TeamB-e4321aef-964a-4fdd-88bd-0bd548b0e93b,8.0
2021-09-27,TeamB-e4321aef-964a-4fdd-88bd-0bd548b0e93b,8.0
2021-09-28,TeamB-e4321aef-964a-4fdd-88bd-0bd548b0e93b,8.0
2021-09-29,TeamB-e4321aef-964a-4fdd-88bd-0bd548b0e93b,8.0
2021-09-30,TeamB-e4321aef-964a-4fdd-88bd-0bd548b0e93b,8.0
2021-10-01,TeamB-e4321aef-964a-4fdd-88bd-0bd548b0e93b,8.0
2021-10-02,TeamB-e4321aef-964a-4fdd-88bd-0bd548b0e93b,8.0
2021-10-03,TeamB-e4321aef-964a-4fdd-88bd-0bd548b0e93b,8.0
2021-10-04,TeamB-e4321aef-964a-4fdd-88bd-0bd548b0e93b,8.0
2021-10-06,TeamB-e4321aef-964a-4fdd-88bd-0bd548b0e93b,7.5
2021-10-07,TeamB-e4321aef-964a-4fdd-88bd-0bd548b0e93b,7.5
2021-10-08,TeamB-e4321aef-964a-4fdd-88bd-0bd548b0e93b,8.0
2021-10-09,TeamB-e4321aef-964a-4fdd-88bd-0bd548b0e93b,7.5
2021-10-10,TeamB-e4321aef-964a-4fdd-88bd-0bd548b0e93b,7.5
2021-10-11,TeamB-e4321aef-964a-4fdd-88bd-0bd548b0e93b,6.0
2021-10-12,TeamB-e4321aef-964a-4fdd-88bd-0bd548b0e93b,8.0
2021-10-13,TeamB-e4321aef-964a-4fdd-88bd-0bd548b0e93b,8.0
2021-10-14,TeamB-e4321aef-964a-4fdd-88bd-0bd548b0e93b,8.0
2021-10-15,TeamB-e4321aef-964a-4fdd-88bd-0bd548b0e93b,8.0
2021-10-16,TeamB-e4321aef-964a-4fdd-88bd-0bd548b0e93b,8.0
2021-10-21,TeamB-e4321aef-964a-4fdd-88bd-0bd548b0e93b,8.0
2021-10-22,TeamB-e4321aef-964a-4fdd-88bd-0bd548b0e93b,4.5
2021-10-25,TeamB-e4321aef-964a-4fdd-88bd-0bd548b0e93b,8.0
2021-10-26,TeamB-e4321aef-964a-4fdd-88bd-0bd548b0e93b,8.0
2021-10-27,TeamB-e4321aef-964a-4fdd-88bd-0bd548b0e93b,8.0
2021-10-28,TeamB-e4321aef-964a-4fdd-88bd-0bd548b0e93b,8.0
2021-10-30,TeamB-e4321aef-964a-4fdd-88bd-0bd548b0e93b,8.0
2021-10-31,TeamB-e4321aef-964a-4fdd-88bd-0bd548b0e93b,8.0
2021-11-03,TeamB-e4321aef-964a-4fdd-88bd-0bd548b0e93b,7.5
2021-11-04,TeamB-e4321aef-964a-4fdd-88bd-0bd548b0e93b,8.0
2021-11-06,TeamB-e4321aef-964a-4fdd-88bd-0bd548b0e93b,7.5
2021-11-09,TeamB-e4321aef-964a-4fdd-88bd-0bd548b0e93b,8.0
2021-11-10,TeamB-e4321aef-964a-4fdd-88bd-0bd548b0e93b,8.0
2021-11-12,TeamB-e4321aef-964a-4fdd-88bd-0bd548b0e93b,7.5
2021-11-13,TeamB-e4321aef-964a-4fdd-88bd-0bd548b0e93b,8.0
2020-02-05,TeamB-f67673c0-d467-4832-9519-55133a2647e5,8.0
2021-08-28,TeamB-f67673c0-d467-4832-9519-55133a2647e5,6.0
2021-08-29,TeamB-f67673c0-d467-4832-9519-55133a2647e5,8.5
2021-08-30,TeamB-f67673c0-d467-4832-9519-55133a2647e5,8.0
2021-08-31,TeamB-f67673c0-d467-4832-9519-55133a2647e5,8.5
2021-09-01,TeamB-f67673c0-d467-4832-9519-55133a2647e5,8.5
2021-09-02,TeamB-f67673c0-d467-4832-9519-55133a2647e5,7.5
2021-09-03,TeamB-f67673c0-d467-4832-9519-55133a2647e5,8.0
2021-09-04,TeamB-f67673c0-d467-4832-9519-55133a2647e5,8.0
2021-09-05,TeamB-f67673c0-d467-4832-9519-55133a2647e5,8.0
2021-09-07,TeamB-f67673c0-d467-4832-9519-55133a2647e5,7.5
2021-09-08,TeamB-f67673c0-d467-4832-9519-55133a2647e5,9.0
2021-09-09,TeamB-f67673c0-d467-4832-9519-55133a2647e5,4.0
2021-09-10,TeamB-f67673c0-d467-4832-9519-55133a2647e5,7.0
2021-09-11,TeamB-f67673c0-d467-4832-9519-55133a2647e5,9.0
2021-09-12,TeamB-f67673c0-d467-4832-9519-55133a2647e5,8.5
2021-09-13,TeamB-f67673c0-d467-4832-9519-55133a2647e5,8.5
2021-09-14,TeamB-f67673c0-d467-4832-9519-55133a2647e5,8.0
2021-09-15,TeamB-f67673c0-d467-4832-9519-55133a2647e5,9.0
2021-09-16,TeamB-f67673c0-d467-4832-9519-55133a2647e5,9.0
2021-09-17,TeamB-f67673c0-d467-4832-9519-55133a2647e5,9.0
2021-09-18,TeamB-f67673c0-d467-4832-9519-55133a2647e5,9.0
2021-09-20,TeamB-f67673c0-d467-4832-9519-55133a2647e5,6.0
2021-09-21,TeamB-f67673c0-d467-4832-9519-55133a2647e5,8.5
2021-09-22,TeamB-f67673c0-d467-4832-9519-55133a2647e5,8.0
2021-09-23,TeamB-f67673c0-d467-4832-9519-55133a2647e5,8.0
2021-09-24,TeamB-f67673c0-d467-4832-9519-55133a2647e5,7.0
2021-09-25,TeamB-f67673c0-d467-4832-9519-55133a2647e5,7.5
2021-09-26,TeamB-f67673c0-d467-4832-9519-55133a2647e5,8.0
2021-09-27,TeamB-f67673c0-d467-4832-9519-55133a2647e5,7.5
2021-09-28,TeamB-f67673c0-d467-4832-9519-55133a2647e5,9.0
2021-09-29,TeamB-f67673c0-d467-4832-9519-55133a2647e5,8.0
2021-09-30,TeamB-f67673c0-d467-4832-9519-55133a2647e5,8.0
2021-10-01,TeamB-f67673c0-d467-4832-9519-55133a2647e5,9.0
2021-10-02,TeamB-f67673c0-d467-4832-9519-55133a2647e5,8.0
2021-10-03,TeamB-f67673c0-d467-4832-9519-55133a2647e5,8.5
2021-10-04,TeamB-f67673c0-d467-4832-9519-55133a2647e5,7.0
2021-10-05,TeamB-f67673c0-d467-4832-9519-55133a2647e5,9.0
2021-10-06,TeamB-f67673c0-d467-4832-9519-55133a2647e5,7.5
2021-10-07,TeamB-f67673c0-d467-4832-9519-55133a2647e5,8.5
2021-10-08,TeamB-f67673c0-d467-4832-9519-55133a2647e5,7.5
2021-10-09,TeamB-f67673c0-d467-4832-9519-55133a2647e5,7.5
2021-10-10,TeamB-f67673c0-d467-4832-9519-55133a2647e5,7.0
2021-10-11,TeamB-f67673c0-d467-4832-9519-55133a2647e5,8.0
2021-10-12,TeamB-f67673c0-d467-4832-9519-55133a2647e5,8.0
2021-10-13,TeamB-f67673c0-d467-4832-9519-55133a2647e5,8.5
2021-10-14,TeamB-f67673c0-d467-4832-9519-55133a2647e5,7.5
2021-10-15,TeamB-f67673c0-d467-4832-9519-55133a2647e5,8.5
2021-10-16,TeamB-f67673c0-d467-4832-9519-55133a2647e5,6.0
2021-10-17,TeamB-f67673c0-d467-4832-9519-55133a2647e5,9.0
2021-10-18,TeamB-f67673c0-d467-4832-9519-55133a2647e5,8.0
2021-10-19,TeamB-f67673c0-d467-4832-9519-55133a2647e5,8.0
2021-10-20,TeamB-f67673c0-d467-4832-9519-55133a2647e5,9.0
2021-10-21,TeamB-f67673c0-d467-4832-9519-55133a2647e5,9.0
2021-10-22,TeamB-f67673c0-d467-4832-9519-55133a2647e5,9.0
2021-10-23,TeamB-f67673c0-d467-4832-9519-55133a2647e5,9.0
2021-10-24,TeamB-f67673c0-d467-4832-9519-55133a2647e5,8.0
2021-10-25,TeamB-f67673c0-d467-4832-9519-55133a2647e5,8.0
2021-10-26,TeamB-f67673c0-d467-4832-9519-55133a2647e5,9.0
2021-10-27,TeamB-f67673c0-d467-4832-9519-55133a2647e5,8.5
2021-10-28,TeamB-f67673c0-d467-4832-9519-55133a2647e5,8.0
2021-10-29,TeamB-f67673c0-d467-4832-9519-55133a2647e5,9.0
2021-10-30,TeamB-f67673c0-d467-4832-9519-55133a2647e5,8.0
2021-10-31,TeamB-f67673c0-d467-4832-9519-55133a2647e5,8.0
2021-11-01,TeamB-f67673c0-d467-4832-9519-55133a2647e5,8.0
2021-11-02,TeamB-f67673c0-d467-4832-9519-55133a2647e5,7.5
2021-11-03,TeamB-f67673c0-d467-4832-9519-55133a2647e5,5.5
2021-11-04,TeamB-f67673c0-d467-4832-9519-55133a2647e5,8.5
2021-11-05,TeamB-f67673c0-d467-4832-9519-55133a2647e5,8.5
2021-11-06,TeamB-f67673c0-d467-4832-9519-55133a2647e5,8.5
2021-11-07,TeamB-f67673c0-d467-4832-9519-55133a2647e5,9.0
2021-11-08,TeamB-f67673c0-d467-4832-9519-55133a2647e5,8.0
2021-11-09,TeamB-f67673c0-d467-4832-9519-55133a2647e5,9.0
2021-11-10,TeamB-f67673c0-d467-4832-9519-55133a2647e5,8.5
2021-11-11,TeamB-f67673c0-d467-4832-9519-55133a2647e5,7.5
2021-11-12,TeamB-f67673c0-d467-4832-9519-55133a2647e5,7.5
